"hour","weather_station_abbr","temp_c","tre200hn","tre200hx","tre005h0","tre005hn","humidity_pct","pva200h0","tde200h0","pressure_hpa","pp0qffh0","pp0qnhh0","ppz700h0","ppz850h0","wind_gust_ms","dkl010h0","wind_speed_ms","fu3010h0","fu3010h1","fkl010h3","fu3010h3","wcc006h0","fve010h0","precip_mm","htoauths","radiation_wm2","oli000h0","olo000h0","osr000h0","ods000h0","sunshine_min","erefaoh0","tso005hs","tso010hs","tso020hs"
2026-01-01,"SPF",-9.8,-10.1,-9.5,NA,NA,99.3,2.9,-9.9,932.9,NA,1019.8,NA,1457.2,2.3,212,1.3,4.7,8.3,2.2,7.9,NA,NA,0,0,0,NA,NA,NA,NA,NA,-0.003,NA,NA,NA
2026-01-01 01:00:00,"SPF",-9.4,-9.9,-9,NA,NA,98.2,3,-9.6,932,NA,1018.8,NA,1450.6,2.4,203,1.5,5.4,8.6,2.4,8.6,NA,NA,0,0,0,NA,NA,NA,NA,NA,-0.002,NA,NA,NA
2026-01-01 02:00:00,"SPF",-9.3,-9.9,-8.9,NA,NA,98.4,3,-9.5,931.3,NA,1018,NA,1445.2,3.2,202,1.6,5.8,11.5,3.1,11.2,NA,NA,0,0,0,NA,NA,NA,NA,NA,-0.002,NA,NA,NA
2026-01-01 03:00:00,"SPF",-8.9,-9.3,-8.7,NA,NA,97.9,3.1,-9.2,930.8,NA,1017.5,NA,1442.5,3.1,205,1.5,5.4,11.2,3.1,11.2,NA,NA,0,0,0,NA,NA,NA,NA,NA,-0.002,NA,NA,NA
2026-01-01 04:00:00,"SPF",-8.8,-9.1,-8.5,NA,NA,95.7,3,-9.4,930.2,NA,1016.8,NA,1437.9,3.4,208,2,7.2,12.2,3.3,11.9,NA,NA,0,0,0,NA,NA,NA,NA,NA,-0.001,NA,NA,NA
2026-01-01 05:00:00,"SPF",-7.9,-8.4,-7.6,NA,NA,91.9,3.1,-9,929.5,NA,1016.1,NA,1434.1,4.3,205,2.8,10.1,15.5,4.3,15.5,NA,NA,0,0,0,NA,NA,NA,NA,NA,0,NA,NA,NA
2026-01-01 06:00:00,"SPF",-7.6,-7.9,-7.1,NA,NA,89.6,3.1,-9,929.1,NA,1015.6,NA,1431.8,5.4,198,3.6,13,19.4,5.3,19.1,NA,NA,0,0,0,NA,NA,NA,NA,NA,0.001,NA,NA,NA
2026-01-01 07:00:00,"SPF",-7.3,-7.6,-7.1,NA,NA,85.7,3,-9.3,928.9,NA,1015.4,NA,1430.9,5.6,196,3.3,11.9,20.2,5.6,20.2,NA,NA,0,0,0,NA,NA,NA,NA,NA,0.002,NA,NA,NA
2026-01-01 08:00:00,"SPF",-7.2,-7.5,-6.9,NA,NA,85.3,3.1,-9.2,928.7,NA,1015.2,NA,1429.6,5.6,198,3.3,11.9,20.2,5.5,19.8,NA,NA,0,0,5,NA,NA,NA,NA,NA,0.014,NA,NA,NA
2026-01-01 09:00:00,"SPF",-6.9,-7.2,-6.7,NA,NA,84.4,3.1,-9.1,928.3,NA,1014.8,NA,1427.1,5.1,202,2.9,10.4,18.4,4.9,17.6,NA,NA,0,0,23,NA,NA,NA,NA,NA,0.018,NA,NA,NA
2026-01-01 10:00:00,"SPF",-5.4,-6.7,-3.9,NA,NA,85,3.5,-7.6,927.7,NA,1014.2,NA,1426.1,4.9,211,3,10.8,17.6,4.8,17.3,NA,NA,0,0,195,NA,NA,NA,NA,NA,0.044,NA,NA,NA
2026-01-01 11:00:00,"SPF",-1.6,-2.9,-0.4,NA,NA,74.8,4.1,-5.5,926.5,NA,1012.8,NA,1425.6,4.1,211,2.1,7.6,14.8,4,14.4,NA,NA,0,0,332,NA,NA,NA,NA,NA,0.093,NA,NA,NA
2026-01-01 12:00:00,"SPF",1,-0.1,1.8,NA,NA,67.2,4.4,-4.5,925.1,NA,1011.4,NA,1420.9,4.7,189,2,7.2,16.9,4.6,16.6,NA,NA,0,0,357,NA,NA,NA,NA,NA,0.116,NA,NA,NA
2026-01-01 13:00:00,"SPF",2.6,2,3,NA,NA,58.3,4.3,-4.8,924.6,NA,1010.8,NA,1420.1,10.5,211,3.1,11.2,37.8,10.1,36.4,NA,NA,0,0,333,NA,NA,NA,NA,NA,0.123,NA,NA,NA
2026-01-01 14:00:00,"SPF",2.4,2,2.5,NA,NA,65.1,4.7,-3.5,924,NA,1010.2,NA,1414.5,6.1,204,3.2,11.5,22,6,21.6,NA,NA,0,0,249,NA,NA,NA,NA,NA,0.09,NA,NA,NA
2026-01-01 15:00:00,"SPF",2.3,1.8,2.7,NA,NA,62.9,4.5,-4.1,923.5,NA,1009.6,NA,1409.8,6.7,203,3.1,11.2,24.1,6.5,23.4,NA,NA,0,0,124,NA,NA,NA,NA,NA,0.054,NA,NA,NA
2026-01-01 16:00:00,"SPF",1.1,0.4,1.5,NA,NA,70.1,4.6,-3.8,923,NA,1009.1,NA,1403.1,5.6,208,3.4,12.2,20.2,5.4,19.4,NA,NA,0,0,28,NA,NA,NA,NA,NA,0.008,NA,NA,NA
2026-01-01 17:00:00,"SPF",0.2,-0.2,0.4,NA,NA,71.2,4.4,-4.4,922.6,NA,1008.7,NA,1397.2,6.2,210,3.8,13.7,22.3,6.1,22,NA,NA,0,0,0,NA,NA,NA,NA,NA,0.012,NA,NA,NA
2026-01-01 18:00:00,"SPF",0.1,-0.5,1.5,NA,NA,70.2,4.3,-4.7,922.4,NA,1008.4,NA,1395.1,8.1,209,3.8,13.7,29.2,7.9,28.4,NA,NA,0,0,0,NA,NA,NA,NA,NA,0.013,NA,NA,NA
2026-01-01 19:00:00,"SPF",0.5,0.2,1,NA,NA,65.7,4.1,-5.2,922.3,NA,1008.3,NA,1395.5,7.5,213,4.3,15.5,27,7.3,26.3,NA,NA,0,0,0,NA,NA,NA,NA,NA,0.016,NA,NA,NA
2026-01-01 20:00:00,"SPF",0.1,-0.3,0.6,NA,NA,66.3,4.1,-5.4,921.7,NA,1007.7,NA,1389.1,7.5,213,3.9,14,27,7.2,25.9,NA,NA,0,0,0,NA,NA,NA,NA,NA,0.015,NA,NA,NA
2026-01-01 21:00:00,"SPF",-0.5,-0.8,-0.2,NA,NA,69.9,4.1,-5.3,921.8,NA,1007.8,NA,1388.9,6.9,211,3.2,11.5,24.8,6.6,23.8,NA,NA,0,0,0,NA,NA,NA,NA,NA,0.011,NA,NA,NA
2026-01-01 22:00:00,"SPF",0.1,-0.4,0.2,NA,NA,67.1,4.1,-5.3,922.1,NA,1008.1,NA,1393.1,9.3,217,3.7,13.3,33.5,9.1,32.8,NA,NA,0,0,0,NA,NA,NA,NA,NA,0.014,NA,NA,NA
2026-01-01 23:00:00,"SPF",-0.2,-0.9,0.8,NA,NA,68.2,4.1,-5.4,922,NA,1008,NA,1391.3,10.1,218,4.6,16.6,36.4,9.7,34.9,NA,NA,0,0,0,NA,NA,NA,NA,NA,0.015,NA,NA,NA
2026-01-02,"SPF",1.3,0.8,1.7,NA,NA,66,4.4,-4.3,922,NA,1008,NA,1395.1,11.5,206,5.3,19.1,41.4,11.3,40.7,NA,NA,0,0,0,NA,NA,NA,NA,NA,0.019,NA,NA,NA
2026-01-02 01:00:00,"SPF",0.8,0,1.6,NA,NA,69.7,4.5,-4.1,921.6,NA,1007.6,NA,1390.2,11.4,213,5.4,19.4,41,10.7,38.5,NA,NA,0,0,0,NA,NA,NA,NA,NA,0.016,NA,NA,NA
2026-01-02 02:00:00,"SPF",0,-0.3,0.8,NA,NA,76.9,4.7,-3.5,921.3,NA,1007.3,NA,1385.7,9.5,212,4,14.4,34.2,9.1,32.8,NA,NA,0,0,0,NA,NA,NA,NA,NA,0.01,NA,NA,NA
2026-01-02 03:00:00,"SPF",1.2,1,1.3,NA,NA,74.5,5,-2.8,921.1,NA,1007,NA,1386.5,11.5,202,5.4,19.4,41.4,11.2,40.3,NA,NA,0,0,0,NA,NA,NA,NA,NA,0.014,NA,NA,NA
2026-01-02 04:00:00,"SPF",1.2,1.2,1.3,NA,NA,74.7,5,-2.8,920.6,NA,1006.5,NA,1382.7,10.9,196,5.4,19.4,39.2,10.5,37.8,NA,NA,0,0,0,NA,NA,NA,NA,NA,0.014,NA,NA,NA
2026-01-02 05:00:00,"SPF",1.2,1.2,1.3,NA,NA,74.8,5,-2.8,920.1,NA,1006,NA,1378.2,11.5,197,6,21.6,41.4,11.1,40,NA,NA,0,0,0,NA,NA,NA,NA,NA,0.014,NA,NA,NA
2026-01-02 06:00:00,"SPF",1,0.9,1.1,NA,NA,77.3,5.1,-2.5,920.1,NA,1006,NA,1377.9,10.4,203,5.4,19.4,37.4,10.1,36.4,NA,NA,0,0,0,NA,NA,NA,NA,NA,0.012,NA,NA,NA
2026-01-02 07:00:00,"SPF",0.9,0.8,1,NA,NA,77.6,5.1,-2.6,920.1,NA,1006,NA,1377.3,13.6,204,6.1,22,49,13.4,48.2,NA,NA,0,0,0,NA,NA,NA,NA,NA,0.013,NA,NA,NA
2026-01-02 08:00:00,"SPF",0.6,0.5,0.7,NA,NA,73.4,4.7,-3.6,920.5,NA,1006.4,NA,1380.7,11.5,196,6,21.6,41.4,11,39.6,NA,NA,0,0,0,NA,NA,NA,NA,NA,0.046,NA,NA,NA
2026-01-02 09:00:00,"SPF",0.5,0.4,0.5,NA,NA,66.2,4.2,-5.1,921,NA,1006.9,NA,1384.5,12.9,191,6.2,22.3,46.4,12.4,44.6,NA,NA,0,0,12,NA,NA,NA,NA,NA,0.057,NA,NA,NA
2026-01-02 10:00:00,"SPF",1.3,0.7,1.9,NA,NA,64.2,4.3,-4.7,920.8,NA,1006.7,NA,1384.4,12.2,196,6,21.6,43.9,12,43.2,NA,NA,0,0,102,NA,NA,NA,NA,NA,0.076,NA,NA,NA
2026-01-02 11:00:00,"SPF",2.2,2,2.4,NA,NA,57.5,4.1,-5.3,920.4,NA,1006.3,NA,1382.9,7.6,205,3.6,13,27.4,7.4,26.6,NA,NA,0,0,128,NA,NA,NA,NA,NA,0.083,NA,NA,NA
2026-01-02 12:00:00,"SPF",2.5,2.4,2.6,NA,NA,54.1,3.9,-5.9,919.6,NA,1005.4,NA,1377.2,8.4,215,4,14.4,30.2,8.1,29.2,NA,NA,0,0,127,NA,NA,NA,NA,NA,0.091,NA,NA,NA
2026-01-02 13:00:00,"SPF",2.2,2,2.5,NA,NA,55.6,4,-5.7,918.9,NA,1004.7,NA,1370.7,10.4,210,5.3,19.1,37.4,10.1,36.4,NA,NA,0,0,79,NA,NA,NA,NA,NA,0.087,NA,NA,NA
2026-01-02 14:00:00,"SPF",1.9,1.8,2,NA,NA,59.1,4.1,-5.3,918.5,NA,1004.3,NA,1366.4,10.4,206,5.7,20.5,37.4,9.8,35.3,NA,NA,0,0,67,NA,NA,NA,NA,NA,0.078,NA,NA,NA
2026-01-02 15:00:00,"SPF",1.7,1.6,1.8,NA,NA,61.6,4.2,-4.9,918.5,NA,1004.3,NA,1365.5,10.5,205,4.5,16.2,37.8,10.3,37.1,NA,NA,0,0,35,NA,NA,NA,NA,NA,0.059,NA,NA,NA
2026-01-02 16:00:00,"SPF",1.5,1.4,1.6,NA,NA,62.4,4.2,-4.9,918.5,NA,1004.3,NA,1365.5,9.9,206,4.7,16.9,35.6,9.6,34.6,NA,NA,0,0,6,NA,NA,NA,NA,NA,0.048,NA,NA,NA
2026-01-02 17:00:00,"SPF",1.3,1.3,1.4,NA,NA,62.8,4.2,-5,918.7,NA,1004.5,NA,1366.1,11.3,216,4.4,15.8,40.7,11,39.6,NA,NA,0,0,0,NA,NA,NA,NA,NA,0.019,NA,NA,NA
2026-01-02 18:00:00,"SPF",1.3,1.3,1.4,NA,NA,63,4.2,-4.9,918.6,NA,1004.3,NA,1365.3,10.1,208,5.3,19.1,36.4,10,36,NA,NA,0,0,0,NA,NA,NA,NA,NA,0.021,NA,NA,NA
2026-01-02 19:00:00,"SPF",1.5,1.4,1.6,NA,NA,60.3,4.1,-5.4,918.4,NA,1004.1,NA,1364.1,9.9,214,4.6,16.6,35.6,9.7,34.9,NA,NA,0,0,0,NA,NA,NA,NA,NA,0.022,NA,NA,NA
2026-01-02 20:00:00,"SPF",1.4,1,1.7,NA,NA,63.8,4.3,-4.8,918.6,NA,1004.4,NA,1366.1,9.6,240,4.1,14.8,34.6,9.4,33.8,NA,NA,0,0,0,NA,NA,NA,NA,NA,0.018,NA,NA,NA
2026-01-02 21:00:00,"SPF",0.7,0.6,0.7,NA,NA,72.4,4.6,-3.7,918.9,NA,1004.7,NA,1366.5,11.3,222,4.8,17.3,40.7,10.8,38.9,NA,NA,0,0,0,NA,NA,NA,NA,NA,0.014,NA,NA,NA
2026-01-02 22:00:00,"SPF",0.4,0.2,0.7,NA,NA,74.1,4.7,-3.7,918.9,NA,1004.7,NA,1366.5,9.1,197,5,18,32.8,8.9,32,NA,NA,0,0,0,NA,NA,NA,NA,NA,0.013,NA,NA,NA
2026-01-02 23:00:00,"SPF",0.3,0.1,0.4,NA,NA,77.1,4.8,-3.3,919.3,NA,1005.1,NA,1369.6,8.8,207,3.1,11.2,31.7,8.5,30.6,NA,NA,0,0,0,NA,NA,NA,NA,NA,0.008,NA,NA,NA
2026-01-03,"SPF",-0.5,-1.1,0.2,NA,NA,86.6,5.1,-2.5,919.9,NA,1005.7,NA,1372.2,6.2,227,2,7.2,22.3,6.1,22,NA,NA,0.2,0,0,NA,NA,NA,NA,NA,0.001,NA,NA,NA
2026-01-03 01:00:00,"SPF",-1.4,-1.5,-1.2,NA,NA,99.3,5.5,-1.5,920.1,NA,1006,NA,1371.9,4.5,168,1.6,5.8,16.2,4.4,15.8,NA,NA,1.8,4,0,NA,NA,NA,NA,NA,-0.004,NA,NA,NA
2026-01-03 02:00:00,"SPF",-1.4,-1.5,-1.3,NA,NA,99.3,5.5,-1.5,920.2,NA,1006.1,NA,1372.5,3.1,171,1.4,5,11.2,3,10.8,NA,NA,1.1,7,0,NA,NA,NA,NA,NA,-0.004,NA,NA,NA
2026-01-03 03:00:00,"SPF",-1.6,-2.2,-1.2,NA,NA,99.3,5.4,-1.7,920.2,NA,1006.1,NA,1372.1,5.5,36,1.7,6.1,19.8,5.4,19.4,NA,NA,0.3,7,0,NA,NA,NA,NA,NA,-0.004,NA,NA,NA
2026-01-03 04:00:00,"SPF",-2.8,-3,-2.4,NA,NA,99.3,5,-2.9,920.1,NA,1006,NA,1369.1,4.5,10,2.5,9,16.2,4.4,15.8,NA,NA,0.3,8,0,NA,NA,NA,NA,NA,-0.003,NA,NA,NA
2026-01-03 05:00:00,"SPF",-3.1,-3.1,-3,NA,NA,99.3,4.8,-3.2,920.2,NA,1006.1,NA,1368.9,1.4,45,0.8,2.9,5,1.3,4.7,NA,NA,0.3,8,0,NA,NA,NA,NA,NA,-0.005,NA,NA,NA
2026-01-03 06:00:00,"SPF",-3,-3.1,-2.7,NA,NA,99.3,4.9,-3.1,920.1,NA,1006,NA,1368.6,2.5,180,0.8,2.9,9,2.4,8.6,NA,NA,0.3,8,0,NA,NA,NA,NA,NA,-0.005,NA,NA,NA
2026-01-03 07:00:00,"SPF",-2.6,-2.7,-2.5,NA,NA,99.3,5,-2.7,920.5,NA,1006.4,NA,1372.7,2.6,184,1.4,5,9.4,2.5,9,NA,NA,0.2,9,0,NA,NA,NA,NA,NA,-0.004,NA,NA,NA
2026-01-03 08:00:00,"SPF",-2.5,-2.7,-2.5,NA,NA,99.2,5,-2.6,920.8,NA,1006.7,NA,1375.2,1.8,198,1,3.6,6.5,1.8,6.5,NA,NA,0.3,10,3,NA,NA,NA,NA,NA,0.01,NA,NA,NA
2026-01-03 09:00:00,"SPF",-2.5,-2.7,-2.1,NA,NA,98,5,-2.8,921,NA,1006.9,NA,1376.8,2.9,190,1.1,4,10.4,2.9,10.4,NA,NA,0.1,9,50,NA,NA,NA,NA,NA,0.017,NA,NA,NA
2026-01-03 10:00:00,"SPF",-1.7,-1.9,-1.5,NA,NA,86.1,4.7,-3.7,921.3,NA,1007.3,NA,1381.6,3.8,218,1.8,6.5,13.7,3.7,13.3,NA,NA,0,9,86,NA,NA,NA,NA,NA,0.034,NA,NA,NA
2026-01-03 11:00:00,"SPF",-1.4,-1.5,-1.3,NA,NA,80.3,4.4,-4.4,921.2,NA,1007.2,NA,1381.8,4.3,230,2.3,8.3,15.5,4.2,15.1,NA,NA,0,9,159,NA,NA,NA,NA,NA,0.056,NA,NA,NA
2026-01-03 12:00:00,"SPF",-1.3,-1.3,-1.2,NA,NA,72.5,4,-5.5,921,NA,1006.9,NA,1379.7,4.1,233,2.5,9,14.8,4.1,14.8,NA,NA,0,9,181,NA,NA,NA,NA,NA,0.067,NA,NA,NA
2026-01-03 13:00:00,"SPF",-1.2,-1.2,-1.1,NA,NA,65,3.7,-7,920.7,NA,1006.6,NA,1378.1,5.9,213,2.8,10.1,21.2,5.8,20.9,NA,NA,0,9,152,NA,NA,NA,NA,NA,0.066,NA,NA,NA
2026-01-03 14:00:00,"SPF",-1.6,-2.7,-1.2,NA,NA,62.5,3.4,-7.8,920.6,NA,1006.5,NA,1376.1,7.3,210,3,10.8,26.3,7.2,25.9,NA,NA,0,9,179,NA,NA,NA,NA,NA,0.067,NA,NA,NA
2026-01-03 15:00:00,"SPF",-3.6,-4.3,-2.4,NA,NA,74.4,3.5,-7.5,921,NA,1006.9,NA,1374.1,3.7,198,2,7.2,13.3,3.6,13,NA,NA,0,8,71,NA,NA,NA,NA,NA,0.028,NA,NA,NA
2026-01-03 16:00:00,"SPF",-5.5,-6.7,-4.7,NA,NA,86.8,3.5,-7.4,921.3,NA,1007.3,NA,1372.2,3.7,196,1.8,6.5,13.3,3.6,13,NA,NA,0,8,30,NA,NA,NA,NA,NA,-0.003,NA,NA,NA
2026-01-03 17:00:00,"SPF",-6.6,-7.1,-6.4,NA,NA,89.8,3.3,-8,921.7,NA,1007.7,NA,1373.1,3.2,205,1.9,6.8,11.5,3.2,11.5,NA,NA,0,8,0,NA,NA,NA,NA,NA,0,NA,NA,NA
2026-01-03 18:00:00,"SPF",-8.1,-8.6,-7.3,NA,NA,93.7,3.1,-8.9,921.9,NA,1007.9,NA,1371.2,3.6,209,1.9,6.8,13,3.5,12.6,NA,NA,0,8,0,NA,NA,NA,NA,NA,-0.001,NA,NA,NA
2026-01-03 19:00:00,"SPF",-8.2,-8.5,-7.8,NA,NA,94.9,3.1,-8.9,922.2,NA,1008.2,NA,1373,2.8,211,1.7,6.1,10.1,2.8,10.1,NA,NA,0,8,0,NA,NA,NA,NA,NA,-0.002,NA,NA,NA
2026-01-03 20:00:00,"SPF",-6.4,-7.8,-5.4,NA,NA,90,3.4,-7.8,922.5,NA,1008.6,NA,1380.3,3.2,208,1.9,6.8,11.5,3.2,11.5,NA,NA,0,8,0,NA,NA,NA,NA,NA,0,NA,NA,NA
2026-01-03 21:00:00,"SPF",-5.5,-5.9,-5.1,NA,NA,88.4,3.6,-7.2,922.9,NA,1009,NA,1385.4,3.3,205,1.9,6.8,11.9,3.2,11.5,NA,NA,0,7,0,NA,NA,NA,NA,NA,0,NA,NA,NA
2026-01-03 22:00:00,"SPF",-4.9,-5.1,-4.7,NA,NA,84.4,3.6,-7.2,923.1,NA,1009.2,NA,1389.3,3.7,200,2.1,7.6,13.3,3.6,13,NA,NA,0,7,0,NA,NA,NA,NA,NA,0.002,NA,NA,NA
2026-01-03 23:00:00,"SPF",-4.8,-5,-4.6,NA,NA,86.1,3.7,-6.7,923.6,NA,1009.8,NA,1393.8,2.6,196,1.5,5.4,9.4,2.6,9.4,NA,NA,0,7,0,NA,NA,NA,NA,NA,0,NA,NA,NA
2026-01-04,"SPF",-5.1,-5.9,-4.7,NA,NA,87.7,3.7,-6.8,923.8,NA,1009.9,NA,1394.3,3.4,201,1.7,6.1,12.2,3.3,11.9,NA,NA,0,7,0,NA,NA,NA,NA,NA,0,NA,NA,NA
2026-01-04 01:00:00,"SPF",-6.6,-7.1,-5.9,NA,NA,95.1,3.6,-7.2,924,NA,1010.2,NA,1392.3,1.9,219,0.7,2.5,6.8,1.8,6.5,NA,NA,0,7,0,NA,NA,NA,NA,NA,-0.003,NA,NA,NA
2026-01-04 02:00:00,"SPF",-8.3,-9.6,-6.8,NA,NA,99.1,3.2,-8.4,924.3,NA,1010.5,NA,1390.9,2.1,207,1,3.6,7.6,2.1,7.6,NA,NA,0,7,0,NA,NA,NA,NA,NA,-0.003,NA,NA,NA
2026-01-04 03:00:00,"SPF",-10.5,-11.3,-9.9,NA,NA,99.3,2.8,-10.6,924.6,NA,1010.8,NA,1387.7,2.1,209,1.3,4.7,7.6,2,7.2,NA,NA,0,6,0,NA,NA,NA,NA,NA,-0.003,NA,NA,NA
2026-01-04 04:00:00,"SPF",-11.6,-12.9,-10.7,NA,NA,99.3,2.5,-11.7,924.5,NA,1010.7,NA,1384,2,202,0.7,2.5,7.2,2,7.2,NA,NA,0,6,0,NA,NA,NA,NA,NA,-0.003,NA,NA,NA
2026-01-04 05:00:00,"SPF",-13.1,-13.7,-12.8,NA,NA,99.2,2.2,-13.2,924.3,NA,1010.5,NA,1378.5,1.9,209,1,3.6,6.8,1.9,6.8,NA,NA,0,6,0,NA,NA,NA,NA,NA,-0.002,NA,NA,NA
2026-01-04 06:00:00,"SPF",-13.9,-14.1,-13.7,NA,NA,99,2.1,-14.1,924.5,NA,1010.7,NA,1377.9,2.3,214,1.4,5,8.3,2.2,7.9,NA,NA,0,6,0,NA,NA,NA,NA,NA,-0.002,NA,NA,NA
2026-01-04 07:00:00,"SPF",-14,-14.3,-13.7,NA,NA,99.1,2.1,-14.1,925.1,NA,1011.4,NA,1382.9,1.6,221,1,3.6,5.8,1.6,5.8,NA,NA,0,6,0,NA,NA,NA,NA,NA,-0.002,NA,NA,NA
2026-01-04 08:00:00,"SPF",-14.7,-15,-14.4,NA,NA,98,2,-14.9,925.3,NA,1011.6,NA,1382.5,1.6,217,1,3.6,5.8,1.6,5.8,NA,NA,0,6,4,NA,NA,NA,NA,NA,0.005,NA,NA,NA
2026-01-04 09:00:00,"SPF",-15,-15.3,-14.4,NA,NA,97.4,1.9,-15.3,925.4,NA,1011.7,NA,1382.5,1.3,202,0.6,2.2,4.7,1.2,4.3,NA,NA,0,6,24,NA,NA,NA,NA,NA,0.008,NA,NA,NA
2026-01-04 10:00:00,"SPF",-13.6,-14.6,-12.5,NA,NA,98.8,2.1,-13.8,925.4,NA,1011.7,NA,1386.4,1.2,219,0.7,2.5,4.3,1.1,4,NA,NA,0,6,244,NA,NA,NA,NA,NA,0.035,NA,NA,NA
2026-01-04 11:00:00,"SPF",-11.2,-12.1,-10.5,NA,NA,99.2,2.6,-11.3,925.1,NA,1011.3,NA,1389.5,1.2,217,0.6,2.2,4.3,1.2,4.3,NA,NA,0,6,354,NA,NA,NA,NA,NA,0.062,NA,NA,NA
2026-01-04 12:00:00,"SPF",-9.5,-10.5,-8.3,NA,NA,98.6,3,-9.7,924.6,NA,1010.8,NA,1390.1,1.3,196,0.7,2.5,4.7,1.3,4.7,NA,NA,0,6,400,NA,NA,NA,NA,NA,0.079,NA,NA,NA
2026-01-04 13:00:00,"SPF",-7.7,-7.9,-7.4,NA,NA,88.8,3.1,-9.2,924,NA,1010.2,NA,1389.3,1.1,207,0.5,1.8,4,1.1,4,NA,NA,0,6,321,NA,NA,NA,NA,NA,0.07,NA,NA,NA
2026-01-04 14:00:00,"SPF",-5.4,-7.5,-4.4,NA,NA,80.6,3.3,-8.3,923.6,NA,1009.7,NA,1391.5,4.5,12,1.6,5.8,16.2,4.3,15.5,NA,NA,0,6,208,NA,NA,NA,NA,NA,0.049,NA,NA,NA
2026-01-04 15:00:00,"SPF",-5.2,-5.4,-5,NA,NA,82,3.4,-7.8,923.5,NA,1009.6,NA,1391.5,4.9,22,2.8,10.1,17.6,4.7,16.9,NA,NA,0,6,64,NA,NA,NA,NA,NA,0.024,NA,NA,NA
2026-01-04 16:00:00,"SPF",-5.5,-5.6,-5.4,NA,NA,84.4,3.4,-7.7,923.6,NA,1009.7,NA,1391.8,4.4,18,2.1,7.6,15.8,4.3,15.5,NA,NA,0,6,14,NA,NA,NA,NA,NA,0.003,NA,NA,NA
2026-01-04 17:00:00,"SPF",-6.2,-6.5,-5.6,NA,NA,85.5,3.3,-8.3,923.7,NA,1009.8,NA,1390.4,3.9,175,1.5,5.4,14,3.8,13.7,NA,NA,0,6,0,NA,NA,NA,NA,NA,0,NA,NA,NA
2026-01-04 18:00:00,"SPF",-6.4,-6.5,-6.3,NA,NA,86.6,3.3,-8.3,923.7,NA,1009.9,NA,1390.5,2.5,191,0.6,2.2,9,2.5,9,NA,NA,0,5,0,NA,NA,NA,NA,NA,-0.003,NA,NA,NA
2026-01-04 19:00:00,"SPF",-6.5,-6.7,-6.4,NA,NA,86.8,3.2,-8.4,924,NA,1010.2,NA,1392.7,3.7,104,1.9,6.8,13.3,3.7,13.3,NA,NA,0,5,0,NA,NA,NA,NA,NA,0,NA,NA,NA
2026-01-04 20:00:00,"SPF",-7.7,-7.9,-7.5,NA,NA,84.4,2.9,-9.9,924,NA,1010.2,NA,1389.3,7.2,177,3.7,13.3,25.9,7.1,25.6,NA,NA,0,5,0,NA,NA,NA,NA,NA,0.003,NA,NA,NA
2026-01-04 21:00:00,"SPF",-8.3,-8.9,-8,NA,NA,86.5,2.9,-10.2,924.2,NA,1010.4,NA,1389.5,8.5,165,5.9,21.2,30.6,8.3,29.9,NA,NA,0,5,0,NA,NA,NA,NA,NA,0.004,NA,NA,NA
2026-01-04 22:00:00,"SPF",-9.3,-9.4,-9.1,NA,NA,86.2,2.6,-11.1,924,NA,1010.2,NA,1385.4,10,168,7,25.2,36,9.8,35.3,NA,NA,0,5,0,NA,NA,NA,NA,NA,0.004,NA,NA,NA
2026-01-04 23:00:00,"SPF",-9.5,-9.8,-9.2,NA,NA,83.2,2.5,-11.8,924.2,NA,1010.4,NA,1386.4,9.6,172,7.1,25.6,34.6,9.3,33.5,NA,NA,0,5,0,NA,NA,NA,NA,NA,0.005,NA,NA,NA
2026-01-05,"SPF",-10.1,-10.4,-9.8,NA,NA,80.5,2.3,-12.8,924.3,NA,1010.5,NA,1385.9,9.2,171,6.7,24.1,33.1,9.1,32.8,NA,NA,0,5,0,NA,NA,NA,NA,NA,0.005,NA,NA,NA
2026-01-05 01:00:00,"SPF",-10.4,-10.5,-10.3,NA,NA,77.8,2.2,-13.5,924.2,NA,1010.4,NA,1384.2,8.5,171,6,21.6,30.6,8.4,30.2,NA,NA,0,5,0,NA,NA,NA,NA,NA,0.006,NA,NA,NA
2026-01-05 02:00:00,"SPF",-10.5,-10.6,-10.4,NA,NA,78.3,2.2,-13.5,924.4,NA,1010.6,NA,1385.7,8.9,173,5.1,18.4,32,8.7,31.3,NA,NA,0,5,0,NA,NA,NA,NA,NA,0.005,NA,NA,NA
2026-01-05 03:00:00,"SPF",-10.4,-10.6,-10.3,NA,NA,78.2,2.2,-13.5,924.5,NA,1010.7,NA,1386.7,7.4,176,5.1,18.4,26.6,7.3,26.3,NA,NA,0,5,0,NA,NA,NA,NA,NA,0.005,NA,NA,NA
2026-01-05 04:00:00,"SPF",-10.1,-10.3,-9.9,NA,NA,77,2.2,-13.4,924.3,NA,1010.5,NA,1385.8,7.6,178,5.4,19.4,27.4,7.4,26.6,NA,NA,0,5,0,NA,NA,NA,NA,NA,0.006,NA,NA,NA
2026-01-05 05:00:00,"SPF",-9.9,-10,-9.8,NA,NA,78.3,2.3,-13,924.4,NA,1010.6,NA,1387.5,7,181,4.1,14.8,25.2,6.8,24.5,NA,NA,0,5,0,NA,NA,NA,NA,NA,0.005,NA,NA,NA
2026-01-05 06:00:00,"SPF",-9.9,-10.1,-9.6,NA,NA,78.6,2.3,-12.9,924.4,NA,1010.6,NA,1387.4,6.9,181,4.5,16.2,24.8,6.8,24.5,NA,NA,0,5,0,NA,NA,NA,NA,NA,0.005,NA,NA,NA
2026-01-05 07:00:00,"SPF",-10.1,-10.5,-9.8,NA,NA,79.5,2.3,-13,924.7,NA,1010.9,NA,1389.2,7.1,181,4.7,16.9,25.6,7,25.2,NA,NA,0,5,0,NA,NA,NA,NA,NA,0.005,NA,NA,NA
2026-01-05 08:00:00,"SPF",-10.7,-10.9,-10.5,NA,NA,78.2,2.1,-13.7,925,NA,1011.2,NA,1390.2,9.3,178,6.1,22,33.5,9.2,33.1,NA,NA,0,5,4,NA,NA,NA,NA,NA,0.019,NA,NA,NA
2026-01-05 09:00:00,"SPF",-10.2,-10.7,-9.9,NA,NA,77.2,2.2,-13.4,925.4,NA,1011.7,NA,1394.6,8.1,179,5.1,18.4,29.2,8,28.8,NA,NA,0,5,64,NA,NA,NA,NA,NA,0.024,NA,NA,NA
2026-01-05 10:00:00,"SPF",-9.2,-9.6,-8.9,NA,NA,76.6,2.3,-12.6,925.5,NA,1011.8,NA,1398.2,6.8,176,4.6,16.6,24.5,6.6,23.8,NA,NA,0,5,177,NA,NA,NA,NA,NA,0.039,NA,NA,NA
2026-01-05 11:00:00,"SPF",-7.6,-8.5,-7,NA,NA,74.9,2.6,-11.3,925.5,NA,1011.8,NA,1402.1,6.4,170,3.9,14,23,6.3,22.7,NA,NA,0,5,410,NA,NA,NA,NA,NA,0.081,NA,NA,NA
2026-01-05 12:00:00,"SPF",-6.9,-7,-6.7,NA,NA,72.8,2.7,-10.9,925,NA,1011.2,NA,1399.9,2.5,166,1.3,4.7,9,2.5,9,NA,NA,0,5,378,NA,NA,NA,NA,NA,0.085,NA,NA,NA
2026-01-05 13:00:00,"SPF",-5.8,-6.8,-5.4,NA,NA,71.1,2.8,-10.2,924.6,NA,1010.8,NA,1399.4,4.5,51,1.6,5.8,16.2,4.5,16.2,NA,NA,0,5,357,NA,NA,NA,NA,NA,0.083,NA,NA,NA
2026-01-05 14:00:00,"SPF",-5.7,-5.8,-5.6,NA,NA,71.5,2.9,-10,924.4,NA,1010.6,NA,1397.9,4,36,2.3,8.3,14.4,3.9,14,NA,NA,0,5,259,NA,NA,NA,NA,NA,0.06,NA,NA,NA
2026-01-05 15:00:00,"SPF",-5.8,-6,-5.6,NA,NA,72.7,2.9,-9.9,924.6,NA,1010.8,NA,1399.7,3.1,43,2,7.2,11.2,3.1,11.2,NA,NA,0,5,151,NA,NA,NA,NA,NA,0.031,NA,NA,NA
2026-01-05 16:00:00,"SPF",-9.4,-10.5,-8.2,NA,NA,83.1,2.5,-11.7,924.8,NA,1011,NA,1392.3,3.5,194,1.7,6.1,12.6,3.4,12.2,NA,NA,0,5,30,NA,NA,NA,NA,NA,-0.001,NA,NA,NA
2026-01-05 17:00:00,"SPF",-11.5,-12.1,-10.6,NA,NA,90.3,2.3,-12.7,925.1,NA,1011.3,NA,1389,3.9,210,1.5,5.4,14,3.8,13.7,NA,NA,0,5,0,NA,NA,NA,NA,NA,-0.001,NA,NA,NA
2026-01-05 18:00:00,"SPF",-12.7,-13.1,-12,NA,NA,96.1,2.2,-13.2,925.2,NA,1011.5,NA,1387.2,2.4,217,1.1,4,8.6,2.4,8.6,NA,NA,0,5,0,NA,NA,NA,NA,NA,-0.002,NA,NA,NA
2026-01-05 19:00:00,"SPF",-13.8,-14,-13.6,NA,NA,98.3,2.1,-14,925.6,NA,1011.9,NA,1387.5,2.1,221,1,3.6,7.6,2.1,7.6,NA,NA,0,5,0,NA,NA,NA,NA,NA,-0.002,NA,NA,NA
2026-01-05 20:00:00,"SPF",-14.3,-14.7,-13.9,NA,NA,97.8,2,-14.6,926.1,NA,1012.4,NA,1390.4,1.9,198,0.8,2.9,6.8,1.9,6.8,NA,NA,0,5,0,NA,NA,NA,NA,NA,-0.002,NA,NA,NA
2026-01-05 21:00:00,"SPF",-15.2,-15.9,-14.5,NA,NA,96.7,1.8,-15.6,926.3,NA,1012.6,NA,1389.4,3.7,213,1.7,6.1,13.3,3.6,13,NA,NA,0,5,0,NA,NA,NA,NA,NA,-0.001,NA,NA,NA
2026-01-05 22:00:00,"SPF",-15,-15.8,-14,NA,NA,96.4,1.8,-15.5,925.8,NA,1012.1,NA,1385.8,3,214,1.8,6.5,10.8,2.9,10.4,NA,NA,0,5,0,NA,NA,NA,NA,NA,-0.001,NA,NA,NA
2026-01-05 23:00:00,"SPF",-14.8,-15.3,-14.2,NA,NA,96.7,1.9,-15.2,925.7,NA,1012,NA,1385.2,3.5,210,2,7.2,12.6,3.4,12.2,NA,NA,0,5,0,NA,NA,NA,NA,NA,-0.001,NA,NA,NA
2026-01-06,"SPF",-15.2,-15.4,-14.8,NA,NA,95.9,1.8,-15.7,925.7,NA,1012,NA,1384.6,2.8,212,1.6,5.8,10.1,2.8,10.1,NA,NA,0,5,0,NA,NA,NA,NA,NA,-0.001,NA,NA,NA
2026-01-06 01:00:00,"SPF",-15.7,-15.9,-15.3,NA,NA,95.3,1.7,-16.2,925.7,NA,1012,NA,1383.1,3.1,212,1.6,5.8,11.2,3.1,11.2,NA,NA,0,5,0,NA,NA,NA,NA,NA,-0.001,NA,NA,NA
2026-01-06 02:00:00,"SPF",-15.4,-15.8,-14.7,NA,NA,95.7,1.8,-15.9,925.7,NA,1012,NA,1384.2,3.1,210,1.7,6.1,11.2,3,10.8,NA,NA,0,5,0,NA,NA,NA,NA,NA,-0.001,NA,NA,NA
2026-01-06 03:00:00,"SPF",-15.3,-15.7,-14.8,NA,NA,95.6,1.8,-15.9,925.5,NA,1011.8,NA,1383,3.6,210,1.6,5.8,13,3.5,12.6,NA,NA,0,5,0,NA,NA,NA,NA,NA,-0.001,NA,NA,NA
2026-01-06 04:00:00,"SPF",-15.3,-15.6,-15,NA,NA,95.7,1.8,-15.8,925.6,NA,1011.9,NA,1383.6,2.6,207,1.4,5,9.4,2.5,9,NA,NA,0,5,0,NA,NA,NA,NA,NA,-0.001,NA,NA,NA
2026-01-06 05:00:00,"SPF",-15.5,-16,-15.1,NA,NA,95.1,1.8,-16.1,925.9,NA,1012.2,NA,1385.5,3.2,207,1.4,5,11.5,3.2,11.5,NA,NA,0,5,0,NA,NA,NA,NA,NA,-0.001,NA,NA,NA
2026-01-06 06:00:00,"SPF",-15.7,-16,-15.3,NA,NA,94.4,1.7,-16.3,926,NA,1012.3,NA,1386,3.1,211,1.8,6.5,11.2,3.1,11.2,NA,NA,0,5,0,NA,NA,NA,NA,NA,-0.001,NA,NA,NA
2026-01-06 07:00:00,"SPF",-15.1,-15.6,-14.9,NA,NA,93.4,1.8,-16,926.3,NA,1012.6,NA,1389.7,2.1,215,1.2,4.3,7.6,2.1,7.6,NA,NA,0,5,0,NA,NA,NA,NA,NA,-0.001,NA,NA,NA
2026-01-06 08:00:00,"SPF",-15.1,-15.5,-14.8,NA,NA,94.5,1.8,-15.8,926.7,NA,1013.1,NA,1393.1,2.8,209,1.3,4.7,10.1,2.7,9.7,NA,NA,0,5,5,NA,NA,NA,NA,NA,0.005,NA,NA,NA
2026-01-06 09:00:00,"SPF",-14.5,-15.3,-14.1,NA,NA,91.8,1.8,-15.6,927.1,NA,1013.5,NA,1397.3,2.4,212,1.5,5.4,8.6,2.3,8.3,NA,NA,0,5,37,NA,NA,NA,NA,NA,0.009,NA,NA,NA
2026-01-06 10:00:00,"SPF",-12.2,-13.6,-10.8,NA,NA,86,2.1,-14.1,927.4,NA,1013.8,NA,1406.2,1.9,210,0.9,3.2,6.8,1.8,6.5,NA,NA,0,5,231,NA,NA,NA,NA,NA,0.038,NA,NA,NA
2026-01-06 11:00:00,"SPF",-8.3,-9.7,-7.1,NA,NA,71.6,2.3,-12.5,927.3,NA,1013.7,NA,1415.7,0.9,90,0.3,1.1,3.2,0.9,3.2,NA,NA,0,5,355,NA,NA,NA,NA,NA,0.076,NA,NA,NA
2026-01-06 12:00:00,"SPF",-6.5,-7,-6.3,NA,NA,66.3,2.5,-11.7,927,NA,1013.4,NA,1417.3,1.1,225,0.4,1.4,4,1.1,4,NA,NA,0,5,250,NA,NA,NA,NA,NA,0.064,NA,NA,NA
2026-01-06 13:00:00,"SPF",-5.1,-6,-4.6,NA,NA,64.1,2.7,-10.8,926.6,NA,1013,NA,1417.4,5,16,1.9,6.8,18,4.8,17.3,NA,NA,0,5,183,NA,NA,NA,NA,NA,0.058,NA,NA,NA
2026-01-06 14:00:00,"SPF",-4.9,-5,-4.7,NA,NA,71.4,3,-9.4,926.6,NA,1013,NA,1417.8,6.2,32,3.6,13,22.3,6,21.6,NA,NA,0,5,134,NA,NA,NA,NA,NA,0.047,NA,NA,NA
2026-01-06 15:00:00,"SPF",-5,-5.1,-4.9,NA,NA,79.9,3.4,-8,926.9,NA,1013.3,NA,1420,5.1,32,3.1,11.2,18.4,5,18,NA,NA,0,5,67,NA,NA,NA,NA,NA,0.026,NA,NA,NA
2026-01-06 16:00:00,"SPF",-5.2,-5.3,-5.2,NA,NA,79.5,3.3,-8.2,927.2,NA,1013.6,NA,1422.2,3.8,29,2.2,7.9,13.7,3.7,13.3,NA,NA,0,5,12,NA,NA,NA,NA,NA,0.011,NA,NA,NA
2026-01-06 17:00:00,"SPF",-5.5,-5.7,-5.3,NA,NA,84.1,3.4,-7.7,927.7,NA,1014.1,NA,1425.6,3.3,10,1.7,6.1,11.9,3.2,11.5,NA,NA,0,5,0,NA,NA,NA,NA,NA,0.001,NA,NA,NA
2026-01-06 18:00:00,"SPF",-6,-6.2,-5.8,NA,NA,88.6,3.5,-7.6,928.1,NA,1014.5,NA,1427.6,5.1,42,3,10.8,18.4,5.1,18.4,NA,NA,0,5,0,NA,NA,NA,NA,NA,0.002,NA,NA,NA
2026-01-06 19:00:00,"SPF",-6.3,-6.3,-6.2,NA,NA,94.4,3.6,-7,928.7,NA,1015.2,NA,1431.8,5.6,42,3,10.8,20.2,5.5,19.8,NA,NA,0,5,0,NA,NA,NA,NA,NA,0,NA,NA,NA
2026-01-06 20:00:00,"SPF",-6.3,-6.3,-6.2,NA,NA,97.6,3.7,-6.6,928.9,NA,1015.4,NA,1433.5,3.9,36,2.3,8.3,14,3.7,13.3,NA,NA,0,5,0,NA,NA,NA,NA,NA,-0.002,NA,NA,NA
2026-01-06 21:00:00,"SPF",-6.6,-6.7,-6.3,NA,NA,98.4,3.7,-6.8,928.8,NA,1015.3,NA,1432.2,3.5,22,1.2,4.3,12.6,3.4,12.2,NA,NA,0,5,0,NA,NA,NA,NA,NA,-0.003,NA,NA,NA
2026-01-06 22:00:00,"SPF",-6.8,-6.8,-6.7,NA,NA,98.4,3.6,-7,928.7,NA,1015.2,NA,1431,1.3,27,0.5,1.8,4.7,1.3,4.7,NA,NA,0,5,0,NA,NA,NA,NA,NA,-0.004,NA,NA,NA
2026-01-06 23:00:00,"SPF",-6.7,-7,-6.5,NA,NA,92,3.4,-7.8,928.8,NA,1015.3,NA,1431.5,1.8,31,0.8,2.9,6.5,1.8,6.5,NA,NA,0,5,0,NA,NA,NA,NA,NA,-0.003,NA,NA,NA
2026-01-07,"SPF",-7.9,-8.7,-7.2,NA,NA,81.8,2.8,-10.5,928.6,NA,1015.1,NA,1426.9,6.1,171,3.7,13.3,22,6,21.6,NA,NA,0,5,0,NA,NA,NA,NA,NA,0.004,NA,NA,NA
2026-01-07 01:00:00,"SPF",-8.9,-9.4,-8.7,NA,NA,79.2,2.5,-11.8,928.4,NA,1014.9,NA,1422.5,6.1,170,4.5,16.2,22,6,21.6,NA,NA,0,4,0,NA,NA,NA,NA,NA,0.005,NA,NA,NA
2026-01-07 02:00:00,"SPF",-10.2,-10.6,-9.5,NA,NA,79.3,2.2,-13.1,928.2,NA,1014.7,NA,1417.4,7,170,5.2,18.7,25.2,6.8,24.5,NA,NA,0,4,0,NA,NA,NA,NA,NA,0.005,NA,NA,NA
2026-01-07 03:00:00,"SPF",-11.4,-12.6,-10.7,NA,NA,81.5,2.1,-14,928.1,NA,1014.6,NA,1414,6.1,184,2.9,10.4,22,6,21.6,NA,NA,0,4,0,NA,NA,NA,NA,NA,0.003,NA,NA,NA
2026-01-07 04:00:00,"SPF",-13.3,-13.7,-12.8,NA,NA,94.9,2.1,-14,927.9,NA,1014.4,NA,1407.3,2.4,212,1,3.6,8.6,2.4,8.6,NA,NA,0,4,0,NA,NA,NA,NA,NA,-0.002,NA,NA,NA
2026-01-07 05:00:00,"SPF",-14.2,-14.9,-13.4,NA,NA,97.5,2,-14.5,928,NA,1014.5,NA,1405.4,2.8,211,1.3,4.7,10.1,2.8,10.1,NA,NA,0,4,0,NA,NA,NA,NA,NA,-0.002,NA,NA,NA
2026-01-07 06:00:00,"SPF",-14.6,-15,-14.1,NA,NA,96.6,1.9,-15,928.2,NA,1014.7,NA,1406,2.5,209,1.3,4.7,9,2.4,8.6,NA,NA,0,4,0,NA,NA,NA,NA,NA,-0.002,NA,NA,NA
2026-01-07 07:00:00,"SPF",-14.8,-15.3,-13.8,NA,NA,96.8,1.9,-15.2,928.1,NA,1014.6,NA,1405,2.7,209,1.4,5,9.7,2.6,9.4,NA,NA,0,4,0,NA,NA,NA,NA,NA,-0.002,NA,NA,NA
2026-01-07 08:00:00,"SPF",-15.1,-15.4,-14.7,NA,NA,96.2,1.9,-15.5,928.1,NA,1014.6,NA,1404.5,3,208,1.8,6.5,10.8,2.9,10.4,NA,NA,0,5,4,NA,NA,NA,NA,NA,0.005,NA,NA,NA
2026-01-07 09:00:00,"SPF",-14.6,-15.3,-13.9,NA,NA,96.5,1.9,-15.1,927.9,NA,1014.4,NA,1404,3.3,213,1.7,6.1,11.9,3.2,11.5,NA,NA,0,5,23,NA,NA,NA,NA,NA,0.008,NA,NA,NA
2026-01-07 10:00:00,"SPF",-13.4,-14.4,-12.6,NA,NA,96.6,2.1,-13.8,927.6,NA,1014,NA,1404.5,1.7,210,0.9,3.2,6.1,1.7,6.1,NA,NA,0,5,200,NA,NA,NA,NA,NA,0.03,NA,NA,NA
2026-01-07 11:00:00,"SPF",-10.9,-12.4,-9.5,NA,NA,85.8,2.3,-12.8,926.7,NA,1013.1,NA,1403.6,1.8,207,0.8,2.9,6.5,1.7,6.1,NA,NA,0,5,355,NA,NA,NA,NA,NA,0.064,NA,NA,NA
2026-01-07 12:00:00,"SPF",-7.5,-8.4,-6.9,NA,NA,69.5,2.4,-12.2,926,NA,1012.3,NA,1406.7,0.9,135,0.2,0.7,3.2,0.9,3.2,NA,NA,0,5,386,NA,NA,NA,NA,NA,0.088,NA,NA,NA
2026-01-07 13:00:00,"SPF",-5.1,-6.6,-4.5,NA,NA,63.6,2.7,-10.9,925.4,NA,1011.7,NA,1408.1,4.7,191,2.2,7.9,16.9,4.6,16.6,NA,NA,0,5,360,NA,NA,NA,NA,NA,0.089,NA,NA,NA
2026-01-07 14:00:00,"SPF",-4.8,-5.1,-4.7,NA,NA,65.4,2.8,-10.3,924.7,NA,1010.9,NA,1402.7,5.1,200,2.4,8.6,18.4,5,18,NA,NA,0,5,286,NA,NA,NA,NA,NA,0.07,NA,NA,NA
2026-01-07 15:00:00,"SPF",-6.3,-6.8,-5.9,NA,NA,68.6,2.6,-11.1,924.2,NA,1010.4,NA,1394.4,3.8,188,2.2,7.9,13.7,3.7,13.3,NA,NA,0,5,159,NA,NA,NA,NA,NA,0.034,NA,NA,NA
2026-01-07 16:00:00,"SPF",-7.1,-7.6,-6.6,NA,NA,69.7,2.5,-11.7,923.8,NA,1010,NA,1389.7,3.2,197,1.7,6.1,11.5,3.1,11.2,NA,NA,0,4,26,NA,NA,NA,NA,NA,0.005,NA,NA,NA
2026-01-07 17:00:00,"SPF",-7,-7.2,-6.9,NA,NA,73.1,2.6,-11,923.5,NA,1009.6,NA,1387.3,3,207,0.8,2.9,10.8,3,10.8,NA,NA,0,5,0,NA,NA,NA,NA,NA,0,NA,NA,NA
2026-01-07 18:00:00,"SPF",-6.8,-7.3,-6.4,NA,NA,76.4,2.8,-10.3,923.8,NA,1010,NA,1390.4,2.3,180,0.7,2.5,8.3,2.3,8.3,NA,NA,0,4,0,NA,NA,NA,NA,NA,-0.001,NA,NA,NA
2026-01-07 19:00:00,"SPF",-6.3,-6.7,-5.8,NA,NA,77.5,3,-9.6,924.4,NA,1010.6,NA,1396.1,2.1,201,1,3.6,7.6,2.1,7.6,NA,NA,0,4,0,NA,NA,NA,NA,NA,0,NA,NA,NA
2026-01-07 20:00:00,"SPF",-5.4,-6,-4.9,NA,NA,81.4,3.3,-8.1,924.7,NA,1010.9,NA,1401.6,5.7,217,2.8,10.1,20.5,5.6,20.2,NA,NA,0,5,0,NA,NA,NA,NA,NA,0.004,NA,NA,NA
2026-01-07 21:00:00,"SPF",-5.1,-5.7,-4.9,NA,NA,86.3,3.6,-7.1,925,NA,1011.2,NA,1403.9,6.9,215,3.3,11.9,24.8,6.8,24.5,NA,NA,0,5,0,NA,NA,NA,NA,NA,0.003,NA,NA,NA
2026-01-07 22:00:00,"SPF",-4.7,-4.9,-4.6,NA,NA,85.1,3.7,-6.9,925.5,NA,1011.8,NA,1409.4,5.2,217,2.3,8.3,18.7,5,18,NA,NA,0,5,0,NA,NA,NA,NA,NA,0.002,NA,NA,NA
2026-01-07 23:00:00,"SPF",-3.5,-4.3,-2.9,NA,NA,78.2,3.7,-6.8,925.8,NA,1012.1,NA,1415,5.6,211,2.7,9.7,20.2,5.4,19.4,NA,NA,0,5,0,NA,NA,NA,NA,NA,0.005,NA,NA,NA
2026-01-08,"SPF",-2.7,-2.8,-2.6,NA,NA,75.3,3.8,-6.5,926.2,NA,1012.5,NA,1420.3,4.5,207,2.3,8.3,16.2,4.3,15.5,NA,NA,0,5,0,NA,NA,NA,NA,NA,0.006,NA,NA,NA
2026-01-08 01:00:00,"SPF",-2.8,-3,-2.7,NA,NA,78.7,3.9,-6,926.4,NA,1012.8,NA,1422.1,3.3,220,1.7,6.1,11.9,3.3,11.9,NA,NA,0,5,0,NA,NA,NA,NA,NA,0.003,NA,NA,NA
2026-01-08 02:00:00,"SPF",-2.6,-2.8,-2.4,NA,NA,75.9,3.9,-6.2,926.2,NA,1012.5,NA,1421.2,3.7,242,2.1,7.6,13.3,3.6,13,NA,NA,0,5,0,NA,NA,NA,NA,NA,0.005,NA,NA,NA
2026-01-08 03:00:00,"SPF",-3.5,-3.7,-3,NA,NA,81.3,3.8,-6.2,925.7,NA,1012,NA,1414,4.8,212,1.4,5,17.3,4.7,16.9,NA,NA,0,5,0,NA,NA,NA,NA,NA,0.001,NA,NA,NA
2026-01-08 04:00:00,"SPF",-2.4,-2.7,-2.2,NA,NA,72.2,3.7,-6.8,925.3,NA,1011.5,NA,1413.3,6.2,230,3.1,11.2,22.3,6,21.6,NA,NA,0,5,0,NA,NA,NA,NA,NA,0.009,NA,NA,NA
2026-01-08 05:00:00,"SPF",-1.7,-2,-1.4,NA,NA,66.5,3.6,-7.1,924.7,NA,1010.9,NA,1410.7,4.7,221,2.3,8.3,16.9,4.6,16.6,NA,NA,0,5,0,NA,NA,NA,NA,NA,0.009,NA,NA,NA
2026-01-08 06:00:00,"SPF",-1.1,-1.5,-0.6,NA,NA,64.7,3.7,-6.9,924.5,NA,1010.7,NA,1410.5,4.5,221,2.4,8.6,16.2,4.4,15.8,NA,NA,0,5,0,NA,NA,NA,NA,NA,0.011,NA,NA,NA
2026-01-08 07:00:00,"SPF",-1.2,-1.5,-0.9,NA,NA,74.9,4.2,-5.1,924.7,NA,1010.9,NA,1411.6,5.4,225,2.1,7.6,19.4,5.3,19.1,NA,NA,0,5,0,NA,NA,NA,NA,NA,0.006,NA,NA,NA
2026-01-08 08:00:00,"SPF",-1.3,-1.4,-1.2,NA,NA,81.7,4.5,-4.1,924.3,NA,1010.5,NA,1408.2,4.8,194,2.2,7.9,17.3,4.8,17.3,NA,NA,0,5,8,NA,NA,NA,NA,NA,0.017,NA,NA,NA
2026-01-08 09:00:00,"SPF",-1.4,-1.5,-1.1,NA,NA,87.4,4.8,-3.2,924.6,NA,1010.8,NA,1410.6,6.4,228,3.2,11.5,23,6.2,22.3,NA,NA,0,5,25,NA,NA,NA,NA,NA,0.023,NA,NA,NA
2026-01-08 10:00:00,"SPF",-1.6,-1.7,-1.5,NA,NA,98.4,5.4,-1.8,924.7,NA,1010.9,NA,1410.6,5.1,228,2.5,9,18.4,5,18,NA,NA,0.3,6,52,NA,NA,NA,NA,NA,0.021,NA,NA,NA
2026-01-08 11:00:00,"SPF",-1.1,-1.7,-0.3,NA,NA,97.3,5.5,-1.5,924.2,NA,1010.4,NA,1407.8,7.4,217,3.9,14,26.6,7.3,26.3,NA,NA,0.1,6,79,NA,NA,NA,NA,NA,0.027,NA,NA,NA
2026-01-08 12:00:00,"SPF",0.5,0.1,0.9,NA,NA,92.7,5.9,-0.5,923.8,NA,1009.9,NA,1407.9,8.1,228,3.2,11.5,29.2,7.8,28.1,NA,NA,0,6,121,NA,NA,NA,NA,NA,0.044,NA,NA,NA
2026-01-08 13:00:00,"SPF",2.3,0.9,3.2,NA,NA,85.5,6.2,0.1,923.4,NA,1009.5,NA,1409.3,5.5,230,2.5,9,19.8,5.3,19.1,NA,NA,0,5,107,NA,NA,NA,NA,NA,0.05,NA,NA,NA
2026-01-08 14:00:00,"SPF",2.8,1.3,4.4,NA,NA,84.3,6.3,0.3,923.1,NA,1009.2,NA,1408.3,8,247,2,7.2,28.8,7.9,28.4,NA,NA,0,5,63,NA,NA,NA,NA,NA,0.038,NA,NA,NA
2026-01-08 15:00:00,"SPF",4.4,4.3,4.5,NA,NA,81.1,6.8,1.4,922.7,NA,1008.8,NA,1408.3,7,220,3.4,12.2,25.2,6.8,24.5,NA,NA,0.1,4,39,NA,NA,NA,NA,NA,0.038,NA,NA,NA
2026-01-08 16:00:00,"SPF",3.7,3.2,4.2,NA,NA,85.7,6.8,1.6,922.1,NA,1008.1,NA,1401.9,6.6,224,3.7,13.3,23.8,6.3,22.7,NA,NA,0,3,7,NA,NA,NA,NA,NA,0.023,NA,NA,NA
2026-01-08 17:00:00,"SPF",2.9,2.7,3.2,NA,NA,97.9,7.4,2.6,922.5,NA,1008.6,NA,1403.2,6.4,225,3.8,13.7,23,6.2,22.3,NA,NA,2.3,2,0,NA,NA,NA,NA,NA,-0.002,NA,NA,NA
2026-01-08 18:00:00,"SPF",2.6,2.5,2.9,NA,NA,99.3,7.4,2.5,922.3,NA,1008.3,NA,1400.9,7,236,4.7,16.9,25.2,6.7,24.1,NA,NA,0.8,2,0,NA,NA,NA,NA,NA,-0.002,NA,NA,NA
2026-01-08 19:00:00,"SPF",3.8,3.1,4.3,NA,NA,99.1,7.9,3.6,922.4,NA,1008.5,NA,1404.3,8.3,228,4.3,15.5,29.9,8,28.8,NA,NA,0.9,1,0,NA,NA,NA,NA,NA,-0.003,NA,NA,NA
2026-01-08 20:00:00,"SPF",5.1,4.5,5.5,NA,NA,89,7.8,3.4,921.6,NA,1007.6,NA,1400.8,10.1,225,4.8,17.3,36.4,9.9,35.6,NA,NA,0.1,1,0,NA,NA,NA,NA,NA,0.005,NA,NA,NA
2026-01-08 21:00:00,"SPF",5.6,5.2,6,NA,NA,82.7,7.5,2.9,920.6,NA,1006.5,NA,1393.5,13.2,208,6.2,22.3,47.5,12.5,45,NA,NA,0.3,0,0,NA,NA,NA,NA,NA,0.012,NA,NA,NA
2026-01-08 22:00:00,"SPF",4,3.5,4.9,NA,NA,97.7,8,3.7,920.2,NA,1006,NA,1385.6,7.5,226,3.4,12.2,27,7.4,26.6,NA,NA,0.8,0,0,NA,NA,NA,NA,NA,-0.002,NA,NA,NA
2026-01-08 23:00:00,"SPF",4.5,4.1,5,NA,NA,95.7,8,3.8,918.8,NA,1004.6,NA,1374.6,9.4,228,5,18,33.8,9.1,32.8,NA,NA,0.1,0,0,NA,NA,NA,NA,NA,0,NA,NA,NA
2026-01-09,"SPF",6.9,5.8,7.4,NA,NA,73.6,7.3,2.5,917.2,NA,1002.9,NA,1366.6,12.2,216,6.8,24.5,43.9,12,43.2,NA,NA,0,0,0,NA,NA,NA,NA,NA,0.022,NA,NA,NA
2026-01-09 01:00:00,"SPF",7,6.4,8.1,NA,NA,70.6,7.1,2,916,NA,1001.5,NA,1355.6,9.9,217,5.9,21.2,35.6,9.7,34.9,NA,NA,0,0,0,NA,NA,NA,NA,NA,0.024,NA,NA,NA
2026-01-09 02:00:00,"SPF",5.9,5.1,7,NA,NA,79,7.4,2.5,915.4,NA,1000.9,NA,1348.5,6.7,226,3.8,13.7,24.1,6.4,23,NA,NA,0.1,0,0,NA,NA,NA,NA,NA,0.012,NA,NA,NA
2026-01-09 03:00:00,"SPF",5.7,4.4,7.2,NA,NA,84.6,7.7,3.3,915,NA,1000.5,NA,1344.5,14.6,217,4.9,17.6,52.6,14.4,51.8,NA,NA,0.4,0,0,NA,NA,NA,NA,NA,0.009,NA,NA,NA
2026-01-09 04:00:00,"SPF",6.3,5.6,6.9,NA,NA,81.1,7.7,3.3,915.2,NA,1000.7,NA,1347.5,8.5,225,4.4,15.8,30.6,8.4,30.2,NA,NA,0.2,0,0,NA,NA,NA,NA,NA,0.011,NA,NA,NA
2026-01-09 05:00:00,"SPF",5.3,4.6,5.8,NA,NA,84.7,7.5,2.9,916.2,NA,1001.8,NA,1353.7,18.7,218,5.1,18.4,67.3,17.4,62.6,NA,NA,0.5,0,0,NA,NA,NA,NA,NA,0.009,NA,NA,NA
2026-01-09 06:00:00,"SPF",5.2,5,5.5,NA,NA,75.1,6.7,1.2,916.3,NA,1001.9,NA,1354.4,15.1,206,6.2,22.3,54.4,14.4,51.8,NA,NA,0,0,0,NA,NA,NA,NA,NA,0.018,NA,NA,NA
2026-01-09 07:00:00,"SPF",5.3,5,5.6,NA,NA,70.7,6.3,0.4,916,NA,1001.6,NA,1351.8,10.7,209,4.7,16.9,38.5,10.5,37.8,NA,NA,0,0,0,NA,NA,NA,NA,NA,0.019,NA,NA,NA
2026-01-09 08:00:00,"SPF",4.5,3.8,5.2,NA,NA,74.7,6.3,0.4,915.2,NA,1000.7,NA,1343.3,10.9,220,4.8,17.3,39.2,10.5,37.8,NA,NA,0.1,0,12,NA,NA,NA,NA,NA,0.04,NA,NA,NA
2026-01-09 09:00:00,"SPF",4.9,4.3,5.3,NA,NA,67.6,5.8,-0.6,914.4,NA,999.8,NA,1336.9,14,221,5.4,19.4,50.4,13.7,49.3,NA,NA,0,0,33,NA,NA,NA,NA,NA,0.066,NA,NA,NA
2026-01-09 10:00:00,"SPF",4.1,3.7,4.3,NA,NA,79.9,6.5,0.9,914.7,NA,1000.2,NA,1337.6,10.3,221,4.6,16.6,37.1,9.8,35.3,NA,NA,0,0,48,NA,NA,NA,NA,NA,0.048,NA,NA,NA
2026-01-09 11:00:00,"SPF",4.5,3.7,5,NA,NA,76.3,6.4,0.7,914.4,NA,999.8,NA,1336.1,10.1,216,4.6,16.6,36.4,10,36,NA,NA,0.4,0,62,NA,NA,NA,NA,NA,0.059,NA,NA,NA
2026-01-09 12:00:00,"SPF",4.3,4,4.9,NA,NA,77.8,6.5,0.8,914.1,NA,999.5,NA,1333.4,16,217,6.1,22,57.6,15.1,54.4,NA,NA,0.3,0,73,NA,NA,NA,NA,NA,0.063,NA,NA,NA
2026-01-09 13:00:00,"SPF",3.5,2.7,3.7,NA,NA,82.8,6.5,0.8,914.1,NA,999.5,NA,1331.6,11.2,209,5.2,18.7,40.3,10.5,37.8,NA,NA,0.2,0,133,NA,NA,NA,NA,NA,0.064,NA,NA,NA
2026-01-09 14:00:00,"SPF",4.1,3.6,4.3,NA,NA,71.6,5.9,-0.6,914,NA,999.4,NA,1331.7,13.7,220,4.9,17.6,49.3,13,46.8,NA,NA,0,0,99,NA,NA,NA,NA,NA,0.071,NA,NA,NA
2026-01-09 15:00:00,"SPF",4.4,4.2,4.6,NA,NA,59,4.9,-2.9,914.4,NA,999.8,NA,1335.7,13,232,6.5,23.4,46.8,12.5,45,NA,NA,0,0,52,NA,NA,NA,NA,NA,0.086,NA,NA,NA
2026-01-09 16:00:00,"SPF",3.8,3.6,4,NA,NA,59.9,4.8,-3.3,914.3,NA,999.7,NA,1333.8,14.9,215,5.6,20.2,53.6,14.8,53.3,NA,NA,0,0,9,NA,NA,NA,NA,NA,0.067,NA,NA,NA
2026-01-09 17:00:00,"SPF",4,3.8,4.1,NA,NA,55,4.5,-4.2,914.2,NA,999.6,NA,1333,14.1,208,5.1,18.4,50.8,13.5,48.6,NA,NA,0,0,0,NA,NA,NA,NA,NA,0.03,NA,NA,NA
2026-01-09 18:00:00,"SPF",3.9,3.6,4,NA,NA,56.6,4.6,-4,914.6,NA,1000.1,NA,1336.7,9.1,204,4.6,16.6,32.8,8.7,31.3,NA,NA,0,0,0,NA,NA,NA,NA,NA,0.028,NA,NA,NA
2026-01-09 19:00:00,"SPF",3.2,2.9,3.3,NA,NA,64.1,4.9,-3,914.9,NA,1000.4,NA,1337.8,13.3,208,4.5,16.2,47.9,12.8,46.1,NA,NA,0,0,0,NA,NA,NA,NA,NA,0.021,NA,NA,NA
2026-01-09 20:00:00,"SPF",2.5,1.4,3.1,NA,NA,73.4,5.3,-1.9,915.3,NA,1000.8,NA,1339.6,12.5,200,6.9,24.8,45,11.7,42.1,NA,NA,0,0,0,NA,NA,NA,NA,NA,0.017,NA,NA,NA
2026-01-09 21:00:00,"SPF",2.2,1.6,2.5,NA,NA,76.9,5.5,-1.5,915.9,NA,1001.5,NA,1344.4,12,210,6.3,22.7,43.2,11.8,42.5,NA,NA,0.1,0,0,NA,NA,NA,NA,NA,0.014,NA,NA,NA
2026-01-09 22:00:00,"SPF",1.7,0.8,2.5,NA,NA,80.3,5.5,-1.4,916,NA,1001.6,NA,1344.1,12.7,204,6.3,22.7,45.7,12.4,44.6,NA,NA,0,0,0,NA,NA,NA,NA,NA,0.011,NA,NA,NA
2026-01-09 23:00:00,"SPF",1.9,1.6,2.1,NA,NA,74.8,5.2,-2.1,916,NA,1001.6,NA,1344.7,14.5,207,6.1,22,52.2,14.3,51.5,NA,NA,0,0,0,NA,NA,NA,NA,NA,0.015,NA,NA,NA
2026-01-10,"SPF",2,1.8,2.2,NA,NA,72.2,5.1,-2.5,916.3,NA,1001.9,NA,1346.9,13.2,211,7.4,26.6,47.5,12.9,46.4,NA,NA,0,0,0,NA,NA,NA,NA,NA,0.018,NA,NA,NA
2026-01-10 01:00:00,"SPF",1.7,1,2.2,NA,NA,73.6,5.1,-2.5,916.3,NA,1001.9,NA,1346.8,15.6,211,7.3,26.3,56.2,14.9,53.6,NA,NA,0,0,0,NA,NA,NA,NA,NA,0.017,NA,NA,NA
2026-01-10 02:00:00,"SPF",1,0.6,1.3,NA,NA,83.6,5.5,-1.5,916.8,NA,1002.4,NA,1349.4,11.8,209,6.1,22,42.5,11.7,42.1,NA,NA,0,0,0,NA,NA,NA,NA,NA,0.009,NA,NA,NA
2026-01-10 03:00:00,"SPF",0.8,0.3,1.2,NA,NA,85.3,5.5,-1.5,917.3,NA,1003,NA,1353.2,14.1,205,6.8,24.5,50.8,13.4,48.2,NA,NA,0,1,0,NA,NA,NA,NA,NA,0.008,NA,NA,NA
2026-01-10 04:00:00,"SPF",0.9,0.7,1.2,NA,NA,78.8,5.1,-2.4,917.5,NA,1003.2,NA,1355.5,13.2,205,5.8,20.9,47.5,13.2,47.5,NA,NA,0,1,0,NA,NA,NA,NA,NA,0.011,NA,NA,NA
2026-01-10 05:00:00,"SPF",0.3,0.1,0.7,NA,NA,90.6,5.7,-1,917.8,NA,1003.5,NA,1356.4,9.9,208,5.2,18.7,35.6,9.8,35.3,NA,NA,0,2,0,NA,NA,NA,NA,NA,0.003,NA,NA,NA
2026-01-10 06:00:00,"SPF",1,0.7,1.2,NA,NA,77.4,5.1,-2.6,918.1,NA,1003.8,NA,1360.5,13.5,202,7.2,25.9,48.6,13,46.8,NA,NA,0,2,0,NA,NA,NA,NA,NA,0.014,NA,NA,NA
2026-01-10 07:00:00,"SPF",1,0.6,1.4,NA,NA,74.8,4.9,-3,918.7,NA,1004.5,NA,1365.7,13.1,208,6.7,24.1,47.2,12.9,46.4,NA,NA,0,2,0,NA,NA,NA,NA,NA,0.015,NA,NA,NA
2026-01-10 08:00:00,"SPF",0.6,0,1.1,NA,NA,77.6,4.9,-2.9,919.5,NA,1005.3,NA,1371.4,14.3,206,7.6,27.4,51.5,13.5,48.6,NA,NA,0,2,1,NA,NA,NA,NA,NA,0.043,NA,NA,NA
2026-01-10 09:00:00,"SPF",-0.1,-0.3,0,NA,NA,86.1,5.2,-2.1,920.2,NA,1006.1,NA,1376.4,14.2,206,7.6,27.4,51.1,13.8,49.7,NA,NA,0,2,21,NA,NA,NA,NA,NA,0.031,NA,NA,NA
2026-01-10 10:00:00,"SPF",-0.4,-0.5,-0.3,NA,NA,90.5,5.4,-1.7,920.7,NA,1006.7,NA,1380,14,205,7.3,26.3,50.4,13.7,49.3,NA,NA,0,2,48,NA,NA,NA,NA,NA,0.028,NA,NA,NA
2026-01-10 11:00:00,"SPF",-0.3,-0.4,-0.2,NA,NA,86.6,5.2,-2.3,921.4,NA,1007.4,NA,1385.8,13.6,204,7.3,26.3,49,13.1,47.2,NA,NA,0,2,92,NA,NA,NA,NA,NA,0.042,NA,NA,NA
2026-01-10 12:00:00,"SPF",-0.2,-0.4,-0.1,NA,NA,84.8,5.1,-2.5,921.5,NA,1007.5,NA,1386.5,12.9,203,7.1,25.6,46.4,12.7,45.7,NA,NA,0,2,96,NA,NA,NA,NA,NA,0.046,NA,NA,NA
2026-01-10 13:00:00,"SPF",-0.3,-0.5,-0.1,NA,NA,86.4,5.2,-2.3,921.8,NA,1007.8,NA,1389.5,10.9,201,6.1,22,39.2,10.5,37.8,NA,NA,0,3,74,NA,NA,NA,NA,NA,0.039,NA,NA,NA
2026-01-10 14:00:00,"SPF",-0.7,-1,-0.3,NA,NA,89,5.2,-2.3,922.5,NA,1008.6,NA,1394.6,12.5,201,6.5,23.4,45,11.8,42.5,NA,NA,0,4,53,NA,NA,NA,NA,NA,0.031,NA,NA,NA
2026-01-10 15:00:00,"SPF",-0.7,-0.8,-0.4,NA,NA,87.3,5.1,-2.5,923.1,NA,1009.2,NA,1399.1,10.7,201,5.9,21.2,38.5,10.3,37.1,NA,NA,0,4,37,NA,NA,NA,NA,NA,0.028,NA,NA,NA
2026-01-10 16:00:00,"SPF",-0.7,-0.9,-0.6,NA,NA,85.4,5,-2.9,923.6,NA,1009.7,NA,1403.5,10.8,200,6,21.6,38.9,10.5,37.8,NA,NA,0,5,9,NA,NA,NA,NA,NA,0.024,NA,NA,NA
2026-01-10 17:00:00,"SPF",-1.4,-1.5,-1.1,NA,NA,97,5.3,-1.8,924.6,NA,1010.8,NA,1410.3,11.3,205,4.5,16.2,40.7,11.1,40,NA,NA,0.3,7,0,NA,NA,NA,NA,NA,-0.001,NA,NA,NA
2026-01-10 18:00:00,"SPF",-1.3,-1.4,-1.2,NA,NA,93.3,5.2,-2.2,925.5,NA,1011.8,NA,1418.4,9.3,203,4.8,17.3,33.5,9,32.4,NA,NA,0,7,0,NA,NA,NA,NA,NA,0.001,NA,NA,NA
2026-01-10 19:00:00,"SPF",-1.3,-1.5,-1.2,NA,NA,95.2,5.3,-2,926.3,NA,1012.6,NA,1424.9,7.7,206,3.6,13,27.7,7.5,27,NA,NA,0,7,0,NA,NA,NA,NA,NA,0,NA,NA,NA
2026-01-10 20:00:00,"SPF",-1.3,-1.4,-1.2,NA,NA,92.5,5.1,-2.4,927.2,NA,1013.6,NA,1432.3,8.7,202,4.2,15.1,31.3,8.6,31,NA,NA,0.1,8,0,NA,NA,NA,NA,NA,0.001,NA,NA,NA
2026-01-10 21:00:00,"SPF",-1.5,-1.6,-1.3,NA,NA,95.5,5.3,-2.1,927.9,NA,1014.4,NA,1438.5,6,217,2.8,10.1,21.6,6,21.6,NA,NA,0.1,9,0,NA,NA,NA,NA,NA,-0.001,NA,NA,NA
2026-01-10 22:00:00,"SPF",-1.3,-1.5,-1.1,NA,NA,92.7,5.1,-2.4,928.7,NA,1015.2,NA,1445.1,7.6,205,3.4,12.2,27.4,7.5,27,NA,NA,0,11,0,NA,NA,NA,NA,NA,0.001,NA,NA,NA
2026-01-10 23:00:00,"SPF",-1.1,-1.3,-0.8,NA,NA,88.6,5,-2.8,929.6,NA,1016.2,NA,1453.7,6.8,209,2.7,9.7,24.5,6.6,23.8,NA,NA,0.1,10,0,NA,NA,NA,NA,NA,0.002,NA,NA,NA
2026-01-11,"SPF",-0.9,-1.1,-0.8,NA,NA,86,4.9,-3,930.5,NA,1017.1,NA,1461.2,6.5,208,2.8,10.1,23.4,6.4,23,NA,NA,0.1,11,0,NA,NA,NA,NA,NA,0.003,NA,NA,NA
2026-01-11 01:00:00,"SPF",-1.1,-1.2,-1,NA,NA,87.6,5,-2.9,931.4,NA,1018.1,NA,1468.5,5.3,205,2.4,8.6,19.1,5.3,19.1,NA,NA,0.1,10,0,NA,NA,NA,NA,NA,0.002,NA,NA,NA
2026-01-11 02:00:00,"SPF",-1.3,-1.4,-1.2,NA,NA,87.8,4.9,-3.1,932.3,NA,1019.1,NA,1475.6,4.5,213,2,7.2,16.2,4.3,15.5,NA,NA,0.2,10,0,NA,NA,NA,NA,NA,0.001,NA,NA,NA
2026-01-11 03:00:00,"SPF",-1.8,-2,-1.4,NA,NA,95,5.1,-2.5,932.8,NA,1019.6,NA,1478.5,3.6,205,1.7,6.1,13,3.6,13,NA,NA,0.1,11,0,NA,NA,NA,NA,NA,-0.002,NA,NA,NA
2026-01-11 04:00:00,"SPF",-2.1,-2.1,-2,NA,NA,99.2,5.2,-2.2,933.1,NA,1019.9,NA,1479.9,3.2,196,1.8,6.5,11.5,3.1,11.2,NA,NA,0.1,11,0,NA,NA,NA,NA,NA,-0.003,NA,NA,NA
2026-01-11 05:00:00,"SPF",-1.9,-2,-1.9,NA,NA,99.2,5.3,-2,933.5,NA,1020.4,NA,1483.9,2.5,203,1.5,5.4,9,2.4,8.6,NA,NA,0.1,12,0,NA,NA,NA,NA,NA,-0.004,NA,NA,NA
2026-01-11 06:00:00,"SPF",-1.8,-1.9,-1.7,NA,NA,96.4,5.2,-2.3,934.1,NA,1021,NA,1489,2.1,203,1.3,4.7,7.6,2.1,7.6,NA,NA,0,12,0,NA,NA,NA,NA,NA,-0.003,NA,NA,NA
2026-01-11 07:00:00,"SPF",-1.8,-1.8,-1.7,NA,NA,95.9,5.1,-2.3,934.5,NA,1021.5,NA,1492.7,1.6,196,0.8,2.9,5.8,1.6,5.8,NA,NA,0.2,12,0,NA,NA,NA,NA,NA,-0.004,NA,NA,NA
2026-01-11 08:00:00,"SPF",-2.1,-2.2,-1.9,NA,NA,99,5.2,-2.2,935.1,NA,1022.1,NA,1496.5,1.3,16,0.8,2.9,4.7,1.3,4.7,NA,NA,0.1,12,1,NA,NA,NA,NA,NA,0.012,NA,NA,NA
2026-01-11 09:00:00,"SPF",-2.1,-2.2,-2,NA,NA,99.3,5.2,-2.2,935.4,NA,1022.4,NA,1499.5,1,90,0.5,1.8,3.6,1,3.6,NA,NA,0.1,12,20,NA,NA,NA,NA,NA,0.015,NA,NA,NA
2026-01-11 10:00:00,"SPF",-1.9,-2,-1.8,NA,NA,99.3,5.3,-2,935.9,NA,1023,NA,1503.9,2.1,18,1,3.6,7.6,2.1,7.6,NA,NA,0.1,12,86,NA,NA,NA,NA,NA,0.029,NA,NA,NA
2026-01-11 11:00:00,"SPF",-1.5,-1.6,-1.4,NA,NA,98.7,5.4,-1.7,935.8,NA,1022.9,NA,1504.3,1.4,45,0.5,1.8,5,1.4,5,NA,NA,0,12,239,NA,NA,NA,NA,NA,0.072,NA,NA,NA
2026-01-11 12:00:00,"SPF",-1.2,-2.4,-0.1,NA,NA,91.6,5.1,-2.4,935.8,NA,1022.9,NA,1505.4,2.5,90,1.1,4,9,2.5,9,NA,NA,0,12,309,NA,NA,NA,NA,NA,0.09,NA,NA,NA
2026-01-11 13:00:00,"SPF",-2.1,-2.6,-1.2,NA,NA,97.3,5.1,-2.5,935.5,NA,1022.5,NA,1500.2,1.4,180,0.7,2.5,5,1.4,5,NA,NA,0,11,186,NA,NA,NA,NA,NA,0.057,NA,NA,NA
2026-01-11 14:00:00,"SPF",-0.5,-0.7,-0.3,NA,NA,84.5,5,-2.8,934.8,NA,1021.8,NA,1499.1,3.5,22,1.7,6.1,12.6,3.4,12.2,NA,NA,0,11,294,NA,NA,NA,NA,NA,0.078,NA,NA,NA
2026-01-11 15:00:00,"SPF",-1.1,-2.1,-0.6,NA,NA,88.4,5,-2.8,934.8,NA,1021.8,NA,1497.1,3.9,28,1.5,5.4,14,3.8,13.7,NA,NA,0,11,141,NA,NA,NA,NA,NA,0.033,NA,NA,NA
2026-01-11 16:00:00,"SPF",-2.6,-3.3,-2,NA,NA,98.5,5,-2.8,935.2,NA,1022.2,NA,1496.6,1.5,360,0.7,2.5,5.4,1.4,5,NA,NA,0,11,14,NA,NA,NA,NA,NA,0.005,NA,NA,NA
2026-01-11 17:00:00,"SPF",-3.5,-3.6,-3.3,NA,NA,99.3,4.7,-3.6,935.1,NA,1022.1,NA,1493.1,2.1,24,1,3.6,7.6,2,7.2,NA,NA,0,11,0,NA,NA,NA,NA,NA,-0.004,NA,NA,NA
2026-01-11 18:00:00,"SPF",-3.5,-3.8,-3.3,NA,NA,99.1,4.7,-3.6,935.1,NA,1022.1,NA,1492.7,2.5,99,0.8,2.9,9,2.4,8.6,NA,NA,0,11,0,NA,NA,NA,NA,NA,-0.004,NA,NA,NA
2026-01-11 19:00:00,"SPF",-4.1,-4.4,-3.9,NA,NA,94,4.3,-4.9,935.4,NA,1022.4,NA,1493.2,4,175,2.4,8.6,14.4,3.9,14,NA,NA,0,11,0,NA,NA,NA,NA,NA,-0.001,NA,NA,NA
2026-01-11 20:00:00,"SPF",-4.5,-4.7,-4.2,NA,NA,90.7,4,-5.8,935.2,NA,1022.2,NA,1490.9,7,168,5,18,25.2,6.9,24.8,NA,NA,0,10,0,NA,NA,NA,NA,NA,0.002,NA,NA,NA
2026-01-11 21:00:00,"SPF",-5.7,-6.7,-4.5,NA,NA,88.3,3.5,-7.3,935.3,NA,1022.3,NA,1488,6.9,173,4.4,15.8,24.8,6.8,24.5,NA,NA,0,10,0,NA,NA,NA,NA,NA,0.003,NA,NA,NA
2026-01-11 22:00:00,"SPF",-6.1,-7,-5.4,NA,NA,89.1,3.5,-7.6,935.1,NA,1022.1,NA,1485.1,5.9,178,3.3,11.9,21.2,5.9,21.2,NA,NA,0,10,0,NA,NA,NA,NA,NA,0.002,NA,NA,NA
2026-01-11 23:00:00,"SPF",-7.2,-7.6,-6.7,NA,NA,92.9,3.3,-8.1,935.1,NA,1022.1,NA,1482.5,4.2,191,2.2,7.9,15.1,4.2,15.1,NA,NA,0,10,0,NA,NA,NA,NA,NA,-0.001,NA,NA,NA
2026-01-12,"SPF",-5.8,-6.3,-5.4,NA,NA,91.9,3.6,-6.9,934.6,NA,1021.5,NA,1481.8,5,183,3.3,11.9,18,4.9,17.6,NA,NA,0,10,0,NA,NA,NA,NA,NA,0.001,NA,NA,NA
2026-01-12 01:00:00,"SPF",-4.6,-5.2,-4.2,NA,NA,92.9,4.1,-5.5,933.7,NA,1020.6,NA,1477.9,4.3,188,2.9,10.4,15.5,4.3,15.5,NA,NA,0,10,0,NA,NA,NA,NA,NA,0,NA,NA,NA
2026-01-12 02:00:00,"SPF",-3.9,-4.2,-3.4,NA,NA,93.8,4.3,-4.8,933.6,NA,1020.5,NA,1479.1,5.2,188,2.8,10.1,18.7,5.1,18.4,NA,NA,0,10,0,NA,NA,NA,NA,NA,0,NA,NA,NA
2026-01-12 03:00:00,"SPF",-2.8,-3.1,-2.5,NA,NA,92.3,4.6,-3.9,933.6,NA,1020.5,NA,1482.5,5.7,178,2.9,10.4,20.5,5.6,20.2,NA,NA,0,10,0,NA,NA,NA,NA,NA,0,NA,NA,NA
2026-01-12 04:00:00,"SPF",-2.4,-3,-2.1,NA,NA,91,4.7,-3.6,933.2,NA,1020.1,NA,1480.4,4.7,198,2.4,8.6,16.9,4.7,16.9,NA,NA,0,9,0,NA,NA,NA,NA,NA,0,NA,NA,NA
2026-01-12 05:00:00,"SPF",-1.7,-2.2,-1.2,NA,NA,88,4.8,-3.4,932.6,NA,1019.4,NA,1477,6.6,185,2.6,9.4,23.8,6.1,22,NA,NA,0,9,0,NA,NA,NA,NA,NA,0.002,NA,NA,NA
2026-01-12 06:00:00,"SPF",-0.6,-0.8,-0.4,NA,NA,82.6,4.8,-3.2,932.6,NA,1019.4,NA,1480.3,4.4,198,1.8,6.5,15.8,4.3,15.5,NA,NA,0,9,0,NA,NA,NA,NA,NA,0.002,NA,NA,NA
2026-01-12 07:00:00,"SPF",-0.7,-0.8,-0.6,NA,NA,84.2,4.9,-3,932.2,NA,1019,NA,1476.7,5.8,207,3.7,13.3,20.9,5.8,20.9,NA,NA,0,9,0,NA,NA,NA,NA,NA,0.005,NA,NA,NA
2026-01-12 08:00:00,"SPF",-0.4,-0.6,-0.3,NA,NA,88.5,5.3,-2.1,932.3,NA,1019.1,NA,1478.3,5,190,2.4,8.6,18,4.9,17.6,NA,NA,0,9,18,NA,NA,NA,NA,NA,0.009,NA,NA,NA
2026-01-12 09:00:00,"SPF",-0.1,-0.4,0.3,NA,NA,88.4,5.4,-1.8,932.3,NA,1019.1,NA,1479.4,5.2,204,3.2,11.5,18.7,5.1,18.4,NA,NA,0,9,87,NA,NA,NA,NA,NA,0.03,NA,NA,NA
2026-01-12 10:00:00,"SPF",1.1,0.4,1.6,NA,NA,86.8,5.7,-0.9,932.5,NA,1019.3,NA,1483.8,5.6,203,3.4,12.2,20.2,5.5,19.8,NA,NA,0,9,122,NA,NA,NA,NA,NA,0.046,NA,NA,NA
2026-01-12 11:00:00,"SPF",2.5,1.7,3.3,NA,NA,84.3,6.2,0.1,931.8,NA,1018.6,NA,1482,5.8,209,3.3,11.9,20.9,5.7,20.5,NA,NA,0,8,215,NA,NA,NA,NA,NA,0.076,NA,NA,NA
2026-01-12 12:00:00,"SPF",3.7,3.3,4.1,NA,NA,84.1,6.7,1.3,931.2,NA,1017.9,NA,1480.1,4.7,205,2.7,9.7,16.9,4.6,16.6,NA,NA,0,6,327,NA,NA,NA,NA,NA,0.112,NA,NA,NA
2026-01-12 13:00:00,"SPF",3.6,3.5,3.7,NA,NA,86.8,6.9,1.6,931.2,NA,1017.9,NA,1479.9,4.9,187,2.7,9.7,17.6,4.8,17.3,NA,NA,0,5,223,NA,NA,NA,NA,NA,0.081,NA,NA,NA
2026-01-12 14:00:00,"SPF",3.6,3.3,3.9,NA,NA,87.7,6.9,1.8,931.1,NA,1017.8,NA,1478.6,4.6,197,2.2,7.9,16.6,4.5,16.2,NA,NA,0,5,154,NA,NA,NA,NA,NA,0.058,NA,NA,NA
2026-01-12 15:00:00,"SPF",3.5,3.1,4,NA,NA,92.3,7.2,2.3,931,NA,1017.7,NA,1477.3,3,200,1.6,5.8,10.8,3,10.8,NA,NA,0,4,97,NA,NA,NA,NA,NA,0.033,NA,NA,NA
2026-01-12 16:00:00,"SPF",2.9,2.4,3.2,NA,NA,98.4,7.4,2.6,930.8,NA,1017.5,NA,1474.5,2.4,201,1.4,5,8.6,2.3,8.3,NA,NA,0,4,30,NA,NA,NA,NA,NA,0,NA,NA,NA
2026-01-12 17:00:00,"SPF",2.5,2.3,2.7,NA,NA,99.3,7.3,2.4,930.7,NA,1017.4,NA,1472.2,3.4,204,1.3,4.7,12.2,3.3,11.9,NA,NA,0,4,0,NA,NA,NA,NA,NA,-0.005,NA,NA,NA
2026-01-12 18:00:00,"SPF",2.3,2.1,2.6,NA,NA,99.3,7.2,2.2,930.7,NA,1017.4,NA,1472.3,4,212,1.6,5.8,14.4,3.9,14,NA,NA,0,4,0,NA,NA,NA,NA,NA,-0.005,NA,NA,NA
2026-01-12 19:00:00,"SPF",2.2,1.8,2.6,NA,NA,99.3,7.1,2.1,930.7,NA,1017.4,NA,1471.8,3.9,205,2.1,7.6,14,3.8,13.7,NA,NA,0,4,0,NA,NA,NA,NA,NA,-0.004,NA,NA,NA
2026-01-12 20:00:00,"SPF",1.5,1.2,2,NA,NA,99.3,6.8,1.4,930.6,NA,1017.3,NA,1468.8,3.5,205,1.9,6.8,12.6,3.4,12.2,NA,NA,0,4,0,NA,NA,NA,NA,NA,-0.004,NA,NA,NA
2026-01-12 21:00:00,"SPF",1.2,1,1.5,NA,NA,99.3,6.6,1.1,930,NA,1016.6,NA,1463.2,4.4,203,2.4,8.6,15.8,4.3,15.5,NA,NA,0,4,0,NA,NA,NA,NA,NA,-0.004,NA,NA,NA
2026-01-12 22:00:00,"SPF",0.9,0.2,1.4,NA,NA,99.3,6.5,0.8,930.1,NA,1016.7,NA,1463.4,3.9,208,1.8,6.5,14,3.8,13.7,NA,NA,0,4,0,NA,NA,NA,NA,NA,-0.004,NA,NA,NA
2026-01-12 23:00:00,"SPF",2.1,1.5,2.7,NA,NA,99.3,7.1,2,930.3,NA,1016.9,NA,1468.1,5.8,205,3.3,11.9,20.9,5.7,20.5,NA,NA,0,4,0,NA,NA,NA,NA,NA,-0.003,NA,NA,NA
2026-01-13,"SPF",2.6,2.3,2.9,NA,NA,98.9,7.3,2.4,930.4,NA,1017.1,NA,1470.5,5.3,202,3.6,13,19.1,5.3,19.1,NA,NA,0,4,0,NA,NA,NA,NA,NA,-0.003,NA,NA,NA
2026-01-13 01:00:00,"SPF",3.1,2.4,3.4,NA,NA,96.7,7.4,2.6,930.4,NA,1017,NA,1471.5,5.7,198,3.6,13,20.5,5.5,19.8,NA,NA,0,4,0,NA,NA,NA,NA,NA,-0.001,NA,NA,NA
2026-01-13 02:00:00,"SPF",3.3,3,3.6,NA,NA,94,7.3,2.4,930.7,NA,1017.4,NA,1474.4,5.7,200,3.4,12.2,20.5,5.6,20.2,NA,NA,0,4,0,NA,NA,NA,NA,NA,0,NA,NA,NA
2026-01-13 03:00:00,"SPF",3.2,2.9,3.5,NA,NA,89.7,6.9,1.7,930.5,NA,1017.1,NA,1472.4,5.5,196,3.3,11.9,19.8,5.3,19.1,NA,NA,0,4,0,NA,NA,NA,NA,NA,0.003,NA,NA,NA
2026-01-13 04:00:00,"SPF",2.2,1.9,2.5,NA,NA,97.4,7,1.8,930,NA,1016.6,NA,1465.6,6.3,205,4.1,14.8,22.7,6.1,22,NA,NA,0,4,0,NA,NA,NA,NA,NA,-0.001,NA,NA,NA
2026-01-13 05:00:00,"SPF",2.3,2.2,2.5,NA,NA,94.8,6.8,1.5,929.9,NA,1016.5,NA,1464.8,5.5,200,3.8,13.7,19.8,5.4,19.4,NA,NA,0,4,0,NA,NA,NA,NA,NA,0,NA,NA,NA
2026-01-13 06:00:00,"SPF",0.4,-0.4,1.5,NA,NA,99.1,6.2,0.3,930.1,NA,1016.7,NA,1461.7,3.6,218,1.7,6.1,13,3.5,12.6,NA,NA,0,4,0,NA,NA,NA,NA,NA,-0.004,NA,NA,NA
2026-01-13 07:00:00,"SPF",-0.2,-0.9,0.5,NA,NA,99.3,6,-0.3,930.4,NA,1017,NA,1462.5,3.4,209,2,7.2,12.2,3.4,12.2,NA,NA,0,4,0,NA,NA,NA,NA,NA,-0.004,NA,NA,NA
2026-01-13 08:00:00,"SPF",0.3,-0.4,1.1,NA,NA,99.3,6.2,0.2,930.2,NA,1016.8,NA,1462.5,4.2,211,1.7,6.1,15.1,4.1,14.8,NA,NA,0,4,13,NA,NA,NA,NA,NA,0.005,NA,NA,NA
2026-01-13 09:00:00,"SPF",0,-0.4,0.5,NA,NA,99.3,6.1,-0.1,930.4,NA,1017,NA,1462.8,2.6,216,1.4,5,9.4,2.6,9.4,NA,NA,0,4,74,NA,NA,NA,NA,NA,0.022,NA,NA,NA
2026-01-13 10:00:00,"SPF",1.3,0.8,1.8,NA,NA,99.2,6.7,1.2,930.8,NA,1017.5,NA,1470.5,2.2,218,1.2,4.3,7.9,2.2,7.9,NA,NA,0,4,114,NA,NA,NA,NA,NA,0.04,NA,NA,NA
2026-01-13 11:00:00,"SPF",1.7,1.4,1.9,NA,NA,99.2,6.8,1.6,930.5,NA,1017.1,NA,1468.4,2.2,200,1.3,4.7,7.9,2.2,7.9,NA,NA,0,4,139,NA,NA,NA,NA,NA,0.05,NA,NA,NA
2026-01-13 12:00:00,"SPF",2.3,1.8,3.3,NA,NA,98,7.1,2,930.1,NA,1016.7,NA,1466.6,2.5,217,1.2,4.3,9,2.5,9,NA,NA,0,4,210,NA,NA,NA,NA,NA,0.074,NA,NA,NA
2026-01-13 13:00:00,"SPF",4,3.8,4.5,NA,NA,85.1,6.9,1.7,929.3,NA,1015.9,NA,1464.7,2,146,0.7,2.5,7.2,2,7.2,NA,NA,0,3,320,NA,NA,NA,NA,NA,0.116,NA,NA,NA
2026-01-13 14:00:00,"SPF",4.4,4,4.6,NA,NA,86.4,7.2,2.3,928.9,NA,1015.4,NA,1462.4,2,197,1.4,5,7.2,2,7.2,NA,NA,0,3,264,NA,NA,NA,NA,NA,0.089,NA,NA,NA
2026-01-13 15:00:00,"SPF",4.1,3.7,4.4,NA,NA,86.9,7.1,2.1,928.6,NA,1015.1,NA,1458.9,2.9,215,1.6,5.8,10.4,2.9,10.4,NA,NA,0,3,151,NA,NA,NA,NA,NA,0.045,NA,NA,NA
2026-01-13 16:00:00,"SPF",2.8,2.1,3.9,NA,NA,92.9,6.9,1.8,928.7,NA,1015.2,NA,1456,2.9,210,1.5,5.4,10.4,2.8,10.1,NA,NA,0,3,33,NA,NA,NA,NA,NA,0.002,NA,NA,NA
2026-01-13 17:00:00,"SPF",1.4,0.8,2.3,NA,NA,98.7,6.7,1.3,928.8,NA,1015.3,NA,1453.8,3.7,212,1.9,6.8,13.3,3.6,13,NA,NA,0,3,0,NA,NA,NA,NA,NA,-0.004,NA,NA,NA
2026-01-13 18:00:00,"SPF",1,-0.4,1.7,NA,NA,99.1,6.5,0.8,929,NA,1015.6,NA,1454,3.8,208,2.3,8.3,13.7,3.7,13.3,NA,NA,0,3,0,NA,NA,NA,NA,NA,-0.003,NA,NA,NA
2026-01-13 19:00:00,"SPF",-1,-1.5,-0.5,NA,NA,99.3,5.6,-1.1,929.2,NA,1015.8,NA,1450.4,2.9,210,1.7,6.1,10.4,2.9,10.4,NA,NA,0,3,0,NA,NA,NA,NA,NA,-0.004,NA,NA,NA
2026-01-13 20:00:00,"SPF",-0.9,-1.2,-0.5,NA,NA,99.3,5.7,-1,929.5,NA,1016.1,NA,1453.3,3.1,216,1.9,6.8,11.2,3,10.8,NA,NA,0,3,0,NA,NA,NA,NA,NA,-0.004,NA,NA,NA
2026-01-13 21:00:00,"SPF",-0.7,-1.2,-0.3,NA,NA,99.3,5.8,-0.8,929.7,NA,1016.3,NA,1455,2.9,212,1.9,6.8,10.4,2.9,10.4,NA,NA,0,3,0,NA,NA,NA,NA,NA,-0.004,NA,NA,NA
2026-01-13 22:00:00,"SPF",-1.3,-1.8,-0.9,NA,NA,99.3,5.5,-1.4,929.6,NA,1016.2,NA,1452.7,3.1,210,2,7.2,11.2,3,10.8,NA,NA,0,3,0,NA,NA,NA,NA,NA,-0.003,NA,NA,NA
2026-01-13 23:00:00,"SPF",-1.7,-2,-1.4,NA,NA,99.3,5.4,-1.8,929.9,NA,1016.5,NA,1454.6,2.9,212,1.9,6.8,10.4,2.8,10.1,NA,NA,0,3,0,NA,NA,NA,NA,NA,-0.003,NA,NA,NA
2026-01-14,"SPF",-1.5,-2.1,-1.1,NA,NA,99.3,5.4,-1.6,930,NA,1016.6,NA,1456,4,209,2.1,7.6,14.4,3.9,14,NA,NA,0,3,0,NA,NA,NA,NA,NA,-0.003,NA,NA,NA
2026-01-14 01:00:00,"SPF",-1.3,-2,-0.3,NA,NA,99.3,5.5,-1.4,930.1,NA,1016.7,NA,1457.4,3.9,208,2.2,7.9,14,3.8,13.7,NA,NA,0,3,0,NA,NA,NA,NA,NA,-0.003,NA,NA,NA
2026-01-14 02:00:00,"SPF",-1,-1.2,-0.5,NA,NA,99.2,5.7,-1.1,930.4,NA,1017.1,NA,1460.9,3.5,215,1.9,6.8,12.6,3.5,12.6,NA,NA,0,3,0,NA,NA,NA,NA,NA,-0.004,NA,NA,NA
2026-01-14 03:00:00,"SPF",-1.3,-2.1,-0.9,NA,NA,99.3,5.5,-1.4,930.8,NA,1017.5,NA,1462.9,3,215,1.6,5.8,10.8,2.9,10.4,NA,NA,0,3,0,NA,NA,NA,NA,NA,-0.004,NA,NA,NA
2026-01-14 04:00:00,"SPF",-0.9,-1.5,0.5,NA,NA,98.8,5.7,-1,931.1,NA,1017.8,NA,1466.5,3.8,212,2.3,8.3,13.7,3.6,13,NA,NA,0,3,0,NA,NA,NA,NA,NA,-0.003,NA,NA,NA
2026-01-14 05:00:00,"SPF",-0.8,-1.6,-0.4,NA,NA,99.2,5.7,-0.9,931.2,NA,1017.9,NA,1467.5,3.6,214,2.2,7.9,13,3.6,13,NA,NA,0,3,0,NA,NA,NA,NA,NA,-0.003,NA,NA,NA
2026-01-14 06:00:00,"SPF",-0.4,-1.4,0.7,NA,NA,98.7,5.9,-0.6,931.2,NA,1017.9,NA,1468.3,4.2,209,2.5,9,15.1,4.1,14.8,NA,NA,0,3,0,NA,NA,NA,NA,NA,-0.003,NA,NA,NA
2026-01-14 07:00:00,"SPF",-0.4,-0.8,0,NA,NA,98.7,5.9,-0.6,931.4,NA,1018.1,NA,1470.6,3.5,210,1.7,6.1,12.6,3.5,12.6,NA,NA,0,3,0,NA,NA,NA,NA,NA,-0.004,NA,NA,NA
2026-01-14 08:00:00,"SPF",-1.5,-2,-0.9,NA,NA,99.3,5.4,-1.6,932,NA,1018.8,NA,1472.7,3.1,208,1.7,6.1,11.2,3.1,11.2,NA,NA,0,3,14,NA,NA,NA,NA,NA,0.005,NA,NA,NA
2026-01-14 09:00:00,"SPF",-0.7,-1,-0.5,NA,NA,99.2,5.8,-0.8,932.6,NA,1019.4,NA,1479.7,3.5,215,2.1,7.6,12.6,3.4,12.2,NA,NA,0,3,51,NA,NA,NA,NA,NA,0.018,NA,NA,NA
2026-01-14 10:00:00,"SPF",1.7,0.1,3.5,NA,NA,87.3,6,-0.2,932.9,NA,1019.7,NA,1488.8,5.3,221,3.2,11.5,19.1,5.2,18.7,NA,NA,0,3,210,NA,NA,NA,NA,NA,0.065,NA,NA,NA
2026-01-14 11:00:00,"SPF",3.7,2.5,4.9,NA,NA,77.5,6.2,0.2,932.8,NA,1019.6,NA,1494.2,3.9,215,2,7.2,14,3.8,13.7,NA,NA,0,3,365,NA,NA,NA,NA,NA,0.126,NA,NA,NA
2026-01-14 12:00:00,"SPF",6,5.6,6.7,NA,NA,69.1,6.5,0.7,932.4,NA,1019.2,NA,1496.9,3.6,211,1.3,4.7,13,3.4,12.2,NA,NA,0,3,388,NA,NA,NA,NA,NA,0.152,NA,NA,NA
2026-01-14 13:00:00,"SPF",7.5,6.8,7.9,NA,NA,63.2,6.5,1,932,NA,1018.8,NA,1497.1,2.9,360,0.6,2.2,10.4,2.8,10.1,NA,NA,0,2,385,NA,NA,NA,NA,NA,0.155,NA,NA,NA
2026-01-14 14:00:00,"SPF",6.4,5.5,7.2,NA,NA,70,6.7,1.3,931.8,NA,1018.5,NA,1492.2,1.7,201,0.9,3.2,6.1,1.6,5.8,NA,NA,0,2,261,NA,NA,NA,NA,NA,0.1,NA,NA,NA
2026-01-14 15:00:00,"SPF",5.5,5.3,5.8,NA,NA,75.2,6.8,1.5,931.6,NA,1018.3,NA,1488.8,3.5,207,1.6,5.8,12.6,3.5,12.6,NA,NA,0,2,138,NA,NA,NA,NA,NA,0.052,NA,NA,NA
2026-01-14 16:00:00,"SPF",5.5,5.2,5.8,NA,NA,72.8,6.6,1,931.9,NA,1018.6,NA,1490.7,5.3,202,3,10.8,19.1,5.2,18.7,NA,NA,0,1,38,NA,NA,NA,NA,NA,0.017,NA,NA,NA
2026-01-14 17:00:00,"SPF",4.9,4.4,5.3,NA,NA,74.1,6.4,0.7,932.2,NA,1019,NA,1491.6,6.1,201,3.5,12.6,22,6,21.6,NA,NA,0,1,0,NA,NA,NA,NA,NA,0.013,NA,NA,NA
2026-01-14 18:00:00,"SPF",4,3.7,4.3,NA,NA,78,6.3,0.5,932.2,NA,1019,NA,1489.2,5.9,204,3.6,13,21.2,5.7,20.5,NA,NA,0,1,0,NA,NA,NA,NA,NA,0.01,NA,NA,NA
2026-01-14 19:00:00,"SPF",4,3.7,4.3,NA,NA,75,6.1,0,932,NA,1018.8,NA,1488.2,7.4,207,3.6,13,26.6,7.2,25.9,NA,NA,0,1,0,NA,NA,NA,NA,NA,0.012,NA,NA,NA
2026-01-14 20:00:00,"SPF",2.9,2.5,3.3,NA,NA,80.4,6.1,-0.1,931.9,NA,1018.7,NA,1483.9,4.3,199,2.4,8.6,15.5,4.2,15.1,NA,NA,0,1,0,NA,NA,NA,NA,NA,0.006,NA,NA,NA
2026-01-14 21:00:00,"SPF",2.2,1.9,2.4,NA,NA,85.1,6.1,-0.1,931.8,NA,1018.6,NA,1481,3.2,209,2,7.2,11.5,3.2,11.5,NA,NA,0,1,0,NA,NA,NA,NA,NA,0.002,NA,NA,NA
2026-01-14 22:00:00,"SPF",1.9,1.5,2.7,NA,NA,86.9,6.1,0,931.9,NA,1018.7,NA,1481.4,3.8,217,2.1,7.6,13.7,3.7,13.3,NA,NA,0,1,0,NA,NA,NA,NA,NA,0.002,NA,NA,NA
2026-01-14 23:00:00,"SPF",1.4,0.8,1.9,NA,NA,91.3,6.2,0.1,932.2,NA,1019,NA,1482.3,3.9,221,2,7.2,14,3.8,13.7,NA,NA,0,1,0,NA,NA,NA,NA,NA,-0.001,NA,NA,NA
2026-01-15,"SPF",2.2,1.4,2.6,NA,NA,87.5,6.2,0.3,932.3,NA,1019.1,NA,1485.4,4.4,214,3,10.8,15.8,4.3,15.5,NA,NA,0,1,0,NA,NA,NA,NA,NA,0.003,NA,NA,NA
2026-01-15 01:00:00,"SPF",2.7,2.3,2.8,NA,NA,83.8,6.2,0.2,932.3,NA,1019.1,NA,1486.5,4.8,206,3,10.8,17.3,4.7,16.9,NA,NA,0,1,0,NA,NA,NA,NA,NA,0.005,NA,NA,NA
2026-01-15 02:00:00,"SPF",3.3,2.6,3.8,NA,NA,81.2,6.3,0.4,932.1,NA,1018.9,NA,1486.8,6,201,3.2,11.5,21.6,5.8,20.9,NA,NA,0,1,0,NA,NA,NA,NA,NA,0.007,NA,NA,NA
2026-01-15 03:00:00,"SPF",3,2.6,3.3,NA,NA,86.3,6.6,1,931.6,NA,1018.3,NA,1481.5,4.9,204,2.5,9,17.6,4.8,17.3,NA,NA,0,1,0,NA,NA,NA,NA,NA,0.003,NA,NA,NA
2026-01-15 04:00:00,"SPF",2.5,2.3,3,NA,NA,92.7,6.8,1.5,931.5,NA,1018.2,NA,1479.1,3.1,212,1,3.6,11.2,3,10.8,NA,NA,0,1,0,NA,NA,NA,NA,NA,-0.004,NA,NA,NA
2026-01-15 05:00:00,"SPF",2.5,1.9,3.2,NA,NA,95.7,7,1.8,931.5,NA,1018.2,NA,1479.4,2.4,196,0.8,2.9,8.6,2.4,8.6,NA,NA,0,1,0,NA,NA,NA,NA,NA,-0.005,NA,NA,NA
2026-01-15 06:00:00,"SPF",2.1,1.8,2.3,NA,NA,98.1,7,1.8,931.5,NA,1018.2,NA,1478.1,2.6,207,1.2,4.3,9.4,2.5,9,NA,NA,0,1,0,NA,NA,NA,NA,NA,-0.005,NA,NA,NA
2026-01-15 07:00:00,"SPF",1.3,0.9,1.8,NA,NA,99.2,6.7,1.2,931.6,NA,1018.3,NA,1476.8,3.3,205,1.5,5.4,11.9,3.2,11.5,NA,NA,0,1,0,NA,NA,NA,NA,NA,-0.004,NA,NA,NA
2026-01-15 08:00:00,"SPF",1,0.6,1.4,NA,NA,99.2,6.5,0.9,931.8,NA,1018.6,NA,1478,3,205,1.5,5.4,10.8,2.9,10.4,NA,NA,0,1,19,NA,NA,NA,NA,NA,0.003,NA,NA,NA
2026-01-15 09:00:00,"SPF",1.7,1.4,1.9,NA,NA,97.9,6.8,1.4,931.7,NA,1018.5,NA,1479.1,2.5,205,1.5,5.4,9,2.5,9,NA,NA,0,1,60,NA,NA,NA,NA,NA,0.022,NA,NA,NA
2026-01-15 10:00:00,"SPF",3.4,1.9,4.5,NA,NA,85.7,6.7,1.1,931.4,NA,1018.1,NA,1481.1,3,212,1.6,5.8,10.8,2.9,10.4,NA,NA,0,1,237,NA,NA,NA,NA,NA,0.079,NA,NA,NA
2026-01-15 11:00:00,"SPF",4.5,4.1,4.9,NA,NA,80.1,6.7,1.3,930.6,NA,1017.2,NA,1476.7,2.3,203,0.9,3.2,8.3,2.3,8.3,NA,NA,0,1,351,NA,NA,NA,NA,NA,0.127,NA,NA,NA
2026-01-15 12:00:00,"SPF",5.9,5.3,6.8,NA,NA,76.2,7.1,2.1,929.5,NA,1016,NA,1471.1,1.2,207,0.4,1.4,4.3,1.1,4,NA,NA,0,1,381,NA,NA,NA,NA,NA,0.149,NA,NA,NA
2026-01-15 13:00:00,"SPF",6.6,6.1,6.9,NA,NA,73.9,7.2,2.3,928.5,NA,1015,NA,1464.5,1.4,207,0.5,1.8,5,1.4,5,NA,NA,0,0,354,NA,NA,NA,NA,NA,0.14,NA,NA,NA
2026-01-15 14:00:00,"SPF",8.1,7.9,8.2,NA,NA,64.6,7,1.9,927.6,NA,1014,NA,1460.6,3.5,43,1.9,6.8,12.6,3.4,12.2,NA,NA,0,0,284,NA,NA,NA,NA,NA,0.122,NA,NA,NA
2026-01-15 15:00:00,"SPF",5.9,5,7.9,NA,NA,74.8,6.9,1.8,927.2,NA,1013.6,NA,1451.6,2.6,207,1.3,4.7,9.4,2.5,9,NA,NA,0,0,165,NA,NA,NA,NA,NA,0.057,NA,NA,NA
2026-01-15 16:00:00,"SPF",3.8,2.7,4.6,NA,NA,82.9,6.7,1.2,926.9,NA,1013.3,NA,1443.6,2.8,205,1.5,5.4,10.1,2.7,9.7,NA,NA,0,0,48,NA,NA,NA,NA,NA,0.005,NA,NA,NA
2026-01-15 17:00:00,"SPF",1.6,0.8,2.2,NA,NA,95.1,6.5,0.9,926.9,NA,1013.3,NA,1437.8,3,207,1.4,5,10.8,2.9,10.4,NA,NA,0,0,0,NA,NA,NA,NA,NA,-0.003,NA,NA,NA
2026-01-15 18:00:00,"SPF",0.3,-0.4,1.3,NA,NA,98.9,6.2,0.1,927.1,NA,1013.5,NA,1435.5,2.9,208,1.5,5.4,10.4,2.8,10.1,NA,NA,0,0,0,NA,NA,NA,NA,NA,-0.004,NA,NA,NA
2026-01-15 19:00:00,"SPF",-0.2,-0.5,0.3,NA,NA,99.3,6,-0.3,927,NA,1013.4,NA,1434.2,3.2,208,1.7,6.1,11.5,3.1,11.2,NA,NA,0,0,0,NA,NA,NA,NA,NA,-0.004,NA,NA,NA
2026-01-15 20:00:00,"SPF",-0.1,-0.4,0.2,NA,NA,99.1,6,-0.2,927.6,NA,1014,NA,1439.2,2.5,198,1.3,4.7,9,2.5,9,NA,NA,0,0,0,NA,NA,NA,NA,NA,-0.004,NA,NA,NA
2026-01-15 21:00:00,"SPF",-1.2,-1.9,-0.3,NA,NA,99.1,5.6,-1.3,927.8,NA,1014.3,NA,1437.8,2,207,1.1,4,7.2,1.9,6.8,NA,NA,0,0,0,NA,NA,NA,NA,NA,-0.004,NA,NA,NA
2026-01-15 22:00:00,"SPF",-1.6,-1.9,-1.2,NA,NA,99.3,5.4,-1.7,928.2,NA,1014.7,NA,1440.1,2.2,207,1.2,4.3,7.9,2.1,7.6,NA,NA,0,0,0,NA,NA,NA,NA,NA,-0.004,NA,NA,NA
2026-01-15 23:00:00,"SPF",-1.2,-1.8,-0.6,NA,NA,99.3,5.6,-1.3,928.4,NA,1014.9,NA,1443.2,3.2,211,1.8,6.5,11.5,3.1,11.2,NA,NA,0,0,0,NA,NA,NA,NA,NA,-0.004,NA,NA,NA
2026-01-16,"SPF",-1,-1.5,-0.2,NA,NA,98.3,5.6,-1.2,928.8,NA,1015.3,NA,1447,3.8,208,2,7.2,13.7,3.8,13.7,NA,NA,0,0,0,NA,NA,NA,NA,NA,-0.003,NA,NA,NA
2026-01-16 01:00:00,"SPF",-0.8,-1.3,0,NA,NA,97.8,5.7,-1,928.9,NA,1015.4,NA,1448.6,4,204,2,7.2,14.4,3.9,14,NA,NA,0,0,0,NA,NA,NA,NA,NA,-0.003,NA,NA,NA
2026-01-16 02:00:00,"SPF",-0.8,-1,-0.2,NA,NA,97.2,5.6,-1.1,929.2,NA,1015.8,NA,1451,3.3,204,2,7.2,11.9,3.2,11.5,NA,NA,0,0,0,NA,NA,NA,NA,NA,-0.003,NA,NA,NA
2026-01-16 03:00:00,"SPF",-1.4,-2.3,-0.8,NA,NA,97.6,5.4,-1.8,929.3,NA,1015.9,NA,1450,3.8,209,1.9,6.8,13.7,3.8,13.7,NA,NA,0,0,0,NA,NA,NA,NA,NA,-0.003,NA,NA,NA
2026-01-16 04:00:00,"SPF",-2,-2.3,-1.1,NA,NA,98.9,5.2,-2.1,929.3,NA,1015.9,NA,1448.6,2.7,212,1.6,5.8,9.7,2.6,9.4,NA,NA,0,0,0,NA,NA,NA,NA,NA,-0.004,NA,NA,NA
2026-01-16 05:00:00,"SPF",-2.8,-3.3,-2.4,NA,NA,99.3,4.9,-2.9,929.4,NA,1016,NA,1447.5,2.8,213,1.7,6.1,10.1,2.7,9.7,NA,NA,0,0,0,NA,NA,NA,NA,NA,-0.004,NA,NA,NA
2026-01-16 06:00:00,"SPF",-3,-3.4,-2.8,NA,NA,99.3,4.9,-3.1,929.6,NA,1016.2,NA,1448.2,2.6,212,1.5,5.4,9.4,2.6,9.4,NA,NA,0,0,0,NA,NA,NA,NA,NA,-0.004,NA,NA,NA
2026-01-16 07:00:00,"SPF",-3.1,-3.1,-3,NA,NA,99.3,4.8,-3.2,929.8,NA,1016.4,NA,1449.6,2.6,214,1.5,5.4,9.4,2.6,9.4,NA,NA,0,0,0,NA,NA,NA,NA,NA,-0.004,NA,NA,NA
2026-01-16 08:00:00,"SPF",-3.3,-3.6,-3.1,NA,NA,99.3,4.8,-3.4,930.2,NA,1016.8,NA,1452.2,2.7,210,1.6,5.8,9.7,2.7,9.7,NA,NA,0,0,9,NA,NA,NA,NA,NA,0.007,NA,NA,NA
2026-01-16 09:00:00,"SPF",-2.9,-3.1,-2.6,NA,NA,99.3,4.9,-3,930.5,NA,1017.2,NA,1456.5,2.7,219,1.5,5.4,9.7,2.7,9.7,NA,NA,0,0,51,NA,NA,NA,NA,NA,0.017,NA,NA,NA
2026-01-16 10:00:00,"SPF",-1.2,-2.4,0.2,NA,NA,96.7,5.4,-1.7,931.1,NA,1017.8,NA,1465.5,2.3,215,1.2,4.3,8.3,2.3,8.3,NA,NA,0,0,220,NA,NA,NA,NA,NA,0.06,NA,NA,NA
2026-01-16 11:00:00,"SPF",1.8,0.7,3.2,NA,NA,84.7,5.9,-0.5,931,NA,1017.7,NA,1473.4,1.3,214,0.8,2.9,4.7,1.3,4.7,NA,NA,0,0,350,NA,NA,NA,NA,NA,0.115,NA,NA,NA
2026-01-16 12:00:00,"SPF",4.6,3.6,5.4,NA,NA,74.1,6.3,0.4,930.5,NA,1017.1,NA,1476.3,1.3,202,0.6,2.2,4.7,1.3,4.7,NA,NA,0,0,394,NA,NA,NA,NA,NA,0.147,NA,NA,NA
2026-01-16 13:00:00,"SPF",7.2,6.2,7.7,NA,NA,59.1,6,-0.3,929.3,NA,1015.9,NA,1473.5,2.4,7,1,3.6,8.6,2.4,8.6,NA,NA,0,0,368,NA,NA,NA,NA,NA,0.152,NA,NA,NA
2026-01-16 14:00:00,"SPF",6.1,5.6,6.7,NA,NA,68.2,6.4,0.6,929,NA,1015.5,NA,1467.1,1.4,225,0.7,2.5,5,1.4,5,NA,NA,0,0,144,NA,NA,NA,NA,NA,0.067,NA,NA,NA
2026-01-16 15:00:00,"SPF",6.2,5.4,7.4,NA,NA,67.3,6.4,0.6,928.8,NA,1015.3,NA,1465.8,3,45,0.9,3.2,10.8,3,10.8,NA,NA,0,0,80,NA,NA,NA,NA,NA,0.043,NA,NA,NA
2026-01-16 16:00:00,"SPF",4.7,4.3,5.2,NA,NA,75.4,6.4,0.7,928.7,NA,1015.2,NA,1461.6,1.4,207,0.6,2.2,5,1.4,5,NA,NA,0,0,23,NA,NA,NA,NA,NA,0.013,NA,NA,NA
2026-01-16 17:00:00,"SPF",3,2.3,4.2,NA,NA,85,6.4,0.7,928.7,NA,1015.2,NA,1456.3,1.6,201,0.9,3.2,5.8,1.5,5.4,NA,NA,0,0,0,NA,NA,NA,NA,NA,-0.002,NA,NA,NA
2026-01-16 18:00:00,"SPF",2.8,2.3,3.2,NA,NA,87.6,6.5,0.9,929,NA,1015.5,NA,1458.3,2.5,207,1.5,5.4,9,2.4,8.6,NA,NA,0,0,0,NA,NA,NA,NA,NA,0,NA,NA,NA
2026-01-16 19:00:00,"SPF",2.4,2.2,2.8,NA,NA,91.5,6.7,1.2,929.2,NA,1015.8,NA,1459.7,2.3,215,1.2,4.3,8.3,2.3,8.3,NA,NA,0,0,0,NA,NA,NA,NA,NA,-0.003,NA,NA,NA
2026-01-16 20:00:00,"SPF",2.4,1.7,2.9,NA,NA,90.6,6.6,1,929.4,NA,1016,NA,1461.4,3.2,207,1.3,4.7,11.5,3.2,11.5,NA,NA,0,0,0,NA,NA,NA,NA,NA,-0.002,NA,NA,NA
2026-01-16 21:00:00,"SPF",1.8,1.5,2,NA,NA,93.7,6.5,0.8,929.7,NA,1016.3,NA,1461.6,2.5,215,1.3,4.7,9,2.5,9,NA,NA,0,0,0,NA,NA,NA,NA,NA,-0.003,NA,NA,NA
2026-01-16 22:00:00,"SPF",1.1,0.6,1.4,NA,NA,94.3,6.2,0.3,930.1,NA,1016.7,NA,1463.3,2.6,215,1.6,5.8,9.4,2.6,9.4,NA,NA,0,0,0,NA,NA,NA,NA,NA,-0.003,NA,NA,NA
2026-01-16 23:00:00,"SPF",0.6,0.4,0.8,NA,NA,97.2,6.2,0.2,930.2,NA,1016.8,NA,1463.2,1.8,214,0.9,3.2,6.5,1.7,6.1,NA,NA,0,0,0,NA,NA,NA,NA,NA,-0.005,NA,NA,NA
2026-01-17,"SPF",0.1,-0.5,0.8,NA,NA,98.2,6.1,-0.1,930.1,NA,1016.7,NA,1460.7,2.1,216,0.9,3.2,7.6,2,7.2,NA,NA,0,0,0,NA,NA,NA,NA,NA,-0.005,NA,NA,NA
2026-01-17 01:00:00,"SPF",0.1,-0.7,0.6,NA,NA,96,5.9,-0.5,930.1,NA,1016.7,NA,1461.1,3.1,203,1.4,5,11.2,3,10.8,NA,NA,0,0,0,NA,NA,NA,NA,NA,-0.003,NA,NA,NA
2026-01-17 02:00:00,"SPF",-0.3,-1,0.1,NA,NA,98,5.9,-0.6,930.7,NA,1017.4,NA,1464.7,1.6,194,0.7,2.5,5.8,1.6,5.8,NA,NA,0,0,0,NA,NA,NA,NA,NA,-0.005,NA,NA,NA
2026-01-17 03:00:00,"SPF",-0.1,-0.5,0.4,NA,NA,96.6,5.9,-0.5,930.8,NA,1017.5,NA,1466,2.5,210,1.4,5,9,2.5,9,NA,NA,0,0,0,NA,NA,NA,NA,NA,-0.004,NA,NA,NA
2026-01-17 04:00:00,"SPF",-0.2,-0.5,0.1,NA,NA,98.3,5.9,-0.5,930.6,NA,1017.3,NA,1464.6,1.9,212,1,3.6,6.8,1.8,6.5,NA,NA,0,0,0,NA,NA,NA,NA,NA,-0.005,NA,NA,NA
2026-01-17 05:00:00,"SPF",-0.5,-0.9,0.1,NA,NA,98.4,5.8,-0.7,930.5,NA,1017.2,NA,1462.7,2.2,207,1.2,4.3,7.9,2.2,7.9,NA,NA,0,0,0,NA,NA,NA,NA,NA,-0.004,NA,NA,NA
2026-01-17 06:00:00,"SPF",-0.6,-0.8,-0.3,NA,NA,98.9,5.8,-0.7,930.4,NA,1017,NA,1461.6,2.6,214,1.5,5.4,9.4,2.6,9.4,NA,NA,0,0,0,NA,NA,NA,NA,NA,-0.004,NA,NA,NA
2026-01-17 07:00:00,"SPF",-1.2,-1.7,-0.8,NA,NA,98.9,5.5,-1.4,930.5,NA,1017.2,NA,1460.7,2.4,210,1.4,5,8.6,2.3,8.3,NA,NA,0,0,0,NA,NA,NA,NA,NA,-0.004,NA,NA,NA
2026-01-17 08:00:00,"SPF",-1.5,-1.9,-1.1,NA,NA,99.2,5.5,-1.6,930.6,NA,1017.3,NA,1461,2.3,215,1.3,4.7,8.3,2.3,8.3,NA,NA,0,0,16,NA,NA,NA,NA,NA,0.005,NA,NA,NA
2026-01-17 09:00:00,"SPF",-1.3,-1.5,-1,NA,NA,98.9,5.5,-1.5,930.8,NA,1017.5,NA,1462.9,1.9,207,0.9,3.2,6.8,1.9,6.8,NA,NA,0,0,72,NA,NA,NA,NA,NA,0.022,NA,NA,NA
2026-01-17 10:00:00,"SPF",-0.1,-0.8,0.5,NA,NA,95.2,5.8,-0.8,931,NA,1017.7,NA,1467.9,1.5,202,0.6,2.2,5.4,1.4,5,NA,NA,0,0,140,NA,NA,NA,NA,NA,0.047,NA,NA,NA
2026-01-17 11:00:00,"SPF",1.6,0.6,2.6,NA,NA,89,6.1,-0.1,931,NA,1017.7,NA,1472.8,1.7,207,0.7,2.5,6.1,1.7,6.1,NA,NA,0,0,213,NA,NA,NA,NA,NA,0.076,NA,NA,NA
2026-01-17 12:00:00,"SPF",3.3,2.8,3.8,NA,NA,81.4,6.3,0.4,930.8,NA,1017.5,NA,1475.4,0.8,207,0.3,1.1,2.9,0.8,2.9,NA,NA,0,0,215,NA,NA,NA,NA,NA,0.086,NA,NA,NA
2026-01-17 13:00:00,"SPF",4.5,4.2,5,NA,NA,76,6.4,0.7,930.5,NA,1017.2,NA,1476.4,0.8,135,0.3,1.1,2.9,0.8,2.9,NA,NA,0,0,209,NA,NA,NA,NA,NA,0.086,NA,NA,NA
2026-01-17 14:00:00,"SPF",5.1,4.5,5.5,NA,NA,72.7,6.4,0.6,930.5,NA,1017.1,NA,1477.4,1.2,34,0.5,1.8,4.3,1.2,4.3,NA,NA,0,0,159,NA,NA,NA,NA,NA,0.067,NA,NA,NA
2026-01-17 15:00:00,"SPF",4.4,4,4.7,NA,NA,77,6.4,0.7,930.7,NA,1017.4,NA,1477.2,1.1,207,0.3,1.1,4,1,3.6,NA,NA,0,0,60,NA,NA,NA,NA,NA,0.031,NA,NA,NA
2026-01-17 16:00:00,"SPF",3.8,2.8,4.2,NA,NA,81.9,6.5,0.9,930.7,NA,1017.4,NA,1476.3,0.8,315,0.3,1.1,2.9,0.8,2.9,NA,NA,0,0,19,NA,NA,NA,NA,NA,0.011,NA,NA,NA
2026-01-17 17:00:00,"SPF",2.2,1.4,2.7,NA,NA,94.9,6.8,1.4,930.9,NA,1017.6,NA,1472.9,1.4,207,0.7,2.5,5,1.4,5,NA,NA,0,0,0,NA,NA,NA,NA,NA,-0.005,NA,NA,NA
2026-01-17 18:00:00,"SPF",1.5,0.6,1.9,NA,NA,98.3,6.7,1.3,930.9,NA,1017.6,NA,1471.3,1.1,0,0.7,2.5,4,1.1,4,NA,NA,0,0,0,NA,NA,NA,NA,NA,-0.006,NA,NA,NA
2026-01-17 19:00:00,"SPF",0.5,0,1.2,NA,NA,99.3,6.3,0.4,931.1,NA,1017.8,NA,1470.3,1.1,202,0.5,1.8,4,1,3.6,NA,NA,0,0,0,NA,NA,NA,NA,NA,-0.006,NA,NA,NA
2026-01-17 20:00:00,"SPF",-0.8,-1,-0.4,NA,NA,99.3,5.7,-0.9,931.1,NA,1017.8,NA,1467,1.6,211,0.7,2.5,5.8,1.6,5.8,NA,NA,0,0,0,NA,NA,NA,NA,NA,-0.005,NA,NA,NA
2026-01-17 21:00:00,"SPF",-1.5,-1.9,-1,NA,NA,99.4,5.5,-1.6,931,NA,1017.7,NA,1464,1.2,207,0.7,2.5,4.3,1.2,4.3,NA,NA,0,0,0,NA,NA,NA,NA,NA,-0.005,NA,NA,NA
2026-01-17 22:00:00,"SPF",-1.6,-2.1,-1.2,NA,NA,99.4,5.4,-1.7,930.8,NA,1017.5,NA,1462.4,1.7,194,0.5,1.8,6.1,1.7,6.1,NA,NA,0,0,0,NA,NA,NA,NA,NA,-0.006,NA,NA,NA
2026-01-17 23:00:00,"SPF",-2.4,-3.4,-2,NA,NA,99.4,5.1,-2.5,931,NA,1017.7,NA,1461.3,1.9,203,0.9,3.2,6.8,1.9,6.8,NA,NA,0,0,0,NA,NA,NA,NA,NA,-0.005,NA,NA,NA
2026-01-18,"SPF",-2.6,-3.2,-1.9,NA,NA,99.4,5.1,-2.7,930.8,NA,1017.5,NA,1459.4,1.3,198,0.7,2.5,4.7,1.3,4.7,NA,NA,0,0,0,NA,NA,NA,NA,NA,-0.005,NA,NA,NA
2026-01-18 01:00:00,"SPF",-2.6,-2.8,-2.2,NA,NA,99.4,5,-2.7,930.4,NA,1017,NA,1456.3,1.9,198,0.5,1.8,6.8,1.8,6.5,NA,NA,0,0,0,NA,NA,NA,NA,NA,-0.005,NA,NA,NA
2026-01-18 02:00:00,"SPF",-3.1,-3.3,-2.8,NA,NA,99.4,4.8,-3.2,930.4,NA,1017,NA,1454.6,1.5,207,0.4,1.4,5.4,1.5,5.4,NA,NA,0,0,0,NA,NA,NA,NA,NA,-0.005,NA,NA,NA
2026-01-18 03:00:00,"SPF",-3.4,-3.8,-2.7,NA,NA,99.4,4.8,-3.5,930.3,NA,1016.9,NA,1453.4,0.7,225,0.2,0.7,2.5,0.7,2.5,NA,NA,0,0,0,NA,NA,NA,NA,NA,-0.006,NA,NA,NA
2026-01-18 04:00:00,"SPF",-4.1,-4.7,-3.6,NA,NA,99.4,4.5,-4.2,930.2,NA,1016.8,NA,1450.5,1.8,203,0.8,2.9,6.5,1.8,6.5,NA,NA,0,0,0,NA,NA,NA,NA,NA,-0.004,NA,NA,NA
2026-01-18 05:00:00,"SPF",-3.7,-4.3,-3,NA,NA,99.4,4.6,-3.8,930.1,NA,1016.7,NA,1450.6,1.4,135,0.5,1.8,5,1.4,5,NA,NA,0,0,0,NA,NA,NA,NA,NA,-0.005,NA,NA,NA
2026-01-18 06:00:00,"SPF",-4.7,-5.1,-4.4,NA,NA,99.4,4.3,-4.8,930.2,NA,1016.8,NA,1448.7,1.3,18,0.6,2.2,4.7,1.2,4.3,NA,NA,0,0,0,NA,NA,NA,NA,NA,-0.005,NA,NA,NA
2026-01-18 07:00:00,"SPF",-4.9,-5,-4.7,NA,NA,99.4,4.2,-5,930.6,NA,1017.3,NA,1451.6,1.1,207,0.4,1.4,4,1.1,4,NA,NA,0,0,0,NA,NA,NA,NA,NA,-0.005,NA,NA,NA
2026-01-18 08:00:00,"SPF",-5,-5.3,-4.8,NA,NA,99.4,4.2,-5.1,931,NA,1017.7,NA,1454.9,1.2,198,0.7,2.5,4.3,1.2,4.3,NA,NA,0,0,15,NA,NA,NA,NA,NA,0.005,NA,NA,NA
2026-01-18 09:00:00,"SPF",-4.9,-5.3,-4.5,NA,NA,99.4,4.2,-5,931.1,NA,1017.8,NA,1455.8,0.9,135,0.4,1.4,3.2,0.9,3.2,NA,NA,0,0,47,NA,NA,NA,NA,NA,0.017,NA,NA,NA
2026-01-18 10:00:00,"SPF",-3.9,-4.5,-3.3,NA,NA,99.4,4.6,-4,931.4,NA,1018.1,NA,1461.1,1.6,31,0.6,2.2,5.8,1.5,5.4,NA,NA,0,0,209,NA,NA,NA,NA,NA,0.054,NA,NA,NA
2026-01-18 11:00:00,"SPF",-2.4,-2.9,-1.7,NA,NA,99.4,5.1,-2.5,931.5,NA,1018.2,NA,1466,1.1,108,0.4,1.4,4,1.1,4,NA,NA,0,0,303,NA,NA,NA,NA,NA,0.088,NA,NA,NA
2026-01-18 12:00:00,"SPF",-0.8,-1.3,-0.1,NA,NA,99.4,5.7,-0.9,931,NA,1017.7,NA,1465.6,1.3,162,0.4,1.4,4.7,1.2,4.3,NA,NA,0,0,385,NA,NA,NA,NA,NA,0.118,NA,NA,NA
2026-01-18 13:00:00,"SPF",2.4,1.5,3.5,NA,NA,99.3,7.2,2.3,930.6,NA,1017.2,NA,1470.9,1.8,37,0.5,1.8,6.5,1.8,6.5,NA,NA,0,0,363,NA,NA,NA,NA,NA,0.123,NA,NA,NA
2026-01-18 14:00:00,"SPF",3.1,2.1,3.7,NA,NA,87,6.6,1.1,930.3,NA,1016.9,NA,1470.8,2.5,20,1.1,4,9,2.5,9,NA,NA,0,0,288,NA,NA,NA,NA,NA,0.094,NA,NA,NA
2026-01-18 15:00:00,"SPF",1.3,1.1,1.6,NA,NA,98.8,6.7,1.2,930.5,NA,1017.1,NA,1467.3,2,6,1,3.6,7.2,1.9,6.8,NA,NA,0,0,153,NA,NA,NA,NA,NA,0.04,NA,NA,NA
2026-01-18 16:00:00,"SPF",0.6,-0.2,1,NA,NA,99.3,6.3,0.5,930.5,NA,1017.2,NA,1465.8,1.2,315,0.3,1.1,4.3,1.2,4.3,NA,NA,0,0,44,NA,NA,NA,NA,NA,0.003,NA,NA,NA
2026-01-18 17:00:00,"SPF",-0.7,-1.7,-0.3,NA,NA,99.3,5.8,-0.8,930.6,NA,1017.3,NA,1463.2,1.7,198,0.7,2.5,6.1,1.7,6.1,NA,NA,0,0,0,NA,NA,NA,NA,NA,-0.005,NA,NA,NA
2026-01-18 18:00:00,"SPF",-1.3,-1.6,-1,NA,NA,99.4,5.5,-1.4,930.9,NA,1017.6,NA,1463.9,1.4,189,0.7,2.5,5,1.4,5,NA,NA,0,0,0,NA,NA,NA,NA,NA,-0.005,NA,NA,NA
2026-01-18 19:00:00,"SPF",-1.6,-1.8,-1.2,NA,NA,99.3,5.4,-1.7,930.9,NA,1017.6,NA,1463.3,1.3,207,0.5,1.8,4.7,1.3,4.7,NA,NA,0,0,0,NA,NA,NA,NA,NA,-0.006,NA,NA,NA
2026-01-18 20:00:00,"SPF",-1.9,-3,-1.4,NA,NA,99.3,5.3,-2,931,NA,1017.7,NA,1463.3,1.7,360,0.4,1.4,6.1,1.7,6.1,NA,NA,0,0,0,NA,NA,NA,NA,NA,-0.006,NA,NA,NA
2026-01-18 21:00:00,"SPF",-3.5,-3.7,-3.4,NA,NA,99.4,4.7,-3.6,931.3,NA,1018,NA,1460.8,1.8,360,0.6,2.2,6.5,1.8,6.5,NA,NA,0,0,0,NA,NA,NA,NA,NA,-0.005,NA,NA,NA
2026-01-18 22:00:00,"SPF",-3.4,-4.1,-2.7,NA,NA,99.4,4.8,-3.5,931.2,NA,1017.9,NA,1460.8,2.4,207,1,3.6,8.6,2.4,8.6,NA,NA,0,0,0,NA,NA,NA,NA,NA,-0.004,NA,NA,NA
2026-01-18 23:00:00,"SPF",-1.2,-2.4,-0.6,NA,NA,99.2,5.6,-1.3,931.2,NA,1017.9,NA,1466.5,3.1,200,1.5,5.4,11.2,3,10.8,NA,NA,0,0,0,NA,NA,NA,NA,NA,-0.004,NA,NA,NA
2026-01-19,"SPF",-2,-2.7,-1.3,NA,NA,99.3,5.3,-2.1,931.2,NA,1017.9,NA,1464.5,2,90,0.6,2.2,7.2,1.9,6.8,NA,NA,0,0,0,NA,NA,NA,NA,NA,-0.005,NA,NA,NA
2026-01-19 01:00:00,"SPF",-3.2,-3.5,-3,NA,NA,99.4,4.8,-3.3,931.2,NA,1017.9,NA,1461.6,1.6,11,0.5,1.8,5.8,1.6,5.8,NA,NA,0,0,0,NA,NA,NA,NA,NA,-0.005,NA,NA,NA
2026-01-19 02:00:00,"SPF",-3.7,-4.2,-3.3,NA,NA,99.4,4.6,-3.8,931.3,NA,1018,NA,1460.5,0.9,207,0.4,1.4,3.2,0.9,3.2,NA,NA,0,0,0,NA,NA,NA,NA,NA,-0.005,NA,NA,NA
2026-01-19 03:00:00,"SPF",-4.1,-4.5,-3.4,NA,NA,99.4,4.5,-4.2,931.3,NA,1018,NA,1459.4,1.8,198,1,3.6,6.5,1.8,6.5,NA,NA,0,0,0,NA,NA,NA,NA,NA,-0.004,NA,NA,NA
2026-01-19 04:00:00,"SPF",-3.8,-4.4,-3.2,NA,NA,99.4,4.6,-3.9,931.1,NA,1017.8,NA,1458.5,2.9,203,1.3,4.7,10.4,2.8,10.1,NA,NA,0,0,0,NA,NA,NA,NA,NA,-0.004,NA,NA,NA
2026-01-19 05:00:00,"SPF",-3.3,-3.7,-2.8,NA,NA,99.3,4.8,-3.4,931,NA,1017.7,NA,1459.4,2.7,202,1.6,5.8,9.7,2.7,9.7,NA,NA,0,0,0,NA,NA,NA,NA,NA,-0.003,NA,NA,NA
2026-01-19 06:00:00,"SPF",-3,-3.3,-2.7,NA,NA,99.3,4.9,-3.1,931.2,NA,1017.9,NA,1461.4,2.9,207,1.9,6.8,10.4,2.9,10.4,NA,NA,0,0,0,NA,NA,NA,NA,NA,-0.003,NA,NA,NA
2026-01-19 07:00:00,"SPF",-2.9,-3,-2.7,NA,NA,99.3,4.9,-3,931.5,NA,1018.2,NA,1464.7,3.2,215,1.9,6.8,11.5,3.2,11.5,NA,NA,0,0,0,NA,NA,NA,NA,NA,-0.003,NA,NA,NA
2026-01-19 08:00:00,"SPF",-2.9,-3.4,-2.4,NA,NA,99.2,4.9,-3,931.9,NA,1018.7,NA,1468.1,2.8,213,1.7,6.1,10.1,2.8,10.1,NA,NA,0,0,14,NA,NA,NA,NA,NA,0.006,NA,NA,NA
2026-01-19 09:00:00,"SPF",-2.4,-2.7,-1.9,NA,NA,99.1,5.1,-2.5,932.1,NA,1018.9,NA,1471,2.7,214,1.5,5.4,9.7,2.7,9.7,NA,NA,0,0,44,NA,NA,NA,NA,NA,0.017,NA,NA,NA
2026-01-19 10:00:00,"SPF",-0.5,-2.1,0.9,NA,NA,96.6,5.7,-1,932.1,NA,1018.9,NA,1476.2,2.3,209,1.1,4,8.3,2.3,8.3,NA,NA,0,0,217,NA,NA,NA,NA,NA,0.062,NA,NA,NA
2026-01-19 11:00:00,"SPF",2.7,1.4,3.7,NA,NA,82.3,6.1,-0.1,931.8,NA,1018.5,NA,1482.3,1.6,207,0.7,2.5,5.8,1.6,5.8,NA,NA,0,0,355,NA,NA,NA,NA,NA,0.123,NA,NA,NA
2026-01-19 12:00:00,"SPF",5.9,4.4,7.3,NA,NA,66.5,6.1,0.1,931.4,NA,1018.1,NA,1487.7,1.2,180,0.4,1.4,4.3,1.2,4.3,NA,NA,0,0,391,NA,NA,NA,NA,NA,0.155,NA,NA,NA
2026-01-19 13:00:00,"SPF",7.6,7.3,8.1,NA,NA,58.9,6.2,0.1,931,NA,1017.7,NA,1489.3,1.9,27,0.5,1.8,6.8,1.9,6.8,NA,NA,0,0,357,NA,NA,NA,NA,NA,0.149,NA,NA,NA
2026-01-19 14:00:00,"SPF",7.4,6.8,7.8,NA,NA,57.9,5.9,-0.4,930.9,NA,1017.6,NA,1487.6,2.2,10,1.2,4.3,7.9,2.1,7.6,NA,NA,0,0,293,NA,NA,NA,NA,NA,0.122,NA,NA,NA
2026-01-19 15:00:00,"SPF",6.6,5.2,7.1,NA,NA,64.5,6.3,0.4,931,NA,1017.7,NA,1486,1.8,11,0.6,2.2,6.5,1.8,6.5,NA,NA,0,0,176,NA,NA,NA,NA,NA,0.061,NA,NA,NA
2026-01-19 16:00:00,"SPF",3.9,2.5,4.9,NA,NA,76.6,6.2,0.2,931.1,NA,1017.8,NA,1479.4,1.3,198,0.6,2.2,4.7,1.3,4.7,NA,NA,0,0,55,NA,NA,NA,NA,NA,0.006,NA,NA,NA
2026-01-19 17:00:00,"SPF",1.5,0.6,2.4,NA,NA,88.9,6,-0.2,931.2,NA,1017.9,NA,1473.8,1.9,207,0.9,3.2,6.8,1.9,6.8,NA,NA,0,0,1,NA,NA,NA,NA,NA,-0.003,NA,NA,NA
2026-01-19 18:00:00,"SPF",-0.3,-0.6,0.2,NA,NA,97.2,5.8,-0.7,931.4,NA,1018.1,NA,1470.9,2.2,209,1.2,4.3,7.9,2.2,7.9,NA,NA,0,0,0,NA,NA,NA,NA,NA,-0.004,NA,NA,NA
2026-01-19 19:00:00,"SPF",-0.7,-1,-0.2,NA,NA,96.5,5.6,-1.2,931.7,NA,1018.4,NA,1472.1,2.7,210,1.6,5.8,9.7,2.7,9.7,NA,NA,0,0,0,NA,NA,NA,NA,NA,-0.003,NA,NA,NA
2026-01-19 20:00:00,"SPF",-0.2,-0.5,0.1,NA,NA,88.9,5.4,-1.8,931.7,NA,1018.5,NA,1474,3,196,1.9,6.8,10.8,3,10.8,NA,NA,0,0,0,NA,NA,NA,NA,NA,0,NA,NA,NA
2026-01-19 21:00:00,"SPF",-0.4,-0.5,-0.2,NA,NA,87.1,5.2,-2.3,931.9,NA,1018.7,NA,1474.3,2.9,191,1.5,5.4,10.4,2.8,10.1,NA,NA,0,0,0,NA,NA,NA,NA,NA,0,NA,NA,NA
2026-01-19 22:00:00,"SPF",-1,-1.3,-0.7,NA,NA,86.6,5,-2.9,931.9,NA,1018.7,NA,1473.5,2.8,194,1.3,4.7,10.1,2.8,10.1,NA,NA,0,0,0,NA,NA,NA,NA,NA,-0.001,NA,NA,NA
2026-01-19 23:00:00,"SPF",-2,-2.2,-1.7,NA,NA,91.4,4.8,-3.2,932.2,NA,1019,NA,1472.6,2.3,203,1.3,4.7,8.3,2.3,8.3,NA,NA,0,0,0,NA,NA,NA,NA,NA,-0.002,NA,NA,NA
2026-01-20,"SPF",-2.7,-3.2,-2.3,NA,NA,92.9,4.7,-3.7,932.3,NA,1019.1,NA,1471.5,2.8,202,1.7,6.1,10.1,2.7,9.7,NA,NA,0,0,0,NA,NA,NA,NA,NA,-0.002,NA,NA,NA
2026-01-20 01:00:00,"SPF",-2.7,-2.9,-2.5,NA,NA,92.8,4.7,-3.7,932.2,NA,1019,NA,1471.2,2.3,200,1.2,4.3,8.3,2.3,8.3,NA,NA,0,0,0,NA,NA,NA,NA,NA,-0.002,NA,NA,NA
2026-01-20 02:00:00,"SPF",-2.9,-3.1,-2.6,NA,NA,92,4.6,-4,932.1,NA,1018.9,NA,1469.6,3.1,207,1.5,5.4,11.2,3,10.8,NA,NA,0,0,0,NA,NA,NA,NA,NA,-0.002,NA,NA,NA
2026-01-20 03:00:00,"SPF",-3.1,-3.4,-2.7,NA,NA,92.1,4.5,-4.2,931.9,NA,1018.7,NA,1467.3,2.6,207,1.6,5.8,9.4,2.6,9.4,NA,NA,0,0,0,NA,NA,NA,NA,NA,-0.001,NA,NA,NA
2026-01-20 04:00:00,"SPF",-3.4,-3.9,-2.8,NA,NA,93.2,4.4,-4.4,932,NA,1018.8,NA,1467.5,2.2,200,1.2,4.3,7.9,2.2,7.9,NA,NA,0,0,0,NA,NA,NA,NA,NA,-0.003,NA,NA,NA
2026-01-20 05:00:00,"SPF",-4,-4.2,-3.8,NA,NA,94.9,4.3,-4.7,931.7,NA,1018.4,NA,1463,2.6,202,1.6,5.8,9.4,2.6,9.4,NA,NA,0,0,0,NA,NA,NA,NA,NA,-0.002,NA,NA,NA
2026-01-20 06:00:00,"SPF",-4.1,-4.3,-4,NA,NA,95.2,4.3,-4.8,931.6,NA,1018.3,NA,1461.7,3,203,1.6,5.8,10.8,2.9,10.4,NA,NA,0,0,0,NA,NA,NA,NA,NA,-0.002,NA,NA,NA
2026-01-20 07:00:00,"SPF",-4.2,-4.6,-3.4,NA,NA,93.8,4.2,-5,931.7,NA,1018.4,NA,1462.6,2.9,203,1.6,5.8,10.4,2.9,10.4,NA,NA,0,0,0,NA,NA,NA,NA,NA,-0.002,NA,NA,NA
2026-01-20 08:00:00,"SPF",-4.2,-4.4,-4,NA,NA,93.9,4.2,-5,931.8,NA,1018.5,NA,1463.2,2.3,208,1.4,5,8.3,2.3,8.3,NA,NA,0,0,17,NA,NA,NA,NA,NA,0.007,NA,NA,NA
2026-01-20 09:00:00,"SPF",-3.6,-3.8,-3.3,NA,NA,90.5,4.3,-4.9,931.8,NA,1018.6,NA,1464.9,1.8,202,1.1,4,6.5,1.8,6.5,NA,NA,0,0,50,NA,NA,NA,NA,NA,0.02,NA,NA,NA
2026-01-20 10:00:00,"SPF",-1.7,-3.1,0,NA,NA,84.3,4.6,-4,931.8,NA,1018.6,NA,1470.5,1.9,201,0.9,3.2,6.8,1.8,6.5,NA,NA,0,0,232,NA,NA,NA,NA,NA,0.066,NA,NA,NA
2026-01-20 11:00:00,"SPF",2.1,0.7,3,NA,NA,69.2,4.9,-3,931.3,NA,1018,NA,1476.6,1,180,0.4,1.4,3.6,1,3.6,NA,NA,0,0,369,NA,NA,NA,NA,NA,0.126,NA,NA,NA
2026-01-20 12:00:00,"SPF",4.3,3,5.8,NA,NA,61.1,5,-2.6,930.7,NA,1017.4,NA,1477.1,1.6,189,0.6,2.2,5.8,1.6,5.8,NA,NA,0,0,409,NA,NA,NA,NA,NA,0.153,NA,NA,NA
2026-01-20 13:00:00,"SPF",6.2,5.8,6.8,NA,NA,52.7,5,-2.8,929.9,NA,1016.5,NA,1475.6,1.1,189,0.7,2.5,4,1.1,4,NA,NA,0,0,353,NA,NA,NA,NA,NA,0.144,NA,NA,NA
2026-01-20 14:00:00,"SPF",6.1,5.4,6.3,NA,NA,56.3,5.3,-2,929.4,NA,1016,NA,1471.2,1.5,196,0.7,2.5,5.4,1.5,5.4,NA,NA,0,0,225,NA,NA,NA,NA,NA,0.095,NA,NA,NA
2026-01-20 15:00:00,"SPF",5.7,5.2,6.2,NA,NA,59.3,5.4,-1.7,929.3,NA,1015.9,NA,1468.6,1.7,194,0.5,1.8,6.1,1.7,6.1,NA,NA,0,0,218,NA,NA,NA,NA,NA,0.067,NA,NA,NA
2026-01-20 16:00:00,"SPF",4.4,2.8,6.1,NA,NA,63.3,5.3,-2,929.1,NA,1015.7,NA,1463.8,2.2,333,0.7,2.5,7.9,2.1,7.6,NA,NA,0,0,72,NA,NA,NA,NA,NA,0.007,NA,NA,NA
2026-01-20 17:00:00,"SPF",1,-0.2,2.2,NA,NA,79.4,5.2,-2.2,929,NA,1015.6,NA,1454.1,2.7,207,1.2,4.3,9.7,2.6,9.4,NA,NA,0,0,1,NA,NA,NA,NA,NA,0.001,NA,NA,NA
2026-01-20 18:00:00,"SPF",-0.8,-1.4,0,NA,NA,86.7,5,-2.8,928.7,NA,1015.2,NA,1446.6,2.3,207,1.3,4.7,8.3,2.2,7.9,NA,NA,0,0,0,NA,NA,NA,NA,NA,-0.001,NA,NA,NA
2026-01-20 19:00:00,"SPF",-1.9,-2.2,-1.7,NA,NA,91.1,4.8,-3.2,928.5,NA,1015,NA,1442,2.5,212,1.6,5.8,9,2.5,9,NA,NA,0,0,0,NA,NA,NA,NA,NA,-0.001,NA,NA,NA
2026-01-20 20:00:00,"SPF",-2.5,-2.9,-2.2,NA,NA,92.6,4.7,-3.5,928.1,NA,1014.6,NA,1436.8,2.7,208,1.7,6.1,9.7,2.6,9.4,NA,NA,0,0,0,NA,NA,NA,NA,NA,-0.002,NA,NA,NA
2026-01-20 21:00:00,"SPF",-2.7,-3.1,-2.2,NA,NA,91.4,4.6,-3.9,927.7,NA,1014.1,NA,1433.2,3,209,1.9,6.8,10.8,2.9,10.4,NA,NA,0,0,0,NA,NA,NA,NA,NA,-0.001,NA,NA,NA
2026-01-20 22:00:00,"SPF",-3,-3.5,-2.4,NA,NA,90,4.4,-4.4,927.5,NA,1013.9,NA,1430.9,3.1,212,1.9,6.8,11.2,3.1,11.2,NA,NA,0,0,0,NA,NA,NA,NA,NA,0,NA,NA,NA
2026-01-20 23:00:00,"SPF",-2.8,-3.3,-2.2,NA,NA,87,4.3,-4.7,927.3,NA,1013.7,NA,1429.8,3.9,209,2.3,8.3,14,3.9,14,NA,NA,0,0,0,NA,NA,NA,NA,NA,0.001,NA,NA,NA
2026-01-21,"SPF",-2.8,-3.1,-2.4,NA,NA,86.2,4.3,-4.8,927,NA,1013.4,NA,1426.7,3.4,208,1.9,6.8,12.2,3.3,11.9,NA,NA,0,0,0,NA,NA,NA,NA,NA,0.001,NA,NA,NA
2026-01-21 01:00:00,"SPF",-3,-3.5,-2.7,NA,NA,85.4,4.2,-5.1,926.6,NA,1013,NA,1423.4,3.6,210,2.2,7.9,13,3.5,12.6,NA,NA,0,0,0,NA,NA,NA,NA,NA,0.002,NA,NA,NA
2026-01-21 02:00:00,"SPF",-2.6,-3.5,-1.5,NA,NA,82.8,4.2,-5.1,926.3,NA,1012.7,NA,1422,4.5,208,2.4,8.6,16.2,4.4,15.8,NA,NA,0,0,0,NA,NA,NA,NA,NA,0.003,NA,NA,NA
2026-01-21 03:00:00,"SPF",-1.8,-2.6,-1,NA,NA,77.8,4.2,-5.2,925.7,NA,1012,NA,1418.7,4.2,205,2.4,8.6,15.1,4.1,14.8,NA,NA,0,0,0,NA,NA,NA,NA,NA,0.005,NA,NA,NA
2026-01-21 04:00:00,"SPF",-3,-3.5,-2.7,NA,NA,85.1,4.1,-5.2,924.8,NA,1011,NA,1408,2.8,216,1.4,5,10.1,2.8,10.1,NA,NA,0,0,0,NA,NA,NA,NA,NA,0,NA,NA,NA
2026-01-21 05:00:00,"SPF",-3,-4.2,-2.4,NA,NA,85.2,4.2,-5.1,924,NA,1010.2,NA,1401.3,3,207,1.3,4.7,10.8,3,10.8,NA,NA,0,0,0,NA,NA,NA,NA,NA,0,NA,NA,NA
2026-01-21 06:00:00,"SPF",-2.9,-3.5,-2.5,NA,NA,84.7,4.2,-5.1,923.3,NA,1009.4,NA,1395.5,2.2,198,0.9,3.2,7.9,2.2,7.9,NA,NA,0,0,0,NA,NA,NA,NA,NA,-0.002,NA,NA,NA
2026-01-21 07:00:00,"SPF",-3.6,-4,-3.3,NA,NA,88.5,4.2,-5.2,922.9,NA,1009,NA,1390.2,3,193,1.2,4.3,10.8,2.9,10.4,NA,NA,0,0,0,NA,NA,NA,NA,NA,-0.001,NA,NA,NA
2026-01-21 08:00:00,"SPF",-3.6,-4.1,-3,NA,NA,89.5,4.2,-5.1,922.7,NA,1008.8,NA,1388.5,2.4,198,1.3,4.7,8.6,2.4,8.6,NA,NA,0,0,22,NA,NA,NA,NA,NA,0.008,NA,NA,NA
2026-01-21 09:00:00,"SPF",-3.3,-4.1,-2.7,NA,NA,89.1,4.3,-4.9,922,NA,1008.1,NA,1383.9,2.8,211,1.4,5,10.1,2.7,9.7,NA,NA,0,0,51,NA,NA,NA,NA,NA,0.022,NA,NA,NA
2026-01-21 10:00:00,"SPF",-1.3,-2.4,-0.3,NA,NA,81.9,4.6,-4,921.4,NA,1007.4,NA,1383.2,2.7,204,1.2,4.3,9.7,2.6,9.4,NA,NA,0,0,214,NA,NA,NA,NA,NA,0.065,NA,NA,NA
2026-01-21 11:00:00,"SPF",2,0.2,3.2,NA,NA,72.7,5.1,-2.4,920.5,NA,1006.4,NA,1384,1.8,196,0.8,2.9,6.5,1.7,6.1,NA,NA,0,0,369,NA,NA,NA,NA,NA,0.126,NA,NA,NA
2026-01-21 12:00:00,"SPF",4.7,3.5,6,NA,NA,59.5,5.1,-2.6,919.3,NA,1005.2,NA,1379.9,1,198,0.4,1.4,3.6,1,3.6,NA,NA,0,0,400,NA,NA,NA,NA,NA,0.154,NA,NA,NA
2026-01-21 13:00:00,"SPF",6.3,6.2,6.4,NA,NA,48.8,4.7,-3.7,918.4,NA,1004.1,NA,1375.1,3.2,4,1.3,4.7,11.5,3.2,11.5,NA,NA,0,0,370,NA,NA,NA,NA,NA,0.157,NA,NA,NA
2026-01-21 14:00:00,"SPF",6.2,6,6.4,NA,NA,50.1,4.8,-3.4,917.5,NA,1003.2,NA,1367.8,3.3,8,1.4,5,11.9,3.3,11.9,NA,NA,0,0,314,NA,NA,NA,NA,NA,0.13,NA,NA,NA
2026-01-21 15:00:00,"SPF",5.5,4.5,6.3,NA,NA,59.4,5.3,-1.9,916.8,NA,1002.4,NA,1359.6,3.2,342,1.1,4,11.5,3.1,11.2,NA,NA,0,0,181,NA,NA,NA,NA,NA,0.068,NA,NA,NA
2026-01-21 16:00:00,"SPF",3.2,2.1,4.1,NA,NA,69.4,5.3,-1.9,916.2,NA,1001.8,NA,1348.8,1.4,194,0.6,2.2,5,1.4,5,NA,NA,0,0,57,NA,NA,NA,NA,NA,0.01,NA,NA,NA
2026-01-21 17:00:00,"SPF",0.8,0,1.9,NA,NA,80.8,5.2,-2.2,915.6,NA,1001.1,NA,1338,1.6,196,0.8,2.9,5.8,1.6,5.8,NA,NA,0,0,1,NA,NA,NA,NA,NA,-0.002,NA,NA,NA
2026-01-21 18:00:00,"SPF",-1.2,-1.7,-0.6,NA,NA,90.4,5.1,-2.6,915,NA,1000.5,NA,1328.5,1.4,203,0.8,2.9,5,1.4,5,NA,NA,0,0,0,NA,NA,NA,NA,NA,-0.003,NA,NA,NA
2026-01-21 19:00:00,"SPF",-2.7,-3.4,-2.1,NA,NA,96.4,4.8,-3.2,914.5,NA,999.9,NA,1321,2,209,1.2,4.3,7.2,2,7.2,NA,NA,0,0,0,NA,NA,NA,NA,NA,-0.003,NA,NA,NA
2026-01-21 20:00:00,"SPF",-3.4,-3.9,-3.1,NA,NA,98.1,4.7,-3.6,914,NA,999.4,NA,1315.2,2.8,210,1.7,6.1,10.1,2.7,9.7,NA,NA,0,0,0,NA,NA,NA,NA,NA,-0.003,NA,NA,NA
2026-01-21 21:00:00,"SPF",-3.5,-3.8,-3,NA,NA,97.2,4.6,-3.9,913.4,NA,998.8,NA,1309.7,2.3,212,1.4,5,8.3,2.2,7.9,NA,NA,0,0,0,NA,NA,NA,NA,NA,-0.003,NA,NA,NA
2026-01-21 22:00:00,"SPF",-3.9,-4.3,-3.7,NA,NA,98.4,4.5,-4.1,912.7,NA,998,NA,1303.6,2,215,1.2,4.3,7.2,2,7.2,NA,NA,0,0,0,NA,NA,NA,NA,NA,-0.004,NA,NA,NA
2026-01-21 23:00:00,"SPF",-4.5,-4.8,-4.1,NA,NA,99.1,4.3,-4.6,912.3,NA,997.6,NA,1298.6,2.3,210,1.4,5,8.3,2.3,8.3,NA,NA,0,0,0,NA,NA,NA,NA,NA,-0.004,NA,NA,NA
2026-01-22,"SPF",-4.8,-5,-4.6,NA,NA,99,4.3,-4.9,912,NA,997.3,NA,1295.6,2.4,212,1.6,5.8,8.6,2.3,8.3,NA,NA,0,0,0,NA,NA,NA,NA,NA,-0.003,NA,NA,NA
2026-01-22 01:00:00,"SPF",-4.5,-4.8,-3.9,NA,NA,97.1,4.3,-4.9,912,NA,997.3,NA,1296.4,3.3,211,1.8,6.5,11.9,3.3,11.9,NA,NA,0,0,0,NA,NA,NA,NA,NA,-0.003,NA,NA,NA
2026-01-22 02:00:00,"SPF",-4.6,-4.9,-4.2,NA,NA,96.7,4.2,-5,912.2,NA,997.5,NA,1297.7,2.8,208,1.7,6.1,10.1,2.7,9.7,NA,NA,0,0,0,NA,NA,NA,NA,NA,-0.003,NA,NA,NA
2026-01-22 03:00:00,"SPF",-2.5,-3.3,-1.6,NA,NA,82.8,4.2,-5,912.3,NA,997.6,NA,1303.1,5,200,2.9,10.4,18,5,18,NA,NA,0,0,0,NA,NA,NA,NA,NA,0.004,NA,NA,NA
2026-01-22 04:00:00,"SPF",-2.6,-2.9,-2.2,NA,NA,83.4,4.2,-5.1,911.8,NA,997.1,NA,1298.4,5.1,207,2.8,10.1,18.4,5.1,18.4,NA,NA,0,0,0,NA,NA,NA,NA,NA,0.004,NA,NA,NA
2026-01-22 05:00:00,"SPF",-3.1,-3.6,-2.7,NA,NA,87.2,4.2,-4.9,911.5,NA,996.7,NA,1295.2,3.2,197,1.3,4.7,11.5,3.2,11.5,NA,NA,0,0,0,NA,NA,NA,NA,NA,-0.001,NA,NA,NA
2026-01-22 06:00:00,"SPF",-3.9,-4.4,-3.6,NA,NA,93.4,4.3,-4.8,911.2,NA,996.4,NA,1290.7,2.8,191,1.2,4.3,10.1,2.8,10.1,NA,NA,0,0,0,NA,NA,NA,NA,NA,-0.003,NA,NA,NA
2026-01-22 07:00:00,"SPF",-3.7,-4.6,-3.2,NA,NA,91.7,4.3,-4.9,911.4,NA,996.6,NA,1292.4,3.8,209,2.1,7.6,13.7,3.8,13.7,NA,NA,0,0,0,NA,NA,NA,NA,NA,-0.001,NA,NA,NA
2026-01-22 08:00:00,"SPF",-3.5,-4.3,-2.9,NA,NA,91.1,4.3,-4.7,911.5,NA,996.7,NA,1294,3.4,209,2.1,7.6,12.2,3.4,12.2,NA,NA,0,0,13,NA,NA,NA,NA,NA,0.011,NA,NA,NA
2026-01-22 09:00:00,"SPF",-3,-3.4,-2.6,NA,NA,89.9,4.4,-4.4,911.7,NA,997,NA,1296.9,2.3,270,0.6,2.2,8.3,2.2,7.9,NA,NA,0,0,54,NA,NA,NA,NA,NA,0.022,NA,NA,NA
2026-01-22 10:00:00,"SPF",-2.2,-2.9,-1.3,NA,NA,92.4,4.8,-3.3,912.2,NA,997.5,NA,1302.4,1.7,207,0.7,2.5,6.1,1.6,5.8,NA,NA,0,0,184,NA,NA,NA,NA,NA,0.055,NA,NA,NA
2026-01-22 11:00:00,"SPF",0.4,-0.7,1.7,NA,NA,79.8,5,-2.7,912.4,NA,997.7,NA,1309.8,2.3,201,1,3.6,8.3,2.2,7.9,NA,NA,0,0,205,NA,NA,NA,NA,NA,0.075,NA,NA,NA
2026-01-22 12:00:00,"SPF",3.9,2.1,5.6,NA,NA,65.9,5.3,-1.9,912.1,NA,997.4,NA,1315.2,1.8,153,0.5,1.8,6.5,1.7,6.1,NA,NA,0,0,419,NA,NA,NA,NA,NA,0.157,NA,NA,NA
2026-01-22 13:00:00,"SPF",6.8,6.3,7.3,NA,NA,53.6,5.3,-2,911.7,NA,997,NA,1317.8,2.9,185,1.3,4.7,10.4,2.8,10.1,NA,NA,0,0,365,NA,NA,NA,NA,NA,0.157,NA,NA,NA
2026-01-22 14:00:00,"SPF",5.1,4,6.5,NA,NA,62.5,5.5,-1.5,911.5,NA,996.7,NA,1312.2,4.4,13,1.8,6.5,15.8,4.3,15.5,NA,NA,0,0,190,NA,NA,NA,NA,NA,0.091,NA,NA,NA
2026-01-22 15:00:00,"SPF",3.4,3.3,3.6,NA,NA,74.2,5.8,-0.8,911.8,NA,997.1,NA,1311.4,4.4,13,1.8,6.5,15.8,4.4,15.8,NA,NA,0,0,99,NA,NA,NA,NA,NA,0.048,NA,NA,NA
2026-01-22 16:00:00,"SPF",2.8,2.4,3.3,NA,NA,80.8,6,-0.2,912.1,NA,997.4,NA,1312.2,1.7,349,0.7,2.5,6.1,1.7,6.1,NA,NA,0,0,48,NA,NA,NA,NA,NA,0.011,NA,NA,NA
2026-01-22 17:00:00,"SPF",1.7,0.9,2.2,NA,NA,88.5,6.1,0,912.6,NA,997.9,NA,1314.7,1.9,27,0.8,2.9,6.8,1.9,6.8,NA,NA,0,0,3,NA,NA,NA,NA,NA,-0.003,NA,NA,NA
2026-01-22 18:00:00,"SPF",-0.2,-0.8,0.5,NA,NA,98.7,5.9,-0.4,912.8,NA,998.1,NA,1312.3,2.6,208,1.4,5,9.4,2.5,9,NA,NA,0,0,0,NA,NA,NA,NA,NA,-0.004,NA,NA,NA
2026-01-22 19:00:00,"SPF",-0.4,-1,0.1,NA,NA,97,5.7,-0.9,913,NA,998.4,NA,1313.7,3.5,201,1.7,6.1,12.6,3.5,12.6,NA,NA,0,0,0,NA,NA,NA,NA,NA,-0.003,NA,NA,NA
2026-01-22 20:00:00,"SPF",-0.2,-0.6,0.1,NA,NA,93.3,5.6,-1.1,913.1,NA,998.4,NA,1314.4,3.4,195,2,7.2,12.2,3.2,11.5,NA,NA,0,0,0,NA,NA,NA,NA,NA,-0.001,NA,NA,NA
2026-01-22 21:00:00,"SPF",-0.9,-1.4,-0.5,NA,NA,96.8,5.5,-1.3,912.9,NA,998.2,NA,1311.9,2.9,202,1.6,5.8,10.4,2.9,10.4,NA,NA,0,0,0,NA,NA,NA,NA,NA,-0.003,NA,NA,NA
2026-01-22 22:00:00,"SPF",-0.9,-1.1,-0.5,NA,NA,98.1,5.6,-1.2,912.8,NA,998.1,NA,1310.7,3,205,1.9,6.8,10.8,3,10.8,NA,NA,0,0,0,NA,NA,NA,NA,NA,-0.003,NA,NA,NA
2026-01-22 23:00:00,"SPF",-0.9,-1.2,-0.7,NA,NA,99.1,5.7,-1.1,912.6,NA,997.9,NA,1308.9,2.1,204,1,3.6,7.6,2,7.2,NA,NA,0,0,0,NA,NA,NA,NA,NA,-0.005,NA,NA,NA
2026-01-23,"SPF",-1.2,-1.8,-0.3,NA,NA,99.2,5.6,-1.3,912.3,NA,997.6,NA,1305.9,2.7,196,0.8,2.9,9.7,2.7,9.7,NA,NA,0,0,0,NA,NA,NA,NA,NA,-0.005,NA,NA,NA
2026-01-23 01:00:00,"SPF",-1.9,-2.2,-1.4,NA,NA,99.3,5.3,-2,912.2,NA,997.5,NA,1303.7,1.7,203,0.9,3.2,6.1,1.7,6.1,NA,NA,0,0,0,NA,NA,NA,NA,NA,-0.005,NA,NA,NA
2026-01-23 02:00:00,"SPF",-2.4,-3.1,-2,NA,NA,99.3,5.1,-2.5,912,NA,997.3,NA,1300.9,2.9,207,1.1,4,10.4,2.8,10.1,NA,NA,0,0,0,NA,NA,NA,NA,NA,-0.004,NA,NA,NA
2026-01-23 03:00:00,"SPF",-2.4,-2.7,-2.1,NA,NA,99.3,5.1,-2.5,911.7,NA,996.9,NA,1297.7,2,209,1.2,4.3,7.2,1.9,6.8,NA,NA,0,0,0,NA,NA,NA,NA,NA,-0.004,NA,NA,NA
2026-01-23 04:00:00,"SPF",-2.3,-2.6,-1.7,NA,NA,99.3,5.1,-2.4,911.4,NA,996.6,NA,1295.4,2.3,209,1.1,4,8.3,2.2,7.9,NA,NA,0,0,0,NA,NA,NA,NA,NA,-0.004,NA,NA,NA
2026-01-23 05:00:00,"SPF",-2.2,-2.3,-1.9,NA,NA,99.3,5.2,-2.3,911,NA,996.2,NA,1292.7,2,219,0.7,2.5,7.2,2,7.2,NA,NA,0,0,0,NA,NA,NA,NA,NA,-0.005,NA,NA,NA
2026-01-23 06:00:00,"SPF",-2.5,-2.8,-2.1,NA,NA,99.4,5.1,-2.6,910.7,NA,995.9,NA,1289.6,2.1,202,1.2,4.3,7.6,2.1,7.6,NA,NA,0,0,0,NA,NA,NA,NA,NA,-0.004,NA,NA,NA
2026-01-23 07:00:00,"SPF",-2.9,-3.2,-2.7,NA,NA,99.4,4.9,-3,910.6,NA,995.8,NA,1287.5,2.4,207,1.2,4.3,8.6,2.4,8.6,NA,NA,0,0,0,NA,NA,NA,NA,NA,-0.004,NA,NA,NA
2026-01-23 08:00:00,"SPF",-3.5,-3.8,-3.1,NA,NA,99.4,4.7,-3.6,910.8,NA,996,NA,1288.1,2.6,208,1.5,5.4,9.4,2.5,9,NA,NA,0,0,11,NA,NA,NA,NA,NA,0.008,NA,NA,NA
2026-01-23 09:00:00,"SPF",-3,-3.4,-2.5,NA,NA,99.4,4.9,-3.1,910.9,NA,996.1,NA,1290.2,2.5,211,1.3,4.7,9,2.5,9,NA,NA,0,0,38,NA,NA,NA,NA,NA,0.017,NA,NA,NA
2026-01-23 10:00:00,"SPF",-1,-2.3,0.6,NA,NA,98.8,5.6,-1.2,910.6,NA,995.8,NA,1291.3,1.3,211,0.6,2.2,4.7,1.3,4.7,NA,NA,0,0,249,NA,NA,NA,NA,NA,0.073,NA,NA,NA
2026-01-23 11:00:00,"SPF",1.3,1,1.8,NA,NA,92.7,6.2,0.2,910.2,NA,995.3,NA,1292.8,1.6,180,0.7,2.5,5.8,1.6,5.8,NA,NA,0,0,228,NA,NA,NA,NA,NA,0.081,NA,NA,NA
2026-01-23 12:00:00,"SPF",3,2.3,3.8,NA,NA,79.3,6,-0.2,910.4,NA,995.6,NA,1298.3,2.3,27,1.4,5,8.3,2.2,7.9,NA,NA,0,0,378,NA,NA,NA,NA,NA,0.135,NA,NA,NA
2026-01-23 13:00:00,"SPF",5.7,4.5,6.4,NA,NA,71.4,6.5,0.9,910.1,NA,995.2,NA,1300.4,2.2,124,0.8,2.9,7.9,2.1,7.6,NA,NA,0,0,393,NA,NA,NA,NA,NA,0.155,NA,NA,NA
2026-01-23 14:00:00,"SPF",5.6,4.7,6.8,NA,NA,71.8,6.5,0.9,910,NA,995.1,NA,1300,2.4,45,1.4,5,8.6,2.3,8.3,NA,NA,0,0,210,NA,NA,NA,NA,NA,0.091,NA,NA,NA
2026-01-23 15:00:00,"SPF",3.7,3.2,4.3,NA,NA,83.9,6.7,1.3,910.1,NA,995.2,NA,1296.7,3.3,18,1.7,6.1,11.9,3.2,11.5,NA,NA,0,0,117,NA,NA,NA,NA,NA,0.047,NA,NA,NA
2026-01-23 16:00:00,"SPF",2.6,2,2.9,NA,NA,93.3,6.9,1.6,910.1,NA,995.2,NA,1294.1,2.4,16,0.8,2.9,8.6,2.3,8.3,NA,NA,0,0,65,NA,NA,NA,NA,NA,0.008,NA,NA,NA
2026-01-23 17:00:00,"SPF",1.4,0.9,2,NA,NA,99.2,6.7,1.3,910.3,NA,995.4,NA,1293.4,1,243,0.2,0.7,3.6,1,3.6,NA,NA,0,0,2,NA,NA,NA,NA,NA,-0.007,NA,NA,NA
2026-01-23 18:00:00,"SPF",0.1,-0.3,0.8,NA,NA,99.3,6.1,0,910.4,NA,995.6,NA,1292.2,1.4,198,0.5,1.8,5,1.3,4.7,NA,NA,0,0,0,NA,NA,NA,NA,NA,-0.006,NA,NA,NA
2026-01-23 19:00:00,"SPF",-0.4,-1,0.3,NA,NA,99.3,5.9,-0.5,910.3,NA,995.4,NA,1290.1,0.9,180,0.5,1.8,3.2,0.9,3.2,NA,NA,0,0,0,NA,NA,NA,NA,NA,-0.006,NA,NA,NA
2026-01-23 20:00:00,"SPF",-1.6,-2.5,-1,NA,NA,99.4,5.4,-1.7,910.5,NA,995.7,NA,1289.5,1.8,225,0.6,2.2,6.5,1.7,6.1,NA,NA,0,0,0,NA,NA,NA,NA,NA,-0.005,NA,NA,NA
2026-01-23 21:00:00,"SPF",-2.7,-3.1,-1.9,NA,NA,99.4,5,-2.8,911,NA,996.2,NA,1291.5,3.2,201,1.5,5.4,11.5,3.2,11.5,NA,NA,0,0,0,NA,NA,NA,NA,NA,-0.004,NA,NA,NA
2026-01-23 22:00:00,"SPF",-0.6,-2.8,0.8,NA,NA,98.5,5.8,-0.8,912.2,NA,997.5,NA,1306.2,6,198,2.3,8.3,21.6,5.9,21.2,NA,NA,0,0,0,NA,NA,NA,NA,NA,-0.003,NA,NA,NA
2026-01-23 23:00:00,"SPF",2.9,2.5,3.2,NA,NA,94.1,7.1,2,913.2,NA,998.6,NA,1322.6,8.6,220,4,14.4,31,8.2,29.5,NA,NA,0.1,0,0,NA,NA,NA,NA,NA,0.001,NA,NA,NA
2026-01-24,"SPF",2.1,2,2.3,NA,NA,99.3,7.1,2,913.9,NA,999.3,NA,1326.3,5.7,209,2.4,8.6,20.5,5.6,20.2,NA,NA,0.1,0,0,NA,NA,NA,NA,NA,-0.004,NA,NA,NA
2026-01-24 01:00:00,"SPF",2,1.8,2,NA,NA,99.3,7,1.9,914.2,NA,999.6,NA,1329.2,3,202,1.9,6.8,10.8,3,10.8,NA,NA,0,0,0,NA,NA,NA,NA,NA,-0.004,NA,NA,NA
2026-01-24 02:00:00,"SPF",2.3,1.8,2.9,NA,NA,96.9,7,1.8,913.6,NA,999,NA,1324.3,8.8,195,2.7,9.7,31.7,8.7,31.3,NA,NA,0,0,0,NA,NA,NA,NA,NA,-0.002,NA,NA,NA
2026-01-24 03:00:00,"SPF",1.8,1.7,2.2,NA,NA,99.2,6.9,1.7,913.5,NA,998.9,NA,1322.3,3.4,124,1.2,4.3,12.2,3.3,11.9,NA,NA,0,0,0,NA,NA,NA,NA,NA,-0.005,NA,NA,NA
2026-01-24 04:00:00,"SPF",0.5,0.3,0.9,NA,NA,99.3,6.3,0.4,913.6,NA,999,NA,1320.5,4.7,12,2,7.2,16.9,4.6,16.6,NA,NA,0,0,0,NA,NA,NA,NA,NA,-0.004,NA,NA,NA
2026-01-24 05:00:00,"SPF",-0.1,-0.4,0.1,NA,NA,99.4,6,-0.2,913.5,NA,998.9,NA,1318.4,1.8,198,0.9,3.2,6.5,1.8,6.5,NA,NA,0,0,0,NA,NA,NA,NA,NA,-0.005,NA,NA,NA
2026-01-24 06:00:00,"SPF",-0.8,-1,-0.5,NA,NA,99.4,5.7,-0.9,913.4,NA,998.8,NA,1316.2,1.2,207,0.5,1.8,4.3,1.2,4.3,NA,NA,0,0,0,NA,NA,NA,NA,NA,-0.006,NA,NA,NA
2026-01-24 07:00:00,"SPF",-1.9,-2.3,-1.5,NA,NA,99.4,5.3,-2,913.6,NA,999,NA,1315.8,2.8,205,1.4,5,10.1,2.8,10.1,NA,NA,0,0,0,NA,NA,NA,NA,NA,-0.004,NA,NA,NA
2026-01-24 08:00:00,"SPF",-1.8,-2.1,-1.6,NA,NA,99.4,5.3,-1.9,913.9,NA,999.3,NA,1318.3,1.5,225,0.5,1.8,5.4,1.5,5.4,NA,NA,0,0,10,NA,NA,NA,NA,NA,0.01,NA,NA,NA
2026-01-24 09:00:00,"SPF",-2,-2.3,-1.6,NA,NA,99.4,5.3,-2.1,914.2,NA,999.6,NA,1320.1,1.5,207,0.3,1.1,5.4,1.4,5,NA,NA,0,0,24,NA,NA,NA,NA,NA,0.017,NA,NA,NA
2026-01-24 10:00:00,"SPF",-1.4,-2,-0.7,NA,NA,99.4,5.5,-1.5,914.5,NA,1000,NA,1324,1.9,180,0.7,2.5,6.8,1.9,6.8,NA,NA,0,0,234,NA,NA,NA,NA,NA,0.068,NA,NA,NA
2026-01-24 11:00:00,"SPF",0.6,-0.4,1.5,NA,NA,99.4,6.4,0.5,914.2,NA,999.6,NA,1325.8,1.8,34,0.5,1.8,6.5,1.7,6.1,NA,NA,0,0,337,NA,NA,NA,NA,NA,0.111,NA,NA,NA
2026-01-24 12:00:00,"SPF",1.6,1,2.5,NA,NA,99.4,6.8,1.5,913.4,NA,998.8,NA,1321.5,5.4,18,1.3,4.7,19.4,5.2,18.7,NA,NA,0,0,397,NA,NA,NA,NA,NA,0.127,NA,NA,NA
2026-01-24 13:00:00,"SPF",0.3,-0.3,1.2,NA,NA,99.4,6.2,0.2,912.9,NA,998.2,NA,1313.7,5.3,9,2.7,9.7,19.1,5.2,18.7,NA,NA,0,0,292,NA,NA,NA,NA,NA,0.081,NA,NA,NA
2026-01-24 14:00:00,"SPF",-0.2,-0.4,0,NA,NA,99.4,6,-0.3,912.6,NA,997.9,NA,1310,4.2,5,2.4,8.6,15.1,4.2,15.1,NA,NA,0,0,206,NA,NA,NA,NA,NA,0.056,NA,NA,NA
2026-01-24 15:00:00,"SPF",-0.3,-0.3,-0.2,NA,NA,99.4,5.9,-0.4,913.2,NA,998.6,NA,1315.4,3.6,4,1.6,5.8,13,3.5,12.6,NA,NA,0,0,77,NA,NA,NA,NA,NA,0.026,NA,NA,NA
2026-01-24 16:00:00,"SPF",-0.2,-0.3,-0.2,NA,NA,99.4,6,-0.3,913.9,NA,999.3,NA,1321.5,2.1,27,0.8,2.9,7.6,2,7.2,NA,NA,0,0,32,NA,NA,NA,NA,NA,0.01,NA,NA,NA
2026-01-24 17:00:00,"SPF",-0.2,-0.3,-0.1,NA,NA,99.5,6,-0.3,914,NA,999.4,NA,1322.7,2,27,0.8,2.9,7.2,1.9,6.8,NA,NA,0,0,0,NA,NA,NA,NA,NA,-0.005,NA,NA,NA
2026-01-24 18:00:00,"SPF",-0.1,-0.1,-0.1,NA,NA,99.5,6,-0.2,913.9,NA,999.3,NA,1321.6,1.5,352,0.8,2.9,5.4,1.5,5.4,NA,NA,0,0,0,NA,NA,NA,NA,NA,-0.005,NA,NA,NA
2026-01-24 19:00:00,"SPF",-0.3,-0.4,-0.1,NA,NA,99.5,5.9,-0.4,913.9,NA,999.3,NA,1321.4,1.7,310,0.8,2.9,6.1,1.7,6.1,NA,NA,0,0,0,NA,NA,NA,NA,NA,-0.005,NA,NA,NA
2026-01-24 20:00:00,"SPF",-0.5,-0.6,-0.4,NA,NA,99.5,5.9,-0.6,913.8,NA,999.2,NA,1320,1.5,279,0.6,2.2,5.4,1.5,5.4,NA,NA,0,0,0,NA,NA,NA,NA,NA,-0.006,NA,NA,NA
2026-01-24 21:00:00,"SPF",-0.6,-0.6,-0.5,NA,NA,99.5,5.8,-0.7,913.6,NA,999,NA,1318.4,1.2,259,0.6,2.2,4.3,1.2,4.3,NA,NA,0,0,0,NA,NA,NA,NA,NA,-0.006,NA,NA,NA
2026-01-24 22:00:00,"SPF",-0.7,-0.8,-0.6,NA,NA,99.5,5.8,-0.8,913.8,NA,999.2,NA,1319.5,1.5,207,0.5,1.8,5.4,1.5,5.4,NA,NA,0,0,0,NA,NA,NA,NA,NA,-0.006,NA,NA,NA
2026-01-24 23:00:00,"SPF",-0.8,-0.8,-0.7,NA,NA,99.4,5.8,-0.9,913.9,NA,999.3,NA,1320.6,1.9,214,1.1,4,6.8,1.9,6.8,NA,NA,0,0,0,NA,NA,NA,NA,NA,-0.005,NA,NA,NA
2026-01-25,"SPF",-1,-1.1,-0.9,NA,NA,99.4,5.6,-1.1,914.2,NA,999.6,NA,1322.4,3.1,200,1.4,5,11.2,3.1,11.2,NA,NA,0,0,0,NA,NA,NA,NA,NA,-0.004,NA,NA,NA
2026-01-25 01:00:00,"SPF",-0.8,-1,-0.6,NA,NA,99.4,5.7,-0.9,913.8,NA,999.2,NA,1319.3,2.8,184,1.4,5,10.1,2.8,10.1,NA,NA,0,0,0,NA,NA,NA,NA,NA,-0.004,NA,NA,NA
2026-01-25 02:00:00,"SPF",-0.6,-0.8,-0.5,NA,NA,99.3,5.8,-0.7,914,NA,999.4,NA,1321.9,4.3,189,2,7.2,15.5,4.3,15.5,NA,NA,0,0,0,NA,NA,NA,NA,NA,-0.004,NA,NA,NA
2026-01-25 03:00:00,"SPF",-0.7,-0.8,-0.6,NA,NA,99.3,5.8,-0.8,913.7,NA,999.1,NA,1318.7,2.5,202,0.9,3.2,9,2.5,9,NA,NA,0,0,0,NA,NA,NA,NA,NA,-0.005,NA,NA,NA
2026-01-25 04:00:00,"SPF",-0.6,-0.8,-0.3,NA,NA,99.2,5.8,-0.7,913.2,NA,998.6,NA,1315,2.4,214,1,3.6,8.6,2.3,8.3,NA,NA,0,0,0,NA,NA,NA,NA,NA,-0.005,NA,NA,NA
2026-01-25 05:00:00,"SPF",-0.6,-0.8,-0.3,NA,NA,99.2,5.8,-0.7,912.8,NA,998.1,NA,1311.1,2.7,214,1.4,5,9.7,2.6,9.4,NA,NA,0,0,0,NA,NA,NA,NA,NA,-0.004,NA,NA,NA
2026-01-25 06:00:00,"SPF",-1.2,-1.4,-0.9,NA,NA,99.3,5.6,-1.3,912.6,NA,997.9,NA,1307.9,2,13,0.9,3.2,7.2,2,7.2,NA,NA,0,0,0,NA,NA,NA,NA,NA,-0.005,NA,NA,NA
2026-01-25 07:00:00,"SPF",-1.9,-2.3,-1.5,NA,NA,99.4,5.3,-2,912.5,NA,997.8,NA,1306,1.4,27,0.4,1.4,5,1.4,5,NA,NA,0,0,0,NA,NA,NA,NA,NA,-0.006,NA,NA,NA
2026-01-25 08:00:00,"SPF",-2.4,-2.6,-2,NA,NA,99.4,5.1,-2.5,912.6,NA,997.9,NA,1306,1.7,180,0.5,1.8,6.1,1.7,6.1,NA,NA,0,0,16,NA,NA,NA,NA,NA,0.009,NA,NA,NA
2026-01-25 09:00:00,"SPF",-2.3,-2.6,-2,NA,NA,99.4,5.1,-2.4,912.6,NA,997.9,NA,1305.9,2,217,0.7,2.5,7.2,2,7.2,NA,NA,0,0,79,NA,NA,NA,NA,NA,0.025,NA,NA,NA
2026-01-25 10:00:00,"SPF",-0.9,-1.8,-0.1,NA,NA,99.4,5.7,-1,912.2,NA,997.5,NA,1305.5,2.7,193,1,3.6,9.7,2.7,9.7,NA,NA,0,0,195,NA,NA,NA,NA,NA,0.058,NA,NA,NA
2026-01-25 11:00:00,"SPF",1.3,0.1,2.3,NA,NA,89.3,6,-0.3,911.9,NA,997.2,NA,1307.5,3.2,189,1.3,4.7,11.5,3.1,11.2,NA,NA,0,0,260,NA,NA,NA,NA,NA,0.089,NA,NA,NA
2026-01-25 12:00:00,"SPF",3.5,2.2,4.5,NA,NA,73,5.7,-0.9,911.3,NA,996.5,NA,1306.9,3.2,188,1.3,4.7,11.5,3.2,11.5,NA,NA,0,0,196,NA,NA,NA,NA,NA,0.087,NA,NA,NA
2026-01-25 13:00:00,"SPF",2.8,2.6,3,NA,NA,85.2,6.4,0.5,910.9,NA,996.1,NA,1301.4,4.4,11,2.6,9.4,15.8,4.3,15.5,NA,NA,0,0,330,NA,NA,NA,NA,NA,0.112,NA,NA,NA
2026-01-25 14:00:00,"SPF",2.8,2.4,3.1,NA,NA,91.9,6.9,1.6,910.5,NA,995.7,NA,1298.3,5,9,3,10.8,18,5,18,NA,NA,0,0,319,NA,NA,NA,NA,NA,0.095,NA,NA,NA
2026-01-25 15:00:00,"SPF",2.9,2.7,3.1,NA,NA,92.2,6.9,1.7,910.5,NA,995.7,NA,1298.5,4.7,4,2.7,9.7,16.9,4.6,16.6,NA,NA,0,0,197,NA,NA,NA,NA,NA,0.055,NA,NA,NA
2026-01-25 16:00:00,"SPF",2.4,2,2.6,NA,NA,97.7,7.1,2.1,910.4,NA,995.5,NA,1296.4,2.8,355,1.2,4.3,10.1,2.7,9.7,NA,NA,0,0,46,NA,NA,NA,NA,NA,0.011,NA,NA,NA
2026-01-25 17:00:00,"SPF",1.7,1.4,2.1,NA,NA,98.9,6.8,1.5,910.2,NA,995.3,NA,1293.1,2.6,193,1.1,4,9.4,2.6,9.4,NA,NA,0,0,2,NA,NA,NA,NA,NA,-0.005,NA,NA,NA
2026-01-25 18:00:00,"SPF",1.3,1.1,1.6,NA,NA,99.2,6.7,1.2,910.1,NA,995.2,NA,1291.9,1.9,202,1.1,4,6.8,1.9,6.8,NA,NA,0,0,0,NA,NA,NA,NA,NA,-0.005,NA,NA,NA
2026-01-25 19:00:00,"SPF",1,0.8,1.4,NA,NA,99.3,6.5,0.9,910,NA,995.1,NA,1290.7,1.6,211,1.2,4.3,5.8,1.6,5.8,NA,NA,0,0,0,NA,NA,NA,NA,NA,-0.005,NA,NA,NA
2026-01-25 20:00:00,"SPF",0.7,0.6,0.9,NA,NA,99.3,6.4,0.6,910.1,NA,995.2,NA,1290.2,2.1,197,1.1,4,7.6,2.1,7.6,NA,NA,0,0,0,NA,NA,NA,NA,NA,-0.005,NA,NA,NA
2026-01-25 21:00:00,"SPF",0.2,-0.1,0.7,NA,NA,99.3,6.2,0.1,910.2,NA,995.4,NA,1290.8,4.2,201,2.5,9,15.1,4.1,14.8,NA,NA,0,0,0,NA,NA,NA,NA,NA,-0.003,NA,NA,NA
2026-01-25 22:00:00,"SPF",0.2,-0.1,0.3,NA,NA,98.9,6.1,0,910.5,NA,995.7,NA,1292.8,3.9,199,2.5,9,14,3.8,13.7,NA,NA,0,0,0,NA,NA,NA,NA,NA,-0.003,NA,NA,NA
2026-01-25 23:00:00,"SPF",0.5,0.2,0.7,NA,NA,93.5,5.9,-0.5,910.6,NA,995.8,NA,1294.7,3.8,215,2.1,7.6,13.7,3.7,13.3,NA,NA,0,0,0,NA,NA,NA,NA,NA,-0.001,NA,NA,NA
2026-01-26,"SPF",0.5,0.2,0.7,NA,NA,92.6,5.9,-0.6,910.8,NA,996,NA,1296.3,4.1,202,1.9,6.8,14.8,4,14.4,NA,NA,0,0,0,NA,NA,NA,NA,NA,-0.001,NA,NA,NA
2026-01-26 01:00:00,"SPF",0.4,0.2,0.6,NA,NA,99,6.2,0.3,910.9,NA,996.1,NA,1297.3,3.1,205,1.7,6.1,11.2,3.1,11.2,NA,NA,0.1,0,0,NA,NA,NA,NA,NA,-0.004,NA,NA,NA
2026-01-26 02:00:00,"SPF",0.4,0.2,0.6,NA,NA,99.3,6.2,0.3,911.2,NA,996.4,NA,1299.2,3,198,1.9,6.8,10.8,3,10.8,NA,NA,0,0,0,NA,NA,NA,NA,NA,-0.004,NA,NA,NA
2026-01-26 03:00:00,"SPF",0.7,0.7,0.8,NA,NA,99.3,6.4,0.6,911.5,NA,996.7,NA,1303,3.6,201,2.5,9,13,3.6,13,NA,NA,0.1,0,0,NA,NA,NA,NA,NA,-0.003,NA,NA,NA
2026-01-26 04:00:00,"SPF",0.6,0.5,0.6,NA,NA,99.4,6.3,0.5,912.1,NA,997.4,NA,1307.3,4,192,2,7.2,14.4,3.8,13.7,NA,NA,0.5,0,0,NA,NA,NA,NA,NA,-0.004,NA,NA,NA
2026-01-26 05:00:00,"SPF",0.8,0.6,0.9,NA,NA,99.4,6.4,0.7,912.8,NA,998.1,NA,1313.9,3.4,203,2,7.2,12.2,3.3,11.9,NA,NA,0.8,0,0,NA,NA,NA,NA,NA,-0.004,NA,NA,NA
2026-01-26 06:00:00,"SPF",1,0.7,1.3,NA,NA,99.4,6.5,0.9,913.4,NA,998.8,NA,1320.2,2.5,210,1.4,5,9,2.5,9,NA,NA,0,0,0,NA,NA,NA,NA,NA,-0.005,NA,NA,NA
2026-01-26 07:00:00,"SPF",1.6,1.3,2,NA,NA,99.1,6.8,1.4,914.3,NA,999.8,NA,1329.1,2.9,223,1.7,6.1,10.4,2.9,10.4,NA,NA,0,0,0,NA,NA,NA,NA,NA,-0.004,NA,NA,NA
2026-01-26 08:00:00,"SPF",1.7,1.1,2.2,NA,NA,98.3,6.8,1.4,915.3,NA,1000.8,NA,1338,4,207,1.8,6.5,14.4,3.9,14,NA,NA,0,0,16,NA,NA,NA,NA,NA,0.01,NA,NA,NA
2026-01-26 09:00:00,"SPF",2.2,2,2.3,NA,NA,94.5,6.8,1.4,916.2,NA,1001.8,NA,1346.6,3.3,225,2.1,7.6,11.9,3.2,11.5,NA,NA,0,0,97,NA,NA,NA,NA,NA,0.033,NA,NA,NA
2026-01-26 10:00:00,"SPF",2.4,2.2,2.6,NA,NA,95.3,6.9,1.7,917.2,NA,1002.8,NA,1355.7,7.6,214,2.7,9.7,27.4,7.5,27,NA,NA,0.1,0,84,NA,NA,NA,NA,NA,0.036,NA,NA,NA
2026-01-26 11:00:00,"SPF",3,2.5,3.3,NA,NA,91.9,6.9,1.8,917.6,NA,1003.3,NA,1360.5,5.2,219,2.8,10.1,18.7,5,18,NA,NA,0,0,169,NA,NA,NA,NA,NA,0.064,NA,NA,NA
2026-01-26 12:00:00,"SPF",3.5,3.1,3.8,NA,NA,88.3,6.9,1.7,917.5,NA,1003.2,NA,1361.1,5.6,209,2.9,10.4,20.2,5.4,19.4,NA,NA,0,0,205,NA,NA,NA,NA,NA,0.079,NA,NA,NA
2026-01-26 13:00:00,"SPF",4.5,3.9,4.9,NA,NA,77.7,6.5,0.9,917.3,NA,1003,NA,1361.9,5.9,214,3,10.8,21.2,5.9,21.2,NA,NA,0,0,334,NA,NA,NA,NA,NA,0.126,NA,NA,NA
2026-01-26 14:00:00,"SPF",4.4,4.2,4.6,NA,NA,75.4,6.3,0.4,917.5,NA,1003.2,NA,1362.8,5.7,202,3.4,12.2,20.5,5.5,19.8,NA,NA,0,0,141,NA,NA,NA,NA,NA,0.074,NA,NA,NA
2026-01-26 15:00:00,"SPF",4.2,4.1,4.3,NA,NA,76.9,6.3,0.5,918,NA,1003.7,NA,1367.2,5.8,194,3.2,11.5,20.9,5.7,20.5,NA,NA,0,0,106,NA,NA,NA,NA,NA,0.056,NA,NA,NA
2026-01-26 16:00:00,"SPF",4,3.8,4.3,NA,NA,78.7,6.4,0.7,918.7,NA,1004.5,NA,1372.9,4.2,204,2,7.2,15.1,4.2,15.1,NA,NA,0,0,30,NA,NA,NA,NA,NA,0.027,NA,NA,NA
2026-01-26 17:00:00,"SPF",3.5,3.2,3.8,NA,NA,80.1,6.3,0.4,918.9,NA,1004.7,NA,1373.2,4.3,209,1.9,6.8,15.5,4.1,14.8,NA,NA,0,0,0,NA,NA,NA,NA,NA,0.004,NA,NA,NA
2026-01-26 18:00:00,"SPF",3.4,3,3.7,NA,NA,76,5.9,-0.5,919.1,NA,1004.9,NA,1374.9,5.7,209,2.1,7.6,20.5,5.6,20.2,NA,NA,0,0,0,NA,NA,NA,NA,NA,0.007,NA,NA,NA
2026-01-26 19:00:00,"SPF",1.5,0.6,2.3,NA,NA,87.5,6,-0.3,919.1,NA,1004.9,NA,1370.4,2.2,216,1.2,4.3,7.9,2.2,7.9,NA,NA,0,0,0,NA,NA,NA,NA,NA,-0.001,NA,NA,NA
2026-01-26 20:00:00,"SPF",0,-0.8,0.5,NA,NA,95.7,5.8,-0.6,919.2,NA,1005,NA,1367.7,3.2,210,1.7,6.1,11.5,3.1,11.2,NA,NA,0,0,0,NA,NA,NA,NA,NA,-0.003,NA,NA,NA
2026-01-26 21:00:00,"SPF",-1.1,-1.6,-0.7,NA,NA,99.2,5.6,-1.2,919.3,NA,1005.1,NA,1366,2.5,203,1.4,5,9,2.5,9,NA,NA,0,0,0,NA,NA,NA,NA,NA,-0.004,NA,NA,NA
2026-01-26 22:00:00,"SPF",-1.7,-1.9,-1.4,NA,NA,99.3,5.4,-1.8,919.9,NA,1005.8,NA,1369.7,2.3,225,1,3.6,8.3,2.2,7.9,NA,NA,0,0,0,NA,NA,NA,NA,NA,-0.005,NA,NA,NA
2026-01-26 23:00:00,"SPF",-3,-3.8,-2.2,NA,NA,99.3,4.9,-3.1,919.7,NA,1005.5,NA,1364.9,2,214,0.8,2.9,7.2,2,7.2,NA,NA,0,0,0,NA,NA,NA,NA,NA,-0.005,NA,NA,NA
2026-01-27,"SPF",-3.6,-3.9,-3,NA,NA,99.3,4.7,-3.7,919,NA,1004.8,NA,1358,2.4,212,1.4,5,8.6,2.4,8.6,NA,NA,0,0,0,NA,NA,NA,NA,NA,-0.004,NA,NA,NA
2026-01-27 01:00:00,"SPF",-4.1,-4.4,-3.9,NA,NA,99.3,4.5,-4.2,918,NA,1003.7,NA,1348.1,2.3,205,1.5,5.4,8.3,2.3,8.3,NA,NA,0,0,0,NA,NA,NA,NA,NA,-0.004,NA,NA,NA
2026-01-27 02:00:00,"SPF",-4.6,-5,-4.3,NA,NA,99.3,4.3,-4.7,917.8,NA,1003.5,NA,1344.7,2.7,212,1.4,5,9.7,2.6,9.4,NA,NA,0,0,0,NA,NA,NA,NA,NA,-0.004,NA,NA,NA
2026-01-27 03:00:00,"SPF",-4.8,-5.3,-4.4,NA,NA,99.3,4.2,-4.9,917.5,NA,1003.2,NA,1342.1,2.8,208,1.5,5.4,10.1,2.8,10.1,NA,NA,0,0,0,NA,NA,NA,NA,NA,-0.003,NA,NA,NA
2026-01-27 04:00:00,"SPF",-5.1,-5.7,-4.5,NA,NA,99.3,4.2,-5.2,916.4,NA,1002,NA,1332.2,2.7,204,1.3,4.7,9.7,2.6,9.4,NA,NA,0,0,0,NA,NA,NA,NA,NA,-0.004,NA,NA,NA
2026-01-27 05:00:00,"SPF",-5.5,-5.8,-5,NA,NA,99.3,4,-5.6,915.8,NA,1001.4,NA,1326.4,2.9,210,1.7,6.1,10.4,2.8,10.1,NA,NA,0,0,0,NA,NA,NA,NA,NA,-0.003,NA,NA,NA
2026-01-27 06:00:00,"SPF",-5.3,-5.5,-5,NA,NA,99.3,4.1,-5.4,914.9,NA,1000.4,NA,1318.8,2.9,210,1.4,5,10.4,2.8,10.1,NA,NA,0,0,0,NA,NA,NA,NA,NA,-0.003,NA,NA,NA
2026-01-27 07:00:00,"SPF",-5.6,-6.1,-5.4,NA,NA,99.3,4,-5.7,914.7,NA,1000.2,NA,1316.3,3,215,1.3,4.7,10.8,2.9,10.4,NA,NA,0,0,1,NA,NA,NA,NA,NA,-0.003,NA,NA,NA
2026-01-27 08:00:00,"SPF",-5.3,-6.1,-4.4,NA,NA,99.3,4.1,-5.4,914.3,NA,999.7,NA,1314.1,2.6,212,1.3,4.7,9.4,2.5,9,NA,NA,0,0,32,NA,NA,NA,NA,NA,0.005,NA,NA,NA
2026-01-27 09:00:00,"SPF",-4,-4.4,-3.5,NA,NA,99.2,4.5,-4.1,914.2,NA,999.6,NA,1316.1,2.1,204,1.1,4,7.6,2,7.2,NA,NA,0,0,83,NA,NA,NA,NA,NA,0.023,NA,NA,NA
2026-01-27 10:00:00,"SPF",-1.9,-2.8,-1.1,NA,NA,97.3,5.2,-2.3,913.3,NA,998.7,NA,1312.7,1.5,198,0.8,2.9,5.4,1.5,5.4,NA,NA,0,0,255,NA,NA,NA,NA,NA,0.072,NA,NA,NA
2026-01-27 11:00:00,"SPF",0.7,-0.7,2,NA,NA,87.2,5.6,-1.2,912.8,NA,998.1,NA,1314,1.6,194,0.6,2.2,5.8,1.6,5.8,NA,NA,0,0,369,NA,NA,NA,NA,NA,0.122,NA,NA,NA
2026-01-27 12:00:00,"SPF",2.2,2.1,2.4,NA,NA,79.5,5.7,-1,912.3,NA,997.6,NA,1313.1,1.6,203,0.9,3.2,5.8,1.6,5.8,NA,NA,0,0,210,NA,NA,NA,NA,NA,0.085,NA,NA,NA
2026-01-27 13:00:00,"SPF",3.1,3,3.3,NA,NA,74.7,5.7,-0.9,912.3,NA,997.6,NA,1315.1,3.1,217,1.2,4.3,11.2,3,10.8,NA,NA,0,0,105,NA,NA,NA,NA,NA,0.057,NA,NA,NA
2026-01-27 14:00:00,"SPF",3.5,3.2,3.8,NA,NA,73.6,5.8,-0.8,911.8,NA,997,NA,1310.8,3.5,203,1.4,5,12.6,3.4,12.2,NA,NA,0,0,74,NA,NA,NA,NA,NA,0.049,NA,NA,NA
2026-01-27 15:00:00,"SPF",3.6,3.4,3.8,NA,NA,72.2,5.7,-1,911.5,NA,996.7,NA,1309,2.2,203,0.9,3.2,7.9,2.1,7.6,NA,NA,0,0,54,NA,NA,NA,NA,NA,0.037,NA,NA,NA
2026-01-27 16:00:00,"SPF",3.1,2.3,3.6,NA,NA,78.6,6,-0.3,910.7,NA,995.9,NA,1300.6,1.7,135,0.8,2.9,6.1,1.7,6.1,NA,NA,0,0,27,NA,NA,NA,NA,NA,0.02,NA,NA,NA
2026-01-27 17:00:00,"SPF",2.5,2.2,2.8,NA,NA,83.9,6.1,0.1,910.6,NA,995.8,NA,1298.7,1.6,45,0.4,1.4,5.8,1.6,5.8,NA,NA,0,0,0,NA,NA,NA,NA,NA,-0.005,NA,NA,NA
2026-01-27 18:00:00,"SPF",2,1.6,2.4,NA,NA,88.3,6.2,0.3,910.3,NA,995.4,NA,1294.6,2.8,198,1.3,4.7,10.1,2.7,9.7,NA,NA,0,0,0,NA,NA,NA,NA,NA,-0.001,NA,NA,NA
2026-01-27 19:00:00,"SPF",1.9,1.7,2,NA,NA,89.8,6.3,0.4,909.8,NA,994.9,NA,1290.1,1.5,225,0.7,2.5,5.4,1.5,5.4,NA,NA,0,0,0,NA,NA,NA,NA,NA,-0.004,NA,NA,NA
2026-01-27 20:00:00,"SPF",1.5,1.3,1.7,NA,NA,94.8,6.5,0.8,909.8,NA,994.9,NA,1289.4,1.1,225,0.3,1.1,4,1.1,4,NA,NA,0,0,0,NA,NA,NA,NA,NA,-0.006,NA,NA,NA
2026-01-27 21:00:00,"SPF",1.4,1.1,1.5,NA,NA,96.6,6.5,0.9,909.6,NA,994.7,NA,1287.2,1.1,180,0.4,1.4,4,1.1,4,NA,NA,0,0,0,NA,NA,NA,NA,NA,-0.006,NA,NA,NA
2026-01-27 22:00:00,"SPF",1.1,0.9,1.3,NA,NA,98.6,6.5,0.9,909.2,NA,994.3,NA,1283.8,1.2,225,0.4,1.4,4.3,1.2,4.3,NA,NA,0,0,0,NA,NA,NA,NA,NA,-0.006,NA,NA,NA
2026-01-27 23:00:00,"SPF",0.9,0.8,1.1,NA,NA,99.3,6.5,0.8,908.8,NA,993.8,NA,1279.4,1.3,225,0.6,2.2,4.7,1.3,4.7,NA,NA,0,0,0,NA,NA,NA,NA,NA,-0.006,NA,NA,NA
2026-01-28,"SPF",1,0.7,1.5,NA,NA,97.5,6.4,0.7,908.2,NA,993.2,NA,1275,2.1,198,1,3.6,7.6,2.1,7.6,NA,NA,0,0,0,NA,NA,NA,NA,NA,-0.005,NA,NA,NA
2026-01-28 01:00:00,"SPF",1.1,0.9,1.3,NA,NA,96.8,6.4,0.6,907.5,NA,992.5,NA,1268.8,1.4,214,0.5,1.8,5,1.4,5,NA,NA,0,0,0,NA,NA,NA,NA,NA,-0.006,NA,NA,NA
2026-01-28 02:00:00,"SPF",0.9,0.8,1.3,NA,NA,97.7,6.4,0.6,906.8,NA,991.7,NA,1262.1,0.8,270,0.2,0.7,2.9,0.8,2.9,NA,NA,0,0,0,NA,NA,NA,NA,NA,-0.007,NA,NA,NA
2026-01-28 03:00:00,"SPF",0.4,0.2,0.9,NA,NA,99.3,6.3,0.3,906.4,NA,991.2,NA,1257.6,1.5,191,0.7,2.5,5.4,1.5,5.4,NA,NA,0,0,0,NA,NA,NA,NA,NA,-0.006,NA,NA,NA
2026-01-28 04:00:00,"SPF",-0.5,-1.4,0.3,NA,NA,99.3,5.9,-0.6,906,NA,990.8,NA,1252.6,1.6,180,0.6,2.2,5.8,1.6,5.8,NA,NA,0,0,0,NA,NA,NA,NA,NA,-0.006,NA,NA,NA
2026-01-28 05:00:00,"SPF",-1.7,-2.3,-1.5,NA,NA,99.3,5.3,-1.8,906.1,NA,990.9,NA,1250.8,1.8,217,1.1,4,6.5,1.8,6.5,NA,NA,0,0,0,NA,NA,NA,NA,NA,-0.005,NA,NA,NA
2026-01-28 06:00:00,"SPF",-2.1,-2.2,-1.7,NA,NA,99.3,5.3,-2.2,906,NA,990.8,NA,1249.4,2.2,202,1.2,4.3,7.9,2.2,7.9,NA,NA,0,0,0,NA,NA,NA,NA,NA,-0.004,NA,NA,NA
2026-01-28 07:00:00,"SPF",-1.4,-1.6,-1.3,NA,NA,99.3,5.5,-1.5,905.8,NA,990.6,NA,1249.1,1.8,212,1,3.6,6.5,1.8,6.5,NA,NA,0,0,0,NA,NA,NA,NA,NA,-0.005,NA,NA,NA
2026-01-28 08:00:00,"SPF",-0.4,-0.9,-0.1,NA,NA,93.8,5.6,-1.3,906,NA,990.8,NA,1253,2.5,191,1.5,5.4,9,2.5,9,NA,NA,0,0,5,NA,NA,NA,NA,NA,0.014,NA,NA,NA
2026-01-28 09:00:00,"SPF",0,-0.1,0.2,NA,NA,96.5,5.9,-0.5,906,NA,990.8,NA,1253.7,1.4,225,0.6,2.2,5,1.3,4.7,NA,NA,0,0,18,NA,NA,NA,NA,NA,0.018,NA,NA,NA
2026-01-28 10:00:00,"SPF",0.6,0.2,1.1,NA,NA,95.8,6.1,0,905.8,NA,990.6,NA,1252.4,1.3,225,0.8,2.9,4.7,1.3,4.7,NA,NA,0,0,66,NA,NA,NA,NA,NA,0.032,NA,NA,NA
2026-01-28 11:00:00,"SPF",1.8,1.7,1.9,NA,NA,84.9,5.9,-0.5,905.3,NA,990.1,NA,1250.7,1,180,0.4,1.4,3.6,1,3.6,NA,NA,0,0,119,NA,NA,NA,NA,NA,0.054,NA,NA,NA
2026-01-28 12:00:00,"SPF",2.1,2,2.2,NA,NA,83.3,5.9,-0.4,905.1,NA,989.9,NA,1249.5,1.2,34,0.5,1.8,4.3,1.1,4,NA,NA,0,0,53,NA,NA,NA,NA,NA,0.035,NA,NA,NA
2026-01-28 13:00:00,"SPF",2.1,2,2.2,NA,NA,91.7,6.5,0.9,905,NA,989.8,NA,1248.9,1.4,333,0.4,1.4,5,1.4,5,NA,NA,0,0,43,NA,NA,NA,NA,NA,0.03,NA,NA,NA
2026-01-28 14:00:00,"SPF",1.6,1.5,1.7,NA,NA,99.3,6.8,1.5,905,NA,989.8,NA,1247.8,1,169,0.6,2.2,3.6,1,3.6,NA,NA,0.5,0,39,NA,NA,NA,NA,NA,0.025,NA,NA,NA
2026-01-28 15:00:00,"SPF",1.6,1.5,1.7,NA,NA,99.4,6.9,1.5,905.4,NA,990.2,NA,1251,0.6,194,0.4,1.4,2.2,0.6,2.2,NA,NA,0.7,0,32,NA,NA,NA,NA,NA,0.022,NA,NA,NA
2026-01-28 16:00:00,"SPF",1.1,0.7,1.4,NA,NA,99.4,6.6,1,905.5,NA,990.3,NA,1250.8,0.6,194,0.4,1.4,2.2,0.6,2.2,NA,NA,0.6,0,10,NA,NA,NA,NA,NA,0.014,NA,NA,NA
2026-01-28 17:00:00,"SPF",0.6,0.6,0.7,NA,NA,99.4,6.3,0.5,905.9,NA,990.7,NA,1253.3,0.6,207,0.3,1.1,2.2,0.6,2.2,NA,NA,0.4,0,0,NA,NA,NA,NA,NA,-0.007,NA,NA,NA
2026-01-28 18:00:00,"SPF",0.6,0.4,0.8,NA,NA,99.4,6.3,0.5,906.4,NA,991.3,NA,1258.4,3.2,191,0.7,2.5,11.5,3.1,11.2,NA,NA,0.2,0,0,NA,NA,NA,NA,NA,-0.006,NA,NA,NA
2026-01-28 19:00:00,"SPF",1,0.8,1.2,NA,NA,99.4,6.5,0.9,906.7,NA,991.6,NA,1261.4,3.1,183,1.8,6.5,11.2,3,10.8,NA,NA,0.1,0,0,NA,NA,NA,NA,NA,-0.004,NA,NA,NA
2026-01-28 20:00:00,"SPF",1,0.8,1.1,NA,NA,99.4,6.5,0.9,907.1,NA,992,NA,1264.9,3,196,1.5,5.4,10.8,2.9,10.4,NA,NA,0,0,0,NA,NA,NA,NA,NA,-0.005,NA,NA,NA
2026-01-28 21:00:00,"SPF",1.2,1.1,1.3,NA,NA,99.4,6.6,1.1,907.6,NA,992.5,NA,1269.4,2.4,204,1.2,4.3,8.6,2.3,8.3,NA,NA,0.1,0,0,NA,NA,NA,NA,NA,-0.005,NA,NA,NA
2026-01-28 22:00:00,"SPF",0.9,0.6,1.1,NA,NA,99.4,6.5,0.8,908,NA,993,NA,1272.4,2.9,191,1.6,5.8,10.4,2.9,10.4,NA,NA,0.4,0,0,NA,NA,NA,NA,NA,-0.004,NA,NA,NA
2026-01-28 23:00:00,"SPF",0.9,0.8,1,NA,NA,99.4,6.5,0.8,908.2,NA,993.2,NA,1274.3,3.2,194,1.7,6.1,11.5,3.2,11.5,NA,NA,0.3,0,0,NA,NA,NA,NA,NA,-0.004,NA,NA,NA
2026-01-29,"SPF",1,0.8,1.2,NA,NA,99.4,6.5,0.9,908.6,NA,993.6,NA,1277.7,4.9,198,2,7.2,17.6,4.9,17.6,NA,NA,0,0,0,NA,NA,NA,NA,NA,-0.004,NA,NA,NA
2026-01-29 01:00:00,"SPF",1.4,1.2,1.6,NA,NA,99.3,6.7,1.3,909.1,NA,994.1,NA,1282.8,5.4,193,2.2,7.9,19.4,5.3,19.1,NA,NA,0,0,0,NA,NA,NA,NA,NA,-0.004,NA,NA,NA
2026-01-29 02:00:00,"SPF",1.6,1.4,1.7,NA,NA,99.3,6.8,1.5,909.7,NA,994.8,NA,1288.9,6.8,191,3.3,11.9,24.5,6.7,24.1,NA,NA,0,0,0,NA,NA,NA,NA,NA,-0.003,NA,NA,NA
2026-01-29 03:00:00,"SPF",1.5,1.4,1.6,NA,NA,99.3,6.8,1.4,910.2,NA,995.3,NA,1292.7,3.9,216,2.3,8.3,14,3.8,13.7,NA,NA,0,0,0,NA,NA,NA,NA,NA,-0.004,NA,NA,NA
2026-01-29 04:00:00,"SPF",1.5,1.4,1.6,NA,NA,99.2,6.8,1.4,910.6,NA,995.8,NA,1296.8,5.2,204,2.5,9,18.7,5.1,18.4,NA,NA,0.2,0,0,NA,NA,NA,NA,NA,-0.003,NA,NA,NA
2026-01-29 05:00:00,"SPF",1.3,1.1,1.4,NA,NA,99.3,6.7,1.2,911,NA,996.2,NA,1299.5,4.5,218,2.4,8.6,16.2,4.5,16.2,NA,NA,0.2,0,0,NA,NA,NA,NA,NA,-0.004,NA,NA,NA
2026-01-29 06:00:00,"SPF",1.2,1.2,1.3,NA,NA,99.3,6.6,1.1,911.6,NA,996.8,NA,1304.8,3.7,225,2.1,7.6,13.3,3.7,13.3,NA,NA,0.3,0,0,NA,NA,NA,NA,NA,-0.004,NA,NA,NA
2026-01-29 07:00:00,"SPF",1.1,0.9,1.2,NA,NA,99.3,6.6,1,912.2,NA,997.5,NA,1309.9,3.3,215,1.9,6.8,11.9,3.3,11.9,NA,NA,0.4,0,0,NA,NA,NA,NA,NA,-0.004,NA,NA,NA
2026-01-29 08:00:00,"SPF",1.2,1.1,1.3,NA,NA,99.3,6.6,1.1,912.9,NA,998.2,NA,1315.5,1.9,202,1.1,4,6.8,1.9,6.8,NA,NA,0.1,0,13,NA,NA,NA,NA,NA,0.012,NA,NA,NA
2026-01-29 09:00:00,"SPF",1.6,1.3,1.9,NA,NA,99.3,6.9,1.5,913.2,NA,998.6,NA,1319.8,2.2,200,1.5,5.4,7.9,2.2,7.9,NA,NA,0,0,70,NA,NA,NA,NA,NA,0.027,NA,NA,NA
2026-01-29 10:00:00,"SPF",2.2,2,2.4,NA,NA,99.2,7.1,2.1,913.5,NA,998.9,NA,1323.5,2.7,200,1.6,5.8,9.7,2.7,9.7,NA,NA,0,0,105,NA,NA,NA,NA,NA,0.041,NA,NA,NA
2026-01-29 11:00:00,"SPF",2.8,2.5,3,NA,NA,98.7,7.4,2.6,913.5,NA,998.9,NA,1324.8,2.4,188,1.5,5.4,8.6,2.3,8.3,NA,NA,0,0,168,NA,NA,NA,NA,NA,0.063,NA,NA,NA
2026-01-29 12:00:00,"SPF",3.5,3.2,3.8,NA,NA,92.1,7.2,2.4,913.2,NA,998.6,NA,1323.8,2.8,212,1.6,5.8,10.1,2.8,10.1,NA,NA,0,0,211,NA,NA,NA,NA,NA,0.083,NA,NA,NA
2026-01-29 13:00:00,"SPF",4,3.8,4.3,NA,NA,86.9,7.1,2,913,NA,998.4,NA,1323.1,3.3,225,1.4,5,11.9,3.3,11.9,NA,NA,0,0,218,NA,NA,NA,NA,NA,0.089,NA,NA,NA
2026-01-29 14:00:00,"SPF",4.3,4.2,4.3,NA,NA,85.6,7.1,2.1,913,NA,998.3,NA,1323.2,3.5,215,1.7,6.1,12.6,3.4,12.2,NA,NA,0,0,220,NA,NA,NA,NA,NA,0.085,NA,NA,NA
2026-01-29 15:00:00,"SPF",4.1,3.9,4.2,NA,NA,83.2,6.8,1.5,913.3,NA,998.7,NA,1325.3,2,286,0.9,3.2,7.2,1.9,6.8,NA,NA,0,0,107,NA,NA,NA,NA,NA,0.046,NA,NA,NA
2026-01-29 16:00:00,"SPF",3.7,3.4,3.9,NA,NA,84.6,6.8,1.4,913.5,NA,998.9,NA,1326.7,1,315,0.5,1.8,3.6,1,3.6,NA,NA,0,0,33,NA,NA,NA,NA,NA,0.018,NA,NA,NA
2026-01-29 17:00:00,"SPF",3,2.5,3.4,NA,NA,94.2,7.1,2.2,913.8,NA,999.2,NA,1327.7,2.3,16,0.8,2.9,8.3,2.3,8.3,NA,NA,0,0,3,NA,NA,NA,NA,NA,-0.004,NA,NA,NA
2026-01-29 18:00:00,"SPF",1.8,1.6,2,NA,NA,99.3,6.9,1.7,913.9,NA,999.3,NA,1326.3,1.3,214,0.7,2.5,4.7,1.3,4.7,NA,NA,0,0,0,NA,NA,NA,NA,NA,-0.006,NA,NA,NA
2026-01-29 19:00:00,"SPF",1,0.5,1.5,NA,NA,99.3,6.5,0.9,913.9,NA,999.3,NA,1323.9,1.7,212,1,3.6,6.1,1.6,5.8,NA,NA,0,0,0,NA,NA,NA,NA,NA,-0.005,NA,NA,NA
2026-01-29 20:00:00,"SPF",0.1,-0.6,0.6,NA,NA,99.4,6.1,0,913.8,NA,999.2,NA,1321.5,1.9,188,0.8,2.9,6.8,1.9,6.8,NA,NA,0,0,0,NA,NA,NA,NA,NA,-0.005,NA,NA,NA
2026-01-29 21:00:00,"SPF",-0.5,-0.9,-0.2,NA,NA,99.4,5.9,-0.6,914,NA,999.4,NA,1321.6,1.4,207,0.7,2.5,5,1.4,5,NA,NA,0,0,0,NA,NA,NA,NA,NA,-0.005,NA,NA,NA
2026-01-29 22:00:00,"SPF",-0.2,-0.3,-0.2,NA,NA,99.4,6,-0.3,913.7,NA,999.1,NA,1320.2,1.7,207,0.7,2.5,6.1,1.7,6.1,NA,NA,0,0,0,NA,NA,NA,NA,NA,-0.006,NA,NA,NA
2026-01-29 23:00:00,"SPF",-0.6,-0.9,-0.3,NA,NA,99.4,5.8,-0.7,913.4,NA,998.8,NA,1316.1,1.2,307,0.5,1.8,4.3,1.2,4.3,NA,NA,0,0,0,NA,NA,NA,NA,NA,-0.006,NA,NA,NA
2026-01-30,"SPF",-1.3,-1.8,-0.8,NA,NA,99.4,5.5,-1.4,913.2,NA,998.6,NA,1313.1,1.8,211,0.7,2.5,6.5,1.7,6.1,NA,NA,0,0,0,NA,NA,NA,NA,NA,-0.005,NA,NA,NA
2026-01-30 01:00:00,"SPF",-1.8,-1.9,-1.7,NA,NA,99.4,5.3,-1.9,913,NA,998.4,NA,1310.8,2.1,214,0.8,2.9,7.6,2,7.2,NA,NA,0,0,0,NA,NA,NA,NA,NA,-0.005,NA,NA,NA
2026-01-30 02:00:00,"SPF",-2.9,-3.4,-2.2,NA,NA,99.4,4.9,-3,913.1,NA,998.4,NA,1308.6,1.8,210,0.9,3.2,6.5,1.7,6.1,NA,NA,0,0,0,NA,NA,NA,NA,NA,-0.005,NA,NA,NA
2026-01-30 03:00:00,"SPF",-3.6,-3.9,-3,NA,NA,99.4,4.7,-3.7,913.1,NA,998.4,NA,1307.1,1.9,214,1.1,4,6.8,1.9,6.8,NA,NA,0,0,0,NA,NA,NA,NA,NA,-0.004,NA,NA,NA
2026-01-30 04:00:00,"SPF",-3.7,-3.9,-3.2,NA,NA,99.4,4.7,-3.8,912.8,NA,998.1,NA,1304.4,2.6,209,1.3,4.7,9.4,2.5,9,NA,NA,0,0,0,NA,NA,NA,NA,NA,-0.004,NA,NA,NA
2026-01-30 05:00:00,"SPF",-3.5,-3.7,-3.3,NA,NA,99.4,4.7,-3.6,912.6,NA,997.9,NA,1303.6,2.2,203,1.3,4.7,7.9,2.2,7.9,NA,NA,0,0,0,NA,NA,NA,NA,NA,-0.004,NA,NA,NA
2026-01-30 06:00:00,"SPF",-3,-3.3,-2.6,NA,NA,99.4,4.9,-3.1,912.9,NA,998.2,NA,1306.6,3.4,205,1.7,6.1,12.2,3.3,11.9,NA,NA,0,0,0,NA,NA,NA,NA,NA,-0.004,NA,NA,NA
2026-01-30 07:00:00,"SPF",-1.6,-2.3,-0.8,NA,NA,99.4,5.4,-1.7,913.3,NA,998.7,NA,1313.5,5.7,203,2.5,9,20.5,5.3,19.1,NA,NA,0,0,0,NA,NA,NA,NA,NA,-0.003,NA,NA,NA
2026-01-30 08:00:00,"SPF",-0.7,-0.9,-0.5,NA,NA,99.4,5.8,-0.8,913,NA,998.3,NA,1312.8,4.1,13,1.7,6.1,14.8,4,14.4,NA,NA,0,0,11,NA,NA,NA,NA,NA,0.011,NA,NA,NA
2026-01-30 09:00:00,"SPF",-0.2,-0.4,0.1,NA,NA,99.4,6,-0.3,913.5,NA,998.9,NA,1318.3,3.4,197,1.7,6.1,12.2,3.3,11.9,NA,NA,0,0,80,NA,NA,NA,NA,NA,0.026,NA,NA,NA
2026-01-30 10:00:00,"SPF",0.7,0.5,0.8,NA,NA,99.4,6.4,0.6,913.7,NA,999.1,NA,1321.7,2.9,200,1.3,4.7,10.4,2.8,10.1,NA,NA,0.1,0,80,NA,NA,NA,NA,NA,0.033,NA,NA,NA
2026-01-30 11:00:00,"SPF",1.2,1,1.3,NA,NA,99.4,6.6,1.1,914,NA,999.4,NA,1325.1,2.1,188,1,3.6,7.6,2.1,7.6,NA,NA,0.1,0,111,NA,NA,NA,NA,NA,0.046,NA,NA,NA
2026-01-30 12:00:00,"SPF",1.7,1.4,1.9,NA,NA,99.4,6.9,1.6,914,NA,999.4,NA,1326.6,2.9,197,1.5,5.4,10.4,2.8,10.1,NA,NA,0.1,0,138,NA,NA,NA,NA,NA,0.053,NA,NA,NA
2026-01-30 13:00:00,"SPF",2.1,2,2.3,NA,NA,99.4,7.1,2,914,NA,999.4,NA,1327.4,3.4,205,2,7.2,12.2,3.4,12.2,NA,NA,0.7,0,100,NA,NA,NA,NA,NA,0.041,NA,NA,NA
2026-01-30 14:00:00,"SPF",2.7,2.4,3,NA,NA,99.4,7.4,2.6,914,NA,999.4,NA,1329.1,3.3,204,1.7,6.1,11.9,3.2,11.5,NA,NA,0.3,0,102,NA,NA,NA,NA,NA,0.041,NA,NA,NA
2026-01-30 15:00:00,"SPF",3.2,3.1,3.3,NA,NA,99.3,7.6,3.1,914.4,NA,999.8,NA,1333.1,3.6,213,2,7.2,13,3.5,12.6,NA,NA,0.2,0,95,NA,NA,NA,NA,NA,0.034,NA,NA,NA
2026-01-30 16:00:00,"SPF",3,2.7,3.4,NA,NA,99.3,7.5,2.9,914.5,NA,1000,NA,1334.2,2.5,192,1.4,5,9,2.5,9,NA,NA,0,0,49,NA,NA,NA,NA,NA,0.015,NA,NA,NA
2026-01-30 17:00:00,"SPF",2.1,1.7,2.7,NA,NA,99.4,7.1,2,914.6,NA,1000.1,NA,1332.9,2.3,209,1,3.6,8.3,2.2,7.9,NA,NA,0,0,5,NA,NA,NA,NA,NA,-0.005,NA,NA,NA
2026-01-30 18:00:00,"SPF",1.6,1.3,2,NA,NA,99.4,6.8,1.5,914.8,NA,1000.3,NA,1333.4,2.7,221,1.3,4.7,9.7,2.6,9.4,NA,NA,0,0,0,NA,NA,NA,NA,NA,-0.005,NA,NA,NA
2026-01-30 19:00:00,"SPF",1,0.7,1.3,NA,NA,99.4,6.5,0.9,914.7,NA,1000.2,NA,1331.5,1.5,198,0.7,2.5,5.4,1.5,5.4,NA,NA,0,0,0,NA,NA,NA,NA,NA,-0.006,NA,NA,NA
2026-01-30 20:00:00,"SPF",0,-0.5,0.5,NA,NA,99.4,6.1,-0.1,914.6,NA,1000.1,NA,1328.3,1.5,135,0.8,2.9,5.4,1.5,5.4,NA,NA,0,0,0,NA,NA,NA,NA,NA,-0.005,NA,NA,NA
2026-01-30 21:00:00,"SPF",-0.7,-0.9,-0.3,NA,NA,99.4,5.8,-0.8,914.7,NA,1000.2,NA,1327.1,2.1,207,0.6,2.2,7.6,2.1,7.6,NA,NA,0,0,0,NA,NA,NA,NA,NA,-0.006,NA,NA,NA
2026-01-30 22:00:00,"SPF",-0.9,-0.9,-0.8,NA,NA,99.4,5.7,-1,914.3,NA,999.7,NA,1323.5,1.9,180,0.7,2.5,6.8,1.9,6.8,NA,NA,0,0,0,NA,NA,NA,NA,NA,-0.005,NA,NA,NA
2026-01-30 23:00:00,"SPF",-1.1,-1.3,-0.8,NA,NA,99.5,5.6,-1.2,914.4,NA,999.9,NA,1324.4,1.8,202,0.7,2.5,6.5,1.8,6.5,NA,NA,0,0,0,NA,NA,NA,NA,NA,-0.005,NA,NA,NA
2026-01-31,"SPF",-2,-2.3,-1.6,NA,NA,99.5,5.2,-2.1,914.4,NA,999.9,NA,1322.4,2.3,207,1.1,4,8.3,2.2,7.9,NA,NA,0,0,0,NA,NA,NA,NA,NA,-0.004,NA,NA,NA
2026-01-31 01:00:00,"SPF",-3,-3.5,-2.2,NA,NA,99.5,4.9,-3.1,914.2,NA,999.6,NA,1318.4,1.3,211,0.6,2.2,4.7,1.3,4.7,NA,NA,0,0,0,NA,NA,NA,NA,NA,-0.005,NA,NA,NA
2026-01-31 02:00:00,"SPF",-3.4,-3.7,-3,NA,NA,99.4,4.8,-3.5,914.2,NA,999.6,NA,1317.2,1.7,217,1,3.6,6.1,1.6,5.8,NA,NA,0,0,0,NA,NA,NA,NA,NA,-0.004,NA,NA,NA
2026-01-31 03:00:00,"SPF",-3.6,-4,-3.4,NA,NA,99.4,4.7,-3.7,913.9,NA,999.3,NA,1314.5,2.1,209,1.1,4,7.6,2,7.2,NA,NA,0,0,0,NA,NA,NA,NA,NA,-0.004,NA,NA,NA
2026-01-31 04:00:00,"SPF",-3.8,-4,-3.4,NA,NA,99.4,4.6,-3.9,914,NA,999.4,NA,1314.2,1.5,221,1,3.6,5.4,1.5,5.4,NA,NA,0,0,0,NA,NA,NA,NA,NA,-0.004,NA,NA,NA
2026-01-31 05:00:00,"SPF",-4.1,-4.1,-4,NA,NA,99.4,4.5,-4.2,914.2,NA,999.6,NA,1316.1,1.9,207,1.1,4,6.8,1.9,6.8,NA,NA,0,0,0,NA,NA,NA,NA,NA,-0.004,NA,NA,NA
2026-01-31 06:00:00,"SPF",-4.1,-4.3,-3.8,NA,NA,99.4,4.5,-4.2,914.3,NA,999.7,NA,1316.4,1.7,216,0.9,3.2,6.1,1.6,5.8,NA,NA,0,0,0,NA,NA,NA,NA,NA,-0.004,NA,NA,NA
2026-01-31 07:00:00,"SPF",-3.9,-4.2,-3.6,NA,NA,99.4,4.6,-4,914.2,NA,999.6,NA,1316.3,1.3,211,0.6,2.2,4.7,1.3,4.7,NA,NA,0,0,0,NA,NA,NA,NA,NA,-0.005,NA,NA,NA
2026-01-31 08:00:00,"SPF",-4,-4.4,-3.6,NA,NA,99.4,4.6,-4.1,914.8,NA,1000.3,NA,1321.1,0.8,198,0.4,1.4,2.9,0.8,2.9,NA,NA,0,0,15,NA,NA,NA,NA,NA,0.01,NA,NA,NA
2026-01-31 09:00:00,"SPF",-4.2,-4.4,-3.9,NA,NA,99.4,4.5,-4.3,915.6,NA,1001.1,NA,1327.7,0.9,207,0.4,1.4,3.2,0.9,3.2,NA,NA,0,0,37,NA,NA,NA,NA,NA,0.018,NA,NA,NA
2026-01-31 10:00:00,"SPF",-2.1,-3.6,-1.1,NA,NA,99.5,5.2,-2.2,916,NA,1001.6,NA,1335.6,0.9,198,0.4,1.4,3.2,0.9,3.2,NA,NA,0,0,299,NA,NA,NA,NA,NA,0.086,NA,NA,NA
2026-01-31 11:00:00,"SPF",-0.2,-0.8,0.3,NA,NA,99.5,6,-0.3,916.3,NA,1001.9,NA,1342.5,1.2,63,0.5,1.8,4.3,1.2,4.3,NA,NA,0,0,405,NA,NA,NA,NA,NA,0.13,NA,NA,NA
2026-01-31 12:00:00,"SPF",2.2,1.5,2.7,NA,NA,99.5,7.1,2.1,916.3,NA,1001.9,NA,1347.7,2.9,24,1.1,4,10.4,2.7,9.7,NA,NA,0,0,451,NA,NA,NA,NA,NA,0.152,NA,NA,NA
2026-01-31 13:00:00,"SPF",2.3,2.1,2.5,NA,NA,99.4,7.2,2.2,916.4,NA,1002,NA,1349,4.1,9,2.6,9.4,14.8,4,14.4,NA,NA,0,0,419,NA,NA,NA,NA,NA,0.124,NA,NA,NA
2026-01-31 14:00:00,"SPF",2,1.8,2.2,NA,NA,99.4,7,1.9,916.9,NA,1002.5,NA,1352.2,4.7,14,3.2,11.5,16.9,4.7,16.9,NA,NA,0,0,364,NA,NA,NA,NA,NA,0.098,NA,NA,NA
2026-01-31 15:00:00,"SPF",1.6,1.5,1.8,NA,NA,99.4,6.8,1.5,917.8,NA,1003.5,NA,1359.3,4.1,13,1.9,6.8,14.8,4,14.4,NA,NA,0,0,132,NA,NA,NA,NA,NA,0.04,NA,NA,NA
2026-01-31 16:00:00,"SPF",1.4,1.3,1.4,NA,NA,99.4,6.7,1.3,918.6,NA,1004.4,NA,1365.9,2.1,130,1,3.6,7.6,2,7.2,NA,NA,0,0,29,NA,NA,NA,NA,NA,0.014,NA,NA,NA
2026-01-31 17:00:00,"SPF",1.4,1.3,1.5,NA,NA,99.4,6.7,1.3,919.5,NA,1005.4,NA,1373.9,2.9,169,1.6,5.8,10.4,2.9,10.4,NA,NA,0,0,2,NA,NA,NA,NA,NA,-0.004,NA,NA,NA
2026-01-31 18:00:00,"SPF",0.7,0.2,1.2,NA,NA,99.4,6.4,0.6,920.3,NA,1006.2,NA,1378.7,4.7,168,3,10.8,16.9,4.6,16.6,NA,NA,0,0,0,NA,NA,NA,NA,NA,-0.003,NA,NA,NA
2026-01-31 19:00:00,"SPF",0.2,0.1,0.3,NA,NA,99.4,6.2,0.1,920.9,NA,1006.8,NA,1383,4.7,164,3.3,11.9,16.9,4.6,16.6,NA,NA,0,0,0,NA,NA,NA,NA,NA,-0.003,NA,NA,NA
2026-01-31 20:00:00,"SPF",-0.1,-0.3,0.1,NA,NA,99.4,6.1,-0.2,921.2,NA,1007.2,NA,1384.9,3.5,183,1.9,6.8,12.6,3.4,12.2,NA,NA,0,0,0,NA,NA,NA,NA,NA,-0.004,NA,NA,NA
2026-01-31 21:00:00,"SPF",-0.8,-1.4,-0.3,NA,NA,99.4,5.7,-0.9,921.7,NA,1007.7,NA,1386.9,2.8,205,1.5,5.4,10.1,2.8,10.1,NA,NA,0,0,0,NA,NA,NA,NA,NA,-0.004,NA,NA,NA
2026-01-31 22:00:00,"SPF",-1.5,-1.6,-1.3,NA,NA,99.4,5.4,-1.6,922,NA,1008,NA,1388.1,2.9,201,1.7,6.1,10.4,2.8,10.1,NA,NA,0,0,0,NA,NA,NA,NA,NA,-0.004,NA,NA,NA
2026-01-31 23:00:00,"SPF",-2.1,-2.7,-1.5,NA,NA,99.4,5.2,-2.2,922.2,NA,1008.2,NA,1388.2,2.5,215,1.6,5.8,9,2.4,8.6,NA,NA,0,0,0,NA,NA,NA,NA,NA,-0.004,NA,NA,NA
2026-02-01,"SPF",-2.8,-3.2,-2.5,NA,NA,99.4,5,-2.9,922.2,NA,1008.2,NA,1386.4,2.9,210,1.4,5,10.4,2.9,10.4,NA,NA,0,0,0,NA,NA,NA,NA,NA,-0.004,NA,NA,NA
2026-02-01 01:00:00,"SPF",-2.8,-3.3,-2.3,NA,NA,99.4,4.9,-2.9,922.2,NA,1008.2,NA,1386.7,2.8,214,1.5,5.4,10.1,2.8,10.1,NA,NA,0,0,0,NA,NA,NA,NA,NA,-0.004,NA,NA,NA
2026-02-01 02:00:00,"SPF",-3.1,-3.4,-2.8,NA,NA,99.4,4.8,-3.2,922.6,NA,1008.7,NA,1389.3,0.9,360,0.3,1.1,3.2,0.9,3.2,NA,NA,0,0,0,NA,NA,NA,NA,NA,-0.006,NA,NA,NA
2026-02-01 03:00:00,"SPF",-3.9,-4.1,-3.7,NA,NA,99.4,4.6,-4,922.7,NA,1008.8,NA,1388,0.9,207,0.5,1.8,3.2,0.9,3.2,NA,NA,0,0,0,NA,NA,NA,NA,NA,-0.005,NA,NA,NA
2026-02-01 04:00:00,"SPF",-4.3,-4.6,-3.9,NA,NA,99.4,4.4,-4.4,922.7,NA,1008.8,NA,1387.6,1.4,211,0.6,2.2,5,1.4,5,NA,NA,0,0,0,NA,NA,NA,NA,NA,-0.005,NA,NA,NA
2026-02-01 05:00:00,"SPF",-4.1,-4.5,-3.2,NA,NA,99.4,4.5,-4.2,922.9,NA,1009,NA,1389.1,2.9,207,1.6,5.8,10.4,2.8,10.1,NA,NA,0,0,0,NA,NA,NA,NA,NA,-0.003,NA,NA,NA
2026-02-01 06:00:00,"SPF",-3.3,-3.8,-2.8,NA,NA,99.3,4.8,-3.4,923.2,NA,1009.3,NA,1393.6,4.3,202,2.3,8.3,15.5,4.2,15.1,NA,NA,0,0,0,NA,NA,NA,NA,NA,-0.003,NA,NA,NA
2026-02-01 07:00:00,"SPF",-3.8,-4.2,-3.5,NA,NA,99.3,4.6,-3.9,923.3,NA,1009.4,NA,1393.2,3.2,210,1.6,5.8,11.5,3.1,11.2,NA,NA,0,0,0,NA,NA,NA,NA,NA,-0.003,NA,NA,NA
2026-02-01 08:00:00,"SPF",-4,-4.2,-3.8,NA,NA,99.3,4.5,-4.1,923.3,NA,1009.4,NA,1392.9,2.4,208,1.5,5.4,8.6,2.4,8.6,NA,NA,0,0,16,NA,NA,NA,NA,NA,0.009,NA,NA,NA
2026-02-01 09:00:00,"SPF",-3.6,-3.9,-3,NA,NA,99.3,4.6,-3.7,923.3,NA,1009.4,NA,1393.5,2.3,212,1.4,5,8.3,2.2,7.9,NA,NA,0,0,36,NA,NA,NA,NA,NA,0.017,NA,NA,NA
2026-02-01 10:00:00,"SPF",-0.6,-2.9,0.9,NA,NA,97.8,5.7,-0.9,923.1,NA,1009.2,NA,1399.9,1.9,217,1,3.6,6.8,1.8,6.5,NA,NA,0,0,291,NA,NA,NA,NA,NA,0.085,NA,NA,NA
2026-02-01 11:00:00,"SPF",2.5,1.3,3.3,NA,NA,84.5,6.2,0.1,922.5,NA,1008.6,NA,1402.2,1.4,243,0.5,1.8,5,1.3,4.7,NA,NA,0,0,438,NA,NA,NA,NA,NA,0.155,NA,NA,NA
2026-02-01 12:00:00,"SPF",3.5,3.3,3.6,NA,NA,82.9,6.5,0.9,921.7,NA,1007.7,NA,1397.4,2.2,197,1.1,4,7.9,2.1,7.6,NA,NA,0,0,470,NA,NA,NA,NA,NA,0.17,NA,NA,NA
2026-02-01 13:00:00,"SPF",4.6,3.8,5.3,NA,NA,76.6,6.5,0.8,921.1,NA,1007,NA,1394.8,4.4,13,2.4,8.6,15.8,4.2,15.1,NA,NA,0,0,433,NA,NA,NA,NA,NA,0.159,NA,NA,NA
2026-02-01 14:00:00,"SPF",5.5,5.4,5.6,NA,NA,69.7,6.3,0.4,920.8,NA,1006.7,NA,1395,4.4,38,2.9,10.4,15.8,4.3,15.5,NA,NA,0,0,345,NA,NA,NA,NA,NA,0.137,NA,NA,NA
2026-02-01 15:00:00,"SPF",5.3,4.9,5.6,NA,NA,72.1,6.4,0.6,920.8,NA,1006.7,NA,1394.2,4.1,36,2.3,8.3,14.8,4,14.4,NA,NA,0,0,191,NA,NA,NA,NA,NA,0.08,NA,NA,NA
2026-02-01 16:00:00,"SPF",4.2,3.7,4.8,NA,NA,84.4,7,1.8,920.4,NA,1006.3,NA,1388.1,4.6,30,2.8,10.1,16.6,4.5,16.2,NA,NA,0,0,82,NA,NA,NA,NA,NA,0.03,NA,NA,NA
2026-02-01 17:00:00,"SPF",2.4,1,3.4,NA,NA,94,6.8,1.5,920.1,NA,1006,NA,1380.7,2.7,135,0.8,2.9,9.7,2.6,9.4,NA,NA,0,0,8,NA,NA,NA,NA,NA,-0.003,NA,NA,NA
2026-02-01 18:00:00,"SPF",0.1,-0.6,0.7,NA,NA,99.3,6.1,0,920,NA,1005.9,NA,1375.1,2.3,202,1.2,4.3,8.3,2.2,7.9,NA,NA,0,0,0,NA,NA,NA,NA,NA,-0.005,NA,NA,NA
2026-02-01 19:00:00,"SPF",-0.7,-1.1,-0.3,NA,NA,99.3,5.8,-0.8,920,NA,1005.9,NA,1373.3,2.5,215,1.3,4.7,9,2.4,8.6,NA,NA,0,0,0,NA,NA,NA,NA,NA,-0.004,NA,NA,NA
2026-02-01 20:00:00,"SPF",-0.9,-1.1,-0.6,NA,NA,99.3,5.7,-1,919.9,NA,1005.8,NA,1371.3,2.1,211,1.2,4.3,7.6,2,7.2,NA,NA,0,0,0,NA,NA,NA,NA,NA,-0.004,NA,NA,NA
2026-02-01 21:00:00,"SPF",-0.7,-0.9,-0.5,NA,NA,99.3,5.8,-0.8,919.8,NA,1005.7,NA,1371.5,2.3,210,1.4,5,8.3,2.3,8.3,NA,NA,0,0,0,NA,NA,NA,NA,NA,-0.004,NA,NA,NA
2026-02-01 22:00:00,"SPF",-0.7,-0.9,-0.4,NA,NA,99.3,5.8,-0.8,919.8,NA,1005.6,NA,1371,2,214,1.1,4,7.2,2,7.2,NA,NA,0,0,0,NA,NA,NA,NA,NA,-0.005,NA,NA,NA
2026-02-01 23:00:00,"SPF",-0.7,-0.9,-0.3,NA,NA,99.3,5.8,-0.8,919.6,NA,1005.4,NA,1369.8,2.2,198,1.1,4,7.9,2.1,7.6,NA,NA,0,0,0,NA,NA,NA,NA,NA,-0.005,NA,NA,NA
2026-02-02,"SPF",-0.3,-0.5,-0.1,NA,NA,99.3,6,-0.4,919.2,NA,1005,NA,1367.4,2.2,221,1.2,4.3,7.9,2.1,7.6,NA,NA,0,0,0,NA,NA,NA,NA,NA,-0.005,NA,NA,NA
2026-02-02 01:00:00,"SPF",-0.3,-0.4,0.1,NA,NA,99.3,6,-0.4,918.3,NA,1004.1,NA,1359.7,3.9,200,1.4,5,14,3.8,13.7,NA,NA,0,0,0,NA,NA,NA,NA,NA,-0.004,NA,NA,NA
2026-02-02 02:00:00,"SPF",-0.3,-0.5,-0.2,NA,NA,99.3,5.9,-0.4,918.2,NA,1004,NA,1358.6,2.1,202,1.1,4,7.6,2.1,7.6,NA,NA,0,0,0,NA,NA,NA,NA,NA,-0.005,NA,NA,NA
2026-02-02 03:00:00,"SPF",-0.8,-1.3,-0.4,NA,NA,99.3,5.7,-0.9,917.1,NA,1002.8,NA,1347.9,2.4,207,1.1,4,8.6,2.3,8.3,NA,NA,0,0,0,NA,NA,NA,NA,NA,-0.005,NA,NA,NA
2026-02-02 04:00:00,"SPF",-1.9,-2.4,-1.2,NA,NA,99.3,5.3,-2,916.6,NA,1002.2,NA,1341.3,2.8,211,1.3,4.7,10.1,2.7,9.7,NA,NA,0,0,0,NA,NA,NA,NA,NA,-0.004,NA,NA,NA
2026-02-02 05:00:00,"SPF",-2.4,-2.9,-1.7,NA,NA,99.3,5.1,-2.5,916.4,NA,1002,NA,1338.6,3.7,210,1.8,6.5,13.3,3.6,13,NA,NA,0,0,0,NA,NA,NA,NA,NA,-0.004,NA,NA,NA
2026-02-02 06:00:00,"SPF",-2.9,-3.2,-2.4,NA,NA,99.3,4.9,-3,915.9,NA,1001.5,NA,1333,2.4,216,1,3.6,8.6,2.4,8.6,NA,NA,0,0,0,NA,NA,NA,NA,NA,-0.004,NA,NA,NA
2026-02-02 07:00:00,"SPF",-3.4,-3.7,-3,NA,NA,99.3,4.7,-3.5,915.8,NA,1001.4,NA,1331.3,2.1,196,0.8,2.9,7.6,2,7.2,NA,NA,0,0,0,NA,NA,NA,NA,NA,-0.005,NA,NA,NA
2026-02-02 08:00:00,"SPF",-3.7,-3.9,-3.4,NA,NA,99.3,4.6,-3.8,916,NA,1001.6,NA,1331.6,2.4,197,1,3.6,8.6,2.3,8.3,NA,NA,0,0,14,NA,NA,NA,NA,NA,0.01,NA,NA,NA
2026-02-02 09:00:00,"SPF",-3.7,-4,-3.2,NA,NA,99.3,4.6,-3.8,915.9,NA,1001.5,NA,1331.3,2.6,210,1.4,5,9.4,2.6,9.4,NA,NA,0,0,31,NA,NA,NA,NA,NA,0.016,NA,NA,NA
2026-02-02 10:00:00,"SPF",-0.1,-2.3,1.5,NA,NA,90.4,5.5,-1.5,915.6,NA,1001.1,NA,1336.6,1.7,201,0.9,3.2,6.1,1.6,5.8,NA,NA,0,0,329,NA,NA,NA,NA,NA,0.1,NA,NA,NA
2026-02-02 11:00:00,"SPF",3.2,2.2,4.1,NA,NA,72.2,5.5,-1.4,915.3,NA,1000.8,NA,1340.8,1.2,180,0.6,2.2,4.3,1.2,4.3,NA,NA,0,0,441,NA,NA,NA,NA,NA,0.162,NA,NA,NA
2026-02-02 12:00:00,"SPF",5.9,4.8,6.3,NA,NA,60,5.6,-1.3,915,NA,1000.5,NA,1344.3,4.4,35,1.3,4.7,15.8,4.3,15.5,NA,NA,0,0,479,NA,NA,NA,NA,NA,0.197,NA,NA,NA
2026-02-02 13:00:00,"SPF",6.4,6.1,6.6,NA,NA,57,5.4,-1.6,914.1,NA,999.6,NA,1337.9,4.8,37,3.4,12.2,17.3,4.7,16.9,NA,NA,0,0,460,NA,NA,NA,NA,NA,0.196,NA,NA,NA
2026-02-02 14:00:00,"SPF",6.6,6.5,6.8,NA,NA,57.6,5.6,-1.1,913.4,NA,998.8,NA,1332.3,5.9,44,3.7,13.3,21.2,5.5,19.8,NA,NA,0,0,376,NA,NA,NA,NA,NA,0.167,NA,NA,NA
2026-02-02 15:00:00,"SPF",6.1,5.7,6.5,NA,NA,62.3,5.9,-0.6,913.1,NA,998.5,NA,1328.6,5.3,38,3.4,12.2,19.1,5.1,18.4,NA,NA,0,0,172,NA,NA,NA,NA,NA,0.095,NA,NA,NA
2026-02-02 16:00:00,"SPF",5.2,4.6,5.6,NA,NA,70.7,6.3,0.3,913,NA,998.3,NA,1325.6,3.6,45,2,7.2,13,3.5,12.6,NA,NA,0,0,41,NA,NA,NA,NA,NA,0.038,NA,NA,NA
2026-02-02 17:00:00,"SPF",3.9,3.4,4.4,NA,NA,80.3,6.5,0.8,912.8,NA,998.1,NA,1320.8,1.9,30,1,3.6,6.8,1.9,6.8,NA,NA,0,0,2,NA,NA,NA,NA,NA,0,NA,NA,NA
2026-02-02 18:00:00,"SPF",2.9,2.4,3.4,NA,NA,89.3,6.7,1.3,912.5,NA,997.8,NA,1315.8,1.7,360,0.4,1.4,6.1,1.6,5.8,NA,NA,0,0,0,NA,NA,NA,NA,NA,-0.006,NA,NA,NA
2026-02-02 19:00:00,"SPF",1.9,1.8,2.2,NA,NA,98,6.9,1.7,912.2,NA,997.5,NA,1311.8,1.2,217,0.6,2.2,4.3,1.2,4.3,NA,NA,0,0,0,NA,NA,NA,NA,NA,-0.006,NA,NA,NA
2026-02-02 20:00:00,"SPF",1.7,1.5,1.9,NA,NA,99.2,6.9,1.6,912.3,NA,997.6,NA,1311.6,2.2,193,1,3.6,7.9,2.1,7.6,NA,NA,0,0,0,NA,NA,NA,NA,NA,-0.005,NA,NA,NA
2026-02-02 21:00:00,"SPF",2.5,2,3,NA,NA,93.6,6.9,1.6,912.8,NA,998.1,NA,1317.8,4.9,198,2,7.2,17.6,4.7,16.9,NA,NA,0,0,0,NA,NA,NA,NA,NA,-0.002,NA,NA,NA
2026-02-02 22:00:00,"SPF",2.6,2.3,2.9,NA,NA,92.5,6.8,1.5,912.3,NA,997.6,NA,1313.4,3.1,90,1.1,4,11.2,3,10.8,NA,NA,0,0,0,NA,NA,NA,NA,NA,-0.003,NA,NA,NA
2026-02-02 23:00:00,"SPF",1.7,1.1,2.2,NA,NA,98.2,6.8,1.5,912,NA,997.3,NA,1309.2,2.1,225,0.6,2.2,7.6,2.1,7.6,NA,NA,0,0,0,NA,NA,NA,NA,NA,-0.006,NA,NA,NA
2026-02-03,"SPF",1.2,1,1.4,NA,NA,99.3,6.6,1.1,911.8,NA,997.1,NA,1306.3,1.6,162,0.7,2.5,5.8,1.6,5.8,NA,NA,0,0,0,NA,NA,NA,NA,NA,-0.006,NA,NA,NA
2026-02-03 01:00:00,"SPF",0.8,0.5,1.1,NA,NA,99.3,6.4,0.7,911.2,NA,996.4,NA,1300.2,2.2,45,0.7,2.5,7.9,2.2,7.9,NA,NA,0,0,0,NA,NA,NA,NA,NA,-0.006,NA,NA,NA
2026-02-03 02:00:00,"SPF",0.7,0.5,1.1,NA,NA,99.3,6.4,0.6,910.7,NA,995.9,NA,1295.7,3,297,0.8,2.9,10.8,2.9,10.4,NA,NA,0,0,0,NA,NA,NA,NA,NA,-0.006,NA,NA,NA
2026-02-03 03:00:00,"SPF",1,0.7,1.2,NA,NA,99.3,6.5,0.9,909.5,NA,994.6,NA,1285.6,3.3,45,1.3,4.7,11.9,3.2,11.5,NA,NA,0,0,0,NA,NA,NA,NA,NA,-0.005,NA,NA,NA
2026-02-03 04:00:00,"SPF",0.3,0.1,0.6,NA,NA,99.3,6.2,0.2,908.4,NA,993.4,NA,1275.2,1.9,225,0.6,2.2,6.8,1.8,6.5,NA,NA,0,0,0,NA,NA,NA,NA,NA,-0.006,NA,NA,NA
2026-02-03 05:00:00,"SPF",-0.8,-1.1,-0.4,NA,NA,99.3,5.7,-0.9,908.1,NA,993.1,NA,1270.5,2.5,216,1,3.6,9,2.5,9,NA,NA,0,0,0,NA,NA,NA,NA,NA,-0.005,NA,NA,NA
2026-02-03 06:00:00,"SPF",-0.7,-1.1,-0.2,NA,NA,99.3,5.8,-0.8,908.1,NA,993.1,NA,1270.5,4.4,194,2.1,7.6,15.8,4.3,15.5,NA,NA,0,0,0,NA,NA,NA,NA,NA,-0.004,NA,NA,NA
2026-02-03 07:00:00,"SPF",2.1,0.5,3.6,NA,NA,86.1,6.1,-0.1,909.4,NA,994.5,NA,1287.3,5.3,186,2,7.2,19.1,5.2,18.7,NA,NA,0,0,0,NA,NA,NA,NA,NA,0.001,NA,NA,NA
2026-02-03 08:00:00,"SPF",3,2.2,3.5,NA,NA,77.2,5.8,-0.6,910.2,NA,995.3,NA,1296.1,7.9,183,3.8,13.7,28.4,7.6,27.4,NA,NA,0,0,34,NA,NA,NA,NA,NA,0.035,NA,NA,NA
2026-02-03 09:00:00,"SPF",4.3,3.4,5,NA,NA,71.6,5.9,-0.4,911.5,NA,996.7,NA,1310.3,8.6,188,3.3,11.9,31,8.4,30.2,NA,NA,0,0,60,NA,NA,NA,NA,NA,0.055,NA,NA,NA
2026-02-03 10:00:00,"SPF",6.2,5.6,6.9,NA,NA,67,6.4,0.6,912.4,NA,997.7,NA,1322.8,7.8,210,3.6,13,28.1,7.4,26.6,NA,NA,0,0,337,NA,NA,NA,NA,NA,0.142,NA,NA,NA
2026-02-03 11:00:00,"SPF",7,6.6,7.4,NA,NA,67.1,6.7,1.3,913.5,NA,998.9,NA,1333.8,6.8,225,3.6,13,24.5,6.7,24.1,NA,NA,0,0,339,NA,NA,NA,NA,NA,0.155,NA,NA,NA
2026-02-03 12:00:00,"SPF",6.2,6,6.3,NA,NA,74.2,7,2,915.1,NA,1000.6,NA,1345.9,7.6,235,3.7,13.3,27.4,7.4,26.6,NA,NA,0,0,149,NA,NA,NA,NA,NA,0.09,NA,NA,NA
2026-02-03 13:00:00,"SPF",6.9,6.4,7.8,NA,NA,70.6,7,1.9,915.5,NA,1001,NA,1351,8.2,207,3.2,11.5,29.5,7.9,28.4,NA,NA,0,0,235,NA,NA,NA,NA,NA,0.12,NA,NA,NA
2026-02-03 14:00:00,"SPF",7.9,7.7,8.2,NA,NA,65.7,7,1.9,915.5,NA,1001,NA,1353.8,4.9,225,1.7,6.1,17.6,4.8,17.3,NA,NA,0,0,371,NA,NA,NA,NA,NA,0.16,NA,NA,NA
2026-02-03 15:00:00,"SPF",8.1,8.1,8.3,NA,NA,64.1,6.9,1.8,916,NA,1001.6,NA,1358.2,2.3,185,1.2,4.3,8.3,2.2,7.9,NA,NA,0,0,288,NA,NA,NA,NA,NA,0.113,NA,NA,NA
2026-02-03 16:00:00,"SPF",8.2,7.1,8.7,NA,NA,65.6,7.1,2.1,916.1,NA,1001.7,NA,1359.1,1.4,158,0.7,2.5,5,1.4,5,NA,NA,0,0,174,NA,NA,NA,NA,NA,0.049,NA,NA,NA
2026-02-03 17:00:00,"SPF",4.7,4,6.3,NA,NA,82.5,7,1.9,916.1,NA,1001.7,NA,1351.8,2.3,194,1.3,4.7,8.3,2.2,7.9,NA,NA,0,0,12,NA,NA,NA,NA,NA,0.003,NA,NA,NA
2026-02-03 18:00:00,"SPF",2.3,1,3.6,NA,NA,93.1,6.7,1.3,916.4,NA,1002,NA,1348.5,2.7,212,1,3.6,9.7,2.6,9.4,NA,NA,0,0,0,NA,NA,NA,NA,NA,-0.004,NA,NA,NA
2026-02-03 19:00:00,"SPF",0.6,-0.3,1.2,NA,NA,99.2,6.3,0.5,917,NA,1002.6,NA,1349.8,2.1,212,1,3.6,7.6,2.1,7.6,NA,NA,0,0,0,NA,NA,NA,NA,NA,-0.005,NA,NA,NA
2026-02-03 20:00:00,"SPF",-0.2,-0.5,0.1,NA,NA,99.1,6,-0.3,917.1,NA,1002.7,NA,1349,4.2,207,1.6,5.8,15.1,4.1,14.8,NA,NA,0,0,0,NA,NA,NA,NA,NA,-0.004,NA,NA,NA
2026-02-03 21:00:00,"SPF",-1.3,-1.5,-0.8,NA,NA,99.3,5.5,-1.4,916.9,NA,1002.5,NA,1344.9,1.7,221,1.1,4,6.1,1.6,5.8,NA,NA,0,0,0,NA,NA,NA,NA,NA,-0.005,NA,NA,NA
2026-02-03 22:00:00,"SPF",-1.8,-2,-1.4,NA,NA,99.4,5.3,-1.9,916.9,NA,1002.5,NA,1343.4,2.3,212,1.3,4.7,8.3,2.3,8.3,NA,NA,0,0,0,NA,NA,NA,NA,NA,-0.004,NA,NA,NA
2026-02-03 23:00:00,"SPF",-2.4,-2.8,-2.2,NA,NA,99.4,5.1,-2.5,916.8,NA,1002.4,NA,1341.7,2.5,215,1.6,5.8,9,2.5,9,NA,NA,0,0,0,NA,NA,NA,NA,NA,-0.004,NA,NA,NA
2026-02-04,"SPF",-2.4,-2.5,-2.2,NA,NA,99.4,5.1,-2.5,916.7,NA,1002.3,NA,1340.4,2.7,215,1.6,5.8,9.7,2.7,9.7,NA,NA,0,0,0,NA,NA,NA,NA,NA,-0.004,NA,NA,NA
2026-02-04 01:00:00,"SPF",-2.5,-2.7,-1.9,NA,NA,99.3,5.1,-2.6,916.1,NA,1001.7,NA,1335.3,2.4,216,1.4,5,8.6,2.4,8.6,NA,NA,0,0,0,NA,NA,NA,NA,NA,-0.004,NA,NA,NA
2026-02-04 02:00:00,"SPF",-2.7,-3,-2.3,NA,NA,99.3,5,-2.8,915.3,NA,1000.8,NA,1328.3,2.7,217,1,3.6,9.7,2.6,9.4,NA,NA,0,0,0,NA,NA,NA,NA,NA,-0.004,NA,NA,NA
2026-02-04 03:00:00,"SPF",-3.4,-3.8,-2.8,NA,NA,99.3,4.7,-3.5,914.5,NA,1000,NA,1320.2,2.1,214,1.1,4,7.6,2.1,7.6,NA,NA,0,0,0,NA,NA,NA,NA,NA,-0.004,NA,NA,NA
2026-02-04 04:00:00,"SPF",-3.4,-3.6,-3.3,NA,NA,99.3,4.7,-3.5,913.7,NA,999.1,NA,1312.7,2.5,215,1.6,5.8,9,2.4,8.6,NA,NA,0,0,0,NA,NA,NA,NA,NA,-0.004,NA,NA,NA
2026-02-04 05:00:00,"SPF",-3.5,-3.7,-3.3,NA,NA,99.3,4.7,-3.6,912.9,NA,998.2,NA,1305.9,2.3,216,1.4,5,8.3,2.3,8.3,NA,NA,0,0,0,NA,NA,NA,NA,NA,-0.004,NA,NA,NA
2026-02-04 06:00:00,"SPF",-3.7,-3.9,-3.5,NA,NA,99.3,4.6,-3.8,912.1,NA,997.4,NA,1298.8,2,214,1.1,4,7.2,2,7.2,NA,NA,0,0,0,NA,NA,NA,NA,NA,-0.004,NA,NA,NA
2026-02-04 07:00:00,"SPF",-3.8,-4,-3.6,NA,NA,99.3,4.6,-3.9,911.4,NA,996.6,NA,1292.2,1.8,211,0.8,2.9,6.5,1.8,6.5,NA,NA,0,0,0,NA,NA,NA,NA,NA,-0.005,NA,NA,NA
2026-02-04 08:00:00,"SPF",-3.3,-3.6,-3.1,NA,NA,99.3,4.8,-3.4,911,NA,996.2,NA,1290.2,2,214,0.8,2.9,7.2,2,7.2,NA,NA,0,0,30,NA,NA,NA,NA,NA,0.011,NA,NA,NA
2026-02-04 09:00:00,"SPF",-2.1,-2.6,-1.5,NA,NA,99.3,5.2,-2.2,910.7,NA,995.9,NA,1290,1.3,217,0.6,2.2,4.7,1.3,4.7,NA,NA,0,0,77,NA,NA,NA,NA,NA,0.027,NA,NA,NA
2026-02-04 10:00:00,"SPF",-0.6,-1.2,-0.2,NA,NA,98.5,5.8,-0.9,910.3,NA,995.4,NA,1289.6,1.8,180,0.6,2.2,6.5,1.8,6.5,NA,NA,0,0,85,NA,NA,NA,NA,NA,0.036,NA,NA,NA
2026-02-04 11:00:00,"SPF",0.4,-0.1,1,NA,NA,95.5,6,-0.2,909.8,NA,994.9,NA,1287.8,1.3,225,0.3,1.1,4.7,1.3,4.7,NA,NA,0,0,151,NA,NA,NA,NA,NA,0.061,NA,NA,NA
2026-02-04 12:00:00,"SPF",2.8,1.3,3.8,NA,NA,79,5.9,-0.5,909,NA,994.1,NA,1285.3,2.6,360,0.8,2.9,9.4,2.6,9.4,NA,NA,0,0,356,NA,NA,NA,NA,NA,0.136,NA,NA,NA
2026-02-04 13:00:00,"SPF",3.8,3.5,4.2,NA,NA,75.8,6.1,-0.1,908.1,NA,993.1,NA,1279,4.2,3,2.1,7.6,15.1,4.1,14.8,NA,NA,0,0,293,NA,NA,NA,NA,NA,0.118,NA,NA,NA
2026-02-04 14:00:00,"SPF",3.6,3.5,3.8,NA,NA,81.2,6.4,0.7,907.3,NA,992.2,NA,1272,3.5,3,2.1,7.6,12.6,3.5,12.6,NA,NA,0,0,228,NA,NA,NA,NA,NA,0.09,NA,NA,NA
2026-02-04 15:00:00,"SPF",3.4,3.1,3.6,NA,NA,86.4,6.7,1.4,907,NA,991.9,NA,1269.2,3.4,12,2.1,7.6,12.2,3.3,11.9,NA,NA,0,0,181,NA,NA,NA,NA,NA,0.064,NA,NA,NA
2026-02-04 16:00:00,"SPF",3.4,3.3,3.5,NA,NA,86.6,6.7,1.4,906.8,NA,991.7,NA,1266.8,2.5,9,1.3,4.7,9,2.5,9,NA,NA,0,0,124,NA,NA,NA,NA,NA,0.029,NA,NA,NA
2026-02-04 17:00:00,"SPF",2.5,1.9,3.1,NA,NA,91.7,6.7,1.3,906.6,NA,991.5,NA,1263.3,1.7,6,1.1,4,6.1,1.7,6.1,NA,NA,0,0,20,NA,NA,NA,NA,NA,0,NA,NA,NA
2026-02-04 18:00:00,"SPF",0.5,-0.4,1.5,NA,NA,99.2,6.3,0.4,906.6,NA,991.5,NA,1259.3,1.7,315,0.7,2.5,6.1,1.7,6.1,NA,NA,0,0,0,NA,NA,NA,NA,NA,-0.006,NA,NA,NA
2026-02-04 19:00:00,"SPF",-0.8,-1.5,-0.5,NA,NA,99.3,5.7,-0.9,906.8,NA,991.7,NA,1258.4,1.5,201,0.9,3.2,5.4,1.5,5.4,NA,NA,0,0,0,NA,NA,NA,NA,NA,-0.005,NA,NA,NA
2026-02-04 20:00:00,"SPF",-1.5,-1.7,-1.2,NA,NA,99.3,5.5,-1.6,906.9,NA,991.8,NA,1258.3,2.6,210,1.4,5,9.4,2.5,9,NA,NA,0,0,0,NA,NA,NA,NA,NA,-0.004,NA,NA,NA
2026-02-04 21:00:00,"SPF",-1.6,-2.4,-0.8,NA,NA,99.3,5.4,-1.7,906.8,NA,991.7,NA,1257.3,4.2,205,1.5,5.4,15.1,4.1,14.8,NA,NA,0,0,0,NA,NA,NA,NA,NA,-0.004,NA,NA,NA
2026-02-04 22:00:00,"SPF",-0.3,-0.4,-0.2,NA,NA,95,5.7,-1,906.9,NA,991.8,NA,1260.4,4.4,200,2.3,8.3,15.8,4.2,15.1,NA,NA,0,0,0,NA,NA,NA,NA,NA,-0.002,NA,NA,NA
2026-02-04 23:00:00,"SPF",-0.4,-1.1,0.2,NA,NA,90,5.4,-1.8,907,NA,991.9,NA,1261.5,5.6,194,3.3,11.9,20.2,5.5,19.8,NA,NA,0,0,0,NA,NA,NA,NA,NA,0.002,NA,NA,NA
2026-02-05,"SPF",0,-0.2,0.3,NA,NA,85.1,5.2,-2.2,907.3,NA,992.2,NA,1264.7,6.3,193,3.9,14,22.7,6.2,22.3,NA,NA,0,0,0,NA,NA,NA,NA,NA,0.005,NA,NA,NA
2026-02-05 01:00:00,"SPF",-0.7,-1.1,-0.3,NA,NA,85.1,5,-2.9,907.5,NA,992.4,NA,1265,4.6,202,3.2,11.5,16.6,4.5,16.2,NA,NA,0,0,0,NA,NA,NA,NA,NA,0.004,NA,NA,NA
2026-02-05 02:00:00,"SPF",-1.1,-1.6,-0.1,NA,NA,85.7,4.8,-3.2,907.7,NA,992.6,NA,1266,4.6,200,2.4,8.6,16.6,4.5,16.2,NA,NA,0,0,0,NA,NA,NA,NA,NA,0.002,NA,NA,NA
2026-02-05 03:00:00,"SPF",-2.1,-2.3,-1.7,NA,NA,90.8,4.8,-3.4,907.7,NA,992.6,NA,1263.9,3.9,209,2.1,7.6,14,3.8,13.7,NA,NA,0,0,0,NA,NA,NA,NA,NA,0,NA,NA,NA
2026-02-05 04:00:00,"SPF",-2.6,-3,-2.3,NA,NA,92.5,4.7,-3.7,907.7,NA,992.6,NA,1262.7,3.6,215,2.1,7.6,13,3.4,12.2,NA,NA,0,0,0,NA,NA,NA,NA,NA,-0.001,NA,NA,NA
2026-02-05 05:00:00,"SPF",-2.7,-2.9,-2.3,NA,NA,90.8,4.5,-4,907.8,NA,992.7,NA,1263.7,3.4,209,2.1,7.6,12.2,3.3,11.9,NA,NA,0,0,0,NA,NA,NA,NA,NA,0,NA,NA,NA
2026-02-05 06:00:00,"SPF",-2.6,-3.1,-2.2,NA,NA,90,4.5,-4,908.3,NA,993.3,NA,1268.3,4.7,216,2.3,8.3,16.9,4.6,16.6,NA,NA,0,0,0,NA,NA,NA,NA,NA,0,NA,NA,NA
2026-02-05 07:00:00,"SPF",-2.6,-3.3,-1.8,NA,NA,88.7,4.5,-4.2,908.4,NA,993.4,NA,1269.2,3.7,214,2.3,8.3,13.3,3.6,13,NA,NA,0,0,0,NA,NA,NA,NA,NA,0.001,NA,NA,NA
2026-02-05 08:00:00,"SPF",-1.9,-2.2,-1.3,NA,NA,86.5,4.6,-3.9,907.7,NA,992.6,NA,1264.1,3,188,1.2,4.3,10.8,2.9,10.4,NA,NA,0,0,17,NA,NA,NA,NA,NA,0.016,NA,NA,NA
2026-02-05 09:00:00,"SPF",-2.1,-2.4,-1.5,NA,NA,89.8,4.7,-3.5,907.8,NA,992.8,NA,1265.4,3.1,207,1.2,4.3,11.2,3.1,11.2,NA,NA,0,0,40,NA,NA,NA,NA,NA,0.023,NA,NA,NA
2026-02-05 10:00:00,"SPF",1.1,-1,2.8,NA,NA,75.8,5,-2.7,907.7,NA,992.7,NA,1270.8,1.6,153,0.6,2.2,5.8,1.6,5.8,NA,NA,0,0,356,NA,NA,NA,NA,NA,0.118,NA,NA,NA
2026-02-05 11:00:00,"SPF",4.8,3.3,6.4,NA,NA,61.7,5.3,-2,907.7,NA,992.7,NA,1277.8,2.1,198,0.9,3.2,7.6,2,7.2,NA,NA,0,0,446,NA,NA,NA,NA,NA,0.176,NA,NA,NA
2026-02-05 12:00:00,"SPF",7.2,6.2,7.9,NA,NA,53.5,5.4,-1.7,906.6,NA,991.5,NA,1272.6,4.1,38,1.7,6.1,14.8,3.9,14,NA,NA,0,0,486,NA,NA,NA,NA,NA,0.214,NA,NA,NA
2026-02-05 13:00:00,"SPF",7.7,7.6,7.9,NA,NA,49.8,5.2,-2.1,905.8,NA,990.6,NA,1266.1,5.8,42,3.7,13.3,20.9,5.7,20.5,NA,NA,0,0,468,NA,NA,NA,NA,NA,0.22,NA,NA,NA
2026-02-05 14:00:00,"SPF",7.6,7.4,7.8,NA,NA,50.5,5.3,-2,905.4,NA,990.2,NA,1262.3,5.6,40,3.8,13.7,20.2,5.5,19.8,NA,NA,0,0,394,NA,NA,NA,NA,NA,0.19,NA,NA,NA
2026-02-05 15:00:00,"SPF",7.4,7.2,7.5,NA,NA,52.5,5.4,-1.7,905.2,NA,990,NA,1260.5,5.1,37,3.3,11.9,18.4,5.1,18.4,NA,NA,0,0,276,NA,NA,NA,NA,NA,0.135,NA,NA,NA
2026-02-05 16:00:00,"SPF",6.6,6.1,7.1,NA,NA,56.6,5.5,-1.4,905,NA,989.7,NA,1257.1,4,38,2.3,8.3,14.4,4,14.4,NA,NA,0,0,94,NA,NA,NA,NA,NA,0.058,NA,NA,NA
2026-02-05 17:00:00,"SPF",4,2.7,5.7,NA,NA,69,5.6,-1.2,904.1,NA,988.8,NA,1244.3,2.6,360,0.9,3.2,9.4,2.6,9.4,NA,NA,0,0,5,NA,NA,NA,NA,NA,0.003,NA,NA,NA
2026-02-05 18:00:00,"SPF",2.2,1.4,2.8,NA,NA,78.5,5.6,-1.2,903.1,NA,987.7,NA,1232.3,1,315,0.4,1.4,3.6,1,3.6,NA,NA,0,0,0,NA,NA,NA,NA,NA,-0.004,NA,NA,NA
2026-02-05 19:00:00,"SPF",0,-0.4,0.3,NA,NA,91,5.6,-1.3,902.6,NA,987.2,NA,1223.9,1.8,198,0.9,3.2,6.5,1.8,6.5,NA,NA,0,0,0,NA,NA,NA,NA,NA,-0.003,NA,NA,NA
2026-02-05 20:00:00,"SPF",-0.3,-0.6,0.3,NA,NA,95,5.7,-1,902.3,NA,986.8,NA,1220.2,2.8,214,0.9,3.2,10.1,2.8,10.1,NA,NA,0,0,0,NA,NA,NA,NA,NA,-0.004,NA,NA,NA
2026-02-05 21:00:00,"SPF",0.7,-0.2,1.3,NA,NA,90.4,5.8,-0.8,902.5,NA,987.1,NA,1224.3,5.7,189,2.5,9,20.5,5.6,20.2,NA,NA,0,0,0,NA,NA,NA,NA,NA,0.001,NA,NA,NA
2026-02-05 22:00:00,"SPF",1.6,1.3,1.8,NA,NA,84.8,5.8,-0.7,902.9,NA,987.5,NA,1229.3,3.2,210,1.7,6.1,11.5,3.1,11.2,NA,NA,0,0,0,NA,NA,NA,NA,NA,0.001,NA,NA,NA
2026-02-05 23:00:00,"SPF",1.7,1,2.2,NA,NA,86.1,5.9,-0.4,902.9,NA,987.5,NA,1229,4.4,199,1.9,6.8,15.8,4.3,15.5,NA,NA,0,0,0,NA,NA,NA,NA,NA,0.001,NA,NA,NA
2026-02-06,"SPF",2.6,2.1,3.1,NA,NA,79,5.8,-0.7,902.6,NA,987.2,NA,1228.2,4.4,192,2,7.2,15.8,4.3,15.5,NA,NA,0,0,0,NA,NA,NA,NA,NA,0.005,NA,NA,NA
2026-02-06 01:00:00,"SPF",2.3,1.5,2.8,NA,NA,85.3,6.1,0,903,NA,987.6,NA,1231.1,3,180,1,3.6,10.8,3,10.8,NA,NA,0,0,0,NA,NA,NA,NA,NA,-0.002,NA,NA,NA
2026-02-06 02:00:00,"SPF",2.3,1.6,3.1,NA,NA,91.7,6.6,1.1,903.5,NA,988.1,NA,1236.1,5.1,184,1.5,5.4,18.4,5,18,NA,NA,0,0,0,NA,NA,NA,NA,NA,-0.002,NA,NA,NA
2026-02-06 03:00:00,"SPF",4.2,3.4,4.5,NA,NA,80.7,6.7,1.2,904,NA,988.7,NA,1243.5,6.9,221,3.3,11.9,24.8,6.6,23.8,NA,NA,0,0,0,NA,NA,NA,NA,NA,0.008,NA,NA,NA
2026-02-06 04:00:00,"SPF",3.7,3.6,3.9,NA,NA,88.1,7,2,904.7,NA,989.4,NA,1248.7,5.5,213,2.8,10.1,19.8,5.4,19.4,NA,NA,0,0,0,NA,NA,NA,NA,NA,0.003,NA,NA,NA
2026-02-06 05:00:00,"SPF",3.4,3.3,3.5,NA,NA,97.2,7.6,3,905.6,NA,990.4,NA,1256.5,4.6,211,2.8,10.1,16.6,4.5,16.2,NA,NA,0.1,0,0,NA,NA,NA,NA,NA,-0.002,NA,NA,NA
2026-02-06 06:00:00,"SPF",3,2.8,3.2,NA,NA,99.3,7.5,2.9,906.1,NA,990.9,NA,1260,3.8,203,2.2,7.9,13.7,3.7,13.3,NA,NA,0.3,0,0,NA,NA,NA,NA,NA,-0.004,NA,NA,NA
2026-02-06 07:00:00,"SPF",3,2.8,3.1,NA,NA,99.3,7.5,2.9,906.5,NA,991.3,NA,1263.4,2.7,225,1,3.6,9.7,2.6,9.4,NA,NA,0,0,0,NA,NA,NA,NA,NA,-0.006,NA,NA,NA
2026-02-06 08:00:00,"SPF",2.9,2.8,3,NA,NA,99.3,7.5,2.8,907.4,NA,992.3,NA,1271,1.7,9,0.7,2.5,6.1,1.7,6.1,NA,NA,0,0,12,NA,NA,NA,NA,NA,0.015,NA,NA,NA
2026-02-06 09:00:00,"SPF",3.2,3,3.3,NA,NA,99.3,7.6,3.1,908.4,NA,993.4,NA,1280.9,1.6,202,0.7,2.5,5.8,1.6,5.8,NA,NA,0.1,0,44,NA,NA,NA,NA,NA,0.026,NA,NA,NA
2026-02-06 10:00:00,"SPF",4.4,3.5,5.3,NA,NA,99.3,8.3,4.3,909.1,NA,994.2,NA,1289.8,4.8,208,2.3,8.3,17.3,4.5,16.2,NA,NA,0.6,0,81,NA,NA,NA,NA,NA,0.037,NA,NA,NA
2026-02-06 11:00:00,"SPF",5.2,5.1,5.5,NA,NA,99.3,8.8,5.1,909.8,NA,994.9,NA,1297.2,6.2,225,3.7,13.3,22.3,6,21.6,NA,NA,0.5,0,111,NA,NA,NA,NA,NA,0.045,NA,NA,NA
2026-02-06 12:00:00,"SPF",6.1,5.4,7.3,NA,NA,96.8,9.1,5.6,910.2,NA,995.3,NA,1302.2,5.4,227,3.5,12.6,19.4,5.3,19.1,NA,NA,0.1,0,185,NA,NA,NA,NA,NA,0.073,NA,NA,NA
2026-02-06 13:00:00,"SPF",7.7,7.2,8,NA,NA,85.2,8.9,5.4,910.3,NA,995.5,NA,1307.2,5,229,3,10.8,18,4.9,17.6,NA,NA,0,0,281,NA,NA,NA,NA,NA,0.123,NA,NA,NA
2026-02-06 14:00:00,"SPF",7.9,7.8,8,NA,NA,81,8.6,4.8,910.8,NA,996,NA,1311.3,6.7,211,2.7,9.7,24.1,6.6,23.8,NA,NA,0,0,115,NA,NA,NA,NA,NA,0.071,NA,NA,NA
2026-02-06 15:00:00,"SPF",7,6.7,7.5,NA,NA,86.8,8.7,5,911.6,NA,996.8,NA,1316.9,9.2,197,3.8,13.7,33.1,8.9,32,NA,NA,0.5,0,55,NA,NA,NA,NA,NA,0.044,NA,NA,NA
2026-02-06 16:00:00,"SPF",7.1,6.3,7.4,NA,NA,91.8,9.2,5.8,912,NA,997.3,NA,1320.9,3.9,186,1.9,6.8,14,3.9,14,NA,NA,0.1,0,141,NA,NA,NA,NA,NA,0.036,NA,NA,NA
2026-02-06 17:00:00,"SPF",5.2,4.8,5.6,NA,NA,99.3,8.8,5.1,912.6,NA,997.9,NA,1321.9,3.1,202,1.8,6.5,11.2,3.1,11.2,NA,NA,0,0,6,NA,NA,NA,NA,NA,-0.004,NA,NA,NA
2026-02-06 18:00:00,"SPF",4.9,4.7,5.3,NA,NA,99,8.6,4.8,913.5,NA,998.9,NA,1329.2,3.8,198,2,7.2,13.7,3.8,13.7,NA,NA,0,0,0,NA,NA,NA,NA,NA,-0.004,NA,NA,NA
2026-02-06 19:00:00,"SPF",4.6,4.2,4.8,NA,NA,98.8,8.4,4.4,914.2,NA,999.6,NA,1334.4,4.7,196,2.6,9.4,16.9,4.7,16.9,NA,NA,0,0,0,NA,NA,NA,NA,NA,-0.004,NA,NA,NA
2026-02-06 20:00:00,"SPF",4.1,3.8,4.5,NA,NA,98.3,8,3.8,914.8,NA,1000.3,NA,1339.2,5.2,198,2.1,7.6,18.7,5.1,18.4,NA,NA,0,0,0,NA,NA,NA,NA,NA,-0.004,NA,NA,NA
2026-02-06 21:00:00,"SPF",3.8,3.1,4.5,NA,NA,97.7,7.9,3.5,915.6,NA,1001.1,NA,1345.1,4.2,207,1.2,4.3,15.1,4,14.4,NA,NA,0,0,0,NA,NA,NA,NA,NA,-0.005,NA,NA,NA
2026-02-06 22:00:00,"SPF",2.1,1.9,2.3,NA,NA,99.3,7.1,2,916.3,NA,1001.9,NA,1347.5,2.5,204,1.1,4,9,2.5,9,NA,NA,0,0,0,NA,NA,NA,NA,NA,-0.005,NA,NA,NA
2026-02-06 23:00:00,"SPF",2.7,2.5,2.8,NA,NA,99.3,7.4,2.6,916.9,NA,1002.5,NA,1353.8,2.5,201,1.4,5,9,2.5,9,NA,NA,0,0,0,NA,NA,NA,NA,NA,-0.005,NA,NA,NA
2026-02-07,"SPF",4,3.2,4.9,NA,NA,99.1,8,3.9,917.3,NA,1003,NA,1360.3,4.9,218,1.8,6.5,17.6,4.9,17.6,NA,NA,0.1,0,0,NA,NA,NA,NA,NA,-0.005,NA,NA,NA
2026-02-07 01:00:00,"SPF",4.5,3.8,4.8,NA,NA,98.8,8.3,4.3,917.6,NA,1003.3,NA,1363.9,4.6,198,1.7,6.1,16.6,4.5,16.2,NA,NA,0.4,0,0,NA,NA,NA,NA,NA,-0.005,NA,NA,NA
2026-02-07 02:00:00,"SPF",3.7,3.5,4,NA,NA,99.3,7.9,3.6,917.7,NA,1003.4,NA,1363.6,2.2,201,1.4,5,7.9,2.2,7.9,NA,NA,0.1,0,0,NA,NA,NA,NA,NA,-0.005,NA,NA,NA
2026-02-07 03:00:00,"SPF",3.4,3.2,3.5,NA,NA,99.3,7.7,3.3,917.7,NA,1003.4,NA,1362.8,2.1,212,1.4,5,7.6,2.1,7.6,NA,NA,0,0,0,NA,NA,NA,NA,NA,-0.005,NA,NA,NA
2026-02-07 04:00:00,"SPF",3.3,3.2,3.4,NA,NA,99.3,7.7,3.2,917.8,NA,1003.5,NA,1363.3,1.6,219,0.8,2.9,5.8,1.5,5.4,NA,NA,0,0,0,NA,NA,NA,NA,NA,-0.006,NA,NA,NA
2026-02-07 05:00:00,"SPF",3.1,2.7,3.4,NA,NA,99.3,7.6,3,917.8,NA,1003.5,NA,1362.9,2.1,212,1.2,4.3,7.6,2.1,7.6,NA,NA,0,0,0,NA,NA,NA,NA,NA,-0.005,NA,NA,NA
2026-02-07 06:00:00,"SPF",2.4,1.7,3.2,NA,NA,99.4,7.3,2.3,918,NA,1003.7,NA,1363.2,1.9,180,0.7,2.5,6.8,1.9,6.8,NA,NA,0,0,0,NA,NA,NA,NA,NA,-0.006,NA,NA,NA
2026-02-07 07:00:00,"SPF",1.5,1.1,2,NA,NA,99.4,6.8,1.4,918.1,NA,1003.8,NA,1362.1,3.4,201,1.3,4.7,12.2,3.4,12.2,NA,NA,0,0,1,NA,NA,NA,NA,NA,-0.005,NA,NA,NA
2026-02-07 08:00:00,"SPF",0.7,0.3,1.3,NA,NA,99.4,6.4,0.6,918.4,NA,1004.1,NA,1362.1,2.4,202,1.2,4.3,8.6,2.4,8.6,NA,NA,0,0,18,NA,NA,NA,NA,NA,0.013,NA,NA,NA
2026-02-07 09:00:00,"SPF",0.5,0.1,0.9,NA,NA,99.4,6.3,0.4,918.5,NA,1004.3,NA,1363,2.1,207,0.7,2.5,7.6,2.1,7.6,NA,NA,0,0,57,NA,NA,NA,NA,NA,0.026,NA,NA,NA
2026-02-07 10:00:00,"SPF",3.4,1.2,4.9,NA,NA,98.4,7.7,3.2,918.7,NA,1004.5,NA,1371.2,1.7,191,1,3.6,6.1,1.6,5.8,NA,NA,0,0,350,NA,NA,NA,NA,NA,0.12,NA,NA,NA
2026-02-07 11:00:00,"SPF",6.6,5.3,7.6,NA,NA,86.8,8.4,4.5,918.8,NA,1004.6,NA,1379.6,2.7,124,0.8,2.9,9.7,2.7,9.7,NA,NA,0,0,463,NA,NA,NA,NA,NA,0.189,NA,NA,NA
2026-02-07 12:00:00,"SPF",8.1,7.5,8.6,NA,NA,74.8,8.1,3.9,918.6,NA,1004.4,NA,1381.5,3.6,47,1.7,6.1,13,3.6,13,NA,NA,0,0,505,NA,NA,NA,NA,NA,0.217,NA,NA,NA
2026-02-07 13:00:00,"SPF",8.9,8.7,9,NA,NA,70.7,8,3.8,918.3,NA,1004,NA,1380.6,4.6,61,2.7,9.7,16.6,4.4,15.8,NA,NA,0,0,484,NA,NA,NA,NA,NA,0.212,NA,NA,NA
2026-02-07 14:00:00,"SPF",9.1,8.8,9.3,NA,NA,69,8,3.7,917.9,NA,1003.6,NA,1377.8,4.5,51,3,10.8,16.2,4.4,15.8,NA,NA,0,0,372,NA,NA,NA,NA,NA,0.17,NA,NA,NA
2026-02-07 15:00:00,"SPF",9,8.9,9.2,NA,NA,67.4,7.8,3.3,917.8,NA,1003.5,NA,1376.8,6,27,3.7,13.3,21.6,5.8,20.9,NA,NA,0,0,298,NA,NA,NA,NA,NA,0.136,NA,NA,NA
2026-02-07 16:00:00,"SPF",8.2,7.4,8.7,NA,NA,72.8,7.9,3.6,918.2,NA,1003.9,NA,1378.1,5.2,27,3.1,11.2,18.7,5.1,18.4,NA,NA,0,0,105,NA,NA,NA,NA,NA,0.057,NA,NA,NA
2026-02-07 17:00:00,"SPF",6.8,5.7,7.2,NA,NA,82.3,8.1,4,918.9,NA,1004.7,NA,1380.9,2.9,42,1.5,5.4,10.4,2.8,10.1,NA,NA,0,0,9,NA,NA,NA,NA,NA,0.004,NA,NA,NA
2026-02-07 18:00:00,"SPF",4.6,4,5.2,NA,NA,96.9,8.2,4.1,919.4,NA,1005.2,NA,1379.8,1.3,243,0.6,2.2,4.7,1.3,4.7,NA,NA,0,0,0,NA,NA,NA,NA,NA,-0.006,NA,NA,NA
2026-02-07 19:00:00,"SPF",3.7,3.5,3.8,NA,NA,99.3,7.9,3.6,919.9,NA,1005.8,NA,1382.4,2.5,202,1.1,4,9,2.4,8.6,NA,NA,0,0,0,NA,NA,NA,NA,NA,-0.006,NA,NA,NA
2026-02-07 20:00:00,"SPF",3.1,2.7,3.6,NA,NA,99.3,7.6,3,920.1,NA,1006,NA,1382.7,1.1,194,0.4,1.4,4,1.1,4,NA,NA,0,0,0,NA,NA,NA,NA,NA,-0.007,NA,NA,NA
2026-02-07 21:00:00,"SPF",1.7,0.8,2.6,NA,NA,99.4,6.9,1.6,920.1,NA,1006,NA,1379.6,1.1,198,0.4,1.4,4,1.1,4,NA,NA,0,0,0,NA,NA,NA,NA,NA,-0.007,NA,NA,NA
2026-02-07 22:00:00,"SPF",0.3,-0.2,0.6,NA,NA,99.4,6.2,0.2,920.2,NA,1006.1,NA,1376.8,1.7,203,0.8,2.9,6.1,1.6,5.8,NA,NA,0,0,0,NA,NA,NA,NA,NA,-0.005,NA,NA,NA
2026-02-07 23:00:00,"SPF",-0.2,-0.6,0.2,NA,NA,99.4,6,-0.3,920.3,NA,1006.2,NA,1376.4,2.3,207,1.3,4.7,8.3,2.3,8.3,NA,NA,0,0,0,NA,NA,NA,NA,NA,-0.005,NA,NA,NA
2026-02-08,"SPF",-0.4,-0.6,-0.3,NA,NA,99.4,5.9,-0.5,920.2,NA,1006.1,NA,1375.2,1.8,203,0.8,2.9,6.5,1.8,6.5,NA,NA,0,0,0,NA,NA,NA,NA,NA,-0.005,NA,NA,NA
2026-02-08 01:00:00,"SPF",-1,-1.2,-0.8,NA,NA,99.4,5.7,-1.1,920,NA,1005.9,NA,1372.1,2.6,209,1.3,4.7,9.4,2.6,9.4,NA,NA,0,0,0,NA,NA,NA,NA,NA,-0.004,NA,NA,NA
2026-02-08 02:00:00,"SPF",-1.5,-1.7,-1.3,NA,NA,99.5,5.5,-1.6,919.9,NA,1005.8,NA,1369.9,2.7,210,1.4,5,9.7,2.7,9.7,NA,NA,0,0,0,NA,NA,NA,NA,NA,-0.004,NA,NA,NA
2026-02-08 03:00:00,"SPF",-1.4,-1.8,-0.9,NA,NA,99.5,5.5,-1.5,920,NA,1005.9,NA,1371.3,2.9,213,1.7,6.1,10.4,2.8,10.1,NA,NA,0,0,0,NA,NA,NA,NA,NA,-0.004,NA,NA,NA
2026-02-08 04:00:00,"SPF",-1.7,-2.2,-1.3,NA,NA,99.4,5.3,-1.8,920,NA,1005.9,NA,1370.1,2.3,217,1,3.6,8.3,2.2,7.9,NA,NA,0,0,0,NA,NA,NA,NA,NA,-0.005,NA,NA,NA
2026-02-08 05:00:00,"SPF",-2.2,-2.5,-1.7,NA,NA,99.4,5.2,-2.3,919.8,NA,1005.7,NA,1367.8,1.8,203,0.8,2.9,6.5,1.8,6.5,NA,NA,0,0,0,NA,NA,NA,NA,NA,-0.005,NA,NA,NA
2026-02-08 06:00:00,"SPF",-2.9,-3.3,-2.3,NA,NA,99.4,4.9,-3,919.8,NA,1005.6,NA,1366,1.7,196,0.8,2.9,6.1,1.7,6.1,NA,NA,0,0,0,NA,NA,NA,NA,NA,-0.005,NA,NA,NA
2026-02-08 07:00:00,"SPF",-3,-3.2,-2.6,NA,NA,99.4,4.9,-3.1,919.9,NA,1005.8,NA,1366.7,1.5,207,0.7,2.5,5.4,1.5,5.4,NA,NA,0,0,1,NA,NA,NA,NA,NA,-0.005,NA,NA,NA
2026-02-08 08:00:00,"SPF",-3.2,-3.4,-3,NA,NA,99.4,4.8,-3.3,920,NA,1005.9,NA,1367,1.5,207,0.7,2.5,5.4,1.5,5.4,NA,NA,0,0,18,NA,NA,NA,NA,NA,0.012,NA,NA,NA
2026-02-08 09:00:00,"SPF",-2.6,-3,-1.7,NA,NA,99.4,5,-2.7,919.9,NA,1005.8,NA,1367.2,1.2,207,0.3,1.1,4.3,1.2,4.3,NA,NA,0,0,68,NA,NA,NA,NA,NA,0.026,NA,NA,NA
2026-02-08 10:00:00,"SPF",0.2,-1.2,1.6,NA,NA,98.9,6.1,0.1,920.1,NA,1006,NA,1375.5,1.6,41,0.9,3.2,5.8,1.6,5.8,NA,NA,0,0,372,NA,NA,NA,NA,NA,0.113,NA,NA,NA
2026-02-08 11:00:00,"SPF",2.3,1.8,2.5,NA,NA,96,6.9,1.7,920,NA,1005.9,NA,1380.1,5.4,14,2.1,7.6,19.4,5.3,19.1,NA,NA,0,0,464,NA,NA,NA,NA,NA,0.147,NA,NA,NA
2026-02-08 12:00:00,"SPF",2.4,2.2,2.6,NA,NA,99.3,7.2,2.3,920,NA,1005.9,NA,1380.4,6.4,29,3.7,13.3,23,6.3,22.7,NA,NA,0,0,472,NA,NA,NA,NA,NA,0.133,NA,NA,NA
2026-02-08 13:00:00,"SPF",2.6,2.3,2.8,NA,NA,99.3,7.3,2.5,919.5,NA,1005.4,NA,1376.7,5.3,23,3.1,11.2,19.1,5.2,18.7,NA,NA,0,0,338,NA,NA,NA,NA,NA,0.103,NA,NA,NA
2026-02-08 14:00:00,"SPF",2.8,2.7,3,NA,NA,99.3,7.4,2.7,919.2,NA,1005,NA,1374.5,6,42,3.7,13.3,21.6,5.9,21.2,NA,NA,0,0,281,NA,NA,NA,NA,NA,0.081,NA,NA,NA
2026-02-08 15:00:00,"SPF",2.4,2,2.7,NA,NA,99.3,7.2,2.3,919.4,NA,1005.2,NA,1375,5.4,50,3,10.8,19.4,5.1,18.4,NA,NA,0,0,100,NA,NA,NA,NA,NA,0.034,NA,NA,NA
2026-02-08 16:00:00,"SPF",1.9,1.8,2,NA,NA,99.3,7,1.8,919.9,NA,1005.7,NA,1377.9,3.7,50,1.8,6.5,13.3,3.6,13,NA,NA,0,0,30,NA,NA,NA,NA,NA,0.016,NA,NA,NA
2026-02-08 17:00:00,"SPF",1.6,1.5,1.8,NA,NA,99.3,6.9,1.5,920.2,NA,1006.1,NA,1380.1,2.1,6,1,3.6,7.6,2.1,7.6,NA,NA,0,0,2,NA,NA,NA,NA,NA,-0.006,NA,NA,NA
2026-02-08 18:00:00,"SPF",1.4,1.3,1.6,NA,NA,99.4,6.7,1.3,920.5,NA,1006.4,NA,1382.5,2.4,18,1.3,4.7,8.6,2.4,8.6,NA,NA,0,0,0,NA,NA,NA,NA,NA,-0.005,NA,NA,NA
2026-02-08 19:00:00,"SPF",1.4,1.3,1.4,NA,NA,99.3,6.7,1.3,920.8,NA,1006.7,NA,1385.1,2.4,29,1.3,4.7,8.6,2.4,8.6,NA,NA,0,0,0,NA,NA,NA,NA,NA,-0.005,NA,NA,NA
2026-02-08 20:00:00,"SPF",1.3,1.2,1.4,NA,NA,99.3,6.7,1.2,921.1,NA,1007,NA,1386.9,2.6,355,1.1,4,9.4,2.5,9,NA,NA,0,0,0,NA,NA,NA,NA,NA,-0.005,NA,NA,NA
2026-02-08 21:00:00,"SPF",1.2,1.1,1.3,NA,NA,99.3,6.7,1.1,921.2,NA,1007.2,NA,1388,2.3,225,0.9,3.2,8.3,2.3,8.3,NA,NA,0,0,0,NA,NA,NA,NA,NA,-0.005,NA,NA,NA
2026-02-08 22:00:00,"SPF",0.9,0.7,1.1,NA,NA,99.3,6.5,0.8,921.2,NA,1007.2,NA,1386.8,5.1,176,2.9,10.4,18.4,4.9,17.6,NA,NA,0,0,0,NA,NA,NA,NA,NA,-0.003,NA,NA,NA
2026-02-08 23:00:00,"SPF",0.1,-0.4,0.5,NA,NA,99.2,6.1,0,921.1,NA,1007.1,NA,1384.7,5.9,169,4.4,15.8,21.2,5.8,20.9,NA,NA,0,0,0,NA,NA,NA,NA,NA,-0.002,NA,NA,NA
2026-02-09,"SPF",-0.7,-0.9,-0.5,NA,NA,99.3,5.8,-0.8,921.1,NA,1007.1,NA,1382.5,5.4,171,3.1,11.2,19.4,5.4,19.4,NA,NA,0,0,0,NA,NA,NA,NA,NA,-0.003,NA,NA,NA
2026-02-09 01:00:00,"SPF",-0.9,-1,-0.8,NA,NA,99.3,5.7,-1,921,NA,1006.9,NA,1380.7,2.7,196,1.7,6.1,9.7,2.6,9.4,NA,NA,0,0,0,NA,NA,NA,NA,NA,-0.004,NA,NA,NA
2026-02-09 02:00:00,"SPF",-0.6,-0.8,-0.5,NA,NA,99.2,5.8,-0.7,921,NA,1006.9,NA,1381.6,3.2,187,1.7,6.1,11.5,3.2,11.5,NA,NA,0,0,0,NA,NA,NA,NA,NA,-0.004,NA,NA,NA
2026-02-09 03:00:00,"SPF",-0.5,-0.6,-0.5,NA,NA,99.2,5.8,-0.6,920.8,NA,1006.7,NA,1380.5,3.7,182,2.5,9,13.3,3.6,13,NA,NA,0,0,0,NA,NA,NA,NA,NA,-0.003,NA,NA,NA
2026-02-09 04:00:00,"SPF",-0.9,-1.4,-0.4,NA,NA,99.3,5.7,-1,920.5,NA,1006.4,NA,1377.2,6,173,3.5,12.6,21.6,5.9,21.2,NA,NA,0,0,0,NA,NA,NA,NA,NA,-0.002,NA,NA,NA
2026-02-09 05:00:00,"SPF",-1.6,-2.1,-1.4,NA,NA,99.2,5.4,-1.7,920.4,NA,1006.3,NA,1373.7,5.4,162,2.7,9.7,19.4,5.2,18.7,NA,NA,0,0,0,NA,NA,NA,NA,NA,-0.003,NA,NA,NA
2026-02-09 06:00:00,"SPF",-2.4,-2.7,-2,NA,NA,99.1,5.1,-2.5,920.3,NA,1006.2,NA,1371,2.9,180,1.5,5.4,10.4,2.9,10.4,NA,NA,0,0,0,NA,NA,NA,NA,NA,-0.004,NA,NA,NA
2026-02-09 07:00:00,"SPF",-2.5,-2.7,-2.2,NA,NA,99.2,5.1,-2.6,920.5,NA,1006.4,NA,1372.9,1.9,180,0.8,2.9,6.8,1.9,6.8,NA,NA,0,0,1,NA,NA,NA,NA,NA,-0.005,NA,NA,NA
2026-02-09 08:00:00,"SPF",-2.4,-2.9,-1.8,NA,NA,99.2,5.1,-2.5,920.6,NA,1006.5,NA,1374.3,3,177,1.7,6.1,10.8,3,10.8,NA,NA,0,0,20,NA,NA,NA,NA,NA,0.012,NA,NA,NA
2026-02-09 09:00:00,"SPF",-1.4,-1.6,-1.1,NA,NA,99.3,5.5,-1.5,921,NA,1006.9,NA,1379.8,1.3,180,0.4,1.4,4.7,1.2,4.3,NA,NA,0,0,118,NA,NA,NA,NA,NA,0.038,NA,NA,NA
2026-02-09 10:00:00,"SPF",-0.2,-0.9,0.7,NA,NA,96.4,5.8,-0.7,921.2,NA,1007.2,NA,1384.7,2.2,126,1.1,4,7.9,2.1,7.6,NA,NA,0,0,382,NA,NA,NA,NA,NA,0.113,NA,NA,NA
2026-02-09 11:00:00,"SPF",1.8,0.9,2.8,NA,NA,87,6.1,-0.1,921.1,NA,1007.1,NA,1388.4,2.6,191,0.8,2.9,9.4,2.5,9,NA,NA,0,0,440,NA,NA,NA,NA,NA,0.154,NA,NA,NA
2026-02-09 12:00:00,"SPF",3.8,2.9,4.5,NA,NA,78,6.3,0.4,920.6,NA,1006.5,NA,1388.9,2.2,37,0.7,2.5,7.9,2.2,7.9,NA,NA,0,0,461,NA,NA,NA,NA,NA,0.178,NA,NA,NA
2026-02-09 13:00:00,"SPF",5.3,4.7,5.6,NA,NA,72.2,6.4,0.7,919.9,NA,1005.8,NA,1386.2,4,7,1.7,6.1,14.4,3.8,13.7,NA,NA,0,0,438,NA,NA,NA,NA,NA,0.175,NA,NA,NA
2026-02-09 14:00:00,"SPF",5.8,5.4,6.1,NA,NA,72.4,6.7,1.2,919.4,NA,1005.2,NA,1382.9,4.8,24,3.1,11.2,17.3,4.7,16.9,NA,NA,0,0,365,NA,NA,NA,NA,NA,0.147,NA,NA,NA
2026-02-09 15:00:00,"SPF",6,5.9,6.2,NA,NA,73.7,6.9,1.7,919.3,NA,1005.1,NA,1382.4,4.9,18,2.6,9.4,17.6,4.9,17.6,NA,NA,0,0,273,NA,NA,NA,NA,NA,0.107,NA,NA,NA
2026-02-09 16:00:00,"SPF",5.1,4.3,5.8,NA,NA,79.6,7,1.8,919.3,NA,1005.1,NA,1380.7,4.1,5,2.3,8.3,14.8,4,14.4,NA,NA,0,0,98,NA,NA,NA,NA,NA,0.042,NA,NA,NA
2026-02-09 17:00:00,"SPF",3.5,2,4.2,NA,NA,89.5,7,1.9,919.1,NA,1004.9,NA,1375.4,1.6,342,0.7,2.5,5.8,1.5,5.4,NA,NA,0,0,15,NA,NA,NA,NA,NA,-0.015,NA,NA,NA
2026-02-09 18:00:00,"SPF",1,0.6,1.8,NA,NA,99.2,6.5,0.9,919.1,NA,1004.9,NA,1369.5,2.5,207,1.1,4,9,2.4,8.6,NA,NA,0,0,0,NA,NA,NA,NA,NA,-0.005,NA,NA,NA
2026-02-09 19:00:00,"SPF",-0.1,-0.6,0.5,NA,NA,99.3,6,-0.2,919,NA,1004.8,NA,1365.7,2.6,209,1.3,4.7,9.4,2.6,9.4,NA,NA,0,0,0,NA,NA,NA,NA,NA,-0.005,NA,NA,NA
2026-02-09 20:00:00,"SPF",-0.1,-0.2,0.1,NA,NA,99.3,6.1,-0.2,919,NA,1004.8,NA,1366,3.2,203,1.6,5.8,11.5,3.1,11.2,NA,NA,0,0,0,NA,NA,NA,NA,NA,-0.004,NA,NA,NA
2026-02-09 21:00:00,"SPF",0.3,-0.1,0.6,NA,NA,98.7,6.1,0.1,918.9,NA,1004.7,NA,1365.3,3.2,210,1.4,5,11.5,3.2,11.5,NA,NA,0,0,0,NA,NA,NA,NA,NA,-0.004,NA,NA,NA
2026-02-09 22:00:00,"SPF",-0.7,-1.5,0.3,NA,NA,99.3,5.8,-0.8,918.5,NA,1004.3,NA,1360.1,2.7,208,1.6,5.8,9.7,2.6,9.4,NA,NA,0,0,0,NA,NA,NA,NA,NA,-0.004,NA,NA,NA
2026-02-09 23:00:00,"SPF",-1.7,-1.9,-1.4,NA,NA,99.3,5.4,-1.8,918.2,NA,1003.9,NA,1355.1,2.8,214,1.5,5.4,10.1,2.7,9.7,NA,NA,0,0,0,NA,NA,NA,NA,NA,-0.004,NA,NA,NA
2026-02-10,"SPF",-2,-2.3,-1.6,NA,NA,99.3,5.2,-2.1,917.9,NA,1003.6,NA,1352,2.8,210,1.7,6.1,10.1,2.7,9.7,NA,NA,0,0,0,NA,NA,NA,NA,NA,-0.004,NA,NA,NA
2026-02-10 01:00:00,"SPF",-2.3,-2.7,-2.1,NA,NA,99.2,5.1,-2.4,917.7,NA,1003.4,NA,1349.2,2.9,211,1.8,6.5,10.4,2.8,10.1,NA,NA,0,0,0,NA,NA,NA,NA,NA,-0.003,NA,NA,NA
2026-02-10 02:00:00,"SPF",-2.7,-2.9,-2.5,NA,NA,99,5,-2.8,917.2,NA,1002.9,NA,1344.7,2.8,213,1.7,6.1,10.1,2.7,9.7,NA,NA,0,0,0,NA,NA,NA,NA,NA,-0.003,NA,NA,NA
2026-02-10 03:00:00,"SPF",-1.6,-2,-1.3,NA,NA,98.1,5.3,-1.9,916.7,NA,1002.3,NA,1342.8,2.7,210,1.4,5,9.7,2.6,9.4,NA,NA,0,0,0,NA,NA,NA,NA,NA,-0.004,NA,NA,NA
2026-02-10 04:00:00,"SPF",-0.7,-1.1,-0.1,NA,NA,92.2,5.4,-1.8,916.4,NA,1002,NA,1342.1,3.7,212,1.5,5.4,13.3,3.6,13,NA,NA,0,0,0,NA,NA,NA,NA,NA,-0.002,NA,NA,NA
2026-02-10 05:00:00,"SPF",-0.2,-0.8,0.4,NA,NA,89.7,5.4,-1.7,916.1,NA,1001.7,NA,1340.6,2.9,204,1.3,4.7,10.4,2.9,10.4,NA,NA,0,0,0,NA,NA,NA,NA,NA,-0.002,NA,NA,NA
2026-02-10 06:00:00,"SPF",0.4,0,1,NA,NA,87.7,5.5,-1.4,915.6,NA,1001.1,NA,1337.3,3.2,193,1.3,4.7,11.5,3.2,11.5,NA,NA,0,0,0,NA,NA,NA,NA,NA,-0.001,NA,NA,NA
2026-02-10 07:00:00,"SPF",1.5,1.1,2.1,NA,NA,83,5.6,-1.1,915.8,NA,1001.4,NA,1341.7,4,189,1.9,6.8,14.4,4,14.4,NA,NA,0,0,1,NA,NA,NA,NA,NA,0.003,NA,NA,NA
2026-02-10 08:00:00,"SPF",2,1.6,2.3,NA,NA,82,5.7,-0.8,915.6,NA,1001.1,NA,1341.3,4,189,1.4,5,14.4,4,14.4,NA,NA,0,0,22,NA,NA,NA,NA,NA,0.023,NA,NA,NA
2026-02-10 09:00:00,"SPF",2.5,2.3,2.8,NA,NA,86.9,6.4,0.5,915.4,NA,1000.9,NA,1340.3,2.2,166,0.9,3.2,7.9,2.2,7.9,NA,NA,0,0,52,NA,NA,NA,NA,NA,0.031,NA,NA,NA
2026-02-10 10:00:00,"SPF",2.7,2.5,2.8,NA,NA,91.5,6.8,1.4,915.7,NA,1001.2,NA,1343.3,3,360,0.9,3.2,10.8,2.9,10.4,NA,NA,0.2,0,100,NA,NA,NA,NA,NA,0.047,NA,NA,NA
2026-02-10 11:00:00,"SPF",2.7,2.4,3.2,NA,NA,99,7.4,2.6,915.4,NA,1000.9,NA,1341.5,2.3,34,0.8,2.9,8.3,2.3,8.3,NA,NA,0.4,0,118,NA,NA,NA,NA,NA,0.053,NA,NA,NA
2026-02-10 12:00:00,"SPF",5.4,4.1,6.3,NA,NA,92.3,8.3,4.3,914.7,NA,1000.2,NA,1341.3,2.2,18,0.8,2.9,7.9,2.1,7.6,NA,NA,0,0,423,NA,NA,NA,NA,NA,0.172,NA,NA,NA
2026-02-10 13:00:00,"SPF",5.6,4.9,6.2,NA,NA,92.7,8.5,4.5,914.2,NA,999.6,NA,1337.1,4.2,16,2.1,7.6,15.1,4.2,15.1,NA,NA,0.1,0,314,NA,NA,NA,NA,NA,0.123,NA,NA,NA
2026-02-10 14:00:00,"SPF",6.7,6.3,7,NA,NA,86.1,8.5,4.5,913.4,NA,998.8,NA,1332,3.8,7,2.5,9,13.7,3.7,13.3,NA,NA,0,0,332,NA,NA,NA,NA,NA,0.131,NA,NA,NA
2026-02-10 15:00:00,"SPF",7.4,6.9,7.8,NA,NA,82,8.5,4.6,912.6,NA,997.9,NA,1326.9,3,11,1.6,5.8,10.8,3,10.8,NA,NA,0,0,225,NA,NA,NA,NA,NA,0.093,NA,NA,NA
2026-02-10 16:00:00,"SPF",7,6.2,7.8,NA,NA,83.9,8.4,4.4,911.9,NA,997.1,NA,1319.3,2.7,13,1.4,5,9.7,2.7,9.7,NA,NA,0,0,103,NA,NA,NA,NA,NA,0.04,NA,NA,NA
2026-02-10 17:00:00,"SPF",5.1,3.7,5.8,NA,NA,96.1,8.4,4.5,911.3,NA,996.5,NA,1310.5,1.2,207,0.5,1.8,4.3,1.2,4.3,NA,NA,0,0,13,NA,NA,NA,NA,NA,-0.018,NA,NA,NA
2026-02-10 18:00:00,"SPF",3.1,2.8,3.4,NA,NA,99.3,7.6,3,911.2,NA,996.4,NA,1304.9,2,207,1,3.6,7.2,2,7.2,NA,NA,0,0,0,NA,NA,NA,NA,NA,-0.006,NA,NA,NA
2026-02-10 19:00:00,"SPF",4,3.2,4.6,NA,NA,98.5,8,3.7,911,NA,996.2,NA,1304.8,3.9,198,1.9,6.8,14,3.8,13.7,NA,NA,0.2,0,0,NA,NA,NA,NA,NA,-0.004,NA,NA,NA
2026-02-10 20:00:00,"SPF",4,3.8,4.2,NA,NA,99.3,8.1,3.9,910.1,NA,995.2,NA,1297.7,3.3,198,1.4,5,11.9,3.3,11.9,NA,NA,0.4,0,0,NA,NA,NA,NA,NA,-0.005,NA,NA,NA
2026-02-10 21:00:00,"SPF",3.9,3.8,4.1,NA,NA,99.3,8.1,3.8,909.5,NA,994.6,NA,1291.7,1.7,146,0.7,2.5,6.1,1.6,5.8,NA,NA,0.1,0,0,NA,NA,NA,NA,NA,-0.006,NA,NA,NA
2026-02-10 22:00:00,"SPF",3.6,3.5,3.8,NA,NA,99.4,7.9,3.5,908.4,NA,993.4,NA,1281.4,1.6,180,0.6,2.2,5.8,1.6,5.8,NA,NA,0.4,0,0,NA,NA,NA,NA,NA,-0.007,NA,NA,NA
2026-02-10 23:00:00,"SPF",3.8,3.5,4.2,NA,NA,99.4,8,3.7,908.3,NA,993.3,NA,1280.9,4.3,203,1.8,6.5,15.5,4.2,15.1,NA,NA,3.6,0,0,NA,NA,NA,NA,NA,-0.005,NA,NA,NA
2026-02-11,"SPF",5,4.6,5.6,NA,NA,99.3,8.7,4.9,907.6,NA,992.5,NA,1277.1,13.4,229,4.4,15.8,48.2,13.1,47.2,NA,NA,1.9,0,0,NA,NA,NA,NA,NA,-0.003,NA,NA,NA
2026-02-11 01:00:00,"SPF",7.1,6.7,7.6,NA,NA,96.3,9.7,6.6,908,NA,993,NA,1284.8,12.4,213,5.4,19.4,44.6,12.2,43.9,NA,NA,4.3,0,0,NA,NA,NA,NA,NA,0,NA,NA,NA
2026-02-11 02:00:00,"SPF",8.1,7.9,8.4,NA,NA,86.6,9.3,6,907.2,NA,992.1,NA,1280.1,16.2,215,6.4,23,58.3,15.9,57.2,NA,NA,0.4,0,0,NA,NA,NA,NA,NA,0.01,NA,NA,NA
2026-02-11 03:00:00,"SPF",7.7,7.5,8,NA,NA,83.8,8.8,5.1,907.7,NA,992.6,NA,1283.1,13.9,203,7.4,26.6,50,13.2,47.5,NA,NA,0.9,0,0,NA,NA,NA,NA,NA,0.014,NA,NA,NA
2026-02-11 04:00:00,"SPF",7.1,6.9,7.3,NA,NA,83.3,8.4,4.5,907.7,NA,992.7,NA,1282.6,13.1,205,6.1,22,47.2,12.7,45.7,NA,NA,0.7,0,0,NA,NA,NA,NA,NA,0.012,NA,NA,NA
2026-02-11 05:00:00,"SPF",6.5,6.1,7.2,NA,NA,90.2,8.7,4.9,907.6,NA,992.5,NA,1280.4,10.1,228,3.4,12.2,36.4,9.8,35.3,NA,NA,0,0,0,NA,NA,NA,NA,NA,0.003,NA,NA,NA
2026-02-11 06:00:00,"SPF",6,5.7,6.7,NA,NA,95.8,9,5.4,907.7,NA,992.6,NA,1280.1,6.8,218,3.5,12.6,24.5,6.6,23.8,NA,NA,0.7,0,0,NA,NA,NA,NA,NA,-0.001,NA,NA,NA
2026-02-11 07:00:00,"SPF",6.5,6.3,6.6,NA,NA,88.3,8.6,4.7,907.8,NA,992.7,NA,1281.9,8.6,227,4.7,16.9,31,8.3,29.9,NA,NA,0.1,0,0,NA,NA,NA,NA,NA,0.006,NA,NA,NA
2026-02-11 08:00:00,"SPF",6.6,6.5,6.7,NA,NA,89.3,8.7,5,908.4,NA,993.4,NA,1287.9,7.2,230,4.6,16.6,25.9,7.1,25.6,NA,NA,0.7,0,10,NA,NA,NA,NA,NA,0.029,NA,NA,NA
2026-02-11 09:00:00,"SPF",7.4,6.8,7.7,NA,NA,83,8.5,4.7,908.9,NA,993.9,NA,1293.8,10.1,220,4.8,17.3,36.4,9.8,35.3,NA,NA,0.3,0,51,NA,NA,NA,NA,NA,0.052,NA,NA,NA
2026-02-11 10:00:00,"SPF",8.3,7.8,8.8,NA,NA,77.7,8.5,4.6,909,NA,994,NA,1296.1,9.1,227,4.2,15.1,32.8,8.7,31.3,NA,NA,0,0,145,NA,NA,NA,NA,NA,0.09,NA,NA,NA
2026-02-11 11:00:00,"SPF",8.6,8.3,8.8,NA,NA,75.1,8.4,4.4,909.9,NA,995,NA,1305,12.5,210,5.5,19.8,45,12.1,43.6,NA,NA,0,0,122,NA,NA,NA,NA,NA,0.095,NA,NA,NA
2026-02-11 12:00:00,"SPF",8,7.8,8.4,NA,NA,77.8,8.4,4.4,910.4,NA,995.6,NA,1308.6,13.5,213,5.8,20.9,48.6,12.9,46.4,NA,NA,0,0,126,NA,NA,NA,NA,NA,0.091,NA,NA,NA
2026-02-11 13:00:00,"SPF",8.2,7.7,8.8,NA,NA,76.2,8.3,4.3,910.5,NA,995.7,NA,1310.1,11.2,209,5.7,20.5,40.3,10.9,39.2,NA,NA,0.1,0,153,NA,NA,NA,NA,NA,0.101,NA,NA,NA
2026-02-11 14:00:00,"SPF",7.9,6.8,8.7,NA,NA,78.4,8.3,4.4,910.7,NA,995.9,NA,1310.8,12.9,208,5.9,21.2,46.4,12.5,45,NA,NA,0.6,0,82,NA,NA,NA,NA,NA,0.075,NA,NA,NA
2026-02-11 15:00:00,"SPF",6.3,6.1,6.7,NA,NA,91.4,8.7,5,911.2,NA,996.4,NA,1311.7,7.3,217,4.4,15.8,26.3,7.2,25.9,NA,NA,1.5,0,33,NA,NA,NA,NA,NA,0.033,NA,NA,NA
2026-02-11 16:00:00,"SPF",6.9,6.5,7.3,NA,NA,86.3,8.6,4.8,910.9,NA,996.1,NA,1310.8,7.5,226,4.6,16.6,27,7.4,26.6,NA,NA,0.1,0,36,NA,NA,NA,NA,NA,0.038,NA,NA,NA
2026-02-11 17:00:00,"SPF",7.4,7,7.7,NA,NA,78.6,8.1,3.9,910.5,NA,995.7,NA,1308,9.4,205,5.2,18.7,33.8,8.9,32,NA,NA,0,0,6,NA,NA,NA,NA,NA,0.018,NA,NA,NA
2026-02-11 18:00:00,"SPF",5.7,4.1,7.5,NA,NA,87.3,7.9,3.6,910.4,NA,995.6,NA,1303.3,6.6,209,2.7,9.7,23.8,6.4,23,NA,NA,0,0,0,NA,NA,NA,NA,NA,0.003,NA,NA,NA
2026-02-11 19:00:00,"SPF",3.4,2.9,4,NA,NA,99.2,7.8,3.3,910,NA,995.1,NA,1295.4,3.6,205,2.3,8.3,13,3.5,12.6,NA,NA,0,0,0,NA,NA,NA,NA,NA,-0.004,NA,NA,NA
2026-02-11 20:00:00,"SPF",3.2,2.8,3.5,NA,NA,99.2,7.6,3.1,909,NA,994,NA,1285.7,4.5,204,1.9,6.8,16.2,4.5,16.2,NA,NA,0,0,0,NA,NA,NA,NA,NA,-0.004,NA,NA,NA
2026-02-11 21:00:00,"SPF",3,2.9,3.2,NA,NA,99.2,7.5,2.9,907.2,NA,992.1,NA,1269.7,2.6,217,1,3.6,9.4,2.6,9.4,NA,NA,0,0,0,NA,NA,NA,NA,NA,-0.006,NA,NA,NA
2026-02-11 22:00:00,"SPF",2.3,1.9,2.8,NA,NA,99.2,7.2,2.2,905.2,NA,990,NA,1250.8,3,195,1.3,4.7,10.8,2.9,10.4,NA,NA,0,0,0,NA,NA,NA,NA,NA,-0.005,NA,NA,NA
2026-02-11 23:00:00,"SPF",2.9,2.5,3.3,NA,NA,98.5,7.4,2.6,903.5,NA,988.1,NA,1236.8,4.7,203,1.6,5.8,16.9,4.7,16.9,NA,NA,0,0,0,NA,NA,NA,NA,NA,-0.004,NA,NA,NA
2026-02-12,"SPF",3.3,3,3.7,NA,NA,97.3,7.5,2.9,902.4,NA,986.9,NA,1227.7,4.8,201,1.8,6.5,17.3,4.7,16.9,NA,NA,0.3,0,0,NA,NA,NA,NA,NA,-0.004,NA,NA,NA
2026-02-12 01:00:00,"SPF",3.3,3.2,3.5,NA,NA,98.3,7.6,3.1,901.7,NA,986.2,NA,1221.4,4.1,135,1.5,5.4,14.8,3.9,14,NA,NA,0,0,0,NA,NA,NA,NA,NA,-0.005,NA,NA,NA
2026-02-12 02:00:00,"SPF",2.6,1.5,3.4,NA,NA,99.3,7.3,2.5,901.5,NA,986,NA,1219,1.9,360,0.7,2.5,6.8,1.9,6.8,NA,NA,0,0,0,NA,NA,NA,NA,NA,-0.006,NA,NA,NA
2026-02-12 03:00:00,"SPF",1.8,1.4,2.1,NA,NA,99.3,6.9,1.7,899.9,NA,984.3,NA,1203,3.3,200,1.5,5.4,11.9,3.2,11.5,NA,NA,0,0,0,NA,NA,NA,NA,NA,-0.005,NA,NA,NA
2026-02-12 04:00:00,"SPF",2.1,1.8,2.5,NA,NA,99.3,7.1,2,899.3,NA,983.6,NA,1197.8,3.1,198,1.4,5,11.2,3,10.8,NA,NA,0,0,0,NA,NA,NA,NA,NA,-0.005,NA,NA,NA
2026-02-12 05:00:00,"SPF",3.4,2.5,4.6,NA,NA,99.3,7.8,3.3,899.1,NA,983.4,NA,1198.9,5.8,225,2.5,9,20.9,5.6,20.2,NA,NA,0.5,0,0,NA,NA,NA,NA,NA,-0.004,NA,NA,NA
2026-02-12 06:00:00,"SPF",5.7,4.7,6,NA,NA,93,8.5,4.7,899,NA,983.3,NA,1201.6,8.7,211,5.3,19.1,31.3,8.5,30.6,NA,NA,0.3,0,0,NA,NA,NA,NA,NA,0.003,NA,NA,NA
2026-02-12 07:00:00,"SPF",4.3,3.2,5.1,NA,NA,98,8.2,4.1,898.3,NA,982.5,NA,1192.7,7.3,249,2,7.2,26.3,7.2,25.9,NA,NA,0,0,4,NA,NA,NA,NA,NA,-0.003,NA,NA,NA
2026-02-12 08:00:00,"SPF",5.2,3.5,6.5,NA,NA,91.3,8,3.8,899.3,NA,983.6,NA,1203.2,10.5,208,4.2,15.1,37.8,10.3,37.1,NA,NA,0.6,0,10,NA,NA,NA,NA,NA,0.025,NA,NA,NA
2026-02-12 09:00:00,"SPF",6.2,6,6.4,NA,NA,85.9,8.2,4.1,899.5,NA,983.8,NA,1207.4,8.7,228,5.1,18.4,31.3,8.2,29.5,NA,NA,0.1,0,72,NA,NA,NA,NA,NA,0.05,NA,NA,NA
2026-02-12 10:00:00,"SPF",6.6,6.1,7.1,NA,NA,84,8.2,4.1,900.7,NA,985.1,NA,1218.3,15.2,208,7,25.2,54.7,14.6,52.6,NA,NA,1.4,0,41,NA,NA,NA,NA,NA,0.053,NA,NA,NA
2026-02-12 11:00:00,"SPF",5.8,5.5,6.2,NA,NA,88.6,8.2,4.1,902.8,NA,987.4,NA,1235.9,19.6,205,7.8,28.1,70.6,19.1,68.8,NA,NA,2.6,0,28,NA,NA,NA,NA,NA,0.041,NA,NA,NA
2026-02-12 12:00:00,"SPF",5.9,5.6,6.1,NA,NA,87.2,8.1,3.9,904.8,NA,989.6,NA,1254.4,17.4,206,8.8,31.7,62.6,16.3,58.7,NA,NA,1.1,0,39,NA,NA,NA,NA,NA,0.047,NA,NA,NA
2026-02-12 13:00:00,"SPF",6.3,5.8,6.9,NA,NA,83.6,8,3.7,906.1,NA,990.9,NA,1266.3,15.6,202,7.9,28.4,56.2,14.9,53.6,NA,NA,0.7,0,84,NA,NA,NA,NA,NA,0.066,NA,NA,NA
2026-02-12 14:00:00,"SPF",6.9,6.6,7.1,NA,NA,79.2,7.9,3.5,906.7,NA,991.6,NA,1272.5,12.4,205,5.8,20.9,44.6,11.7,42.1,NA,NA,0.2,0,100,NA,NA,NA,NA,NA,0.076,NA,NA,NA
2026-02-12 15:00:00,"SPF",7.1,6.7,7.3,NA,NA,79.1,8,3.7,906.9,NA,991.8,NA,1275.1,13.4,209,5.5,19.8,48.2,12.9,46.4,NA,NA,0.1,0,74,NA,NA,NA,NA,NA,0.066,NA,NA,NA
2026-02-12 16:00:00,"SPF",6.9,6.8,7,NA,NA,77,7.7,3.2,907.7,NA,992.6,NA,1281.8,13.6,216,6.8,24.5,49,12.8,46.1,NA,NA,0.1,0,45,NA,NA,NA,NA,NA,0.063,NA,NA,NA
2026-02-12 17:00:00,"SPF",6.5,5.9,6.9,NA,NA,75.7,7.3,2.5,908.2,NA,993.2,NA,1286,15.7,213,7.6,27.4,56.5,15.3,55.1,NA,NA,0.2,0,2,NA,NA,NA,NA,NA,0.059,NA,NA,NA
2026-02-12 18:00:00,"SPF",5.4,4.5,6.1,NA,NA,82.2,7.4,2.6,909.6,NA,994.7,NA,1295.8,14.7,215,6.2,22.3,52.9,14.3,51.5,NA,NA,0.7,0,0,NA,NA,NA,NA,NA,0.012,NA,NA,NA
2026-02-12 19:00:00,"SPF",5.7,5.4,5.9,NA,NA,76.6,7,1.9,910.1,NA,995.2,NA,1300.9,12,209,6.4,23,43.2,11.7,42.1,NA,NA,0,0,0,NA,NA,NA,NA,NA,0.018,NA,NA,NA
2026-02-12 20:00:00,"SPF",5.4,5.2,5.6,NA,NA,80.7,7.2,2.4,910.1,NA,995.2,NA,1299.9,7.2,223,4.4,15.8,25.9,7.1,25.6,NA,NA,0,0,0,NA,NA,NA,NA,NA,0.011,NA,NA,NA
2026-02-12 21:00:00,"SPF",5.6,5.4,5.8,NA,NA,79.6,7.2,2.3,910.8,NA,996,NA,1307.1,10.5,206,5.6,20.2,37.8,10.1,36.4,NA,NA,0,0,0,NA,NA,NA,NA,NA,0.014,NA,NA,NA
2026-02-12 22:00:00,"SPF",5.1,4.7,5.6,NA,NA,83.4,7.4,2.5,911.8,NA,997.1,NA,1314.8,12.5,211,5.7,20.5,45,12,43.2,NA,NA,0.5,0,0,NA,NA,NA,NA,NA,0.011,NA,NA,NA
2026-02-12 23:00:00,"SPF",5,4.9,5.2,NA,NA,82.5,7.2,2.3,912.3,NA,997.6,NA,1319,12.3,209,5,18,44.3,11.9,42.8,NA,NA,0.2,0,0,NA,NA,NA,NA,NA,0.01,NA,NA,NA
2026-02-13,"SPF",5.2,5,5.5,NA,NA,80.7,7.1,2.1,913,NA,998.3,NA,1325.1,13.5,212,5.1,18.4,48.6,12.7,45.7,NA,NA,0.1,0,0,NA,NA,NA,NA,NA,0.012,NA,NA,NA
2026-02-13 01:00:00,"SPF",5.4,5.3,5.5,NA,NA,74.3,6.7,1.2,913.1,NA,998.5,NA,1327,12.9,208,6.4,23,46.4,12.4,44.6,NA,NA,0,0,0,NA,NA,NA,NA,NA,0.019,NA,NA,NA
2026-02-13 02:00:00,"SPF",5.3,5.2,5.3,NA,NA,73,6.5,0.8,913.5,NA,998.9,NA,1330,14,211,6.4,23,50.4,13.5,48.6,NA,NA,0,0,0,NA,NA,NA,NA,NA,0.02,NA,NA,NA
2026-02-13 03:00:00,"SPF",5.1,4.7,5.4,NA,NA,71.3,6.3,0.4,913.5,NA,998.9,NA,1329.7,13.6,208,6,21.6,49,13,46.8,NA,NA,0,0,0,NA,NA,NA,NA,NA,0.021,NA,NA,NA
2026-02-13 04:00:00,"SPF",4.4,3.7,4.6,NA,NA,75.8,6.3,0.5,913.2,NA,998.5,NA,1325.2,5.1,220,3.1,11.2,18.4,5,18,NA,NA,0,0,0,NA,NA,NA,NA,NA,0.011,NA,NA,NA
2026-02-13 05:00:00,"SPF",3.2,3,3.6,NA,NA,87.9,6.8,1.4,912.5,NA,997.8,NA,1317.1,3.6,213,1.8,6.5,13,3.6,13,NA,NA,0,0,0,NA,NA,NA,NA,NA,0,NA,NA,NA
2026-02-13 06:00:00,"SPF",3.7,3.3,4.1,NA,NA,83.5,6.6,1.1,911.9,NA,997.2,NA,1312.9,6,226,3.1,11.2,21.6,5.9,21.2,NA,NA,0,0,0,NA,NA,NA,NA,NA,0.006,NA,NA,NA
2026-02-13 07:00:00,"SPF",3.2,2.6,3.8,NA,NA,82.7,6.4,0.6,911.6,NA,996.8,NA,1309.3,5.2,217,3,10.8,18.7,5,18,NA,NA,0,0,5,NA,NA,NA,NA,NA,0.007,NA,NA,NA
2026-02-13 08:00:00,"SPF",2.5,2.1,3,NA,NA,87.9,6.4,0.7,911.2,NA,996.4,NA,1304.3,4.5,195,2.5,9,16.2,4.4,15.8,NA,NA,0,0,57,NA,NA,NA,NA,NA,0.026,NA,NA,NA
2026-02-13 09:00:00,"SPF",3.6,3.3,4.2,NA,NA,83.6,6.6,1.1,910.1,NA,995.3,NA,1296.8,2.7,124,0.9,3.2,9.7,2.6,9.4,NA,NA,0,0,171,NA,NA,NA,NA,NA,0.065,NA,NA,NA
2026-02-13 10:00:00,"SPF",5.7,4.8,6.4,NA,NA,72.8,6.7,1.2,910.1,NA,995.2,NA,1300.7,1.6,124,0.5,1.8,5.8,1.5,5.4,NA,NA,0,0,404,NA,NA,NA,NA,NA,0.161,NA,NA,NA
2026-02-13 11:00:00,"SPF",7.3,6.5,8,NA,NA,65,6.6,1.2,909.8,NA,994.9,NA,1301.7,2,68,0.8,2.9,7.2,1.9,6.8,NA,NA,0,0,495,NA,NA,NA,NA,NA,0.214,NA,NA,NA
2026-02-13 12:00:00,"SPF",8.3,8.2,8.4,NA,NA,64.2,7,2,908.6,NA,993.6,NA,1292.8,3.4,14,1.8,6.5,12.2,3.3,11.9,NA,NA,0,0,532,NA,NA,NA,NA,NA,0.238,NA,NA,NA
2026-02-13 13:00:00,"SPF",8.9,8.8,8.9,NA,NA,61.7,7,1.9,907.7,NA,992.6,NA,1285.8,6.1,32,3.3,11.9,22,5.9,21.2,NA,NA,0,0,512,NA,NA,NA,NA,NA,0.234,NA,NA,NA
2026-02-13 14:00:00,"SPF",8.8,8.6,9,NA,NA,61.6,7,1.8,906.9,NA,991.8,NA,1278.9,5.9,29,3.7,13.3,21.2,5.7,20.5,NA,NA,0,0,370,NA,NA,NA,NA,NA,0.182,NA,NA,NA
2026-02-13 15:00:00,"SPF",8.5,8.4,8.8,NA,NA,62.4,6.9,1.8,906.6,NA,991.4,NA,1275,5.5,28,3.5,12.6,19.8,5.3,19.1,NA,NA,0,0,196,NA,NA,NA,NA,NA,0.117,NA,NA,NA
2026-02-13 16:00:00,"SPF",8.2,7.7,8.4,NA,NA,65.7,7.1,2.2,906.2,NA,991,NA,1270.7,4.4,26,2.9,10.4,15.8,4.3,15.5,NA,NA,0,0,105,NA,NA,NA,NA,NA,0.069,NA,NA,NA
2026-02-13 17:00:00,"SPF",6.8,6,7.6,NA,NA,72.7,7.2,2.2,906,NA,990.8,NA,1266.4,3.7,42,1.4,5,13.3,3.6,13,NA,NA,0,0,15,NA,NA,NA,NA,NA,0.006,NA,NA,NA
2026-02-13 18:00:00,"SPF",4.3,3.8,5.1,NA,NA,87.6,7.3,2.5,906,NA,990.8,NA,1262,1.6,203,0.8,2.9,5.8,1.5,5.4,NA,NA,0,0,0,NA,NA,NA,NA,NA,-0.003,NA,NA,NA
2026-02-13 19:00:00,"SPF",3.7,3.3,4.2,NA,NA,93.6,7.5,2.8,906.2,NA,991,NA,1262.2,1.3,207,0.5,1.8,4.7,1.3,4.7,NA,NA,0,0,0,NA,NA,NA,NA,NA,-0.006,NA,NA,NA
2026-02-13 20:00:00,"SPF",3.5,3.1,3.7,NA,NA,96.8,7.6,3,906.2,NA,991,NA,1261.8,0.7,180,0.2,0.7,2.5,0.6,2.2,NA,NA,0,0,0,NA,NA,NA,NA,NA,-0.007,NA,NA,NA
2026-02-13 21:00:00,"SPF",2.7,2.2,3.2,NA,NA,99,7.3,2.6,906.1,NA,990.9,NA,1259.1,0.8,225,0.3,1.1,2.9,0.8,2.9,NA,NA,0,0,0,NA,NA,NA,NA,NA,-0.007,NA,NA,NA
2026-02-13 22:00:00,"SPF",1.8,1.6,2.2,NA,NA,99.3,6.9,1.7,905.8,NA,990.6,NA,1255.2,1.5,202,0.5,1.8,5.4,1.5,5.4,NA,NA,0,0,0,NA,NA,NA,NA,NA,-0.006,NA,NA,NA
2026-02-13 23:00:00,"SPF",1.5,1.4,1.6,NA,NA,99.3,6.8,1.4,905.9,NA,990.7,NA,1255.2,1,225,0.6,2.2,3.6,1,3.6,NA,NA,0,0,0,NA,NA,NA,NA,NA,-0.006,NA,NA,NA
2026-02-14,"SPF",1.5,1.4,1.6,NA,NA,99.3,6.8,1.4,906.1,NA,990.9,NA,1257.1,0.9,207,0.5,1.8,3.2,0.9,3.2,NA,NA,0,0,0,NA,NA,NA,NA,NA,-0.006,NA,NA,NA
2026-02-14 01:00:00,"SPF",1.6,1.1,1.8,NA,NA,99.3,6.8,1.5,906.1,NA,990.9,NA,1257.7,1.1,198,0.3,1.1,4,1.1,4,NA,NA,0,0,0,NA,NA,NA,NA,NA,-0.007,NA,NA,NA
2026-02-14 02:00:00,"SPF",1.2,0.8,1.4,NA,NA,99.3,6.6,1.1,906.2,NA,991,NA,1257.3,0.8,180,0.3,1.1,2.9,0.8,2.9,NA,NA,0,0,0,NA,NA,NA,NA,NA,-0.007,NA,NA,NA
2026-02-14 03:00:00,"SPF",0.9,0.6,1.2,NA,NA,99.4,6.5,0.8,906.3,NA,991.1,NA,1258.2,0.9,198,0.3,1.1,3.2,0.9,3.2,NA,NA,0,0,0,NA,NA,NA,NA,NA,-0.007,NA,NA,NA
2026-02-14 04:00:00,"SPF",1.3,1.1,1.6,NA,NA,99.4,6.7,1.2,906.8,NA,991.7,NA,1262.5,0.4,180,0.1,0.4,1.4,0.4,1.4,NA,NA,0,0,0,NA,NA,NA,NA,NA,-0.007,NA,NA,NA
2026-02-14 05:00:00,"SPF",1.5,1.4,1.6,NA,NA,99.4,6.8,1.4,907.4,NA,992.3,NA,1268.7,0.9,270,0.3,1.1,3.2,0.9,3.2,NA,NA,0,0,0,NA,NA,NA,NA,NA,-0.007,NA,NA,NA
2026-02-14 06:00:00,"SPF",1.8,1.6,2,NA,NA,99.4,6.9,1.7,907.9,NA,992.9,NA,1274,0.8,225,0.2,0.7,2.9,0.8,2.9,NA,NA,0,0,0,NA,NA,NA,NA,NA,-0.007,NA,NA,NA
2026-02-14 07:00:00,"SPF",2.5,2,3,NA,NA,99.3,7.3,2.4,909.1,NA,994.1,NA,1285.1,1.8,34,0.6,2.2,6.5,1.7,6.1,NA,NA,0,0,0,NA,NA,NA,NA,NA,-0.006,NA,NA,NA
2026-02-14 08:00:00,"SPF",3.3,3.3,3.3,NA,NA,99.3,7.7,3.2,910.2,NA,995.4,NA,1297,3.2,34,1.9,6.8,11.5,3.1,11.2,NA,NA,0,0,9,NA,NA,NA,NA,NA,0.015,NA,NA,NA
2026-02-14 09:00:00,"SPF",3.3,3.2,3.4,NA,NA,99.3,7.7,3.2,911.4,NA,996.6,NA,1307.4,3.8,29,2.4,8.6,13.7,3.8,13.7,NA,NA,0.4,0,54,NA,NA,NA,NA,NA,0.026,NA,NA,NA
2026-02-14 10:00:00,"SPF",3.4,3.4,3.5,NA,NA,99.3,7.7,3.3,912.5,NA,997.8,NA,1317.5,4.7,35,2.8,10.1,16.9,4.6,16.6,NA,NA,0.3,0,107,NA,NA,NA,NA,NA,0.042,NA,NA,NA
2026-02-14 11:00:00,"SPF",3.6,3.5,3.6,NA,NA,99.3,7.8,3.5,913.6,NA,999,NA,1326.8,4.4,39,2.7,9.7,15.8,4.3,15.5,NA,NA,0.3,0,71,NA,NA,NA,NA,NA,0.034,NA,NA,NA
2026-02-14 12:00:00,"SPF",3.6,3.5,3.7,NA,NA,99.3,7.8,3.5,914.3,NA,999.7,NA,1333.5,3.9,37,2.1,7.6,14,3.8,13.7,NA,NA,0.1,0,54,NA,NA,NA,NA,NA,0.031,NA,NA,NA
2026-02-14 13:00:00,"SPF",3.9,3.7,3.9,NA,NA,99.3,8,3.8,915.1,NA,1000.6,NA,1340.7,5,32,2.6,9.4,18,4.9,17.6,NA,NA,0.2,0,100,NA,NA,NA,NA,NA,0.044,NA,NA,NA
2026-02-14 14:00:00,"SPF",3.6,3.5,3.7,NA,NA,99.3,7.8,3.5,915.9,NA,1001.4,NA,1347.1,4.3,42,2.5,9,15.5,4.1,14.8,NA,NA,0.6,0,67,NA,NA,NA,NA,NA,0.033,NA,NA,NA
2026-02-14 15:00:00,"SPF",3.5,3.5,3.6,NA,NA,99.3,7.8,3.4,917,NA,1002.7,NA,1356.9,4.7,49,2.2,7.9,16.9,4.6,16.6,NA,NA,0.4,0,56,NA,NA,NA,NA,NA,0.028,NA,NA,NA
2026-02-14 16:00:00,"SPF",3.6,3.5,3.6,NA,NA,99.1,7.8,3.4,918.1,NA,1003.8,NA,1366.4,2.4,42,1.2,4.3,8.6,2.4,8.6,NA,NA,0.2,0,20,NA,NA,NA,NA,NA,0.018,NA,NA,NA
2026-02-14 17:00:00,"SPF",3,2.5,3.5,NA,NA,99.3,7.5,2.9,919.4,NA,1005.2,NA,1376.1,3.8,32,2.1,7.6,13.7,3.7,13.3,NA,NA,1.5,0,1,NA,NA,NA,NA,NA,0.012,NA,NA,NA
2026-02-14 18:00:00,"SPF",2.2,2,2.5,NA,NA,99.3,7.1,2.1,921,NA,1006.9,NA,1388.2,5,56,2.7,9.7,18,5,18,NA,NA,1,0,0,NA,NA,NA,NA,NA,-0.003,NA,NA,NA
2026-02-14 19:00:00,"SPF",1.4,0.8,1.8,NA,NA,99.3,6.7,1.3,922.4,NA,1008.5,NA,1398.6,3.9,20,2.1,7.6,14,3.8,13.7,NA,NA,1.3,0,0,NA,NA,NA,NA,NA,-0.004,NA,NA,NA
2026-02-14 20:00:00,"SPF",0.5,0.4,0.6,NA,NA,99.3,6.3,0.4,923.6,NA,1009.7,NA,1406.7,2.7,8,1.4,5,9.7,2.7,9.7,NA,NA,1,0,0,NA,NA,NA,NA,NA,-0.004,NA,NA,NA
2026-02-14 21:00:00,"SPF",0.5,0.4,0.6,NA,NA,99.3,6.3,0.4,924.6,NA,1010.8,NA,1415.2,2.6,16,1.5,5.4,9.4,2.6,9.4,NA,NA,0.4,0,0,NA,NA,NA,NA,NA,-0.004,NA,NA,NA
2026-02-14 22:00:00,"SPF",0.6,0.5,0.6,NA,NA,99.3,6.3,0.5,925.6,NA,1011.9,NA,1424.2,4.1,41,2,7.2,14.8,4,14.4,NA,NA,0.5,0,0,NA,NA,NA,NA,NA,-0.004,NA,NA,NA
2026-02-14 23:00:00,"SPF",0.1,0.1,0.3,NA,NA,99.3,6.1,0,926,NA,1012.3,NA,1426.4,3.2,16,1.9,6.8,11.5,3.1,11.2,NA,NA,0.2,0,0,NA,NA,NA,NA,NA,-0.004,NA,NA,NA
2026-02-15,"SPF",0.2,0.1,0.2,NA,NA,99.3,6.2,0.1,926.5,NA,1012.8,NA,1430.4,3.4,37,2.1,7.6,12.2,3.3,11.9,NA,NA,0,0,0,NA,NA,NA,NA,NA,-0.004,NA,NA,NA
2026-02-15 01:00:00,"SPF",0.1,0,0.1,NA,NA,99.3,6.1,-0.1,927,NA,1013.4,NA,1434.4,4.5,36,2.4,8.6,16.2,4.4,15.8,NA,NA,0,0,0,NA,NA,NA,NA,NA,-0.003,NA,NA,NA
2026-02-15 02:00:00,"SPF",-0.2,-0.3,-0.1,NA,NA,99.3,6,-0.3,927.5,NA,1013.9,NA,1438.2,4.6,30,2.8,10.1,16.6,4.5,16.2,NA,NA,0,0,0,NA,NA,NA,NA,NA,-0.003,NA,NA,NA
2026-02-15 03:00:00,"SPF",-0.3,-0.4,-0.3,NA,NA,99.3,5.9,-0.4,928.1,NA,1014.6,NA,1442.7,4,51,2.1,7.6,14.4,3.9,14,NA,NA,0,0,0,NA,NA,NA,NA,NA,-0.004,NA,NA,NA
2026-02-15 04:00:00,"SPF",-0.5,-0.6,-0.4,NA,NA,99.3,5.8,-0.6,928.1,NA,1014.6,NA,1442.4,3.4,28,2.2,7.9,12.2,3.3,11.9,NA,NA,0,0,0,NA,NA,NA,NA,NA,-0.003,NA,NA,NA
2026-02-15 05:00:00,"SPF",-0.5,-0.6,-0.4,NA,NA,99.3,5.9,-0.6,928.9,NA,1015.4,NA,1449.2,3.8,43,2.2,7.9,13.7,3.8,13.7,NA,NA,0,0,0,NA,NA,NA,NA,NA,-0.003,NA,NA,NA
2026-02-15 06:00:00,"SPF",-0.5,-0.5,-0.5,NA,NA,99.3,5.8,-0.6,928.9,NA,1015.4,NA,1449.3,2.6,32,1.5,5.4,9.4,2.5,9,NA,NA,0,0,0,NA,NA,NA,NA,NA,-0.004,NA,NA,NA
2026-02-15 07:00:00,"SPF",-0.7,-0.7,-0.6,NA,NA,99.3,5.8,-0.8,929.1,NA,1015.6,NA,1450.3,2.4,360,1.3,4.7,8.6,2.3,8.3,NA,NA,0,0,1,NA,NA,NA,NA,NA,-0.004,NA,NA,NA
2026-02-15 08:00:00,"SPF",-0.6,-0.7,-0.4,NA,NA,99.3,5.8,-0.7,929.1,NA,1015.7,NA,1451,3.5,9,1.4,5,12.6,3.4,12.2,NA,NA,0,0,37,NA,NA,NA,NA,NA,0.015,NA,NA,NA
2026-02-15 09:00:00,"SPF",-0.5,-0.6,-0.3,NA,NA,99.1,5.8,-0.6,928.8,NA,1015.3,NA,1448.1,3.6,24,2,7.2,13,3.5,12.6,NA,NA,0,0,82,NA,NA,NA,NA,NA,0.029,NA,NA,NA
2026-02-15 10:00:00,"SPF",-0.2,-0.3,-0.1,NA,NA,97,5.8,-0.7,928.7,NA,1015.2,NA,1447.8,3.7,25,2,7.2,13.3,3.6,13,NA,NA,0,0,145,NA,NA,NA,NA,NA,0.049,NA,NA,NA
2026-02-15 11:00:00,"SPF",0.3,0,0.5,NA,NA,89,5.6,-1.3,928.4,NA,1014.9,NA,1447.2,3.9,42,2.4,8.6,14,3.9,14,NA,NA,0,0,289,NA,NA,NA,NA,NA,0.094,NA,NA,NA
2026-02-15 12:00:00,"SPF",1,0.6,1.2,NA,NA,83.4,5.5,-1.5,927.6,NA,1014,NA,1442,3.4,40,1.7,6.1,12.2,3.3,11.9,NA,NA,0,0,373,NA,NA,NA,NA,NA,0.128,NA,NA,NA
2026-02-15 13:00:00,"SPF",1.7,1.4,2,NA,NA,81.9,5.7,-1,926.3,NA,1012.6,NA,1432.8,3,344,1,3.6,10.8,2.9,10.4,NA,NA,0,0,412,NA,NA,NA,NA,NA,0.148,NA,NA,NA
2026-02-15 14:00:00,"SPF",2.7,2.1,3,NA,NA,79.9,5.9,-0.5,925.3,NA,1011.5,NA,1426.4,3.3,216,1.2,4.3,11.9,3.2,11.5,NA,NA,0,0,475,NA,NA,NA,NA,NA,0.167,NA,NA,NA
2026-02-15 15:00:00,"SPF",2.7,2.5,3,NA,NA,83.3,6.2,0.1,924.4,NA,1010.6,NA,1418.5,4.6,229,2.3,8.3,16.6,4.5,16.2,NA,NA,0,0,199,NA,NA,NA,NA,NA,0.074,NA,NA,NA
2026-02-15 16:00:00,"SPF",2.3,1.9,2.6,NA,NA,85.9,6.2,0.2,923.3,NA,1009.4,NA,1408.6,4.2,217,2.2,7.9,15.1,4.1,14.8,NA,NA,0,0,125,NA,NA,NA,NA,NA,0.04,NA,NA,NA
2026-02-15 17:00:00,"SPF",1.6,1.4,1.8,NA,NA,92.4,6.4,0.5,922.3,NA,1008.3,NA,1398,4.8,203,1.7,6.1,17.3,4.6,16.6,NA,NA,0,0,14,NA,NA,NA,NA,NA,0.002,NA,NA,NA
2026-02-15 18:00:00,"SPF",1.5,1.4,1.6,NA,NA,95.8,6.5,0.9,921.1,NA,1007.1,NA,1387.7,4.2,211,1.9,6.8,15.1,4.1,14.8,NA,NA,0,0,0,NA,NA,NA,NA,NA,-0.003,NA,NA,NA
2026-02-15 19:00:00,"SPF",1.8,1.7,1.9,NA,NA,90.5,6.3,0.4,920.2,NA,1006.1,NA,1380.5,6.8,216,3,10.8,24.5,6.5,23.4,NA,NA,0,0,0,NA,NA,NA,NA,NA,0.001,NA,NA,NA
2026-02-15 20:00:00,"SPF",1.5,1.2,1.7,NA,NA,98.1,6.7,1.2,919,NA,1004.8,NA,1369.2,7.5,228,4.7,16.9,27,7.4,26.6,NA,NA,0.3,0,0,NA,NA,NA,NA,NA,-0.001,NA,NA,NA
2026-02-15 21:00:00,"SPF",2.1,1.7,2.6,NA,NA,99.2,7,2,918.3,NA,1004,NA,1364.6,7.5,235,5,18,27,7.4,26.6,NA,NA,0.6,0,0,NA,NA,NA,NA,NA,-0.002,NA,NA,NA
2026-02-15 22:00:00,"SPF",3.6,3,4.1,NA,NA,98.9,7.8,3.4,918.6,NA,1004.4,NA,1370.5,8.7,222,5.4,19.4,31.3,8.6,31,NA,NA,0.5,0,0,NA,NA,NA,NA,NA,-0.002,NA,NA,NA
2026-02-15 23:00:00,"SPF",5.2,4.3,6.2,NA,NA,93.4,8.3,4.3,918.4,NA,1004.2,NA,1373.4,9.4,223,5.5,19.8,33.8,9.4,33.8,NA,NA,0.2,0,0,NA,NA,NA,NA,NA,0.002,NA,NA,NA
2026-02-16,"SPF",6.5,6.2,6.7,NA,NA,87,8.4,4.5,917.9,NA,1003.6,NA,1371.6,8,221,4,14.4,28.8,7.9,28.4,NA,NA,0,0,0,NA,NA,NA,NA,NA,0.006,NA,NA,NA
2026-02-16 01:00:00,"SPF",6.5,6.3,6.7,NA,NA,89,8.6,4.8,917.8,NA,1003.5,NA,1371.1,6.6,210,3.7,13.3,23.8,6.5,23.4,NA,NA,0.6,0,0,NA,NA,NA,NA,NA,0.004,NA,NA,NA
2026-02-16 02:00:00,"SPF",6.3,6.1,6.5,NA,NA,90.9,8.7,4.9,917.3,NA,1003,NA,1366.1,9,208,4.5,16.2,32.4,8.8,31.7,NA,NA,0.2,0,0,NA,NA,NA,NA,NA,0.004,NA,NA,NA
2026-02-16 03:00:00,"SPF",6.6,6.1,7,NA,NA,84.3,8.2,4.1,916.5,NA,1002.1,NA,1359.7,16.6,205,7.6,27.4,59.8,15.6,56.2,NA,NA,1,0,0,NA,NA,NA,NA,NA,0.013,NA,NA,NA
2026-02-16 04:00:00,"SPF",6.7,6.4,7,NA,NA,77.5,7.6,3.1,916.3,NA,1001.9,NA,1357.8,16.6,206,8.5,30.6,59.8,16.3,58.7,NA,NA,0.5,0,0,NA,NA,NA,NA,NA,0.02,NA,NA,NA
2026-02-16 05:00:00,"SPF",5.2,3.2,6.4,NA,NA,85.5,7.5,2.9,917.7,NA,1003.5,NA,1367.1,18.5,226,6.6,23.8,66.6,17.4,62.6,NA,NA,6,0,0,NA,NA,NA,NA,NA,0.01,NA,NA,NA
2026-02-16 06:00:00,"SPF",3.9,2.7,4.4,NA,NA,88.1,7.1,2.1,918.2,NA,1004,NA,1368.4,14.3,202,6.2,22.3,51.5,13.5,48.6,NA,NA,1.9,0,0,NA,NA,NA,NA,NA,0.007,NA,NA,NA
2026-02-16 07:00:00,"SPF",3.8,3.6,4.1,NA,NA,93.6,7.5,2.9,918.1,NA,1003.8,NA,1367.2,11.3,217,4.1,14.8,40.7,10.8,38.9,NA,NA,1.8,0,0,NA,NA,NA,NA,NA,0.001,NA,NA,NA
2026-02-16 08:00:00,"SPF",4.7,4.5,4.8,NA,NA,84.1,7.2,2.2,918.2,NA,1003.9,NA,1369.9,12.8,210,6.3,22.7,46.1,12.6,45.4,NA,NA,0.2,0,7,NA,NA,NA,NA,NA,0.039,NA,NA,NA
2026-02-16 09:00:00,"SPF",3.7,2.8,4.4,NA,NA,91.1,7.2,2.3,918.1,NA,1003.8,NA,1366.9,10.4,211,4.4,15.8,37.4,9.5,34.2,NA,NA,1.5,0,15,NA,NA,NA,NA,NA,0.026,NA,NA,NA
2026-02-16 10:00:00,"SPF",3.2,2.6,4.1,NA,NA,97.9,7.5,2.9,917.7,NA,1003.4,NA,1361.7,8.9,221,4.1,14.8,32,8.6,31,NA,NA,0.2,0,118,NA,NA,NA,NA,NA,0.043,NA,NA,NA
2026-02-16 11:00:00,"SPF",4.8,4.6,5.2,NA,NA,85.9,7.4,2.6,917.1,NA,1002.8,NA,1360.5,7.9,220,4.3,15.5,28.4,7.6,27.4,NA,NA,0,0,163,NA,NA,NA,NA,NA,0.076,NA,NA,NA
2026-02-16 12:00:00,"SPF",5.2,4.9,5.5,NA,NA,77.7,6.9,1.6,916.4,NA,1002,NA,1355.1,9.8,211,3.9,14,35.3,9.6,34.6,NA,NA,0,0,100,NA,NA,NA,NA,NA,0.07,NA,NA,NA
2026-02-16 13:00:00,"SPF",5.4,4.9,5.6,NA,NA,76,6.8,1.5,915.6,NA,1001.1,NA,1348.7,8.3,208,4.7,16.9,29.9,8.1,29.2,NA,NA,0,0,109,NA,NA,NA,NA,NA,0.077,NA,NA,NA
2026-02-16 14:00:00,"SPF",3.2,2.1,4.7,NA,NA,91.1,7,1.9,915.5,NA,1001,NA,1342.8,11.6,206,5.4,19.4,41.8,11.5,41.4,NA,NA,2.6,0,20,NA,NA,NA,NA,NA,0.028,NA,NA,NA
2026-02-16 15:00:00,"SPF",3.8,2.1,4.9,NA,NA,86.3,6.8,1.6,915.1,NA,1000.6,NA,1341.1,12.8,207,6.2,22.3,46.1,12.4,44.6,NA,NA,0.4,0,90,NA,NA,NA,NA,NA,0.05,NA,NA,NA
2026-02-16 16:00:00,"SPF",4.6,4.1,5,NA,NA,75.7,6.4,0.6,915.2,NA,1000.7,NA,1343.2,13,216,5.8,20.9,46.8,12.5,45,NA,NA,0.5,0,15,NA,NA,NA,NA,NA,0.053,NA,NA,NA
2026-02-16 17:00:00,"SPF",2.7,1.8,3.6,NA,NA,90.3,6.7,1.2,916.6,NA,1002.2,NA,1351.6,12.3,234,4.1,14.8,44.3,12.1,43.6,NA,NA,5.7,0,0,NA,NA,NA,NA,NA,0.023,NA,NA,NA
2026-02-16 18:00:00,"SPF",2.3,1.7,3.1,NA,NA,92.3,6.6,1.1,917.7,NA,1003.4,NA,1359.8,10.3,200,5.7,20.5,37.1,9.9,35.6,NA,NA,1,0,0,NA,NA,NA,NA,NA,0.003,NA,NA,NA
2026-02-16 19:00:00,"SPF",2.2,1.8,2.6,NA,NA,91.1,6.5,0.9,917.8,NA,1003.5,NA,1361,9.6,208,4.4,15.8,34.6,9.4,33.8,NA,NA,0.7,0,0,NA,NA,NA,NA,NA,0.003,NA,NA,NA
2026-02-16 20:00:00,"SPF",1.9,1.4,2.4,NA,NA,94.9,6.7,1.2,918.4,NA,1004.2,NA,1365.4,8.8,216,3,10.8,31.7,8.4,30.2,NA,NA,0.6,0,0,NA,NA,NA,NA,NA,-0.001,NA,NA,NA
2026-02-16 21:00:00,"SPF",2.1,1.8,2.5,NA,NA,92.3,6.6,1,918.4,NA,1004.1,NA,1365.4,8.2,215,3.2,11.5,29.5,7.8,28.1,NA,NA,0.1,0,0,NA,NA,NA,NA,NA,0.001,NA,NA,NA
2026-02-16 22:00:00,"SPF",2,1.1,2.4,NA,NA,92.9,6.5,0.9,918.5,NA,1004.2,NA,1366,10.4,215,3.5,12.6,37.4,10.3,37.1,NA,NA,1,0,0,NA,NA,NA,NA,NA,0.001,NA,NA,NA
2026-02-16 23:00:00,"SPF",0.8,0.5,1.3,NA,NA,99.2,6.4,0.7,919.3,NA,1005.1,NA,1370.1,7.9,195,4.1,14.8,28.4,7.5,27,NA,NA,1.8,1,0,NA,NA,NA,NA,NA,-0.002,NA,NA,NA
2026-02-17,"SPF",0.7,0.5,1.2,NA,NA,99.2,6.4,0.6,919.9,NA,1005.8,NA,1375.6,7.2,187,3.4,12.2,25.9,7,25.2,NA,NA,1.4,3,0,NA,NA,NA,NA,NA,-0.003,NA,NA,NA
2026-02-17 01:00:00,"SPF",1.8,1.6,2.1,NA,NA,90.1,6.2,0.3,920.3,NA,1006.2,NA,1380.9,8.9,215,3.4,12.2,32,8.7,31.3,NA,NA,0.1,2,0,NA,NA,NA,NA,NA,0.002,NA,NA,NA
2026-02-17 02:00:00,"SPF",2,1.7,2.2,NA,NA,86,6.1,-0.1,920.3,NA,1006.2,NA,1382.2,11.7,204,6,21.6,42.1,11.4,41,NA,NA,0.1,2,0,NA,NA,NA,NA,NA,0.007,NA,NA,NA
2026-02-17 03:00:00,"SPF",2.1,1.9,2.4,NA,NA,82.7,5.9,-0.6,920.3,NA,1006.2,NA,1381.8,11.3,204,6.3,22.7,40.7,10.9,39.2,NA,NA,0,2,0,NA,NA,NA,NA,NA,0.01,NA,NA,NA
2026-02-17 04:00:00,"SPF",1.5,1.3,1.7,NA,NA,89.5,6.1,0,920.9,NA,1006.9,NA,1386.2,11.3,206,5.6,20.2,40.7,10.9,39.2,NA,NA,0.2,1,0,NA,NA,NA,NA,NA,0.005,NA,NA,NA
2026-02-17 05:00:00,"SPF",0.9,0.6,1,NA,NA,99.1,6.4,0.7,922.1,NA,1008.1,NA,1394.3,5.9,203,3.3,11.9,21.2,5.7,20.5,NA,NA,1.3,2,0,NA,NA,NA,NA,NA,-0.003,NA,NA,NA
2026-02-17 06:00:00,"SPF",1.2,0.6,1.7,NA,NA,97.4,6.5,0.8,922.6,NA,1008.7,NA,1399.7,8.7,205,4.6,16.6,31.3,8.6,31,NA,NA,0.7,2,0,NA,NA,NA,NA,NA,-0.001,NA,NA,NA
2026-02-17 07:00:00,"SPF",2,1.6,2.2,NA,NA,86.7,6.1,0,923.2,NA,1009.3,NA,1407.1,12.1,212,5.4,19.4,43.6,11.5,41.4,NA,NA,0.1,2,2,NA,NA,NA,NA,NA,0.001,NA,NA,NA
2026-02-17 08:00:00,"SPF",1.9,1.7,2,NA,NA,90.1,6.3,0.4,924,NA,1010.2,NA,1413.3,9.6,207,4.4,15.8,34.6,9.4,33.8,NA,NA,0.1,2,19,NA,NA,NA,NA,NA,0.024,NA,NA,NA
2026-02-17 09:00:00,"SPF",2.3,2.1,2.5,NA,NA,86,6.2,0.2,924.6,NA,1010.8,NA,1419.8,9.7,208,5.3,19.1,34.9,9.5,34.2,NA,NA,0,2,62,NA,NA,NA,NA,NA,0.041,NA,NA,NA
2026-02-17 10:00:00,"SPF",2.4,2.2,2.5,NA,NA,89,6.4,0.8,925.1,NA,1011.4,NA,1424.2,7.9,208,4.1,14.8,28.4,7.5,27,NA,NA,0,1,122,NA,NA,NA,NA,NA,0.053,NA,NA,NA
2026-02-17 11:00:00,"SPF",2.7,2.4,2.9,NA,NA,86.4,6.4,0.7,925.6,NA,1011.9,NA,1429.5,10,206,4.9,17.6,36,8.9,32,NA,NA,0.1,1,138,NA,NA,NA,NA,NA,0.062,NA,NA,NA
2026-02-17 12:00:00,"SPF",3.4,3.2,3.6,NA,NA,81,6.3,0.5,925.6,NA,1011.9,NA,1431,11,203,5.6,20.2,39.6,10.2,36.7,NA,NA,0.2,0,209,NA,NA,NA,NA,NA,0.089,NA,NA,NA
2026-02-17 13:00:00,"SPF",3.2,2.7,3.5,NA,NA,85.4,6.6,1,925.4,NA,1011.7,NA,1428.5,9.6,205,4.7,16.9,34.6,9.3,33.5,NA,NA,0.4,0,163,NA,NA,NA,NA,NA,0.071,NA,NA,NA
2026-02-17 14:00:00,"SPF",3.7,3.3,3.9,NA,NA,81.2,6.5,0.8,925.2,NA,1011.4,NA,1428.1,13.7,209,5.7,20.5,49.3,13,46.8,NA,NA,0.2,0,107,NA,NA,NA,NA,NA,0.064,NA,NA,NA
2026-02-17 15:00:00,"SPF",3.8,3.7,4,NA,NA,78.2,6.3,0.4,925.7,NA,1012,NA,1433.1,11.3,219,4.3,15.5,40.7,10.8,38.9,NA,NA,0.1,0,121,NA,NA,NA,NA,NA,0.067,NA,NA,NA
2026-02-17 16:00:00,"SPF",2.7,2.3,3.3,NA,NA,90,6.7,1.3,926.6,NA,1013,NA,1438.2,13.4,219,4.6,16.6,48.2,12.1,43.6,NA,NA,0.7,0,40,NA,NA,NA,NA,NA,0.029,NA,NA,NA
2026-02-17 17:00:00,"SPF",2.6,1.7,3.1,NA,NA,88.7,6.5,0.9,927.5,NA,1013.9,NA,1445.3,10.2,218,4.2,15.1,36.7,10,36,NA,NA,1.5,0,5,NA,NA,NA,NA,NA,0.022,NA,NA,NA
2026-02-17 18:00:00,"SPF",1.8,1.5,2,NA,NA,95.9,6.7,1.2,928.6,NA,1015.1,NA,1452.7,7.6,199,3.8,13.7,27.4,7.5,27,NA,NA,0.4,0,0,NA,NA,NA,NA,NA,-0.001,NA,NA,NA
2026-02-17 19:00:00,"SPF",1.3,1,1.7,NA,NA,98.3,6.6,1,929.8,NA,1016.4,NA,1461.3,6.9,218,3.4,12.2,24.8,6.7,24.1,NA,NA,1.5,0,0,NA,NA,NA,NA,NA,-0.002,NA,NA,NA
2026-02-17 20:00:00,"SPF",1.6,1.3,1.7,NA,NA,89.8,6.1,0.1,930,NA,1016.6,NA,1464,5.3,200,2.8,10.1,19.1,5.2,18.7,NA,NA,0.1,0,0,NA,NA,NA,NA,NA,0.001,NA,NA,NA
2026-02-17 21:00:00,"SPF",1.9,1.7,1.9,NA,NA,86.4,6,-0.2,930.1,NA,1016.7,NA,1466,5.2,205,2,7.2,18.7,5.1,18.4,NA,NA,0,0,0,NA,NA,NA,NA,NA,0.001,NA,NA,NA
2026-02-17 22:00:00,"SPF",1.8,1.7,1.9,NA,NA,87.3,6.1,-0.1,930.3,NA,1016.9,NA,1467.1,5.9,210,2.2,7.9,21.2,5.8,20.9,NA,NA,0,0,0,NA,NA,NA,NA,NA,0.002,NA,NA,NA
2026-02-17 23:00:00,"SPF",1.6,1.5,1.8,NA,NA,87.4,6,-0.3,930.1,NA,1016.7,NA,1464.9,4.7,214,2,7.2,16.9,4.6,16.6,NA,NA,0,0,0,NA,NA,NA,NA,NA,0.001,NA,NA,NA
2026-02-18,"SPF",1.7,1.5,1.9,NA,NA,83.4,5.7,-0.9,930,NA,1016.6,NA,1463.9,5.3,214,2.4,8.6,19.1,5.2,18.7,NA,NA,0,0,0,NA,NA,NA,NA,NA,0.004,NA,NA,NA
2026-02-18 01:00:00,"SPF",1.2,1.1,1.4,NA,NA,88.3,5.9,-0.5,929.7,NA,1016.3,NA,1460.6,4.7,230,2.5,9,16.9,4.5,16.2,NA,NA,0,0,0,NA,NA,NA,NA,NA,0.002,NA,NA,NA
2026-02-18 02:00:00,"SPF",1,1,1.1,NA,NA,93.5,6.2,0.1,929.2,NA,1015.8,NA,1455.8,3.5,231,2.2,7.9,12.6,3.4,12.2,NA,NA,0,0,0,NA,NA,NA,NA,NA,-0.001,NA,NA,NA
2026-02-18 03:00:00,"SPF",0.9,0.5,1.1,NA,NA,92.6,6,-0.2,928.3,NA,1014.8,NA,1447.9,5.2,209,2.5,9,18.7,5.1,18.4,NA,NA,0,0,0,NA,NA,NA,NA,NA,0,NA,NA,NA
2026-02-18 04:00:00,"SPF",0.2,0.1,0.4,NA,NA,86.9,5.4,-1.7,927.6,NA,1014,NA,1439.7,7.4,178,4.7,16.9,26.6,7.2,25.9,NA,NA,0,0,0,NA,NA,NA,NA,NA,0.005,NA,NA,NA
2026-02-18 05:00:00,"SPF",0.3,0.2,0.3,NA,NA,83.8,5.2,-2.1,927.3,NA,1013.7,NA,1437.3,7.2,190,3.7,13.3,25.9,7.2,25.9,NA,NA,0,0,0,NA,NA,NA,NA,NA,0.006,NA,NA,NA
2026-02-18 06:00:00,"SPF",0.3,0.1,0.4,NA,NA,85.4,5.3,-1.9,926.9,NA,1013.3,NA,1434.3,7.7,190,2.4,8.6,27.7,7.7,27.7,NA,NA,0,0,0,NA,NA,NA,NA,NA,0.003,NA,NA,NA
2026-02-18 07:00:00,"SPF",0.3,0.1,0.5,NA,NA,89,5.6,-1.3,926.6,NA,1013,NA,1431.9,5.8,204,1.2,4.3,20.9,5.7,20.5,NA,NA,0,0,3,NA,NA,NA,NA,NA,0.001,NA,NA,NA
2026-02-18 08:00:00,"SPF",0.4,0.2,0.5,NA,NA,94.1,5.9,-0.5,926.5,NA,1012.9,NA,1430.9,1.3,297,0.4,1.4,4.7,1.3,4.7,NA,NA,0,0,38,NA,NA,NA,NA,NA,0.019,NA,NA,NA
2026-02-18 09:00:00,"SPF",0.8,0.6,1,NA,NA,92.5,6,-0.3,926.1,NA,1012.4,NA,1428.5,1.2,360,0.4,1.4,4.3,1.2,4.3,NA,NA,0,0,61,NA,NA,NA,NA,NA,0.031,NA,NA,NA
2026-02-18 10:00:00,"SPF",0.3,0,0.6,NA,NA,98.8,6.2,0.1,925.5,NA,1011.8,NA,1422.5,1.5,360,0.5,1.8,5.4,1.4,5,NA,NA,0.5,0,67,NA,NA,NA,NA,NA,0.034,NA,NA,NA
2026-02-18 11:00:00,"SPF",0.1,0,0.2,NA,NA,99.3,6.1,0,925,NA,1011.2,NA,1417.4,0.5,135,0.1,0.4,1.8,0.5,1.8,NA,NA,0.9,0,144,NA,NA,NA,NA,NA,0.06,NA,NA,NA
2026-02-18 12:00:00,"SPF",0.4,0.2,0.6,NA,NA,99.3,6.2,0.3,924.5,NA,1010.7,NA,1413.6,0.6,135,0.3,1.1,2.2,0.6,2.2,NA,NA,0.4,0,175,NA,NA,NA,NA,NA,0.071,NA,NA,NA
2026-02-18 13:00:00,"SPF",1.1,0.9,1.3,NA,NA,99.3,6.6,1,923.7,NA,1009.9,NA,1409,0.6,0,0.1,0.4,2.2,0.6,2.2,NA,NA,0.1,0,158,NA,NA,NA,NA,NA,0.068,NA,NA,NA
2026-02-18 14:00:00,"SPF",1.6,1.4,1.7,NA,NA,99.1,6.8,1.4,922.5,NA,1008.5,NA,1399.6,1.1,360,0.3,1.1,4,1.1,4,NA,NA,0,0,131,NA,NA,NA,NA,NA,0.057,NA,NA,NA
2026-02-18 15:00:00,"SPF",2,1.9,2,NA,NA,98.8,6.9,1.8,921.5,NA,1007.5,NA,1392.5,1.6,323,0.6,2.2,5.8,1.6,5.8,NA,NA,0,0,124,NA,NA,NA,NA,NA,0.05,NA,NA,NA
2026-02-18 16:00:00,"SPF",2,2,2.1,NA,NA,99.2,7,1.9,920.8,NA,1006.7,NA,1386.1,1.5,333,0.6,2.2,5.4,1.4,5,NA,NA,0,0,72,NA,NA,NA,NA,NA,0.028,NA,NA,NA
2026-02-18 17:00:00,"SPF",1.9,1.8,2,NA,NA,99.2,6.9,1.8,920.1,NA,1006,NA,1379.5,2.3,194,1.3,4.7,8.3,2.2,7.9,NA,NA,0,0,19,NA,NA,NA,NA,NA,0.002,NA,NA,NA
2026-02-18 18:00:00,"SPF",1.6,1.3,1.7,NA,NA,99.3,6.8,1.5,919.6,NA,1005.4,NA,1374.9,2.7,194,1,3.6,9.7,2.6,9.4,NA,NA,0,0,0,NA,NA,NA,NA,NA,-0.005,NA,NA,NA
2026-02-18 19:00:00,"SPF",1.1,0.8,1.3,NA,NA,99.3,6.6,1,919.1,NA,1004.9,NA,1369.7,1.3,207,0.5,1.8,4.7,1.3,4.7,NA,NA,0,0,0,NA,NA,NA,NA,NA,-0.006,NA,NA,NA
2026-02-18 20:00:00,"SPF",0.7,0.7,0.8,NA,NA,99.3,6.4,0.6,918.5,NA,1004.3,NA,1363.7,1,214,0.4,1.4,3.6,1,3.6,NA,NA,0,0,0,NA,NA,NA,NA,NA,-0.006,NA,NA,NA
2026-02-18 21:00:00,"SPF",0.5,0.3,0.7,NA,NA,99.3,6.3,0.4,917.9,NA,1003.6,NA,1357.3,2,196,0.8,2.9,7.2,2,7.2,NA,NA,0,0,0,NA,NA,NA,NA,NA,-0.005,NA,NA,NA
2026-02-18 22:00:00,"SPF",0.1,-0.1,0.3,NA,NA,99.4,6.1,0,916.9,NA,1002.5,NA,1348.4,2.3,194,0.9,3.2,8.3,2.2,7.9,NA,NA,0,0,0,NA,NA,NA,NA,NA,-0.005,NA,NA,NA
2026-02-18 23:00:00,"SPF",-0.4,-0.7,-0.2,NA,NA,99.4,5.9,-0.5,916.2,NA,1001.8,NA,1340.7,1.8,214,0.8,2.9,6.5,1.8,6.5,NA,NA,0,0,0,NA,NA,NA,NA,NA,-0.005,NA,NA,NA
2026-02-19,"SPF",-0.2,-0.5,0,NA,NA,99.4,6,-0.3,915.9,NA,1001.5,NA,1339.3,2.4,207,1.4,5,8.6,2.4,8.6,NA,NA,0,0,0,NA,NA,NA,NA,NA,-0.004,NA,NA,NA
2026-02-19 01:00:00,"SPF",0.4,0.2,0.6,NA,NA,99.4,6.2,0.3,915.7,NA,1001.2,NA,1338.3,2.8,90,1.3,4.7,10.1,2.8,10.1,NA,NA,0,0,0,NA,NA,NA,NA,NA,-0.005,NA,NA,NA
2026-02-19 02:00:00,"SPF",0.4,0.3,0.5,NA,NA,99.4,6.3,0.3,914.8,NA,1000.3,NA,1330.5,2.2,214,0.8,2.9,7.9,2.2,7.9,NA,NA,0,0,0,NA,NA,NA,NA,NA,-0.005,NA,NA,NA
2026-02-19 03:00:00,"SPF",1.8,0.6,3.1,NA,NA,99.4,6.9,1.7,915.4,NA,1000.9,NA,1339,7.7,201,3,10.8,27.7,7,25.2,NA,NA,0.5,0,0,NA,NA,NA,NA,NA,-0.003,NA,NA,NA
2026-02-19 04:00:00,"SPF",2.4,2.2,2.7,NA,NA,99.3,7.2,2.3,915.8,NA,1001.3,NA,1343.4,5.7,214,2.8,10.1,20.5,5.6,20.2,NA,NA,0.7,0,0,NA,NA,NA,NA,NA,-0.003,NA,NA,NA
2026-02-19 05:00:00,"SPF",2.2,2.1,2.4,NA,NA,99.3,7.2,2.1,915.2,NA,1000.7,NA,1338.3,4,210,2,7.2,14.4,4,14.4,NA,NA,0.1,0,0,NA,NA,NA,NA,NA,-0.004,NA,NA,NA
2026-02-19 06:00:00,"SPF",2.2,1.9,2.5,NA,NA,99.3,7.1,2.1,914.4,NA,999.9,NA,1331.1,5.1,225,2.2,7.9,18.4,5,18,NA,NA,0,0,0,NA,NA,NA,NA,NA,-0.004,NA,NA,NA
2026-02-19 07:00:00,"SPF",2.3,2.2,2.4,NA,NA,99.3,7.2,2.2,914.3,NA,999.7,NA,1330.5,5.1,207,2,7.2,18.4,5.1,18.4,NA,NA,0,0,2,NA,NA,NA,NA,NA,0.006,NA,NA,NA
2026-02-19 08:00:00,"SPF",2,1.8,2.2,NA,NA,99.3,7,1.9,913.9,NA,999.3,NA,1326.8,3,17,1.2,4.3,10.8,2.9,10.4,NA,NA,0,0,38,NA,NA,NA,NA,NA,0.019,NA,NA,NA
2026-02-19 09:00:00,"SPF",2,1.7,2.2,NA,NA,99.4,7,1.9,914.2,NA,999.6,NA,1328.6,1.8,18,0.7,2.5,6.5,1.8,6.5,NA,NA,0,0,63,NA,NA,NA,NA,NA,0.031,NA,NA,NA
2026-02-19 10:00:00,"SPF",2.5,2.2,2.8,NA,NA,99.4,7.2,2.4,914.4,NA,999.9,NA,1332.1,2.4,201,1.1,4,8.6,2.4,8.6,NA,NA,0,0,114,NA,NA,NA,NA,NA,0.049,NA,NA,NA
2026-02-19 11:00:00,"SPF",3.4,3,3.8,NA,NA,99.3,7.7,3.3,914.8,NA,1000.3,NA,1337.3,2.5,217,0.9,3.2,9,2.5,9,NA,NA,0,0,231,NA,NA,NA,NA,NA,0.094,NA,NA,NA
2026-02-19 12:00:00,"SPF",4.4,3.9,5.1,NA,NA,99.3,8.3,4.3,915,NA,1000.5,NA,1340.9,2.3,216,1,3.6,8.3,2.2,7.9,NA,NA,0,0,245,NA,NA,NA,NA,NA,0.102,NA,NA,NA
2026-02-19 13:00:00,"SPF",5.6,5.4,5.8,NA,NA,93.7,8.5,4.7,915.2,NA,1000.7,NA,1345.4,4.6,236,2.3,8.3,16.6,4.5,16.2,NA,NA,0.1,0,207,NA,NA,NA,NA,NA,0.088,NA,NA,NA
2026-02-19 14:00:00,"SPF",5.3,4.9,5.4,NA,NA,94.9,8.4,4.5,915.6,NA,1001.1,NA,1348.6,8.3,221,3.1,11.2,29.9,7.7,27.7,NA,NA,0.9,0,104,NA,NA,NA,NA,NA,0.049,NA,NA,NA
2026-02-19 15:00:00,"SPF",4.4,4.4,4.6,NA,NA,94.4,7.9,3.6,916,NA,1001.6,NA,1350.4,8.2,230,3.7,13.3,29.5,7.9,28.4,NA,NA,0.6,0,81,NA,NA,NA,NA,NA,0.039,NA,NA,NA
2026-02-19 16:00:00,"SPF",4.5,4.4,4.6,NA,NA,94.9,8,3.7,916,NA,1001.6,NA,1350.6,4.8,251,2,7.2,17.3,4.6,16.6,NA,NA,0,0,79,NA,NA,NA,NA,NA,0.032,NA,NA,NA
2026-02-19 17:00:00,"SPF",3.9,3.3,4.3,NA,NA,96.8,7.8,3.4,916.3,NA,1001.9,NA,1351.4,1.4,198,0.7,2.5,5,1.4,5,NA,NA,0,0,16,NA,NA,NA,NA,NA,0.007,NA,NA,NA
2026-02-19 18:00:00,"SPF",3.1,2.9,3.2,NA,NA,99.3,7.6,3,917.2,NA,1002.9,NA,1357.9,1.9,201,1.1,4,6.8,1.9,6.8,NA,NA,0,0,0,NA,NA,NA,NA,NA,-0.005,NA,NA,NA
2026-02-19 19:00:00,"SPF",2.9,2.8,3,NA,NA,99.3,7.5,2.8,918.1,NA,1003.8,NA,1364.9,1.9,207,0.8,2.9,6.8,1.8,6.5,NA,NA,0.1,0,0,NA,NA,NA,NA,NA,-0.006,NA,NA,NA
2026-02-19 20:00:00,"SPF",2.8,2.7,2.9,NA,NA,99.3,7.4,2.7,918.8,NA,1004.6,NA,1371.2,2.3,207,1,3.6,8.3,2.3,8.3,NA,NA,1,0,0,NA,NA,NA,NA,NA,-0.006,NA,NA,NA
2026-02-19 21:00:00,"SPF",2.8,2.7,2.9,NA,NA,99.3,7.4,2.7,919.9,NA,1005.8,NA,1380.3,1.6,214,0.7,2.5,5.8,1.5,5.4,NA,NA,0.5,0,0,NA,NA,NA,NA,NA,-0.006,NA,NA,NA
2026-02-19 22:00:00,"SPF",2.5,2.4,2.6,NA,NA,99.3,7.3,2.4,921.1,NA,1007,NA,1389.8,2.8,207,1.2,4.3,10.1,2.7,9.7,NA,NA,0.4,0,0,NA,NA,NA,NA,NA,-0.005,NA,NA,NA
2026-02-19 23:00:00,"SPF",2.1,2,2.3,NA,NA,99.3,7.1,2,922.2,NA,1008.2,NA,1398.5,4.6,208,2.2,7.9,16.6,4.5,16.2,NA,NA,0.1,0,0,NA,NA,NA,NA,NA,-0.004,NA,NA,NA
2026-02-20,"SPF",2.4,2.2,2.6,NA,NA,99.3,7.2,2.3,923.5,NA,1009.6,NA,1410.6,3.7,197,2.2,7.9,13.3,3.5,12.6,NA,NA,0.1,0,0,NA,NA,NA,NA,NA,-0.004,NA,NA,NA
2026-02-20 01:00:00,"SPF",2.7,2.6,2.8,NA,NA,99.3,7.3,2.6,924.8,NA,1011,NA,1421.9,4.1,196,1.9,6.8,14.8,4.1,14.8,NA,NA,0,0,0,NA,NA,NA,NA,NA,-0.004,NA,NA,NA
2026-02-20 02:00:00,"SPF",2.6,2.4,2.8,NA,NA,99.3,7.3,2.5,926,NA,1012.4,NA,1432.8,4,186,1.8,6.5,14.4,3.9,14,NA,NA,0.1,0,0,NA,NA,NA,NA,NA,-0.004,NA,NA,NA
2026-02-20 03:00:00,"SPF",2.5,2.5,2.5,NA,NA,99.3,7.3,2.4,926.9,NA,1013.3,NA,1440.3,2.9,196,1.8,6.5,10.4,2.9,10.4,NA,NA,0.2,0,0,NA,NA,NA,NA,NA,-0.004,NA,NA,NA
2026-02-20 04:00:00,"SPF",2.5,2.5,2.6,NA,NA,99.3,7.3,2.4,927.9,NA,1014.4,NA,1448.8,3.9,188,2.2,7.9,14,3.9,14,NA,NA,0.1,0,0,NA,NA,NA,NA,NA,-0.004,NA,NA,NA
2026-02-20 05:00:00,"SPF",2.6,2.4,2.7,NA,NA,99.3,7.3,2.5,929,NA,1015.6,NA,1458.3,3.1,186,1.9,6.8,11.2,3.1,11.2,NA,NA,0,0,0,NA,NA,NA,NA,NA,-0.004,NA,NA,NA
2026-02-20 06:00:00,"SPF",2.5,2.1,2.7,NA,NA,99.3,7.3,2.4,930.1,NA,1016.7,NA,1467.3,3.5,183,1.8,6.5,12.6,3.5,12.6,NA,NA,1.4,0,0,NA,NA,NA,NA,NA,-0.004,NA,NA,NA
2026-02-20 07:00:00,"SPF",2.3,2,2.5,NA,NA,99.3,7.2,2.2,931.1,NA,1017.8,NA,1475.6,3.6,185,2.3,8.3,13,3.5,12.6,NA,NA,0,0,2,NA,NA,NA,NA,NA,0.008,NA,NA,NA
2026-02-20 08:00:00,"SPF",2.6,2.5,2.8,NA,NA,99.3,7.3,2.5,932.4,NA,1019.2,NA,1487.6,3.8,180,2.2,7.9,13.7,3.8,13.7,NA,NA,0.1,0,28,NA,NA,NA,NA,NA,0.017,NA,NA,NA
2026-02-20 09:00:00,"SPF",3.3,2.9,3.7,NA,NA,99.3,7.7,3.2,933.6,NA,1020.5,NA,1499.3,3.6,189,2,7.2,13,3.5,12.6,NA,NA,0,0,44,NA,NA,NA,NA,NA,0.025,NA,NA,NA
2026-02-20 10:00:00,"SPF",4.3,3.9,4.7,NA,NA,98,8.1,4,934.5,NA,1021.5,NA,1510.1,4.2,199,2.3,8.3,15.1,4.1,14.8,NA,NA,0.1,0,88,NA,NA,NA,NA,NA,0.041,NA,NA,NA
2026-02-20 11:00:00,"SPF",4.7,4.4,4.8,NA,NA,95.9,8.2,4.1,935.3,NA,1022.3,NA,1518.2,4,207,2,7.2,14.4,3.9,14,NA,NA,0,0,89,NA,NA,NA,NA,NA,0.046,NA,NA,NA
2026-02-20 12:00:00,"SPF",5.1,4.7,5.4,NA,NA,96.3,8.4,4.5,935.6,NA,1022.6,NA,1521.6,2.9,196,1.5,5.4,10.4,2.9,10.4,NA,NA,0,0,131,NA,NA,NA,NA,NA,0.062,NA,NA,NA
2026-02-20 13:00:00,"SPF",5.3,5.1,5.5,NA,NA,91.2,8.1,4,935.6,NA,1022.6,NA,1522.6,5.5,209,1.8,6.5,19.8,5.4,19.4,NA,NA,0,0,149,NA,NA,NA,NA,NA,0.071,NA,NA,NA
2026-02-20 14:00:00,"SPF",5.5,5.1,5.8,NA,NA,89.7,8.1,3.9,935.8,NA,1022.9,NA,1524.9,4.1,199,1.9,6.8,14.8,4.1,14.8,NA,NA,0.2,0,139,NA,NA,NA,NA,NA,0.067,NA,NA,NA
2026-02-20 15:00:00,"SPF",5.2,4.7,5.8,NA,NA,92.7,8.2,4.1,935.9,NA,1022.9,NA,1524.2,6.4,221,1.9,6.8,23,6.1,22,NA,NA,0.2,0,112,NA,NA,NA,NA,NA,0.052,NA,NA,NA
2026-02-20 16:00:00,"SPF",5.2,5,5.3,NA,NA,96.1,8.5,4.6,935.8,NA,1022.9,NA,1523.6,2.6,231,1.3,4.7,9.4,2.6,9.4,NA,NA,0.2,0,66,NA,NA,NA,NA,NA,0.03,NA,NA,NA
2026-02-20 17:00:00,"SPF",4.7,4.3,5,NA,NA,99.1,8.5,4.6,936.4,NA,1023.5,NA,1527.5,2.4,211,1.2,4.3,8.6,2.3,8.3,NA,NA,0,0,5,NA,NA,NA,NA,NA,0.013,NA,NA,NA
2026-02-20 18:00:00,"SPF",4.2,4,4.4,NA,NA,99.2,8.2,4.1,937.2,NA,1024.3,NA,1532.6,3.4,210,1.7,6.1,12.2,3.4,12.2,NA,NA,0.2,0,0,NA,NA,NA,NA,NA,-0.005,NA,NA,NA
2026-02-20 19:00:00,"SPF",4,3.8,4.1,NA,NA,99.2,8,3.9,937.7,NA,1024.9,NA,1536.3,3.1,214,1.2,4.3,11.2,3,10.8,NA,NA,0.1,0,0,NA,NA,NA,NA,NA,-0.005,NA,NA,NA
2026-02-20 20:00:00,"SPF",3.9,3.8,4.1,NA,NA,99,8,3.8,938,NA,1025.2,NA,1538.8,4.6,207,1.9,6.8,16.6,4.6,16.6,NA,NA,0,0,0,NA,NA,NA,NA,NA,-0.004,NA,NA,NA
2026-02-20 21:00:00,"SPF",4.5,4.4,4.6,NA,NA,85.6,7.2,2.3,938.3,NA,1025.5,NA,1542.8,8.1,198,4.4,15.8,29.2,7.8,28.1,NA,NA,0,0,0,NA,NA,NA,NA,NA,0.007,NA,NA,NA
2026-02-20 22:00:00,"SPF",3.6,3.5,3.9,NA,NA,95.8,7.6,3,938.3,NA,1025.5,NA,1540.5,5.2,221,3.3,11.9,18.7,5.1,18.4,NA,NA,0,0,0,NA,NA,NA,NA,NA,-0.001,NA,NA,NA
2026-02-20 23:00:00,"SPF",4.1,3.7,4.3,NA,NA,86.7,7.1,2.1,939.2,NA,1026.5,NA,1549.4,9,202,4.1,14.8,32.4,8.8,31.7,NA,NA,0,0,0,NA,NA,NA,NA,NA,0.006,NA,NA,NA
2026-02-21,"SPF",4.1,3.9,4.2,NA,NA,84.4,6.9,1.7,939.1,NA,1026.4,NA,1548.8,8.4,209,4.3,15.5,30.2,8.1,29.2,NA,NA,0,0,0,NA,NA,NA,NA,NA,0.008,NA,NA,NA
2026-02-21 01:00:00,"SPF",3.8,3.5,4.2,NA,NA,84.7,6.8,1.5,938.9,NA,1026.2,NA,1546.3,8.4,217,4.3,15.5,30.2,8.1,29.2,NA,NA,0,0,0,NA,NA,NA,NA,NA,0.007,NA,NA,NA
2026-02-21 02:00:00,"SPF",3.7,3.1,4.4,NA,NA,85,6.7,1.4,938.8,NA,1026.1,NA,1545.1,8.9,219,3.3,11.9,32,8.7,31.3,NA,NA,0,0,0,NA,NA,NA,NA,NA,0.005,NA,NA,NA
2026-02-21 03:00:00,"SPF",3.7,3.3,4.2,NA,NA,85.6,6.8,1.5,938.6,NA,1025.9,NA,1543.5,9.4,216,4.2,15.1,33.8,9.3,33.5,NA,NA,0,0,0,NA,NA,NA,NA,NA,0.007,NA,NA,NA
2026-02-21 04:00:00,"SPF",3.7,3.6,3.9,NA,NA,85.1,6.8,1.5,939,NA,1026.3,NA,1546.9,10.5,213,4.3,15.5,37.8,9.9,35.6,NA,NA,0.1,0,0,NA,NA,NA,NA,NA,0.007,NA,NA,NA
2026-02-21 05:00:00,"SPF",3.1,2.9,3.5,NA,NA,94.5,7.2,2.3,939.2,NA,1026.5,NA,1546.5,5.5,221,3.4,12.2,19.8,5.4,19.4,NA,NA,0.5,0,0,NA,NA,NA,NA,NA,0,NA,NA,NA
2026-02-21 06:00:00,"SPF",3.1,3,3.2,NA,NA,97.1,7.4,2.6,939.1,NA,1026.4,NA,1545.4,4.6,219,1.6,5.8,16.6,4.5,16.2,NA,NA,0,0,0,NA,NA,NA,NA,NA,-0.004,NA,NA,NA
2026-02-21 07:00:00,"SPF",3.1,3,3.3,NA,NA,99.2,7.6,3,939.4,NA,1026.7,NA,1548.2,3.8,212,2,7.2,13.7,3.7,13.3,NA,NA,0.5,0,0,NA,NA,NA,NA,NA,0.014,NA,NA,NA
2026-02-21 08:00:00,"SPF",3.6,3.2,3.8,NA,NA,99.2,7.9,3.5,940.3,NA,1027.7,NA,1557,3.9,223,2.1,7.6,14,3.7,13.3,NA,NA,1.1,0,12,NA,NA,NA,NA,NA,0.015,NA,NA,NA
2026-02-21 09:00:00,"SPF",4.5,3.9,5.6,NA,NA,96.9,8.2,4.1,940.3,NA,1027.7,NA,1560,8,226,3,10.8,28.8,7.7,27.7,NA,NA,1.1,0,44,NA,NA,NA,NA,NA,0.027,NA,NA,NA
2026-02-21 10:00:00,"SPF",5.6,5.4,5.7,NA,NA,92.1,8.4,4.4,940.2,NA,1027.6,NA,1562.8,8.6,219,4.2,15.1,31,8.2,29.5,NA,NA,1.1,0,88,NA,NA,NA,NA,NA,0.047,NA,NA,NA
2026-02-21 11:00:00,"SPF",5.8,5.5,6.1,NA,NA,92.6,8.5,4.7,940.5,NA,1027.9,NA,1565.8,8,214,4.9,17.6,28.8,7.8,28.1,NA,NA,1.1,0,115,NA,NA,NA,NA,NA,0.055,NA,NA,NA
2026-02-21 12:00:00,"SPF",5.9,5.8,6,NA,NA,92.3,8.6,4.7,940.7,NA,1028.1,NA,1567.4,6.8,220,4.1,14.8,24.5,6.7,24.1,NA,NA,1,0,75,NA,NA,NA,NA,NA,0.045,NA,NA,NA
2026-02-21 13:00:00,"SPF",5.9,5.8,6,NA,NA,95.9,8.9,5.3,940.5,NA,1027.9,NA,1566,5.3,231,3.4,12.2,19.1,5.3,19.1,NA,NA,0.6,0,63,NA,NA,NA,NA,NA,0.037,NA,NA,NA
2026-02-21 14:00:00,"SPF",5.7,5.6,5.9,NA,NA,99,9.1,5.6,940.8,NA,1028.2,NA,1567.7,4.9,215,2.9,10.4,17.6,4.7,16.9,NA,NA,0.9,0,44,NA,NA,NA,NA,NA,0.028,NA,NA,NA
2026-02-21 15:00:00,"SPF",6.2,5.9,6.3,NA,NA,93.7,8.8,5.2,940.3,NA,1027.7,NA,1565.4,7.4,227,4.3,15.5,26.6,7.2,25.9,NA,NA,0.2,0,67,NA,NA,NA,NA,NA,0.038,NA,NA,NA
2026-02-21 16:00:00,"SPF",6,5.9,6.2,NA,NA,93.8,8.8,5.1,940.6,NA,1028,NA,1567.2,5.5,221,3.5,12.6,19.8,5.4,19.4,NA,NA,0,0,21,NA,NA,NA,NA,NA,0.024,NA,NA,NA
2026-02-21 17:00:00,"SPF",5.6,5.5,5.8,NA,NA,98.8,9,5.5,941,NA,1028.4,NA,1569.2,6,195,3.5,12.6,21.6,5.9,21.2,NA,NA,0,0,7,NA,NA,NA,NA,NA,0.012,NA,NA,NA
2026-02-21 18:00:00,"SPF",5.6,5.4,5.9,NA,NA,97.7,8.9,5.3,941.4,NA,1028.8,NA,1572.4,6.4,198,2.7,9.7,23,6.2,22.3,NA,NA,0,0,0,NA,NA,NA,NA,NA,-0.003,NA,NA,NA
2026-02-21 19:00:00,"SPF",6.9,6.5,7.1,NA,NA,83.1,8.3,4.2,942.1,NA,1029.6,NA,1582.4,8.2,199,4.5,16.2,29.5,8,28.8,NA,NA,0,0,0,NA,NA,NA,NA,NA,0.011,NA,NA,NA
2026-02-21 20:00:00,"SPF",4.9,4.5,5.7,NA,NA,94.8,8.2,4.1,942.2,NA,1029.7,NA,1577.1,6.2,227,3.6,13,22.3,6,21.6,NA,NA,0,0,0,NA,NA,NA,NA,NA,0,NA,NA,NA
2026-02-21 21:00:00,"SPF",4.5,4.1,4.7,NA,NA,96.4,8.1,4,942.5,NA,1030.1,NA,1578.9,5.4,228,2.9,10.4,19.4,5.3,19.1,NA,NA,0,0,0,NA,NA,NA,NA,NA,-0.002,NA,NA,NA
2026-02-21 22:00:00,"SPF",4.1,3.8,4.5,NA,NA,98.2,8,3.8,942.4,NA,1030,NA,1576.8,4.5,211,2.4,8.6,16.2,4.4,15.8,NA,NA,0,0,0,NA,NA,NA,NA,NA,-0.003,NA,NA,NA
2026-02-21 23:00:00,"SPF",3.3,3,3.5,NA,NA,99.2,7.6,3.2,942.1,NA,1029.6,NA,1571.5,4.4,211,2.4,8.6,15.8,4.3,15.5,NA,NA,0,0,0,NA,NA,NA,NA,NA,-0.004,NA,NA,NA
2026-02-22,"SPF",2.6,2.2,2.8,NA,NA,99.3,7.3,2.5,941.8,NA,1029.3,NA,1566.9,3.5,213,2.1,7.6,12.6,3.4,12.2,NA,NA,0,0,0,NA,NA,NA,NA,NA,-0.004,NA,NA,NA
2026-02-22 01:00:00,"SPF",1.6,0.9,2.1,NA,NA,99.3,6.8,1.5,941.6,NA,1029.1,NA,1561.8,2.6,209,1.2,4.3,9.4,2.6,9.4,NA,NA,0,0,0,NA,NA,NA,NA,NA,-0.005,NA,NA,NA
2026-02-22 02:00:00,"SPF",1.4,0.6,2.1,NA,NA,99.3,6.7,1.3,941.2,NA,1028.6,NA,1557.8,4.6,214,2.5,9,16.6,4.5,16.2,NA,NA,0,0,0,NA,NA,NA,NA,NA,-0.003,NA,NA,NA
2026-02-22 03:00:00,"SPF",2.6,2.1,3.2,NA,NA,97.5,7.2,2.3,940.6,NA,1028,NA,1557.1,8.9,208,4.6,16.6,32,8.5,30.6,NA,NA,0,0,0,NA,NA,NA,NA,NA,-0.001,NA,NA,NA
2026-02-22 04:00:00,"SPF",2.6,2.3,2.8,NA,NA,97.2,7.2,2.2,940.2,NA,1027.6,NA,1553.4,6.8,207,4,14.4,24.5,6.6,23.8,NA,NA,0,0,0,NA,NA,NA,NA,NA,-0.001,NA,NA,NA
2026-02-22 05:00:00,"SPF",2.7,2,3.7,NA,NA,95,7,1.9,940,NA,1027.4,NA,1552.1,7.1,207,3.5,12.6,25.6,6.9,24.8,NA,NA,0,0,0,NA,NA,NA,NA,NA,0,NA,NA,NA
2026-02-22 06:00:00,"SPF",2.6,2.4,2.7,NA,NA,95.4,7,1.9,939.6,NA,1027,NA,1548.6,5.4,207,3.4,12.2,19.4,5.3,19.1,NA,NA,0,0,0,NA,NA,NA,NA,NA,-0.001,NA,NA,NA
2026-02-22 07:00:00,"SPF",2.4,1.9,2.8,NA,NA,95.9,7,1.8,940,NA,1027.3,NA,1550.6,4.7,206,2.7,9.7,16.9,4.6,16.6,NA,NA,0,0,9,NA,NA,NA,NA,NA,0.004,NA,NA,NA
2026-02-22 08:00:00,"SPF",2.7,2.1,3.3,NA,NA,94.8,7,1.9,940.2,NA,1027.6,NA,1553.9,6.3,196,3.3,11.9,22.7,6.1,22,NA,NA,0,0,83,NA,NA,NA,NA,NA,0.028,NA,NA,NA
2026-02-22 09:00:00,"SPF",4.4,3.8,5.2,NA,NA,85.7,7.2,2.2,940.1,NA,1027.5,NA,1557.6,4.9,193,3.2,11.5,17.6,4.8,17.3,NA,NA,0,0,158,NA,NA,NA,NA,NA,0.066,NA,NA,NA
2026-02-22 10:00:00,"SPF",6.7,5.5,7.9,NA,NA,81,7.9,3.6,939.8,NA,1027.2,NA,1562.2,5,189,2.8,10.1,18,5,18,NA,NA,0,0,361,NA,NA,NA,NA,NA,0.146,NA,NA,NA
2026-02-22 11:00:00,"SPF",8.3,7.8,8.9,NA,NA,72.5,8,3.7,939.5,NA,1026.8,NA,1564.5,5.5,215,3.4,12.2,19.8,5.4,19.4,NA,NA,0,0,422,NA,NA,NA,NA,NA,0.19,NA,NA,NA
2026-02-22 12:00:00,"SPF",9.9,9.3,10.5,NA,NA,68.3,8.3,4.3,938.7,NA,1025.9,NA,1562.1,5.4,208,3,10.8,19.4,5.3,19.1,NA,NA,0,0,575,NA,NA,NA,NA,NA,0.263,NA,NA,NA
2026-02-22 13:00:00,"SPF",11,10.7,11.3,NA,NA,58,7.6,3,938.3,NA,1025.5,NA,1562.3,7.6,222,3.1,11.2,27.4,7.5,27,NA,NA,0,0,485,NA,NA,NA,NA,NA,0.249,NA,NA,NA
2026-02-22 14:00:00,"SPF",11.7,11.4,12,NA,NA,46.8,6.4,0.7,938,NA,1025.2,NA,1562,8,221,4.2,15.1,28.8,7.9,28.4,NA,NA,0,0,495,NA,NA,NA,NA,NA,0.27,NA,NA,NA
2026-02-22 15:00:00,"SPF",12,12,12.1,NA,NA,46.7,6.5,1,937.5,NA,1024.7,NA,1558.5,5.7,229,2.9,10.4,20.5,5.5,19.8,NA,NA,0,0,333,NA,NA,NA,NA,NA,0.192,NA,NA,NA
2026-02-22 16:00:00,"SPF",11.4,10.8,11.9,NA,NA,51.1,6.9,1.7,937.3,NA,1024.5,NA,1555,4.5,219,2.1,7.6,16.2,4.4,15.8,NA,NA,0,0,150,NA,NA,NA,NA,NA,0.098,NA,NA,NA
2026-02-22 17:00:00,"SPF",8.7,7.8,10.6,NA,NA,68.7,7.7,3.2,936.9,NA,1024.1,NA,1543.7,5.2,198,2.5,9,18.7,5.1,18.4,NA,NA,0,0,33,NA,NA,NA,NA,NA,0.034,NA,NA,NA
2026-02-22 18:00:00,"SPF",6.9,6.6,7.2,NA,NA,75.6,7.5,2.9,937.1,NA,1024.2,NA,1539.5,4.5,198,2.7,9.7,16.2,4.4,15.8,NA,NA,0,0,0,NA,NA,NA,NA,NA,0.011,NA,NA,NA
2026-02-22 19:00:00,"SPF",5.9,5.5,6.2,NA,NA,77.9,7.2,2.3,937.2,NA,1024.4,NA,1537.8,4.6,202,2.7,9.7,16.6,4.5,16.2,NA,NA,0,0,0,NA,NA,NA,NA,NA,0.009,NA,NA,NA
2026-02-22 20:00:00,"SPF",5.5,5.3,5.9,NA,NA,77.3,7,1.9,937.3,NA,1024.5,NA,1537.6,3.9,203,2.3,8.3,14,3.9,14,NA,NA,0,0,0,NA,NA,NA,NA,NA,0.008,NA,NA,NA
2026-02-22 21:00:00,"SPF",5.9,5.6,6.1,NA,NA,75.6,7,1.9,937.2,NA,1024.4,NA,1537.8,5.6,199,2.8,10.1,20.2,5.4,19.4,NA,NA,0,0,0,NA,NA,NA,NA,NA,0.011,NA,NA,NA
2026-02-22 22:00:00,"SPF",6.4,6,6.7,NA,NA,71.1,6.8,1.6,936.7,NA,1023.8,NA,1535.2,7.1,220,4,14.4,25.6,6.7,24.1,NA,NA,0,0,0,NA,NA,NA,NA,NA,0.018,NA,NA,NA
2026-02-22 23:00:00,"SPF",6.1,5.6,6.5,NA,NA,72.9,6.8,1.6,936.6,NA,1023.7,NA,1532.8,5.3,202,3.2,11.5,19.1,5.1,18.4,NA,NA,0,0,0,NA,NA,NA,NA,NA,0.014,NA,NA,NA
2026-02-23,"SPF",7.7,6.7,8.1,NA,NA,61.9,6.5,0.8,937.1,NA,1024.2,NA,1542.1,3.9,227,2.1,7.6,14,3.7,13.3,NA,NA,0,0,0,NA,NA,NA,NA,NA,0.017,NA,NA,NA
2026-02-23 01:00:00,"SPF",7.1,6.7,7.8,NA,NA,67.3,6.8,1.4,937.5,NA,1024.7,NA,1543.9,3.5,219,2,7.2,12.6,3.4,12.2,NA,NA,0,0,0,NA,NA,NA,NA,NA,0.013,NA,NA,NA
2026-02-23 02:00:00,"SPF",7.9,7.6,8.2,NA,NA,65.5,7,1.9,937.4,NA,1024.6,NA,1545.2,7.3,218,3.5,12.6,26.3,7.1,25.6,NA,NA,0,0,0,NA,NA,NA,NA,NA,0.023,NA,NA,NA
2026-02-23 03:00:00,"SPF",7.7,7.3,8.1,NA,NA,69,7.3,2.4,936.6,NA,1023.7,NA,1538.1,11.4,203,5.6,20.2,41,10.8,38.9,NA,NA,0,0,0,NA,NA,NA,NA,NA,0.026,NA,NA,NA
2026-02-23 04:00:00,"SPF",7.6,7.3,7.8,NA,NA,68.6,7.2,2.2,935.8,NA,1022.8,NA,1530.5,11.4,195,5.3,19.1,41,11.1,40,NA,NA,0,0,0,NA,NA,NA,NA,NA,0.025,NA,NA,NA
2026-02-23 05:00:00,"SPF",6.7,6.4,7.3,NA,NA,75.7,7.4,2.7,935.7,NA,1022.8,NA,1527.3,5.2,208,3,10.8,18.7,5.1,18.4,NA,NA,0,0,0,NA,NA,NA,NA,NA,0.012,NA,NA,NA
2026-02-23 06:00:00,"SPF",6.5,6.2,6.9,NA,NA,75.7,7.3,2.5,936,NA,1023.1,NA,1528.9,5.8,213,3.2,11.5,20.9,5.6,20.2,NA,NA,0,0,0,NA,NA,NA,NA,NA,0.013,NA,NA,NA
2026-02-23 07:00:00,"SPF",6.7,6.5,7,NA,NA,76.7,7.5,2.9,936.4,NA,1023.5,NA,1533.7,4.8,224,3,10.8,17.3,4.7,16.9,NA,NA,0,0,8,NA,NA,NA,NA,NA,0.03,NA,NA,NA
2026-02-23 08:00:00,"SPF",6.9,6.5,7.4,NA,NA,79.2,7.9,3.5,936.8,NA,1023.9,NA,1537,5.7,205,2.7,9.7,20.5,5.6,20.2,NA,NA,0,0,63,NA,NA,NA,NA,NA,0.046,NA,NA,NA
2026-02-23 09:00:00,"SPF",8.6,7.9,9.1,NA,NA,72,8,3.8,936.5,NA,1023.6,NA,1539.9,4.2,215,2.6,9.4,15.1,4,14.4,NA,NA,0,0,153,NA,NA,NA,NA,NA,0.09,NA,NA,NA
2026-02-23 10:00:00,"SPF",9.3,8.9,9.9,NA,NA,69.4,8.1,4,936.6,NA,1023.7,NA,1542.1,7,225,2.8,10.1,25.2,6.9,24.8,NA,NA,0,0,210,NA,NA,NA,NA,NA,0.122,NA,NA,NA
2026-02-23 11:00:00,"SPF",10.1,9.7,10.4,NA,NA,65.2,8.1,3.9,936.5,NA,1023.6,NA,1544.3,9.4,222,5,18,33.8,9.1,32.8,NA,NA,0,0,298,NA,NA,NA,NA,NA,0.175,NA,NA,NA
2026-02-23 12:00:00,"SPF",11,10.6,11.1,NA,NA,61.5,8.1,3.9,936.1,NA,1023.2,NA,1542.8,6.9,230,4.2,15.1,24.8,6.7,24.1,NA,NA,0,0,235,NA,NA,NA,NA,NA,0.163,NA,NA,NA
2026-02-23 13:00:00,"SPF",10.7,10.5,11,NA,NA,67.8,8.7,5,935.8,NA,1022.8,NA,1539.5,8.7,200,4.6,16.6,31.3,8.7,31.3,NA,NA,0,0,232,NA,NA,NA,NA,NA,0.151,NA,NA,NA
2026-02-23 14:00:00,"SPF",10.9,10.4,11.2,NA,NA,70.2,9.1,5.6,935.5,NA,1022.5,NA,1537.5,7.4,212,4,14.4,26.6,7,25.2,NA,NA,0,0,136,NA,NA,NA,NA,NA,0.11,NA,NA,NA
2026-02-23 15:00:00,"SPF",11,10.1,11.4,NA,NA,72,9.4,6.1,935.1,NA,1022.1,NA,1534,9.3,194,5.4,19.4,33.5,9.2,33.1,NA,NA,0.1,0,281,NA,NA,NA,NA,NA,0.15,NA,NA,NA
2026-02-23 16:00:00,"SPF",11.5,11.2,11.7,NA,NA,62.9,8.6,4.7,934.4,NA,1021.4,NA,1530.2,8.9,203,4.4,15.8,32,8.7,31.3,NA,NA,0,0,59,NA,NA,NA,NA,NA,0.095,NA,NA,NA
2026-02-23 17:00:00,"SPF",10.9,10.3,11.3,NA,NA,67.6,8.8,5.1,934.6,NA,1021.5,NA,1529.4,7.3,198,3.8,13.7,26.3,7.2,25.9,NA,NA,0,0,16,NA,NA,NA,NA,NA,0.061,NA,NA,NA
2026-02-23 18:00:00,"SPF",10.2,9.9,10.9,NA,NA,71,8.8,5.1,935,NA,1022,NA,1531.1,6.9,200,3,10.8,24.8,6.8,24.5,NA,NA,0,0,0,NA,NA,NA,NA,NA,0.018,NA,NA,NA
2026-02-23 19:00:00,"SPF",10.4,9.7,10.9,NA,NA,71.4,9,5.5,935.3,NA,1022.3,NA,1534.9,6.5,209,3,10.8,23.4,6.3,22.7,NA,NA,0,0,0,NA,NA,NA,NA,NA,0.018,NA,NA,NA
2026-02-23 20:00:00,"SPF",10.6,10.4,10.8,NA,NA,73.1,9.3,6,935.5,NA,1022.5,NA,1537.2,10.1,217,3.8,13.7,36.4,9.7,34.9,NA,NA,0,0,0,NA,NA,NA,NA,NA,0.02,NA,NA,NA
2026-02-23 21:00:00,"SPF",10.3,10.2,10.5,NA,NA,76.5,9.6,6.4,935.6,NA,1022.6,NA,1537,9.4,214,4.4,15.8,33.8,9.1,32.8,NA,NA,0,0,0,NA,NA,NA,NA,NA,0.019,NA,NA,NA
2026-02-23 22:00:00,"SPF",10.1,9.9,10.3,NA,NA,76.6,9.5,6.2,936.1,NA,1023.2,NA,1540.3,8.2,217,4.4,15.8,29.5,8,28.8,NA,NA,0,0,0,NA,NA,NA,NA,NA,0.019,NA,NA,NA
2026-02-23 23:00:00,"SPF",9.9,9.7,10.1,NA,NA,76,9.3,5.9,936.1,NA,1023.2,NA,1539.7,10.5,204,5.1,18.4,37.8,10.2,36.7,NA,NA,0,0,0,NA,NA,NA,NA,NA,0.021,NA,NA,NA
2026-02-24,"SPF",9.9,9.3,10.1,NA,NA,74.7,9.1,5.6,935.7,NA,1022.8,NA,1536.9,9.3,205,5.6,20.2,33.5,9.2,33.1,NA,NA,0,0,0,NA,NA,NA,NA,NA,0.023,NA,NA,NA
2026-02-24 01:00:00,"SPF",9,8.6,9.2,NA,NA,80.4,9.2,5.8,935.6,NA,1022.6,NA,1532.7,6.4,220,3.9,14,23,6.2,22.3,NA,NA,0,0,0,NA,NA,NA,NA,NA,0.013,NA,NA,NA
2026-02-24 02:00:00,"SPF",8.3,8,8.7,NA,NA,82.3,9,5.5,935.2,NA,1022.2,NA,1528,5.9,188,3.6,13,21.2,5.8,20.9,NA,NA,0,0,0,NA,NA,NA,NA,NA,0.01,NA,NA,NA
2026-02-24 03:00:00,"SPF",7.7,7.4,8,NA,NA,84.5,8.9,5.3,934.8,NA,1021.8,NA,1522.7,6.2,187,3.9,14,22.3,6.2,22.3,NA,NA,0,0,0,NA,NA,NA,NA,NA,0.009,NA,NA,NA
2026-02-24 04:00:00,"SPF",7.6,7.3,7.9,NA,NA,85.2,8.9,5.3,934.8,NA,1021.8,NA,1522.2,6.6,191,3.8,13.7,23.8,6.5,23.4,NA,NA,0,0,0,NA,NA,NA,NA,NA,0.008,NA,NA,NA
2026-02-24 05:00:00,"SPF",7.2,7,7.6,NA,NA,89.3,9.1,5.6,935.2,NA,1022.2,NA,1524.2,6.2,191,3.8,13.7,22.3,6.1,22,NA,NA,0.2,0,0,NA,NA,NA,NA,NA,0.004,NA,NA,NA
2026-02-24 06:00:00,"SPF",7.2,7.1,7.6,NA,NA,89.8,9.1,5.7,935.2,NA,1022.2,NA,1524.3,6.7,181,4.7,16.9,24.1,6.6,23.8,NA,NA,0,0,0,NA,NA,NA,NA,NA,0.005,NA,NA,NA
2026-02-24 07:00:00,"SPF",7.5,7.3,7.7,NA,NA,88.3,9.2,5.7,935.4,NA,1022.4,NA,1526.9,7.1,183,4.3,15.5,25.6,6.8,24.5,NA,NA,0,0,6,NA,NA,NA,NA,NA,0.026,NA,NA,NA
2026-02-24 08:00:00,"SPF",8.1,7.8,8.5,NA,NA,85.4,9.2,5.8,935.9,NA,1023,NA,1533,4.7,197,2.9,10.4,16.9,4.7,16.9,NA,NA,0,0,32,NA,NA,NA,NA,NA,0.037,NA,NA,NA
2026-02-24 09:00:00,"SPF",8.3,7.8,8.7,NA,NA,85.4,9.3,6,935.9,NA,1023,NA,1533.9,4.5,180,2.3,8.3,16.2,4.5,16.2,NA,NA,0,0,55,NA,NA,NA,NA,NA,0.046,NA,NA,NA
2026-02-24 10:00:00,"SPF",8.7,8.1,9.3,NA,NA,85.4,9.6,6.3,935.8,NA,1022.9,NA,1534,6.2,174,3.1,11.2,22.3,6,21.6,NA,NA,0,0,124,NA,NA,NA,NA,NA,0.074,NA,NA,NA
2026-02-24 11:00:00,"SPF",10.1,9.7,10.5,NA,NA,77.3,9.5,6.3,935.7,NA,1022.8,NA,1537.2,2.8,205,1.5,5.4,10.1,2.7,9.7,NA,NA,0,0,207,NA,NA,NA,NA,NA,0.116,NA,NA,NA
2026-02-24 12:00:00,"SPF",11.7,11.3,12.4,NA,NA,72.2,9.9,6.9,935.3,NA,1022.3,NA,1538.6,3.1,184,1.4,5,11.2,3,10.8,NA,NA,0,0,524,NA,NA,NA,NA,NA,0.261,NA,NA,NA
2026-02-24 13:00:00,"SPF",13.2,12.9,13.7,NA,NA,59.6,9.1,5.6,935,NA,1022,NA,1539.8,2,171,0.8,2.9,7.2,1.9,6.8,NA,NA,0,0,305,NA,NA,NA,NA,NA,0.176,NA,NA,NA
2026-02-24 14:00:00,"SPF",14.1,13.9,14.3,NA,NA,56.1,9,5.5,934.7,NA,1021.7,NA,1539.6,2.3,288,0.5,1.8,8.3,2.2,7.9,NA,NA,0,0,238,NA,NA,NA,NA,NA,0.141,NA,NA,NA
2026-02-24 15:00:00,"SPF",13.6,13.4,14.3,NA,NA,65.2,10.1,7.2,934.3,NA,1021.2,NA,1535.4,5.6,34,3.3,11.9,20.2,5.5,19.8,NA,NA,0,0,235,NA,NA,NA,NA,NA,0.151,NA,NA,NA
2026-02-24 16:00:00,"SPF",13.7,13.3,13.9,NA,NA,66.2,10.3,7.5,934.1,NA,1021,NA,1533.3,6.2,29,3.7,13.3,22.3,6.1,22,NA,NA,0,0,217,NA,NA,NA,NA,NA,0.126,NA,NA,NA
2026-02-24 17:00:00,"SPF",12.5,11.8,13.1,NA,NA,72.6,10.5,7.7,934.2,NA,1021.1,NA,1531.1,5,33,3,10.8,18,4.9,17.6,NA,NA,0,0,58,NA,NA,NA,NA,NA,0.024,NA,NA,NA
2026-02-24 18:00:00,"SPF",9.6,8.4,11.3,NA,NA,79.7,9.6,6.3,934.8,NA,1021.8,NA,1527.7,6.9,156,2.2,7.9,24.8,6.8,24.5,NA,NA,0,0,0,NA,NA,NA,NA,NA,0.008,NA,NA,NA
2026-02-24 19:00:00,"SPF",8.2,7.3,8.7,NA,NA,83.6,9.1,5.6,935,NA,1022,NA,1525.4,6.3,131,1.5,5.4,22.7,6.2,22.3,NA,NA,0,0,0,NA,NA,NA,NA,NA,0.002,NA,NA,NA
2026-02-24 20:00:00,"SPF",5.8,4.3,6.5,NA,NA,93.1,8.6,4.8,935,NA,1022,NA,1518.6,1.3,207,0.5,1.8,4.7,1.3,4.7,NA,NA,0,0,0,NA,NA,NA,NA,NA,-0.006,NA,NA,NA
2026-02-24 21:00:00,"SPF",4,3.4,4.4,NA,NA,99.3,8,3.9,934.9,NA,1021.9,NA,1512.3,1.5,207,0.7,2.5,5.4,1.5,5.4,NA,NA,0,0,0,NA,NA,NA,NA,NA,-0.006,NA,NA,NA
2026-02-24 22:00:00,"SPF",3.1,2.7,3.9,NA,NA,99.3,7.6,3,934.7,NA,1021.7,NA,1508.4,1.7,207,0.9,3.2,6.1,1.7,6.1,NA,NA,0,0,0,NA,NA,NA,NA,NA,-0.006,NA,NA,NA
2026-02-24 23:00:00,"SPF",2.2,1.9,2.6,NA,NA,99.3,7.2,2.1,934.6,NA,1021.6,NA,1504.8,2.2,212,1.4,5,7.9,2.2,7.9,NA,NA,0,0,0,NA,NA,NA,NA,NA,-0.005,NA,NA,NA
2026-02-25,"SPF",1.9,1.8,2,NA,NA,99.3,7,1.8,934.4,NA,1021.4,NA,1502.7,2.7,212,1.6,5.8,9.7,2.6,9.4,NA,NA,0,0,0,NA,NA,NA,NA,NA,-0.004,NA,NA,NA
2026-02-25 01:00:00,"SPF",1.5,1.1,1.9,NA,NA,99.4,6.8,1.4,934.3,NA,1021.2,NA,1500.4,1.8,215,1.2,4.3,6.5,1.8,6.5,NA,NA,0,0,0,NA,NA,NA,NA,NA,-0.005,NA,NA,NA
2026-02-25 02:00:00,"SPF",1.1,0.9,1.3,NA,NA,99.4,6.6,1,934.2,NA,1021.1,NA,1498,2.4,212,1.2,4.3,8.6,2.3,8.3,NA,NA,0,0,0,NA,NA,NA,NA,NA,-0.005,NA,NA,NA
2026-02-25 03:00:00,"SPF",0.8,0.4,1,NA,NA,99.4,6.4,0.7,934.1,NA,1021,NA,1496.3,2.7,210,1.6,5.8,9.7,2.6,9.4,NA,NA,0,0,0,NA,NA,NA,NA,NA,-0.004,NA,NA,NA
2026-02-25 04:00:00,"SPF",0.6,0.1,1.1,NA,NA,99.4,6.4,0.5,934.2,NA,1021.1,NA,1497.2,3,214,1.8,6.5,10.8,3,10.8,NA,NA,0,0,0,NA,NA,NA,NA,NA,-0.004,NA,NA,NA
2026-02-25 05:00:00,"SPF",0.7,0.2,1,NA,NA,99.4,6.4,0.6,934.7,NA,1021.7,NA,1501,2.9,211,1.7,6.1,10.4,2.8,10.1,NA,NA,0,0,0,NA,NA,NA,NA,NA,-0.004,NA,NA,NA
2026-02-25 06:00:00,"SPF",0.7,0.4,1.4,NA,NA,99.3,6.4,0.6,935,NA,1022,NA,1503.8,3,216,1.4,5,10.8,3,10.8,NA,NA,0,0,0,NA,NA,NA,NA,NA,-0.004,NA,NA,NA
2026-02-25 07:00:00,"SPF",0.3,-0.2,0.6,NA,NA,99.3,6.2,0.2,935.5,NA,1022.5,NA,1506.6,2.4,216,1.4,5,8.6,2.3,8.3,NA,NA,0,0,7,NA,NA,NA,NA,NA,0.008,NA,NA,NA
2026-02-25 08:00:00,"SPF",0.7,0.6,0.9,NA,NA,99.3,6.4,0.6,935.8,NA,1022.9,NA,1510.6,2.5,216,1.3,4.7,9,2.5,9,NA,NA,0,0,27,NA,NA,NA,NA,NA,0.017,NA,NA,NA
2026-02-25 09:00:00,"SPF",3.4,1.2,6.3,NA,NA,91.7,7.1,2.1,935.8,NA,1022.9,NA,1518.7,2.1,200,1.2,4.3,7.6,2.1,7.6,NA,NA,0,0,283,NA,NA,NA,NA,NA,0.097,NA,NA,NA
2026-02-25 10:00:00,"SPF",9.1,7.3,10.6,NA,NA,66.9,7.7,3.2,935.6,NA,1022.6,NA,1532.9,2.1,200,1.2,4.3,7.6,2,7.2,NA,NA,0,0,481,NA,NA,NA,NA,NA,0.216,NA,NA,NA
2026-02-25 11:00:00,"SPF",12.8,11.5,13.9,NA,NA,56.1,8.3,4.3,935.5,NA,1022.5,NA,1543.2,4,37,1.4,5,14.4,3.9,14,NA,NA,0,0,573,NA,NA,NA,NA,NA,0.296,NA,NA,NA
2026-02-25 12:00:00,"SPF",13.5,13.1,14.1,NA,NA,56.2,8.7,5,935.4,NA,1022.4,NA,1544.5,3.7,15,2.4,8.6,13.3,3.6,13,NA,NA,0,0,610,NA,NA,NA,NA,NA,0.325,NA,NA,NA
2026-02-25 13:00:00,"SPF",14.9,14.2,15.4,NA,NA,54.9,9.3,5.9,935,NA,1022,NA,1544.7,4.7,14,3,10.8,16.9,4.6,16.6,NA,NA,0,0,588,NA,NA,NA,NA,NA,0.33,NA,NA,NA
2026-02-25 14:00:00,"SPF",15.6,15.4,15.8,NA,NA,56.3,10,6.9,934.7,NA,1021.7,NA,1544.6,5.4,5,3.4,12.2,19.4,5.3,19.1,NA,NA,0,0,513,NA,NA,NA,NA,NA,0.296,NA,NA,NA
2026-02-25 15:00:00,"SPF",15.5,15.3,15.6,NA,NA,60.2,10.6,7.8,934.8,NA,1021.8,NA,1545.2,5.4,10,3.4,12.2,19.4,5.3,19.1,NA,NA,0,0,388,NA,NA,NA,NA,NA,0.224,NA,NA,NA
2026-02-25 16:00:00,"SPF",14.9,14.5,15.3,NA,NA,60.6,10.3,7.4,935,NA,1022,NA,1545,4.6,11,3.1,11.2,16.6,4.5,16.2,NA,NA,0,0,227,NA,NA,NA,NA,NA,0.137,NA,NA,NA
2026-02-25 17:00:00,"SPF",12.1,9.9,14,NA,NA,68.1,9.6,6.4,935.6,NA,1022.6,NA,1541.9,4.3,349,1.6,5.8,15.5,4.1,14.8,NA,NA,0,0,57,NA,NA,NA,NA,NA,0.026,NA,NA,NA
2026-02-25 18:00:00,"SPF",8.2,7.5,9,NA,NA,79.8,8.7,4.9,936.2,NA,1023.3,NA,1535.8,3.1,198,1.9,6.8,11.2,3,10.8,NA,NA,0,0,0,NA,NA,NA,NA,NA,0.006,NA,NA,NA
2026-02-25 19:00:00,"SPF",6.4,5.4,7.2,NA,NA,93.9,9,5.5,936.7,NA,1023.8,NA,1534.6,2.3,209,1.2,4.3,8.3,2.2,7.9,NA,NA,0,0,0,NA,NA,NA,NA,NA,-0.004,NA,NA,NA
2026-02-25 20:00:00,"SPF",5,4.5,5.5,NA,NA,99.3,8.7,4.9,936.9,NA,1024,NA,1532.5,2.5,212,1.4,5,9,2.5,9,NA,NA,0,0,0,NA,NA,NA,NA,NA,-0.005,NA,NA,NA
2026-02-25 21:00:00,"SPF",4.6,4.4,5,NA,NA,99.3,8.5,4.5,937.1,NA,1024.3,NA,1533.4,2.7,204,1.8,6.5,9.7,2.7,9.7,NA,NA,0,0,0,NA,NA,NA,NA,NA,-0.005,NA,NA,NA
2026-02-25 22:00:00,"SPF",4.3,3.9,4.7,NA,NA,99.2,8.3,4.2,937.3,NA,1024.5,NA,1533.8,2.9,205,1.9,6.8,10.4,2.9,10.4,NA,NA,0,0,0,NA,NA,NA,NA,NA,-0.004,NA,NA,NA
2026-02-25 23:00:00,"SPF",4.4,4.1,4.7,NA,NA,97.3,8.1,4,937.4,NA,1024.6,NA,1535.2,3,195,2,7.2,10.8,3,10.8,NA,NA,0,0,0,NA,NA,NA,NA,NA,-0.003,NA,NA,NA
2026-02-26,"SPF",3.5,3,4,NA,NA,98.4,7.7,3.3,937.6,NA,1024.8,NA,1534.3,3.7,208,2,7.2,13.3,3.6,13,NA,NA,0,0,0,NA,NA,NA,NA,NA,-0.004,NA,NA,NA
2026-02-26 01:00:00,"SPF",3.1,2.8,3.5,NA,NA,98.2,7.5,2.8,937.8,NA,1025,NA,1534.9,3.7,210,2.2,7.9,13.3,3.6,13,NA,NA,0,0,0,NA,NA,NA,NA,NA,-0.003,NA,NA,NA
2026-02-26 02:00:00,"SPF",3.1,2.7,3.8,NA,NA,97,7.4,2.6,938,NA,1025.2,NA,1536.5,3.5,214,2.2,7.9,12.6,3.5,12.6,NA,NA,0,0,0,NA,NA,NA,NA,NA,-0.003,NA,NA,NA
2026-02-26 03:00:00,"SPF",3.5,3.1,3.9,NA,NA,91.8,7.2,2.3,938.2,NA,1025.4,NA,1539.3,4,204,2.4,8.6,14.4,3.9,14,NA,NA,0,0,0,NA,NA,NA,NA,NA,0,NA,NA,NA
2026-02-26 04:00:00,"SPF",3.3,2.3,4.4,NA,NA,91.6,7.1,2,938.4,NA,1025.6,NA,1540.2,4.4,203,2.8,10.1,15.8,4.3,15.5,NA,NA,0,0,0,NA,NA,NA,NA,NA,0.001,NA,NA,NA
2026-02-26 05:00:00,"SPF",3.9,3.1,4.6,NA,NA,86,6.9,1.7,938.7,NA,1026,NA,1544.3,4.2,201,2.6,9.4,15.1,4.2,15.1,NA,NA,0,0,0,NA,NA,NA,NA,NA,0.003,NA,NA,NA
2026-02-26 06:00:00,"SPF",3.9,3.5,4.7,NA,NA,83.7,6.8,1.4,938.9,NA,1026.2,NA,1546.4,5.2,198,2.7,9.7,18.7,5.1,18.4,NA,NA,0,0,0,NA,NA,NA,NA,NA,0.005,NA,NA,NA
2026-02-26 07:00:00,"SPF",2.6,2.3,3.2,NA,NA,92,6.8,1.5,939.3,NA,1026.6,NA,1546,2.8,218,1.7,6.1,10.1,2.7,9.7,NA,NA,0,0,9,NA,NA,NA,NA,NA,0.012,NA,NA,NA
2026-02-26 08:00:00,"SPF",2.7,2.3,3.2,NA,NA,93.4,6.9,1.7,939.6,NA,1026.9,NA,1548.5,4,216,1.9,6.8,14.4,3.9,14,NA,NA,0,0,45,NA,NA,NA,NA,NA,0.025,NA,NA,NA
2026-02-26 09:00:00,"SPF",6.1,3.5,8.7,NA,NA,79.6,7.5,2.7,939.7,NA,1027,NA,1559.3,2.6,198,1.3,4.7,9.4,2.5,9,NA,NA,0,0,263,NA,NA,NA,NA,NA,0.107,NA,NA,NA
2026-02-26 10:00:00,"SPF",11.2,9.4,12.8,NA,NA,59.5,7.9,3.6,939.5,NA,1026.8,NA,1573.3,2.6,184,1.4,5,9.4,2.5,9,NA,NA,0,0,476,NA,NA,NA,NA,NA,0.232,NA,NA,NA
2026-02-26 11:00:00,"SPF",14.7,13.6,16,NA,NA,46.4,7.7,3.3,939.3,NA,1026.6,NA,1582.9,3.5,184,1.5,5.4,12.6,3.4,12.2,NA,NA,0,0,571,NA,NA,NA,NA,NA,0.314,NA,NA,NA
2026-02-26 12:00:00,"SPF",17.1,16.6,17.4,NA,NA,35,6.8,1.5,939.1,NA,1026.4,NA,1588.1,4.9,232,2.8,10.1,17.6,4.8,17.3,NA,NA,0,0,609,NA,NA,NA,NA,NA,0.382,NA,NA,NA
2026-02-26 13:00:00,"SPF",17.4,17.3,17.5,NA,NA,33.5,6.7,1.2,938.8,NA,1026.1,NA,1586.5,5.3,241,3,10.8,19.1,5.2,18.7,NA,NA,0,0,583,NA,NA,NA,NA,NA,0.375,NA,NA,NA
2026-02-26 14:00:00,"SPF",17.7,17.6,17.8,NA,NA,33.7,6.8,1.5,938.5,NA,1025.8,NA,1584.6,4.9,218,2.9,10.4,17.6,4.8,17.3,NA,NA,0,0,505,NA,NA,NA,NA,NA,0.332,NA,NA,NA
2026-02-26 15:00:00,"SPF",17.9,17.8,17.9,NA,NA,32.1,6.6,1,938.2,NA,1025.4,NA,1582.3,4.3,231,2.2,7.9,15.5,4.1,14.8,NA,NA,0,0,386,NA,NA,NA,NA,NA,0.251,NA,NA,NA
2026-02-26 16:00:00,"SPF",16.6,16.1,17.5,NA,NA,46.6,8.8,5.1,938.2,NA,1025.4,NA,1578.6,4.7,28,2.5,9,16.9,4.6,16.6,NA,NA,0,0,214,NA,NA,NA,NA,NA,0.148,NA,NA,NA
2026-02-26 17:00:00,"SPF",12.7,10.6,16,NA,NA,62,9,5.5,938.4,NA,1025.6,NA,1568.2,5,187,2.5,9,18,4.9,17.6,NA,NA,0,0,66,NA,NA,NA,NA,NA,0.031,NA,NA,NA
2026-02-26 18:00:00,"SPF",10,8.9,10.7,NA,NA,63,7.7,3.2,938.7,NA,1026,NA,1563.2,6.2,187,3.6,13,22.3,6.1,22,NA,NA,0,0,0,NA,NA,NA,NA,NA,0.027,NA,NA,NA
2026-02-26 19:00:00,"SPF",7.2,6.4,8.3,NA,NA,75.4,7.7,3.2,939,NA,1026.3,NA,1557.3,4.3,198,1.9,6.8,15.5,4.2,15.1,NA,NA,0,0,0,NA,NA,NA,NA,NA,0.008,NA,NA,NA
2026-02-26 20:00:00,"SPF",5.5,5.2,5.6,NA,NA,83.3,7.5,2.8,938.9,NA,1026.2,NA,1551.3,2.9,205,1.9,6.8,10.4,2.9,10.4,NA,NA,0,0,0,NA,NA,NA,NA,NA,0.003,NA,NA,NA
2026-02-26 21:00:00,"SPF",4.6,4.1,5.1,NA,NA,86.2,7.3,2.5,938.9,NA,1026.2,NA,1548.9,3.3,207,1.8,6.5,11.9,3.2,11.5,NA,NA,0,0,0,NA,NA,NA,NA,NA,0.001,NA,NA,NA
2026-02-26 22:00:00,"SPF",3.9,3.5,4.2,NA,NA,88,7.1,2.1,938.8,NA,1026.1,NA,1545.9,3,209,1.9,6.8,10.8,3,10.8,NA,NA,0,0,0,NA,NA,NA,NA,NA,0.001,NA,NA,NA
2026-02-26 23:00:00,"SPF",3.2,2.6,3.6,NA,NA,91.3,7,1.9,938.6,NA,1025.9,NA,1541.4,2.7,208,1.5,5.4,9.7,2.6,9.4,NA,NA,0,0,0,NA,NA,NA,NA,NA,-0.002,NA,NA,NA
2026-02-27,"SPF",2.8,2.5,3.3,NA,NA,92.7,6.9,1.8,938.4,NA,1025.6,NA,1538.6,3.5,207,2,7.2,12.6,3.4,12.2,NA,NA,0,0,0,NA,NA,NA,NA,NA,-0.001,NA,NA,NA
2026-02-27 01:00:00,"SPF",2.4,2,3.2,NA,NA,93.6,6.8,1.4,938.2,NA,1025.4,NA,1535.6,3.3,210,2,7.2,11.9,3.2,11.5,NA,NA,0,0,0,NA,NA,NA,NA,NA,-0.002,NA,NA,NA
2026-02-27 02:00:00,"SPF",2.1,1.7,2.4,NA,NA,95.2,6.8,1.4,937.9,NA,1025.1,NA,1532.3,3,215,2,7.2,10.8,3,10.8,NA,NA,0,0,0,NA,NA,NA,NA,NA,-0.002,NA,NA,NA
2026-02-27 03:00:00,"SPF",2.4,1.7,3,NA,NA,92.7,6.7,1.3,937.5,NA,1024.7,NA,1530.2,3,208,2,7.2,10.8,3,10.8,NA,NA,0,0,0,NA,NA,NA,NA,NA,-0.001,NA,NA,NA
2026-02-27 04:00:00,"SPF",2.5,2.1,2.8,NA,NA,91.5,6.7,1.3,937.3,NA,1024.5,NA,1528.4,3.2,208,1.9,6.8,11.5,3.1,11.2,NA,NA,0,0,0,NA,NA,NA,NA,NA,-0.001,NA,NA,NA
2026-02-27 05:00:00,"SPF",2.1,1.4,2.7,NA,NA,93.6,6.7,1.2,937.3,NA,1024.5,NA,1527.8,3.3,209,2.1,7.6,11.9,3.3,11.9,NA,NA,0,0,0,NA,NA,NA,NA,NA,-0.001,NA,NA,NA
2026-02-27 06:00:00,"SPF",2.3,1.5,2.6,NA,NA,92.3,6.7,1.2,937.4,NA,1024.6,NA,1528.9,3.9,207,2.3,8.3,14,3.9,14,NA,NA,0,0,0,NA,NA,NA,NA,NA,0,NA,NA,NA
2026-02-27 07:00:00,"SPF",2.6,1.9,2.8,NA,NA,90.6,6.6,1.2,937.2,NA,1024.4,NA,1527.9,3,202,1.9,6.8,10.8,2.9,10.4,NA,NA,0,0,8,NA,NA,NA,NA,NA,0.015,NA,NA,NA
2026-02-27 08:00:00,"SPF",2.6,2.2,2.8,NA,NA,92.1,6.8,1.4,937.1,NA,1024.2,NA,1527.3,3.2,209,1.9,6.8,11.5,3.1,11.2,NA,NA,0,0,28,NA,NA,NA,NA,NA,0.023,NA,NA,NA
2026-02-27 09:00:00,"SPF",6.1,3.3,8.6,NA,NA,80.2,7.5,2.9,936.8,NA,1023.9,NA,1535.4,2.1,207,1.2,4.3,7.6,2.1,7.6,NA,NA,0,0,306,NA,NA,NA,NA,NA,0.12,NA,NA,NA
2026-02-27 10:00:00,"SPF",11.1,9.4,12.6,NA,NA,58.7,7.7,3.3,936.4,NA,1023.5,NA,1545.9,1.4,180,0.6,2.2,5,1.4,5,NA,NA,0,0,486,NA,NA,NA,NA,NA,0.233,NA,NA,NA
2026-02-27 11:00:00,"SPF",14.2,13.3,14.9,NA,NA,48.6,7.9,3.5,935.9,NA,1022.9,NA,1550.7,2.9,37,1.1,4,10.4,2.8,10.1,NA,NA,0,0,579,NA,NA,NA,NA,NA,0.311,NA,NA,NA
2026-02-27 12:00:00,"SPF",15.6,15,15.8,NA,NA,47.3,8.4,4.4,935.4,NA,1022.4,NA,1550.1,5.1,28,2.7,9.7,18.4,5,18,NA,NA,0,0,616,NA,NA,NA,NA,NA,0.358,NA,NA,NA
2026-02-27 13:00:00,"SPF",16.4,15.9,16.7,NA,NA,45.3,8.4,4.5,934.8,NA,1021.8,NA,1547.5,4.9,37,3,10.8,17.6,4.8,17.3,NA,NA,0,0,593,NA,NA,NA,NA,NA,0.357,NA,NA,NA
2026-02-27 14:00:00,"SPF",17,16.8,17.1,NA,NA,43.4,8.4,4.4,934.3,NA,1021.2,NA,1544.8,4.6,32,2.7,9.7,16.6,4.4,15.8,NA,NA,0,0,518,NA,NA,NA,NA,NA,0.319,NA,NA,NA
2026-02-27 15:00:00,"SPF",17.2,16.9,17.4,NA,NA,43.1,8.4,4.5,933.7,NA,1020.6,NA,1539.9,4,24,2,7.2,14.4,3.9,14,NA,NA,0,0,393,NA,NA,NA,NA,NA,0.238,NA,NA,NA
2026-02-27 16:00:00,"SPF",16.8,16.2,17.2,NA,NA,45.7,8.7,5,933.4,NA,1020.3,NA,1535.8,5.8,27,2.8,10.1,20.9,5.6,20.2,NA,NA,0,0,232,NA,NA,NA,NA,NA,0.161,NA,NA,NA
2026-02-27 17:00:00,"SPF",14.3,11.2,15.9,NA,NA,55.4,8.9,5.4,933.5,NA,1020.4,NA,1529.6,5.6,24,2.7,9.7,20.2,5.5,19.8,NA,NA,0,0,65,NA,NA,NA,NA,NA,0.06,NA,NA,NA
2026-02-27 18:00:00,"SPF",10,9.1,10.4,NA,NA,66.2,8.1,4,933.8,NA,1020.7,NA,1520.1,6.8,187,3.6,13,24.5,6.6,23.8,NA,NA,0,0,0,NA,NA,NA,NA,NA,0.025,NA,NA,NA
2026-02-27 19:00:00,"SPF",7.3,6.7,8.3,NA,NA,79.9,8.2,4.1,934.1,NA,1021,NA,1514.9,5,201,2,7.2,18,4.9,17.6,NA,NA,0,0,0,NA,NA,NA,NA,NA,0.006,NA,NA,NA
2026-02-27 20:00:00,"SPF",5.9,5,6.6,NA,NA,88.9,8.3,4.2,934.2,NA,1021.1,NA,1511.7,3.3,201,1.7,6.1,11.9,3.3,11.9,NA,NA,0,0,0,NA,NA,NA,NA,NA,0,NA,NA,NA
2026-02-27 21:00:00,"SPF",5.3,4.9,5.8,NA,NA,89.2,8,3.7,934.4,NA,1021.3,NA,1511.8,3,201,1.7,6.1,10.8,3,10.8,NA,NA,0,0,0,NA,NA,NA,NA,NA,0,NA,NA,NA
2026-02-27 22:00:00,"SPF",4.2,3.8,4.8,NA,NA,89.6,7.4,2.7,934.5,NA,1021.5,NA,1510,3,211,1.8,6.5,10.8,2.9,10.4,NA,NA,0,0,0,NA,NA,NA,NA,NA,0,NA,NA,NA
2026-02-27 23:00:00,"SPF",4.4,4.1,4.6,NA,NA,87.1,7.3,2.5,934.5,NA,1021.5,NA,1510.5,3.3,209,2.1,7.6,11.9,3.2,11.5,NA,NA,0,0,0,NA,NA,NA,NA,NA,0.002,NA,NA,NA
2026-02-28,"SPF",3.6,3.2,4,NA,NA,88,7,1.8,934.5,NA,1021.5,NA,1508.1,3.5,208,2,7.2,12.6,3.4,12.2,NA,NA,0,0,0,NA,NA,NA,NA,NA,0.001,NA,NA,NA
2026-02-28 01:00:00,"SPF",3,2.5,3.2,NA,NA,89.4,6.8,1.4,934.5,NA,1021.5,NA,1506.2,2.6,213,1.7,6.1,9.4,2.6,9.4,NA,NA,0,0,0,NA,NA,NA,NA,NA,0,NA,NA,NA
2026-02-28 02:00:00,"SPF",2.4,1.7,3,NA,NA,92.7,6.7,1.4,934.5,NA,1021.5,NA,1504.7,2.5,217,1.5,5.4,9,2.5,9,NA,NA,0,0,0,NA,NA,NA,NA,NA,-0.002,NA,NA,NA
2026-02-28 03:00:00,"SPF",2.4,2,3,NA,NA,90.7,6.6,1,934.7,NA,1021.7,NA,1506.2,3.5,210,2,7.2,12.6,3.4,12.2,NA,NA,0,0,0,NA,NA,NA,NA,NA,0,NA,NA,NA
2026-02-28 04:00:00,"SPF",3,2.1,3.4,NA,NA,83.1,6.3,0.4,935.1,NA,1022.1,NA,1511.2,4.3,208,2.3,8.3,15.5,4.2,15.1,NA,NA,0,0,0,NA,NA,NA,NA,NA,0.004,NA,NA,NA
2026-02-28 05:00:00,"SPF",3.8,3.4,4.1,NA,NA,76,6.1,0,935.6,NA,1022.6,NA,1517.6,3.7,207,1.6,5.8,13.3,3.6,13,NA,NA,0,0,0,NA,NA,NA,NA,NA,0.005,NA,NA,NA
2026-02-28 06:00:00,"SPF",3.5,2.7,4.1,NA,NA,77.6,6.1,-0.1,935.6,NA,1022.6,NA,1517.5,4.3,201,2.3,8.3,15.5,4.3,15.5,NA,NA,0,0,0,NA,NA,NA,NA,NA,0.007,NA,NA,NA
2026-02-28 07:00:00,"SPF",3.3,2.3,4.9,NA,NA,83.7,6.5,0.8,936,NA,1023.1,NA,1519.9,5.1,206,2.8,10.1,18.4,4.9,17.6,NA,NA,0,0,21,NA,NA,NA,NA,NA,0.019,NA,NA,NA
2026-02-28 08:00:00,"SPF",6,5.4,6.3,NA,NA,71.2,6.7,1.2,936.3,NA,1023.4,NA,1529.9,5.9,189,3.4,12.2,21.2,5.8,20.9,NA,NA,0,0,82,NA,NA,NA,NA,NA,0.063,NA,NA,NA
2026-02-28 09:00:00,"SPF",7.9,6.6,9,NA,NA,71.6,7.6,3.1,936.5,NA,1023.6,NA,1537.6,4.6,187,1.8,6.5,16.6,4.5,16.2,NA,NA,0,0,169,NA,NA,NA,NA,NA,0.091,NA,NA,NA
2026-02-28 10:00:00,"SPF",9.7,9.4,10,NA,NA,69.6,8.4,4.4,936.6,NA,1023.7,NA,1544.2,5.5,232,2.6,9.4,19.8,5.4,19.4,NA,NA,0,0,188,NA,NA,NA,NA,NA,0.117,NA,NA,NA
2026-02-28 11:00:00,"SPF",10.4,10.1,10.5,NA,NA,68.9,8.7,4.9,936.9,NA,1024,NA,1548,5.2,276,2.2,7.9,18.7,5.1,18.4,NA,NA,0,0,230,NA,NA,NA,NA,NA,0.137,NA,NA,NA
2026-02-28 12:00:00,"SPF",10.4,10.3,10.6,NA,NA,71.1,9,5.4,937,NA,1024.1,NA,1549.1,4.1,259,2.3,8.3,14.8,4,14.4,NA,NA,0,0,274,NA,NA,NA,NA,NA,0.154,NA,NA,NA
2026-02-28 13:00:00,"SPF",11.4,10.6,11.7,NA,NA,68.7,9.2,5.8,936.6,NA,1023.7,NA,1548.5,3.8,248,1.5,5.4,13.7,3.7,13.3,NA,NA,0,0,476,NA,NA,NA,NA,NA,0.24,NA,NA,NA
2026-02-28 14:00:00,"SPF",10.8,10.2,11.6,NA,NA,71,9.1,5.7,936.6,NA,1023.7,NA,1546.5,5.1,36,2.6,9.4,18.4,5,18,NA,NA,0,0,141,NA,NA,NA,NA,NA,0.102,NA,NA,NA
2026-02-28 15:00:00,"SPF",10.1,10,10.2,NA,NA,74.5,9.2,5.8,936.7,NA,1023.8,NA,1546.1,5.7,33,2.5,9,20.5,5.5,19.8,NA,NA,0,0,57,NA,NA,NA,NA,NA,0.063,NA,NA,NA
2026-02-28 16:00:00,"SPF",9.2,8.8,9.6,NA,NA,85.3,9.9,6.8,936.9,NA,1024,NA,1544.7,6.1,26,3.8,13.7,22,6,21.6,NA,NA,0,0,47,NA,NA,NA,NA,NA,0.047,NA,NA,NA
2026-02-28 17:00:00,"SPF",8.3,8,8.6,NA,NA,91.1,10,7,937.2,NA,1024.3,NA,1544.6,6.1,31,3.8,13.7,22,5.9,21.2,NA,NA,0,0,4,NA,NA,NA,NA,NA,0.026,NA,NA,NA
2026-02-28 18:00:00,"SPF",7.5,7.2,7.8,NA,NA,97.6,10.1,7.1,937.6,NA,1024.8,NA,1545.7,5.5,39,3,10.8,19.8,5.4,19.4,NA,NA,0,0,0,NA,NA,NA,NA,NA,-0.003,NA,NA,NA
2026-02-28 19:00:00,"SPF",7,6.9,7.1,NA,NA,97.9,9.8,6.7,937.7,NA,1024.9,NA,1545.2,5.2,43,2.8,10.1,18.7,5.1,18.4,NA,NA,0,0,0,NA,NA,NA,NA,NA,-0.003,NA,NA,NA
2026-02-28 20:00:00,"SPF",6.7,6.6,6.8,NA,NA,99.3,9.7,6.6,937.9,NA,1025.1,NA,1545.9,3.9,37,2.2,7.9,14,3.9,14,NA,NA,0,0,0,NA,NA,NA,NA,NA,-0.005,NA,NA,NA
2026-02-28 21:00:00,"SPF",6.4,6.1,6.6,NA,NA,99.3,9.5,6.3,938.2,NA,1025.4,NA,1547.5,4.8,41,2.8,10.1,17.3,4.7,16.9,NA,NA,0.2,0,0,NA,NA,NA,NA,NA,-0.004,NA,NA,NA
2026-02-28 22:00:00,"SPF",5.5,5.2,5.8,NA,NA,99.3,8.9,5.4,938.5,NA,1025.8,NA,1547.9,5.7,38,3.5,12.6,20.5,5.4,19.4,NA,NA,0.5,0,0,NA,NA,NA,NA,NA,-0.003,NA,NA,NA
2026-02-28 23:00:00,"SPF",5.3,5.2,5.3,NA,NA,99.2,8.8,5.2,938.7,NA,1026,NA,1548.3,4.5,29,2.2,7.9,16.2,4.5,16.2,NA,NA,0,0,0,NA,NA,NA,NA,NA,-0.004,NA,NA,NA
2026-03-01,"SPF",4.9,4.7,5.2,NA,NA,99.2,8.6,4.8,938.7,NA,1026,NA,1547.7,2,240,1,3.6,7.2,2,7.2,NA,NA,0,0,0,NA,NA,NA,NA,NA,-0.006,NA,NA,NA
2026-03-01 01:00:00,"SPF",4.7,4.6,4.8,NA,NA,99.3,8.5,4.6,938.7,NA,1026,NA,1546.8,1.9,210,0.9,3.2,6.8,1.8,6.5,NA,NA,0,0,0,NA,NA,NA,NA,NA,-0.006,NA,NA,NA
2026-03-01 02:00:00,"SPF",4.6,4.5,4.7,NA,NA,99.3,8.4,4.5,938.7,NA,1026,NA,1546.6,1.3,202,0.7,2.5,4.7,1.3,4.7,NA,NA,0,0,0,NA,NA,NA,NA,NA,-0.006,NA,NA,NA
2026-03-01 03:00:00,"SPF",4.5,4.4,4.6,NA,NA,99.3,8.4,4.4,938.4,NA,1025.6,NA,1543.9,1.2,207,0.7,2.5,4.3,1.1,4,NA,NA,0,0,0,NA,NA,NA,NA,NA,-0.006,NA,NA,NA
2026-03-01 04:00:00,"SPF",4.4,4.4,4.5,NA,NA,99.3,8.3,4.3,938.4,NA,1025.6,NA,1543.4,1,270,0.3,1.1,3.6,1,3.6,NA,NA,0,0,0,NA,NA,NA,NA,NA,-0.007,NA,NA,NA
2026-03-01 05:00:00,"SPF",4.3,4.2,4.4,NA,NA,99.3,8.2,4.2,938.5,NA,1025.7,NA,1543.8,0.5,207,0.2,0.7,1.8,0.4,1.4,NA,NA,0,0,0,NA,NA,NA,NA,NA,-0.008,NA,NA,NA
2026-03-01 06:00:00,"SPF",4.3,4.3,4.3,NA,NA,99.4,8.3,4.2,938.6,NA,1025.9,NA,1544.6,0.7,297,0.2,0.7,2.5,0.7,2.5,NA,NA,0,0,0,NA,NA,NA,NA,NA,-0.008,NA,NA,NA
2026-03-01 07:00:00,"SPF",4.3,4.2,4.3,NA,NA,99.4,8.3,4.2,938.5,NA,1025.7,NA,1543.7,1.3,37,0.5,1.8,4.7,1.3,4.7,NA,NA,0,0,4,NA,NA,NA,NA,NA,0.014,NA,NA,NA
2026-03-01 08:00:00,"SPF",4.7,4.4,5.1,NA,NA,99.4,8.5,4.6,938.4,NA,1025.6,NA,1544.6,1.5,30,0.9,3.2,5.4,1.5,5.4,NA,NA,0,0,60,NA,NA,NA,NA,NA,0.029,NA,NA,NA
2026-03-01 09:00:00,"SPF",5.5,5.2,5.9,NA,NA,98.9,9,5.4,938.6,NA,1025.9,NA,1548.4,2.5,29,1.3,4.7,9,2.5,9,NA,NA,0,0,155,NA,NA,NA,NA,NA,0.064,NA,NA,NA
2026-03-01 10:00:00,"SPF",6.2,5.8,6.8,NA,NA,92.2,8.7,5,938.6,NA,1025.9,NA,1550.8,2.6,27,1.2,4.3,9.4,2.6,9.4,NA,NA,0,0,272,NA,NA,NA,NA,NA,0.116,NA,NA,NA
2026-03-01 11:00:00,"SPF",7.5,6.6,8.1,NA,NA,81.4,8.4,4.5,938.5,NA,1025.7,NA,1553.3,3.4,39,1.5,5.4,12.2,3.4,12.2,NA,NA,0,0,528,NA,NA,NA,NA,NA,0.226,NA,NA,NA
2026-03-01 12:00:00,"SPF",8,7.4,8.8,NA,NA,77.4,8.3,4.3,938.2,NA,1025.4,NA,1552.8,5.3,45,2.4,8.6,19.1,5.1,18.4,NA,NA,0,0,534,NA,NA,NA,NA,NA,0.23,NA,NA,NA
2026-03-01 13:00:00,"SPF",8.1,7.9,8.5,NA,NA,76.1,8.2,4.2,937.8,NA,1025,NA,1549.4,5.1,40,3.3,11.9,18.4,4.9,17.6,NA,NA,0,0,370,NA,NA,NA,NA,NA,0.17,NA,NA,NA
2026-03-01 14:00:00,"SPF",8,7.8,8.1,NA,NA,77.6,8.3,4.3,937.4,NA,1024.6,NA,1546,6.3,17,4,14.4,22.7,6,21.6,NA,NA,0,0,258,NA,NA,NA,NA,NA,0.127,NA,NA,NA
2026-03-01 15:00:00,"SPF",8.3,8.1,8.5,NA,NA,76.8,8.4,4.5,937.1,NA,1024.3,NA,1544.4,6.3,22,3.7,13.3,22.7,6,21.6,NA,NA,0,0,265,NA,NA,NA,NA,NA,0.124,NA,NA,NA
2026-03-01 16:00:00,"SPF",7.9,7.7,8.2,NA,NA,77.3,8.3,4.2,937,NA,1024.1,NA,1542.3,5.6,14,3.9,14,20.2,5.5,19.8,NA,NA,0,0,140,NA,NA,NA,NA,NA,0.077,NA,NA,NA
2026-03-01 17:00:00,"SPF",7.4,7.1,7.7,NA,NA,80.1,8.2,4.2,936.9,NA,1024,NA,1539.2,5,17,3.2,11.5,18,4.9,17.6,NA,NA,0,0,41,NA,NA,NA,NA,NA,0.033,NA,NA,NA
2026-03-01 18:00:00,"SPF",6.9,6.8,7,NA,NA,83.4,8.3,4.3,937.1,NA,1024.2,NA,1539.9,2.9,34,1.5,5.4,10.4,2.9,10.4,NA,NA,0,0,1,NA,NA,NA,NA,NA,0.002,NA,NA,NA
2026-03-01 19:00:00,"SPF",6.2,5.4,6.8,NA,NA,87.5,8.3,4.3,937.2,NA,1024.3,NA,1538.4,1.5,56,0.5,1.8,5.4,1.4,5,NA,NA,0,0,0,NA,NA,NA,NA,NA,-0.005,NA,NA,NA
2026-03-01 20:00:00,"SPF",4.4,3.4,5.6,NA,NA,97.8,8.2,4.1,937,NA,1024.1,NA,1532,1.6,225,0.4,1.4,5.8,1.6,5.8,NA,NA,0,0,0,NA,NA,NA,NA,NA,-0.007,NA,NA,NA
2026-03-01 21:00:00,"SPF",2.2,1.7,3.1,NA,NA,99.3,7.1,2.1,937.1,NA,1024.2,NA,1525.7,1.9,207,0.9,3.2,6.8,1.9,6.8,NA,NA,0,0,0,NA,NA,NA,NA,NA,-0.006,NA,NA,NA
2026-03-01 22:00:00,"SPF",1.6,1.4,1.8,NA,NA,99.3,6.8,1.5,936.9,NA,1024,NA,1523,2.2,205,1.4,5,7.9,2.1,7.6,NA,NA,0,0,0,NA,NA,NA,NA,NA,-0.005,NA,NA,NA
2026-03-01 23:00:00,"SPF",0.9,0.3,1.6,NA,NA,99.3,6.5,0.8,936.7,NA,1023.8,NA,1518.5,2.4,210,1.4,5,8.6,2.4,8.6,NA,NA,0,0,0,NA,NA,NA,NA,NA,-0.005,NA,NA,NA
2026-03-02,"SPF",0.3,-0.1,0.8,NA,NA,99.4,6.2,0.2,936.5,NA,1023.6,NA,1515.1,2.1,215,1.3,4.7,7.6,2.1,7.6,NA,NA,0,0,0,NA,NA,NA,NA,NA,-0.005,NA,NA,NA
2026-03-02 01:00:00,"SPF",0,-0.2,0.3,NA,NA,99.4,6.1,-0.1,936.3,NA,1023.4,NA,1513,2.7,210,1.7,6.1,9.7,2.6,9.4,NA,NA,0,0,0,NA,NA,NA,NA,NA,-0.004,NA,NA,NA
2026-03-02 02:00:00,"SPF",-0.3,-0.6,-0.1,NA,NA,99.4,5.9,-0.4,936.2,NA,1023.3,NA,1511,2.5,212,1.5,5.4,9,2.4,8.6,NA,NA,0,0,0,NA,NA,NA,NA,NA,-0.004,NA,NA,NA
2026-03-02 03:00:00,"SPF",-0.4,-0.5,-0.2,NA,NA,99.4,5.9,-0.5,935.9,NA,1023,NA,1508.7,2.2,214,1.4,5,7.9,2.2,7.9,NA,NA,0,0,0,NA,NA,NA,NA,NA,-0.004,NA,NA,NA
2026-03-02 04:00:00,"SPF",-0.2,-0.5,0.1,NA,NA,99.4,6,-0.3,935.8,NA,1022.8,NA,1507.8,2.3,210,1.4,5,8.3,2.3,8.3,NA,NA,0,0,0,NA,NA,NA,NA,NA,-0.004,NA,NA,NA
2026-03-02 05:00:00,"SPF",-0.1,-0.8,0.2,NA,NA,99.4,6.1,-0.2,935.7,NA,1022.7,NA,1507.2,2.1,200,1.2,4.3,7.6,2,7.2,NA,NA,0,0,0,NA,NA,NA,NA,NA,-0.005,NA,NA,NA
2026-03-02 06:00:00,"SPF",-0.6,-1,0.1,NA,NA,99.4,5.8,-0.7,935.6,NA,1022.6,NA,1505.6,2.1,207,1.2,4.3,7.6,2,7.2,NA,NA,0,0,0,NA,NA,NA,NA,NA,-0.005,NA,NA,NA
2026-03-02 07:00:00,"SPF",-0.5,-0.7,-0.3,NA,NA,99.4,5.9,-0.6,935.9,NA,1022.9,NA,1507.8,1.8,216,0.9,3.2,6.5,1.8,6.5,NA,NA,0,0,17,NA,NA,NA,NA,NA,0.008,NA,NA,NA
2026-03-02 08:00:00,"SPF",0,-0.3,0.4,NA,NA,99.4,6.1,-0.1,936,NA,1023.1,NA,1510.2,1.7,216,0.9,3.2,6.1,1.7,6.1,NA,NA,0,0,59,NA,NA,NA,NA,NA,0.024,NA,NA,NA
2026-03-02 09:00:00,"SPF",3.1,0.8,5.2,NA,NA,97.2,7.4,2.7,935.9,NA,1023,NA,1518.1,1.2,188,0.7,2.5,4.3,1.1,4,NA,NA,0,0,331,NA,NA,NA,NA,NA,0.116,NA,NA,NA
2026-03-02 10:00:00,"SPF",7.5,5.8,8.9,NA,NA,77,7.9,3.6,935.7,NA,1022.7,NA,1529.4,2.2,45,0.5,1.8,7.9,2.1,7.6,NA,NA,0,0,486,NA,NA,NA,NA,NA,0.211,NA,NA,NA
2026-03-02 11:00:00,"SPF",10.1,9.8,10.3,NA,NA,65.7,8.1,3.9,935.5,NA,1022.5,NA,1535.1,5.6,32,2.9,10.4,20.2,5.4,19.4,NA,NA,0,0,582,NA,NA,NA,NA,NA,0.272,NA,NA,NA
2026-03-02 12:00:00,"SPF",10.9,10.3,11.5,NA,NA,59.7,7.8,3.4,935.2,NA,1022.2,NA,1535.5,7,33,4.4,15.8,25.2,6.9,24.8,NA,NA,0,0,623,NA,NA,NA,NA,NA,0.303,NA,NA,NA
2026-03-02 13:00:00,"SPF",11.6,11.5,11.7,NA,NA,54.7,7.5,2.8,934.8,NA,1021.8,NA,1533.8,7.8,29,5.3,19.1,28.1,7.6,27.4,NA,NA,0,0,603,NA,NA,NA,NA,NA,0.31,NA,NA,NA
2026-03-02 14:00:00,"SPF",11.8,11.6,11.9,NA,NA,51.3,7.1,2,934.4,NA,1021.3,NA,1530.6,9.1,22,5.8,20.9,32.8,8.9,32,NA,NA,0,0,528,NA,NA,NA,NA,NA,0.288,NA,NA,NA
2026-03-02 15:00:00,"SPF",11.7,11.6,11.8,NA,NA,51.2,7,2,934.1,NA,1021,NA,1528.2,8.4,18,5.7,20.5,30.2,8.3,29.9,NA,NA,0,0,404,NA,NA,NA,NA,NA,0.236,NA,NA,NA
2026-03-02 16:00:00,"SPF",11.4,11.1,11.5,NA,NA,54.4,7.3,2.5,934.1,NA,1021,NA,1526.6,7.9,18,4.8,17.3,28.4,7.6,27.4,NA,NA,0,0,245,NA,NA,NA,NA,NA,0.156,NA,NA,NA
2026-03-02 17:00:00,"SPF",10.4,9.7,11,NA,NA,63.7,8,3.8,934.2,NA,1021.1,NA,1525,6.1,21,3.5,12.6,22,6,21.6,NA,NA,0,0,77,NA,NA,NA,NA,NA,0.058,NA,NA,NA
2026-03-02 18:00:00,"SPF",7.8,6.6,9.6,NA,NA,76.7,8.1,4,934.8,NA,1021.8,NA,1522.4,5.7,157,1.4,5,20.5,5.6,20.2,NA,NA,0,0,1,NA,NA,NA,NA,NA,0.004,NA,NA,NA
2026-03-02 19:00:00,"SPF",5.3,4.4,7.2,NA,NA,88,7.8,3.4,935.4,NA,1022.4,NA,1520.7,5.5,191,2.2,7.9,19.8,5.4,19.4,NA,NA,0,0,0,NA,NA,NA,NA,NA,0.002,NA,NA,NA
2026-03-02 20:00:00,"SPF",3.6,2.8,4.5,NA,NA,97.7,7.7,3.2,935.8,NA,1022.9,NA,1519.2,3.3,210,1.6,5.8,11.9,3.2,11.5,NA,NA,0,0,0,NA,NA,NA,NA,NA,-0.004,NA,NA,NA
2026-03-02 21:00:00,"SPF",2.3,2,2.8,NA,NA,99.3,7.2,2.2,936.2,NA,1023.3,NA,1518.5,2.1,214,1.1,4,7.6,2.1,7.6,NA,NA,0,0,0,NA,NA,NA,NA,NA,-0.005,NA,NA,NA
2026-03-02 22:00:00,"SPF",1.5,1.2,1.7,NA,NA,99.3,6.8,1.4,936.5,NA,1023.6,NA,1518.8,2.2,212,1.4,5,7.9,2.2,7.9,NA,NA,0,0,0,NA,NA,NA,NA,NA,-0.005,NA,NA,NA
2026-03-02 23:00:00,"SPF",1.1,0.9,1.5,NA,NA,99.3,6.6,1,936.8,NA,1023.9,NA,1520,2,211,1.2,4.3,7.2,2,7.2,NA,NA,0,0,0,NA,NA,NA,NA,NA,-0.005,NA,NA,NA
2026-03-03,"SPF",0.8,0.6,1.1,NA,NA,99.3,6.4,0.7,937,NA,1024.1,NA,1520.7,2.3,214,1.4,5,8.3,2.2,7.9,NA,NA,0,0,0,NA,NA,NA,NA,NA,-0.005,NA,NA,NA
2026-03-03 01:00:00,"SPF",0.6,0.2,1.1,NA,NA,99.4,6.3,0.5,937.2,NA,1024.4,NA,1522.4,2.2,212,1.3,4.7,7.9,2.1,7.6,NA,NA,0,0,0,NA,NA,NA,NA,NA,-0.005,NA,NA,NA
2026-03-03 02:00:00,"SPF",0.2,-0.3,0.8,NA,NA,99.4,6.1,0.1,937.3,NA,1024.5,NA,1522.2,2.3,212,1.4,5,8.3,2.3,8.3,NA,NA,0,0,0,NA,NA,NA,NA,NA,-0.004,NA,NA,NA
2026-03-03 03:00:00,"SPF",0.2,-0.2,0.6,NA,NA,99.4,6.2,0.1,937.4,NA,1024.6,NA,1523,2.6,212,1.3,4.7,9.4,2.6,9.4,NA,NA,0,0,0,NA,NA,NA,NA,NA,-0.005,NA,NA,NA
2026-03-03 04:00:00,"SPF",-0.4,-0.7,0,NA,NA,99.4,5.9,-0.5,937.8,NA,1025,NA,1524,1.9,211,1.2,4.3,6.8,1.9,6.8,NA,NA,0,0,0,NA,NA,NA,NA,NA,-0.005,NA,NA,NA
2026-03-03 05:00:00,"SPF",-0.6,-0.9,-0.3,NA,NA,99.4,5.8,-0.7,938.1,NA,1025.3,NA,1526,2.7,216,1.7,6.1,9.7,2.7,9.7,NA,NA,0,0,0,NA,NA,NA,NA,NA,-0.004,NA,NA,NA
2026-03-03 06:00:00,"SPF",-0.5,-0.6,-0.3,NA,NA,99.4,5.9,-0.6,938.3,NA,1025.5,NA,1528,2.3,219,1.4,5,8.3,2.2,7.9,NA,NA,0,0,0,NA,NA,NA,NA,NA,-0.004,NA,NA,NA
2026-03-03 07:00:00,"SPF",-0.7,-1,-0.3,NA,NA,99.4,5.8,-0.8,938.5,NA,1025.8,NA,1529.5,2.2,219,1.4,5,7.9,2.2,7.9,NA,NA,0,0,17,NA,NA,NA,NA,NA,0.008,NA,NA,NA
2026-03-03 08:00:00,"SPF",0.2,-0.2,0.8,NA,NA,99.4,6.2,0.1,938.8,NA,1026.1,NA,1534.7,1.6,212,1,3.6,5.8,1.6,5.8,NA,NA,0,0,53,NA,NA,NA,NA,NA,0.023,NA,NA,NA
2026-03-03 09:00:00,"SPF",3.6,1.2,5.9,NA,NA,92.2,7.3,2.4,939,NA,1026.3,NA,1546.1,1.5,193,1,3.6,5.4,1.5,5.4,NA,NA,0,0,344,NA,NA,NA,NA,NA,0.121,NA,NA,NA
2026-03-03 10:00:00,"SPF",8,6.3,9.6,NA,NA,74.4,8,3.7,939.1,NA,1026.4,NA,1560.2,2.1,135,0.6,2.2,7.6,2,7.2,NA,NA,0,0,488,NA,NA,NA,NA,NA,0.216,NA,NA,NA
2026-03-03 11:00:00,"SPF",10.7,9.7,11.2,NA,NA,61.7,7.9,3.6,938.7,NA,1026,NA,1565.3,6.3,43,2.6,9.4,22.7,6,21.6,NA,NA,0,0,585,NA,NA,NA,NA,NA,0.283,NA,NA,NA
2026-03-03 12:00:00,"SPF",11.8,11.4,12,NA,NA,50.6,7,1.9,938.6,NA,1025.9,NA,1567.2,7.4,32,4.7,16.9,26.6,7.3,26.3,NA,NA,0,0,628,NA,NA,NA,NA,NA,0.329,NA,NA,NA
2026-03-03 13:00:00,"SPF",12.4,12.1,12.6,NA,NA,46.9,6.8,1.4,938.2,NA,1025.4,NA,1565.4,8.6,17,5.1,18.4,31,8.2,29.5,NA,NA,0,0,608,NA,NA,NA,NA,NA,0.335,NA,NA,NA
2026-03-03 14:00:00,"SPF",12.6,12.6,12.7,NA,NA,42.1,6.1,0.1,938,NA,1025.2,NA,1565,7.8,30,4.8,17.3,28.1,7.5,27,NA,NA,0,0,537,NA,NA,NA,NA,NA,0.311,NA,NA,NA
2026-03-03 15:00:00,"SPF",12.7,12.6,12.7,NA,NA,43.2,6.3,0.5,938,NA,1025.2,NA,1564.9,8.1,20,4.2,15.1,29.2,7.6,27.4,NA,NA,0,0,409,NA,NA,NA,NA,NA,0.247,NA,NA,NA
2026-03-03 16:00:00,"SPF",12.4,12.4,12.6,NA,NA,47.3,6.8,1.5,937.9,NA,1025.1,NA,1563.1,6.4,15,4,14.4,23,6.4,23,NA,NA,0,0,243,NA,NA,NA,NA,NA,0.165,NA,NA,NA
2026-03-03 17:00:00,"SPF",11.5,10.5,12.2,NA,NA,51,6.9,1.8,937.9,NA,1025.1,NA,1560.9,5.4,14,3,10.8,19.4,5.4,19.4,NA,NA,0,0,83,NA,NA,NA,NA,NA,0.071,NA,NA,NA
2026-03-03 18:00:00,"SPF",8.4,7.3,10.3,NA,NA,66.3,7.3,2.4,938.3,NA,1025.5,NA,1554.5,4.2,164,1.4,5,15.1,4.1,14.8,NA,NA,0,0,2,NA,NA,NA,NA,NA,0.009,NA,NA,NA
2026-03-03 19:00:00,"SPF",6.5,5.8,7.4,NA,NA,75.7,7.3,2.5,938.7,NA,1026,NA,1552.2,1.8,166,0.5,1.8,6.5,1.7,6.1,NA,NA,0,0,0,NA,NA,NA,NA,NA,-0.003,NA,NA,NA
2026-03-03 20:00:00,"SPF",4.1,2.8,5.9,NA,NA,89.3,7.3,2.4,939,NA,1026.3,NA,1547.6,1.2,207,0.6,2.2,4.3,1.2,4.3,NA,NA,0,0,0,NA,NA,NA,NA,NA,-0.005,NA,NA,NA
2026-03-03 21:00:00,"SPF",2.5,2.2,2.9,NA,NA,98.7,7.2,2.3,939.1,NA,1026.4,NA,1544.1,2,201,0.8,2.9,7.2,2,7.2,NA,NA,0,0,0,NA,NA,NA,NA,NA,-0.006,NA,NA,NA
2026-03-03 22:00:00,"SPF",1.7,1,2.5,NA,NA,99,6.9,1.6,939.2,NA,1026.5,NA,1542.1,1.5,219,0.7,2.5,5.4,1.5,5.4,NA,NA,0,0,0,NA,NA,NA,NA,NA,-0.006,NA,NA,NA
2026-03-03 23:00:00,"SPF",1.1,0.3,1.6,NA,NA,99.3,6.6,1,939,NA,1026.3,NA,1538.4,1.8,188,0.8,2.9,6.5,1.8,6.5,NA,NA,0,0,0,NA,NA,NA,NA,NA,-0.005,NA,NA,NA
2026-03-04,"SPF",0.5,0.1,0.8,NA,NA,99.3,6.3,0.4,939.1,NA,1026.4,NA,1537.4,2.3,209,1.3,4.7,8.3,2.3,8.3,NA,NA,0,0,0,NA,NA,NA,NA,NA,-0.005,NA,NA,NA
2026-03-04 01:00:00,"SPF",0.2,-0.1,0.5,NA,NA,99.3,6.1,0.1,939,NA,1026.3,NA,1535.6,2.6,212,1.5,5.4,9.4,2.6,9.4,NA,NA,0,0,0,NA,NA,NA,NA,NA,-0.004,NA,NA,NA
2026-03-04 02:00:00,"SPF",-0.1,-0.2,0.1,NA,NA,99.3,6,-0.2,938.9,NA,1026.2,NA,1534.5,2.1,215,1.2,4.3,7.6,2,7.2,NA,NA,0,0,0,NA,NA,NA,NA,NA,-0.005,NA,NA,NA
2026-03-04 03:00:00,"SPF",-0.4,-0.6,-0.1,NA,NA,99.3,5.9,-0.5,938.7,NA,1026,NA,1531.9,2.2,212,1.4,5,7.9,2.2,7.9,NA,NA,0,0,0,NA,NA,NA,NA,NA,-0.004,NA,NA,NA
2026-03-04 04:00:00,"SPF",-0.5,-0.8,-0.2,NA,NA,99.3,5.8,-0.6,938.5,NA,1025.8,NA,1529.7,2.4,212,1.5,5.4,8.6,2.4,8.6,NA,NA,0,0,0,NA,NA,NA,NA,NA,-0.004,NA,NA,NA
2026-03-04 05:00:00,"SPF",-0.9,-1.2,-0.6,NA,NA,99.3,5.7,-1,938.5,NA,1025.7,NA,1528.6,2.5,212,1.6,5.8,9,2.4,8.6,NA,NA,0,0,0,NA,NA,NA,NA,NA,-0.004,NA,NA,NA
2026-03-04 06:00:00,"SPF",-0.7,-1.1,-0.4,NA,NA,99.3,5.8,-0.8,938.4,NA,1025.6,NA,1528.3,2.5,210,1.4,5,9,2.4,8.6,NA,NA,0,0,0,NA,NA,NA,NA,NA,-0.004,NA,NA,NA
2026-03-04 07:00:00,"SPF",-0.9,-1.3,-0.6,NA,NA,99.3,5.7,-1,938.5,NA,1025.8,NA,1528.5,2.6,215,1.3,4.7,9.4,2.5,9,NA,NA,0,0,24,NA,NA,NA,NA,NA,0.008,NA,NA,NA
2026-03-04 08:00:00,"SPF",0.1,-0.2,0.9,NA,NA,99.3,6.1,0,938.7,NA,1026,NA,1533.1,2,214,1.1,4,7.2,2,7.2,NA,NA,0,0,82,NA,NA,NA,NA,NA,0.029,NA,NA,NA
2026-03-04 09:00:00,"SPF",3.6,1.2,6.1,NA,NA,85.8,6.8,1.4,938.7,NA,1026,NA,1544.1,1,180,0.5,1.8,3.6,1,3.6,NA,NA,0,0,345,NA,NA,NA,NA,NA,0.126,NA,NA,NA
2026-03-04 10:00:00,"SPF",7.6,6.7,8.5,NA,NA,64.1,6.7,1.3,938.7,NA,1026,NA,1556.1,1.3,31,0.6,2.2,4.7,1.2,4.3,NA,NA,0,0,489,NA,NA,NA,NA,NA,0.215,NA,NA,NA
2026-03-04 11:00:00,"SPF",10.2,8.9,10.8,NA,NA,60,7.4,2.8,938.5,NA,1025.7,NA,1561.4,5.5,30,1.8,6.5,19.8,5.4,19.4,NA,NA,0,0,585,NA,NA,NA,NA,NA,0.281,NA,NA,NA
2026-03-04 12:00:00,"SPF",11,10.8,11.2,NA,NA,56,7.4,2.6,938.2,NA,1025.4,NA,1561.7,6.9,37,4.6,16.6,24.8,6.6,23.8,NA,NA,0,0,623,NA,NA,NA,NA,NA,0.311,NA,NA,NA
2026-03-04 13:00:00,"SPF",11.5,11.3,11.7,NA,NA,53.4,7.2,2.4,937.8,NA,1025,NA,1559.4,6.8,39,4.6,16.6,24.5,6.7,24.1,NA,NA,0,0,602,NA,NA,NA,NA,NA,0.31,NA,NA,NA
2026-03-04 14:00:00,"SPF",11.8,11.7,11.9,NA,NA,51,7.1,2,937.4,NA,1024.6,NA,1556.9,7,40,4.8,17.3,25.2,6.8,24.5,NA,NA,0,0,527,NA,NA,NA,NA,NA,0.286,NA,NA,NA
2026-03-04 15:00:00,"SPF",11.9,11.8,11.9,NA,NA,51.9,7.2,2.3,937.1,NA,1024.3,NA,1554.8,7.1,34,5,18,25.6,7,25.2,NA,NA,0,0,393,NA,NA,NA,NA,NA,0.23,NA,NA,NA
2026-03-04 16:00:00,"SPF",11.7,11.5,11.8,NA,NA,54.6,7.5,2.9,936.8,NA,1023.9,NA,1551.8,6.6,20,4.4,15.8,23.8,6.6,23.8,NA,NA,0,0,237,NA,NA,NA,NA,NA,0.154,NA,NA,NA
2026-03-04 17:00:00,"SPF",10.9,10.4,11.3,NA,NA,59.8,7.8,3.4,936.8,NA,1023.9,NA,1549.2,6,23,2.8,10.1,21.6,5.9,21.2,NA,NA,0,0,88,NA,NA,NA,NA,NA,0.058,NA,NA,NA
2026-03-04 18:00:00,"SPF",8.4,7.2,10,NA,NA,72,7.9,3.6,937.1,NA,1024.2,NA,1543.9,2.1,45,0.9,3.2,7.6,2,7.2,NA,NA,0,0,3,NA,NA,NA,NA,NA,0.003,NA,NA,NA
2026-03-04 19:00:00,"SPF",5.4,3.9,6.9,NA,NA,86.3,7.7,3.3,937.4,NA,1024.6,NA,1537.8,3.3,190,1.2,4.3,11.9,3.2,11.5,NA,NA,0,0,0,NA,NA,NA,NA,NA,-0.001,NA,NA,NA
2026-03-04 20:00:00,"SPF",3.1,2.3,4.2,NA,NA,98.8,7.5,2.9,937.4,NA,1024.6,NA,1531.5,2,214,1.1,4,7.2,2,7.2,NA,NA,0,0,0,NA,NA,NA,NA,NA,-0.005,NA,NA,NA
2026-03-04 21:00:00,"SPF",1.9,1.5,2.4,NA,NA,99.3,7,1.8,937.5,NA,1024.7,NA,1528.5,1.9,215,1.2,4.3,6.8,1.9,6.8,NA,NA,0,0,0,NA,NA,NA,NA,NA,-0.005,NA,NA,NA
2026-03-04 22:00:00,"SPF",1.2,0.8,1.9,NA,NA,99.3,6.6,1.1,937.4,NA,1024.6,NA,1525.6,1.7,217,1,3.6,6.1,1.7,6.1,NA,NA,0,0,0,NA,NA,NA,NA,NA,-0.005,NA,NA,NA
2026-03-04 23:00:00,"SPF",0.5,0.2,1.1,NA,NA,99.3,6.3,0.4,937.3,NA,1024.5,NA,1523,2.1,212,1.3,4.7,7.6,2.1,7.6,NA,NA,0,0,0,NA,NA,NA,NA,NA,-0.005,NA,NA,NA
2026-03-05,"SPF",0.2,0,0.4,NA,NA,99.4,6.1,0.1,937.1,NA,1024.2,NA,1519.7,2.7,220,1.6,5.8,9.7,2.6,9.4,NA,NA,0,0,0,NA,NA,NA,NA,NA,-0.004,NA,NA,NA
2026-03-05 01:00:00,"SPF",-0.1,-0.5,0.3,NA,NA,99.4,6,-0.2,936.8,NA,1023.9,NA,1516.9,2.8,212,1.3,4.7,10.1,2.8,10.1,NA,NA,0,0,0,NA,NA,NA,NA,NA,-0.004,NA,NA,NA
2026-03-05 02:00:00,"SPF",0,-0.2,0.5,NA,NA,99.3,6.1,-0.1,936.3,NA,1023.4,NA,1512.9,2.5,208,1.5,5.4,9,2.5,9,NA,NA,0,0,0,NA,NA,NA,NA,NA,-0.004,NA,NA,NA
2026-03-05 03:00:00,"SPF",-0.2,-0.4,0.1,NA,NA,99.3,6,-0.3,935.9,NA,1023,NA,1508.9,2.7,210,1.4,5,9.7,2.6,9.4,NA,NA,0,0,0,NA,NA,NA,NA,NA,-0.004,NA,NA,NA
2026-03-05 04:00:00,"SPF",-0.3,-0.7,0.3,NA,NA,99.3,5.9,-0.4,935.6,NA,1022.6,NA,1505.7,2.8,207,1.4,5,10.1,2.7,9.7,NA,NA,0,0,0,NA,NA,NA,NA,NA,-0.004,NA,NA,NA
2026-03-05 05:00:00,"SPF",-0.5,-0.7,-0.2,NA,NA,99.3,5.9,-0.6,935.4,NA,1022.4,NA,1503.8,3.2,208,1.5,5.4,11.5,3.1,11.2,NA,NA,0,0,0,NA,NA,NA,NA,NA,-0.004,NA,NA,NA
2026-03-05 06:00:00,"SPF",-0.4,-0.8,0,NA,NA,99.3,5.9,-0.5,935.1,NA,1022.1,NA,1501.4,3.1,211,1.7,6.1,11.2,3,10.8,NA,NA,0,0,0,NA,NA,NA,NA,NA,-0.004,NA,NA,NA
2026-03-05 07:00:00,"SPF",-0.4,-0.6,0.1,NA,NA,99.3,5.9,-0.5,935,NA,1022,NA,1501.2,3,208,1.6,5.8,10.8,2.9,10.4,NA,NA,0,0,24,NA,NA,NA,NA,NA,0.009,NA,NA,NA
2026-03-05 08:00:00,"SPF",0.6,-0.3,1.4,NA,NA,98.8,6.3,0.4,935,NA,1022,NA,1503.2,2.4,207,1.1,4,8.6,2.4,8.6,NA,NA,0,0,111,NA,NA,NA,NA,NA,0.036,NA,NA,NA
2026-03-05 09:00:00,"SPF",4.4,1.4,7,NA,NA,82.8,6.9,1.6,934.8,NA,1021.8,NA,1513.1,1.6,188,0.8,2.9,5.8,1.6,5.8,NA,NA,0,0,359,NA,NA,NA,NA,NA,0.134,NA,NA,NA
2026-03-05 10:00:00,"SPF",9.2,7.4,10.5,NA,NA,58,6.7,1.3,934.7,NA,1021.7,NA,1525.8,1.3,90,0.4,1.4,4.7,1.2,4.3,NA,NA,0,0,500,NA,NA,NA,NA,NA,0.231,NA,NA,NA
2026-03-05 11:00:00,"SPF",11.5,10.8,12.4,NA,NA,51,6.9,1.7,934.4,NA,1021.4,NA,1530.1,3.7,13,2,7.2,13.3,3.7,13.3,NA,NA,0,0,582,NA,NA,NA,NA,NA,0.299,NA,NA,NA
2026-03-05 12:00:00,"SPF",13.2,12.6,13.8,NA,NA,50.2,7.6,3.1,934.1,NA,1021,NA,1532.1,4.9,25,2.7,9.7,17.6,4.8,17.3,NA,NA,0,0,612,NA,NA,NA,NA,NA,0.333,NA,NA,NA
2026-03-05 13:00:00,"SPF",13.7,13.5,13.9,NA,NA,49.9,7.8,3.4,933.6,NA,1020.5,NA,1528.7,6.5,30,3.7,13.3,23.4,6.3,22.7,NA,NA,0,0,533,NA,NA,NA,NA,NA,0.31,NA,NA,NA
2026-03-05 14:00:00,"SPF",13.4,13.2,13.6,NA,NA,55.1,8.5,4.6,933.1,NA,1019.9,NA,1523.6,6.9,31,4.7,16.9,24.8,6.9,24.8,NA,NA,0,0,467,NA,NA,NA,NA,NA,0.274,NA,NA,NA
2026-03-05 15:00:00,"SPF",13.3,13.2,13.4,NA,NA,54.5,8.3,4.3,932.4,NA,1019.2,NA,1517.3,6.6,32,3.8,13.7,23.8,6.3,22.7,NA,NA,0,0,335,NA,NA,NA,NA,NA,0.209,NA,NA,NA
2026-03-05 16:00:00,"SPF",12.7,12.3,13,NA,NA,57.6,8.5,4.6,932.2,NA,1019,NA,1513.9,5.2,33,3.5,12.6,18.7,5.2,18.7,NA,NA,0,0,185,NA,NA,NA,NA,NA,0.133,NA,NA,NA
2026-03-05 17:00:00,"SPF",11.4,10.4,12,NA,NA,55.4,7.5,2.8,932.5,NA,1019.3,NA,1512.4,4.4,39,1.6,5.8,15.8,4.3,15.5,NA,NA,0,0,59,NA,NA,NA,NA,NA,0.049,NA,NA,NA
2026-03-05 18:00:00,"SPF",8.7,7.5,10.1,NA,NA,74.9,8.4,4.4,932.7,NA,1019.5,NA,1506.7,0.9,225,0.4,1.4,3.2,0.9,3.2,NA,NA,0,0,1,NA,NA,NA,NA,NA,-0.004,NA,NA,NA
2026-03-05 19:00:00,"SPF",5.7,5,7.1,NA,NA,93.1,8.5,4.7,932.9,NA,1019.7,NA,1500.3,2.2,211,1.2,4.3,7.9,2.2,7.9,NA,NA,0,0,0,NA,NA,NA,NA,NA,-0.004,NA,NA,NA
2026-03-05 20:00:00,"SPF",4.3,3.8,4.6,NA,NA,98.4,8.2,4,932.9,NA,1019.7,NA,1496.6,2.6,215,1.6,5.8,9.4,2.5,9,NA,NA,0,0,0,NA,NA,NA,NA,NA,-0.005,NA,NA,NA
2026-03-05 21:00:00,"SPF",3.9,3.5,4.4,NA,NA,98.1,7.9,3.6,933.2,NA,1020.1,NA,1497.5,2.4,217,1,3.6,8.6,2.4,8.6,NA,NA,0,0,0,NA,NA,NA,NA,NA,-0.005,NA,NA,NA
2026-03-05 22:00:00,"SPF",3.1,2.5,3.7,NA,NA,99.2,7.6,2.9,933.1,NA,1020,NA,1494.8,1.2,211,0.6,2.2,4.3,1.2,4.3,NA,NA,0,0,0,NA,NA,NA,NA,NA,-0.006,NA,NA,NA
2026-03-05 23:00:00,"SPF",2.2,1.8,2.5,NA,NA,99.3,7.1,2.1,933.1,NA,1020,NA,1492.1,1.8,212,1,3.6,6.5,1.7,6.1,NA,NA,0,0,0,NA,NA,NA,NA,NA,-0.005,NA,NA,NA
2026-03-06,"SPF",1.9,1.6,2.2,NA,NA,99.3,7,1.8,933.2,NA,1020.1,NA,1492,2.5,212,1.5,5.4,9,2.5,9,NA,NA,0,0,0,NA,NA,NA,NA,NA,-0.005,NA,NA,NA
2026-03-06 01:00:00,"SPF",2.4,2,2.6,NA,NA,97.1,7.1,2,933.3,NA,1020.2,NA,1494.4,3.4,212,1.9,6.8,12.2,3.3,11.9,NA,NA,0,0,0,NA,NA,NA,NA,NA,-0.003,NA,NA,NA
2026-03-06 02:00:00,"SPF",1.7,1.5,2.1,NA,NA,99.2,6.9,1.6,933.4,NA,1020.3,NA,1493.3,2.4,215,1.6,5.8,8.6,2.3,8.3,NA,NA,0,0,0,NA,NA,NA,NA,NA,-0.004,NA,NA,NA
2026-03-06 03:00:00,"SPF",1.6,1.4,2,NA,NA,99.2,6.8,1.5,933.5,NA,1020.4,NA,1494,2.3,214,1.5,5.4,8.3,2.3,8.3,NA,NA,0,0,0,NA,NA,NA,NA,NA,-0.004,NA,NA,NA
2026-03-06 04:00:00,"SPF",1.4,1.2,1.7,NA,NA,99.2,6.7,1.3,933.6,NA,1020.5,NA,1494.1,2.1,212,1.3,4.7,7.6,2.1,7.6,NA,NA,0,0,0,NA,NA,NA,NA,NA,-0.005,NA,NA,NA
2026-03-06 05:00:00,"SPF",1.2,1,1.3,NA,NA,99.3,6.6,1.1,933.6,NA,1020.5,NA,1493.6,2.2,217,1.5,5.4,7.9,2.2,7.9,NA,NA,0,0,0,NA,NA,NA,NA,NA,-0.004,NA,NA,NA
2026-03-06 06:00:00,"SPF",1.2,1.1,1.4,NA,NA,99.3,6.7,1.1,933.5,NA,1020.4,NA,1492.6,2.6,213,1.7,6.1,9.4,2.5,9,NA,NA,0,0,0,NA,NA,NA,NA,NA,-0.004,NA,NA,NA
2026-03-06 07:00:00,"SPF",1.4,1.1,1.8,NA,NA,99.3,6.7,1.3,933.7,NA,1020.6,NA,1495,2.8,212,1.5,5.4,10.1,2.7,9.7,NA,NA,0,0,32,NA,NA,NA,NA,NA,0.009,NA,NA,NA
2026-03-06 08:00:00,"SPF",3.1,2,4.7,NA,NA,97.4,7.4,2.7,934.1,NA,1021,NA,1502.8,2.7,217,1.5,5.4,9.7,2.7,9.7,NA,NA,0,0,137,NA,NA,NA,NA,NA,0.045,NA,NA,NA
2026-03-06 09:00:00,"SPF",6.6,5.2,7.8,NA,NA,82.2,8,3.8,934.2,NA,1021.1,NA,1514.2,1.4,217,0.6,2.2,5,1.3,4.7,NA,NA,0,0,268,NA,NA,NA,NA,NA,0.115,NA,NA,NA
2026-03-06 10:00:00,"SPF",9.7,8.5,11.3,NA,NA,63.8,7.7,3.2,934.2,NA,1021.1,NA,1522.8,1.6,90,0.3,1.1,5.8,1.6,5.8,NA,NA,0,0,438,NA,NA,NA,NA,NA,0.209,NA,NA,NA
2026-03-06 11:00:00,"SPF",12.4,11.5,13.7,NA,NA,53.2,7.6,3.1,934.2,NA,1021.1,NA,1530.5,2.7,135,0.9,3.2,9.7,2.6,9.4,NA,NA,0,0,568,NA,NA,NA,NA,NA,0.295,NA,NA,NA
2026-03-06 12:00:00,"SPF",13.8,13.5,14,NA,NA,44.2,7,1.8,934.1,NA,1021,NA,1533.5,6.1,38,3.2,11.5,22,5.9,21.2,NA,NA,0,0,567,NA,NA,NA,NA,NA,0.332,NA,NA,NA
2026-03-06 13:00:00,"SPF",13.9,13.7,14.1,NA,NA,49.2,7.8,3.4,933.8,NA,1020.7,NA,1531.6,6.3,55,4.3,15.5,22.7,6.2,22.3,NA,NA,0,0,541,NA,NA,NA,NA,NA,0.32,NA,NA,NA
2026-03-06 14:00:00,"SPF",14.2,13.9,14.4,NA,NA,47.7,7.7,3.2,933.4,NA,1020.3,NA,1528.3,8.1,29,5,18,29.2,7.8,28.1,NA,NA,0,0,513,NA,NA,NA,NA,NA,0.313,NA,NA,NA
2026-03-06 15:00:00,"SPF",14.5,14.3,14.6,NA,NA,43.3,7.1,2.1,932.9,NA,1019.7,NA,1525.3,8.7,22,5.4,19.4,31.3,8.4,30.2,NA,NA,0,0,374,NA,NA,NA,NA,NA,0.267,NA,NA,NA
2026-03-06 16:00:00,"SPF",14.2,13.8,14.4,NA,NA,40.1,6.5,0.8,933,NA,1019.8,NA,1524.8,7.5,21,4,14.4,27,7.4,26.6,NA,NA,0,0,223,NA,NA,NA,NA,NA,0.185,NA,NA,NA
2026-03-06 17:00:00,"SPF",13,12.1,13.6,NA,NA,48,7.2,2.2,933.4,NA,1020.3,NA,1525.2,4.7,23,2.4,8.6,16.9,4.6,16.6,NA,NA,0,0,69,NA,NA,NA,NA,NA,0.074,NA,NA,NA
2026-03-06 18:00:00,"SPF",9.6,7.9,11.5,NA,NA,64.2,7.6,3.1,933.9,NA,1020.8,NA,1519.5,1.5,315,0.7,2.5,5.4,1.5,5.4,NA,NA,0,0,2,NA,NA,NA,NA,NA,0.002,NA,NA,NA
2026-03-06 19:00:00,"SPF",6.4,5.3,7.8,NA,NA,80.9,7.8,3.4,934.4,NA,1021.3,NA,1515,2.9,209,1.3,4.7,10.4,2.8,10.1,NA,NA,0,0,0,NA,NA,NA,NA,NA,0.002,NA,NA,NA
2026-03-06 20:00:00,"SPF",4.8,4.2,5.8,NA,NA,90.7,7.8,3.4,934.8,NA,1021.8,NA,1514.1,2.5,216,1.4,5,9,2.4,8.6,NA,NA,0,0,0,NA,NA,NA,NA,NA,-0.002,NA,NA,NA
2026-03-06 21:00:00,"SPF",3.8,3.3,4.2,NA,NA,97,7.7,3.3,935.3,NA,1022.3,NA,1515.5,2,221,1.1,4,7.2,2,7.2,NA,NA,0,0,0,NA,NA,NA,NA,NA,-0.005,NA,NA,NA
2026-03-06 22:00:00,"SPF",3,2.7,3.2,NA,NA,99.2,7.5,2.8,935.6,NA,1022.6,NA,1515.6,2.2,217,1.5,5.4,7.9,2.2,7.9,NA,NA,0,0,0,NA,NA,NA,NA,NA,-0.005,NA,NA,NA
2026-03-06 23:00:00,"SPF",2.5,2.3,2.9,NA,NA,99.3,7.3,2.4,935.8,NA,1022.9,NA,1515.9,1.8,212,1.3,4.7,6.5,1.8,6.5,NA,NA,0,0,0,NA,NA,NA,NA,NA,-0.005,NA,NA,NA
2026-03-07,"SPF",1.9,1.4,2.2,NA,NA,99.3,7,1.8,935.9,NA,1023,NA,1515.3,2.6,216,1.4,5,9.4,2.6,9.4,NA,NA,0,0,0,NA,NA,NA,NA,NA,-0.005,NA,NA,NA
2026-03-07 01:00:00,"SPF",1.5,1.3,1.7,NA,NA,99.3,6.8,1.4,936.1,NA,1023.2,NA,1515.8,2.4,215,1.6,5.8,8.6,2.4,8.6,NA,NA,0,0,0,NA,NA,NA,NA,NA,-0.004,NA,NA,NA
2026-03-07 02:00:00,"SPF",1.3,1.1,1.5,NA,NA,99.3,6.7,1.2,936.1,NA,1023.2,NA,1514.6,2.4,213,1.7,6.1,8.6,2.3,8.3,NA,NA,0,0,0,NA,NA,NA,NA,NA,-0.004,NA,NA,NA
2026-03-07 03:00:00,"SPF",1.3,1.1,1.6,NA,NA,99.3,6.7,1.2,935.9,NA,1023,NA,1513.1,2.4,218,1.6,5.8,8.6,2.4,8.6,NA,NA,0,0,0,NA,NA,NA,NA,NA,-0.004,NA,NA,NA
2026-03-07 04:00:00,"SPF",1.5,1.1,1.8,NA,NA,99.3,6.8,1.4,935.9,NA,1023,NA,1514.1,3.1,214,1.8,6.5,11.2,3,10.8,NA,NA,0,0,0,NA,NA,NA,NA,NA,-0.004,NA,NA,NA
2026-03-07 05:00:00,"SPF",1.5,1.4,1.7,NA,NA,99.3,6.8,1.4,936.2,NA,1023.3,NA,1516,2.8,219,1.3,4.7,10.1,2.7,9.7,NA,NA,0,0,0,NA,NA,NA,NA,NA,-0.005,NA,NA,NA
2026-03-07 06:00:00,"SPF",0.9,0.6,1.1,NA,NA,99.3,6.5,0.8,936.2,NA,1023.3,NA,1514.5,2.8,218,1.6,5.8,10.1,2.7,9.7,NA,NA,0,0,0,NA,NA,NA,NA,NA,-0.004,NA,NA,NA
2026-03-07 07:00:00,"SPF",1,0.6,1.7,NA,NA,99.3,6.5,0.9,936.3,NA,1023.4,NA,1516,2.6,213,1.6,5.8,9.4,2.5,9,NA,NA,0,0,30,NA,NA,NA,NA,NA,0.01,NA,NA,NA
2026-03-07 08:00:00,"SPF",2.9,1.8,4.1,NA,NA,99.2,7.5,2.8,936.3,NA,1023.4,NA,1521.6,2.1,211,0.8,2.9,7.6,2,7.2,NA,NA,0,0,140,NA,NA,NA,NA,NA,0.048,NA,NA,NA
2026-03-07 09:00:00,"SPF",6.6,5,8,NA,NA,85.6,8.3,4.3,936.3,NA,1023.4,NA,1532.4,0.9,180,0.3,1.1,3.2,0.9,3.2,NA,NA,0,0,343,NA,NA,NA,NA,NA,0.143,NA,NA,NA
2026-03-07 10:00:00,"SPF",10.1,8.8,11.5,NA,NA,69,8.5,4.6,936.1,NA,1023.2,NA,1540.1,2.4,360,0.5,1.8,8.6,2.3,8.3,NA,NA,0,0,488,NA,NA,NA,NA,NA,0.233,NA,NA,NA
2026-03-07 11:00:00,"SPF",12.6,11.7,13.4,NA,NA,59.7,8.7,5,936.1,NA,1023.2,NA,1547.8,4.4,29,2.7,9.7,15.8,4.3,15.5,NA,NA,0,0,582,NA,NA,NA,NA,NA,0.304,NA,NA,NA
2026-03-07 12:00:00,"SPF",13.9,13.4,14.3,NA,NA,55.8,8.8,5.2,935.9,NA,1023,NA,1550.3,4.6,37,3.1,11.2,16.6,4.5,16.2,NA,NA,0,0,616,NA,NA,NA,NA,NA,0.338,NA,NA,NA
2026-03-07 13:00:00,"SPF",14.6,14.4,14.7,NA,NA,54.5,9.1,5.5,935.7,NA,1022.7,NA,1549.9,5.2,34,3.3,11.9,18.7,5,18,NA,NA,0,0,583,NA,NA,NA,NA,NA,0.332,NA,NA,NA
2026-03-07 14:00:00,"SPF",14.7,14.7,14.8,NA,NA,56.7,9.5,6.2,935.5,NA,1022.5,NA,1549,5.7,36,3.8,13.7,20.5,5.6,20.2,NA,NA,0,0,504,NA,NA,NA,NA,NA,0.292,NA,NA,NA
2026-03-07 15:00:00,"SPF",14.7,14.6,14.8,NA,NA,57.9,9.7,6.5,935.4,NA,1022.4,NA,1548,5.9,37,3.6,13,21.2,5.7,20.5,NA,NA,0,0,379,NA,NA,NA,NA,NA,0.228,NA,NA,NA
2026-03-07 16:00:00,"SPF",14.4,14.2,14.5,NA,NA,58.7,9.6,6.4,935.3,NA,1022.3,NA,1546.4,4.8,34,2.9,10.4,17.3,4.7,16.9,NA,NA,0,0,223,NA,NA,NA,NA,NA,0.143,NA,NA,NA
2026-03-07 17:00:00,"SPF",13.4,12.5,14,NA,NA,63,9.7,6.5,935.5,NA,1022.5,NA,1545.1,4.3,20,2.1,7.6,15.5,4.3,15.5,NA,NA,0,0,76,NA,NA,NA,NA,NA,0.056,NA,NA,NA
2026-03-07 18:00:00,"SPF",9.9,8.3,12,NA,NA,81.6,9.9,6.9,935.9,NA,1023,NA,1538.4,2.1,210,0.9,3.2,7.6,2.1,7.6,NA,NA,0,0,3,NA,NA,NA,NA,NA,0,NA,NA,NA
2026-03-07 19:00:00,"SPF",7.3,6.6,7.9,NA,NA,95.7,9.8,6.6,936.2,NA,1023.3,NA,1533.5,2.7,209,1.3,4.7,9.7,2.6,9.4,NA,NA,0,0,0,NA,NA,NA,NA,NA,-0.004,NA,NA,NA
2026-03-07 20:00:00,"SPF",5.8,5.4,6.3,NA,NA,99.3,9.1,5.7,936.6,NA,1023.7,NA,1532,1.9,212,0.9,3.2,6.8,1.9,6.8,NA,NA,0,0,0,NA,NA,NA,NA,NA,-0.006,NA,NA,NA
2026-03-07 21:00:00,"SPF",4.7,4.5,5,NA,NA,99.3,8.5,4.6,936.8,NA,1023.9,NA,1530.9,2.2,212,1.3,4.7,7.9,2.2,7.9,NA,NA,0,0,0,NA,NA,NA,NA,NA,-0.005,NA,NA,NA
2026-03-07 22:00:00,"SPF",3.8,3.5,4.2,NA,NA,99.3,8,3.7,936.9,NA,1024,NA,1529.1,2.7,212,1.5,5.4,9.7,2.7,9.7,NA,NA,0,0,0,NA,NA,NA,NA,NA,-0.005,NA,NA,NA
2026-03-07 23:00:00,"SPF",3.3,2.9,3.7,NA,NA,99.3,7.7,3.2,936.9,NA,1024,NA,1527.3,2.1,215,1.6,5.8,7.6,2.1,7.6,NA,NA,0,0,0,NA,NA,NA,NA,NA,-0.005,NA,NA,NA
2026-03-08,"SPF",2.8,2.7,3,NA,NA,99.3,7.4,2.7,936.8,NA,1023.9,NA,1525.5,2.2,214,1.5,5.4,7.9,2.1,7.6,NA,NA,0,0,0,NA,NA,NA,NA,NA,-0.005,NA,NA,NA
2026-03-08 01:00:00,"SPF",2.4,2.1,2.9,NA,NA,99.3,7.2,2.3,936.9,NA,1024,NA,1525.1,2.7,214,1.4,5,9.7,2.6,9.4,NA,NA,0,0,0,NA,NA,NA,NA,NA,-0.005,NA,NA,NA
2026-03-08 02:00:00,"SPF",2.2,1.8,2.4,NA,NA,99.3,7.1,2.1,936.9,NA,1024,NA,1524.5,2.4,212,1.4,5,8.6,2.4,8.6,NA,NA,0,0,0,NA,NA,NA,NA,NA,-0.005,NA,NA,NA
2026-03-08 03:00:00,"SPF",2,1.9,2.3,NA,NA,99.3,7,1.9,936.8,NA,1023.9,NA,1523.3,2.3,212,1.3,4.7,8.3,2.2,7.9,NA,NA,0,0,0,NA,NA,NA,NA,NA,-0.005,NA,NA,NA
2026-03-08 04:00:00,"SPF",1.8,1.3,2,NA,NA,99.3,6.9,1.7,936.8,NA,1023.9,NA,1522.3,2.3,214,1.4,5,8.3,2.2,7.9,NA,NA,0,0,0,NA,NA,NA,NA,NA,-0.005,NA,NA,NA
2026-03-08 05:00:00,"SPF",1.4,1,1.6,NA,NA,99.4,6.7,1.3,936.9,NA,1024,NA,1521.8,2.7,213,1.7,6.1,9.7,2.7,9.7,NA,NA,0,0,0,NA,NA,NA,NA,NA,-0.004,NA,NA,NA
2026-03-08 06:00:00,"SPF",1.3,1.2,1.4,NA,NA,99.4,6.7,1.2,937.2,NA,1024.3,NA,1523.9,2.5,210,1.6,5.8,9,2.5,9,NA,NA,0,0,0,NA,NA,NA,NA,NA,-0.004,NA,NA,NA
2026-03-08 07:00:00,"SPF",1.4,1.2,1.6,NA,NA,99.4,6.7,1.3,937.5,NA,1024.7,NA,1527.3,2.2,220,1.5,5.4,7.9,2.2,7.9,NA,NA,0,0,31,NA,NA,NA,NA,NA,0.011,NA,NA,NA
2026-03-08 08:00:00,"SPF",2.7,1.9,3.7,NA,NA,99.4,7.4,2.6,937.7,NA,1024.9,NA,1532.5,2.8,215,1.3,4.7,10.1,2.8,10.1,NA,NA,0,0,104,NA,NA,NA,NA,NA,0.038,NA,NA,NA
2026-03-08 09:00:00,"SPF",6.7,5.1,7.7,NA,NA,94.5,9.3,5.9,937.8,NA,1025,NA,1545.2,2.1,222,1.3,4.7,7.6,2.1,7.6,NA,NA,0,0,216,NA,NA,NA,NA,NA,0.092,NA,NA,NA
2026-03-08 10:00:00,"SPF",8.8,7.9,9.8,NA,NA,88.1,10,6.9,937.6,NA,1024.8,NA,1549.5,1.2,153,0.5,1.8,4.3,1.2,4.3,NA,NA,0,0,249,NA,NA,NA,NA,NA,0.124,NA,NA,NA
2026-03-08 11:00:00,"SPF",12.3,11.4,13.4,NA,NA,66.2,9.4,6.1,937.4,NA,1024.6,NA,1558.3,4.2,90,0.7,2.5,15.1,4.1,14.8,NA,NA,0,0,484,NA,NA,NA,NA,NA,0.255,NA,NA,NA
2026-03-08 12:00:00,"SPF",13.1,12.7,13.5,NA,NA,62.8,9.5,6.2,937.1,NA,1024.3,NA,1558.7,5.7,39,3.4,12.2,20.5,5.6,20.2,NA,NA,0,0,518,NA,NA,NA,NA,NA,0.283,NA,NA,NA
2026-03-08 13:00:00,"SPF",13.5,13.4,13.7,NA,NA,58.5,9.1,5.5,936.7,NA,1023.8,NA,1555.8,5.7,48,2.9,10.4,20.5,5.6,20.2,NA,NA,0,0,440,NA,NA,NA,NA,NA,0.257,NA,NA,NA
2026-03-08 14:00:00,"SPF",14.1,13.5,14.4,NA,NA,55,8.8,5.2,936.4,NA,1023.5,NA,1554.7,4.8,45,2.8,10.1,17.3,4.8,17.3,NA,NA,0,0,469,NA,NA,NA,NA,NA,0.27,NA,NA,NA
2026-03-08 15:00:00,"SPF",13.4,13.2,13.7,NA,NA,54.9,8.4,4.5,936.3,NA,1023.4,NA,1551.9,5.1,28,2.5,9,18.4,4.9,17.6,NA,NA,0,0,193,NA,NA,NA,NA,NA,0.146,NA,NA,NA
2026-03-08 16:00:00,"SPF",13.5,13.3,13.6,NA,NA,55,8.5,4.6,936.1,NA,1023.2,NA,1551,4.2,14,2.5,9,15.1,4.1,14.8,NA,NA,0,0,217,NA,NA,NA,NA,NA,0.138,NA,NA,NA
2026-03-08 17:00:00,"SPF",12.8,12.3,13.2,NA,NA,59.7,8.8,5.1,936.2,NA,1023.3,NA,1549.1,3.2,15,2,7.2,11.5,3.1,11.2,NA,NA,0,0,80,NA,NA,NA,NA,NA,0.058,NA,NA,NA
2026-03-08 18:00:00,"SPF",9.9,8.1,12.1,NA,NA,76.7,9.3,5.9,936.3,NA,1023.4,NA,1542,2.1,198,1,3.6,7.6,2,7.2,NA,NA,0,0,5,NA,NA,NA,NA,NA,0.003,NA,NA,NA
2026-03-08 19:00:00,"SPF",7.4,6.4,7.9,NA,NA,88.4,9.1,5.6,936.6,NA,1023.7,NA,1537.1,4.3,204,1.8,6.5,15.5,4.2,15.1,NA,NA,0,0,0,NA,NA,NA,NA,NA,0,NA,NA,NA
2026-03-08 20:00:00,"SPF",5.9,5.2,6.3,NA,NA,96.6,9,5.4,936.7,NA,1023.8,NA,1533.4,2.6,221,1.1,4,9.4,2.6,9.4,NA,NA,0,0,0,NA,NA,NA,NA,NA,-0.005,NA,NA,NA
2026-03-08 21:00:00,"SPF",4.6,3.9,5,NA,NA,99.3,8.4,4.5,936.8,NA,1023.9,NA,1530.5,2.4,203,1.3,4.7,8.6,2.4,8.6,NA,NA,0,0,0,NA,NA,NA,NA,NA,-0.005,NA,NA,NA
2026-03-08 22:00:00,"SPF",3.9,3.4,4.4,NA,NA,99.3,8,3.8,936.9,NA,1024,NA,1529.2,2.3,207,1.1,4,8.3,2.2,7.9,NA,NA,0,0,0,NA,NA,NA,NA,NA,-0.006,NA,NA,NA
2026-03-08 23:00:00,"SPF",3,2.3,3.4,NA,NA,99.3,7.5,2.9,936.8,NA,1023.9,NA,1525.7,2.2,207,1.3,4.7,7.9,2.1,7.6,NA,NA,0,0,0,NA,NA,NA,NA,NA,-0.005,NA,NA,NA
2026-03-09,"SPF",2.6,1.9,3.2,NA,NA,99.3,7.3,2.5,936.7,NA,1023.8,NA,1523.8,2.6,207,1.6,5.8,9.4,2.6,9.4,NA,NA,0,0,0,NA,NA,NA,NA,NA,-0.005,NA,NA,NA
2026-03-09 01:00:00,"SPF",2.4,2.3,2.5,NA,NA,99.3,7.2,2.3,936.8,NA,1023.9,NA,1523.7,2.5,219,1.5,5.4,9,2.4,8.6,NA,NA,0,0,0,NA,NA,NA,NA,NA,-0.005,NA,NA,NA
2026-03-09 02:00:00,"SPF",2,1.7,2.2,NA,NA,99.3,7,1.9,936.7,NA,1023.8,NA,1522,2.3,209,1.3,4.7,8.3,2.2,7.9,NA,NA,0,0,0,NA,NA,NA,NA,NA,-0.005,NA,NA,NA
2026-03-09 03:00:00,"SPF",1.7,1.4,2,NA,NA,99.4,6.9,1.6,936.3,NA,1023.4,NA,1518,1.9,210,1.3,4.7,6.8,1.9,6.8,NA,NA,0,0,0,NA,NA,NA,NA,NA,-0.005,NA,NA,NA
2026-03-09 04:00:00,"SPF",1.6,1.4,1.9,NA,NA,99.4,6.8,1.5,936.1,NA,1023.2,NA,1515.9,2.8,210,1.6,5.8,10.1,2.8,10.1,NA,NA,0,0,0,NA,NA,NA,NA,NA,-0.004,NA,NA,NA
2026-03-09 05:00:00,"SPF",1.3,0.9,1.6,NA,NA,99.4,6.7,1.2,936.2,NA,1023.3,NA,1515.8,1.9,212,1.3,4.7,6.8,1.9,6.8,NA,NA,0,0,0,NA,NA,NA,NA,NA,-0.005,NA,NA,NA
2026-03-09 06:00:00,"SPF",1.3,1,1.6,NA,NA,99.4,6.7,1.2,936.1,NA,1023.2,NA,1515.4,2.1,217,1.5,5.4,7.6,2,7.2,NA,NA,0,0,0,NA,NA,NA,NA,NA,-0.004,NA,NA,NA
2026-03-09 07:00:00,"SPF",1.7,1.3,2.3,NA,NA,99.4,6.9,1.6,936.3,NA,1023.4,NA,1517.9,2.2,208,1.5,5.4,7.9,2.2,7.9,NA,NA,0,0,39,NA,NA,NA,NA,NA,0.012,NA,NA,NA
2026-03-09 08:00:00,"SPF",4,2.8,5.7,NA,NA,98,8,3.7,936.5,NA,1023.6,NA,1525.9,2.7,210,1.6,5.8,9.7,2.6,9.4,NA,NA,0,0,154,NA,NA,NA,NA,NA,0.052,NA,NA,NA
2026-03-09 09:00:00,"SPF",7.6,6,8.7,NA,NA,85.1,8.8,5.2,936.4,NA,1023.5,NA,1535.6,2.5,198,1.6,5.8,9,2.4,8.6,NA,NA,0,0,326,NA,NA,NA,NA,NA,0.137,NA,NA,NA
2026-03-09 10:00:00,"SPF",10.3,8.8,11.4,NA,NA,67.3,8.4,4.4,936.2,NA,1023.3,NA,1541.7,3,172,1.5,5.4,10.8,2.9,10.4,NA,NA,0,0,352,NA,NA,NA,NA,NA,0.181,NA,NA,NA
2026-03-09 11:00:00,"SPF",12.2,11.8,12.7,NA,NA,55.9,8,3.7,935.8,NA,1022.8,NA,1543.8,2.9,120,1,3.6,10.4,2.8,10.1,NA,NA,0,0,550,NA,NA,NA,NA,NA,0.288,NA,NA,NA
2026-03-09 12:00:00,"SPF",13.3,13.1,13.4,NA,NA,55.9,8.5,4.6,935.1,NA,1022.1,NA,1541,5.5,36,2.8,10.1,19.8,5.4,19.4,NA,NA,0,0,640,NA,NA,NA,NA,NA,0.342,NA,NA,NA
2026-03-09 13:00:00,"SPF",13.5,13.3,13.7,NA,NA,58.3,9,5.4,934.3,NA,1021.3,NA,1534.9,6.2,32,3.8,13.7,22.3,6.2,22.3,NA,NA,0,0,673,NA,NA,NA,NA,NA,0.356,NA,NA,NA
2026-03-09 14:00:00,"SPF",13.9,13.7,14.2,NA,NA,57.1,9.1,5.6,933.8,NA,1020.7,NA,1531.7,6.3,38,3.2,11.5,22.7,6.1,22,NA,NA,0,0,601,NA,NA,NA,NA,NA,0.325,NA,NA,NA
2026-03-09 15:00:00,"SPF",13.7,13.6,13.8,NA,NA,56.8,8.9,5.3,933.4,NA,1020.3,NA,1527.3,5.3,30,3,10.8,19.1,5,18,NA,NA,0,0,388,NA,NA,NA,NA,NA,0.223,NA,NA,NA
2026-03-09 16:00:00,"SPF",13.6,13.4,13.7,NA,NA,57.8,9,5.4,933.1,NA,1020,NA,1524.2,5.3,19,3.2,11.5,19.1,5.2,18.7,NA,NA,0,0,260,NA,NA,NA,NA,NA,0.157,NA,NA,NA
2026-03-09 17:00:00,"SPF",12.8,12,13.3,NA,NA,59.6,8.8,5.1,932.9,NA,1019.7,NA,1520.6,4.5,15,2.8,10.1,16.2,4.4,15.8,NA,NA,0,0,103,NA,NA,NA,NA,NA,0.072,NA,NA,NA
2026-03-09 18:00:00,"SPF",10,8.5,11.5,NA,NA,71.4,8.7,5,933,NA,1019.8,NA,1513,2.5,27,1.2,4.3,9,2.5,9,NA,NA,0,0,6,NA,NA,NA,NA,NA,0.007,NA,NA,NA
2026-03-09 19:00:00,"SPF",7.8,6.4,8.9,NA,NA,79.8,8.4,4.5,933.4,NA,1020.3,NA,1510.2,5.9,175,2.4,8.6,21.2,5.8,20.9,NA,NA,0,0,0,NA,NA,NA,NA,NA,0.008,NA,NA,NA
2026-03-09 20:00:00,"SPF",5.2,4.3,6.2,NA,NA,94.5,8.3,4.4,933.6,NA,1020.5,NA,1504.7,3.2,208,1.6,5.8,11.5,3.1,11.2,NA,NA,0,0,0,NA,NA,NA,NA,NA,-0.003,NA,NA,NA
2026-03-09 21:00:00,"SPF",3.8,3.2,4.5,NA,NA,99.3,8,3.7,933.7,NA,1020.6,NA,1501.8,2.5,210,1.4,5,9,2.4,8.6,NA,NA,0,0,0,NA,NA,NA,NA,NA,-0.005,NA,NA,NA
2026-03-09 22:00:00,"SPF",2.9,2.6,3.2,NA,NA,99.3,7.5,2.8,933.7,NA,1020.6,NA,1499,2.5,216,1.5,5.4,9,2.4,8.6,NA,NA,0,0,0,NA,NA,NA,NA,NA,-0.005,NA,NA,NA
2026-03-09 23:00:00,"SPF",2.6,2.3,3.3,NA,NA,99.3,7.4,2.5,933.6,NA,1020.5,NA,1497.4,3.2,212,1.6,5.8,11.5,3.1,11.2,NA,NA,0,0,0,NA,NA,NA,NA,NA,-0.005,NA,NA,NA
2026-03-10,"SPF",2.2,1.3,2.8,NA,NA,99.2,7.1,2.1,933.4,NA,1020.3,NA,1494.8,3,216,1.4,5,10.8,3,10.8,NA,NA,0,0,0,NA,NA,NA,NA,NA,-0.005,NA,NA,NA
2026-03-10 01:00:00,"SPF",2.1,1.4,2.7,NA,NA,96.2,6.8,1.5,933.5,NA,1020.4,NA,1494.8,3.4,207,2.1,7.6,12.2,3.3,11.9,NA,NA,0,0,0,NA,NA,NA,NA,NA,-0.003,NA,NA,NA
2026-03-10 02:00:00,"SPF",1.5,1.1,2,NA,NA,94,6.4,0.7,933.5,NA,1020.4,NA,1493.7,2.7,213,1.8,6.5,9.7,2.7,9.7,NA,NA,0,0,0,NA,NA,NA,NA,NA,-0.002,NA,NA,NA
2026-03-10 03:00:00,"SPF",1.3,0.9,1.8,NA,NA,95.4,6.4,0.7,933.3,NA,1020.2,NA,1491.6,2.7,204,1.3,4.7,9.7,2.7,9.7,NA,NA,0,0,0,NA,NA,NA,NA,NA,-0.004,NA,NA,NA
2026-03-10 04:00:00,"SPF",2.2,1.9,2.5,NA,NA,92,6.6,1,933.3,NA,1020.2,NA,1493.4,2.9,201,1.5,5.4,10.4,2.9,10.4,NA,NA,0,0,0,NA,NA,NA,NA,NA,-0.002,NA,NA,NA
2026-03-10 05:00:00,"SPF",2.1,1.5,2.6,NA,NA,93.8,6.7,1.2,933.2,NA,1020.1,NA,1492.5,2.9,204,1.3,4.7,10.4,2.9,10.4,NA,NA,0,0,0,NA,NA,NA,NA,NA,-0.003,NA,NA,NA
2026-03-10 06:00:00,"SPF",1.3,0,1.7,NA,NA,96.1,6.4,0.7,933.4,NA,1020.3,NA,1491.9,2.8,211,1.2,4.3,10.1,2.7,9.7,NA,NA,0,0,0,NA,NA,NA,NA,NA,-0.004,NA,NA,NA
2026-03-10 07:00:00,"SPF",1,0.4,1.1,NA,NA,98.6,6.5,0.8,933.5,NA,1020.4,NA,1492.1,2.3,215,1.3,4.7,8.3,2.3,8.3,NA,NA,0,0,25,NA,NA,NA,NA,NA,0.013,NA,NA,NA
2026-03-10 08:00:00,"SPF",2.1,1.1,3.6,NA,NA,97.2,7,1.7,933.6,NA,1020.5,NA,1496,1.5,207,1,3.6,5.4,1.5,5.4,NA,NA,0,0,176,NA,NA,NA,NA,NA,0.057,NA,NA,NA
2026-03-10 09:00:00,"SPF",6.7,4.8,8.3,NA,NA,71.7,7,1.9,933.5,NA,1020.4,NA,1508.4,1.5,202,0.6,2.2,5.4,1.5,5.4,NA,NA,0,0,373,NA,NA,NA,NA,NA,0.156,NA,NA,NA
2026-03-10 10:00:00,"SPF",10.5,9,11.5,NA,NA,61.9,7.9,3.5,933.1,NA,1020,NA,1515.6,6.5,35,2,7.2,23.4,6.3,22.7,NA,NA,0,0,528,NA,NA,NA,NA,NA,0.257,NA,NA,NA
2026-03-10 11:00:00,"SPF",12.2,11.8,12.8,NA,NA,60.2,8.6,4.7,933,NA,1019.8,NA,1519.6,5.9,46,3.5,12.6,21.2,5.7,20.5,NA,NA,0,0,625,NA,NA,NA,NA,NA,0.319,NA,NA,NA
2026-03-10 12:00:00,"SPF",13.1,12.5,13.6,NA,NA,54.7,8.2,4.2,932.7,NA,1019.5,NA,1519.7,5.1,42,2.9,10.4,18.4,5,18,NA,NA,0,0,670,NA,NA,NA,NA,NA,0.355,NA,NA,NA
2026-03-10 13:00:00,"SPF",13.6,13.3,13.8,NA,NA,53.8,8.4,4.4,932.3,NA,1019.1,NA,1517.4,5,42,2.7,9.7,18,4.8,17.3,NA,NA,0,0,511,NA,NA,NA,NA,NA,0.293,NA,NA,NA
2026-03-10 14:00:00,"SPF",13.2,12.8,13.7,NA,NA,57.5,8.7,4.9,932.2,NA,1019,NA,1515.2,5.9,39,3.2,11.5,21.2,5.7,20.5,NA,NA,0,0,262,NA,NA,NA,NA,NA,0.183,NA,NA,NA
2026-03-10 15:00:00,"SPF",11.6,9.3,12.6,NA,NA,65.5,8.9,5.3,932.5,NA,1019.3,NA,1513.2,8,339,3.3,11.9,28.8,7.7,27.7,NA,NA,0.4,0,53,NA,NA,NA,NA,NA,0.085,NA,NA,NA
2026-03-10 16:00:00,"SPF",8.2,8,8.4,NA,NA,93,10.1,7.1,933,NA,1019.8,NA,1508.4,4.8,72,1.2,4.3,17.3,4.7,16.9,NA,NA,4.5,0,35,NA,NA,NA,NA,NA,0.031,NA,NA,NA
2026-03-10 17:00:00,"SPF",8.2,8.1,8.3,NA,NA,98.7,10.7,8,933.2,NA,1020,NA,1509.5,3.3,194,1.3,4.7,11.9,3.3,11.9,NA,NA,0,0,19,NA,NA,NA,NA,NA,0.018,NA,NA,NA
2026-03-10 18:00:00,"SPF",7.8,7.6,8.1,NA,NA,99.3,10.5,7.7,933.6,NA,1020.5,NA,1512.3,1.9,202,1.1,4,6.8,1.9,6.8,NA,NA,0,0,1,NA,NA,NA,NA,NA,-0.006,NA,NA,NA
2026-03-10 19:00:00,"SPF",7.5,7.2,7.8,NA,NA,99.4,10.3,7.4,934.1,NA,1021,NA,1515.6,2.1,211,0.7,2.5,7.6,2.1,7.6,NA,NA,0,0,0,NA,NA,NA,NA,NA,-0.007,NA,NA,NA
2026-03-10 20:00:00,"SPF",8.1,7.6,8.3,NA,NA,98.5,10.6,7.8,934.6,NA,1021.6,NA,1521.7,2.7,205,1.5,5.4,9.7,2.6,9.4,NA,NA,0,0,0,NA,NA,NA,NA,NA,-0.005,NA,NA,NA
2026-03-10 21:00:00,"SPF",8.1,7.9,8.4,NA,NA,90.8,9.8,6.7,935,NA,1022,NA,1525.1,5.7,218,2.5,9,20.5,5.6,20.2,NA,NA,0,0,0,NA,NA,NA,NA,NA,0.001,NA,NA,NA
2026-03-10 22:00:00,"SPF",7.4,7.2,7.8,NA,NA,97.1,10,7,935.2,NA,1022.2,NA,1525.3,7.1,209,1.9,6.8,25.6,7,25.2,NA,NA,1.1,0,0,NA,NA,NA,NA,NA,-0.004,NA,NA,NA
2026-03-10 23:00:00,"SPF",7.1,6.4,7.7,NA,NA,93.6,9.4,6.1,934.8,NA,1021.8,NA,1520.2,6.7,214,2.7,9.7,24.1,6.6,23.8,NA,NA,0.1,0,0,NA,NA,NA,NA,NA,0,NA,NA,NA
2026-03-11,"SPF",6.2,6.1,6.4,NA,NA,99.3,9.4,6.1,934.7,NA,1021.7,NA,1517.6,2.8,210,1.6,5.8,10.1,2.8,10.1,NA,NA,0,0,0,NA,NA,NA,NA,NA,-0.005,NA,NA,NA
2026-03-11 01:00:00,"SPF",5.9,5.7,6.1,NA,NA,99.3,9.2,5.8,934.8,NA,1021.8,NA,1517.4,2.9,193,1.4,5,10.4,2.8,10.1,NA,NA,0,0,0,NA,NA,NA,NA,NA,-0.005,NA,NA,NA
2026-03-11 02:00:00,"SPF",5.4,4.6,5.9,NA,NA,99.3,8.9,5.3,934.7,NA,1021.7,NA,1514.7,3.5,193,1.4,5,12.6,3.4,12.2,NA,NA,0,0,0,NA,NA,NA,NA,NA,-0.005,NA,NA,NA
2026-03-11 03:00:00,"SPF",4.5,4.1,4.9,NA,NA,99.4,8.4,4.4,934.6,NA,1021.6,NA,1511.2,2.3,203,1.5,5.4,8.3,2.3,8.3,NA,NA,0,0,0,NA,NA,NA,NA,NA,-0.005,NA,NA,NA
2026-03-11 04:00:00,"SPF",5.2,5,5.5,NA,NA,99.4,8.8,5.1,934.5,NA,1021.5,NA,1512.9,2.7,200,1.2,4.3,9.7,2.6,9.4,NA,NA,0.1,0,0,NA,NA,NA,NA,NA,-0.006,NA,NA,NA
2026-03-11 05:00:00,"SPF",5.5,5,5.9,NA,NA,99.3,9,5.4,934.5,NA,1021.4,NA,1513.1,3.1,202,1.7,6.1,11.2,3,10.8,NA,NA,0,0,0,NA,NA,NA,NA,NA,-0.005,NA,NA,NA
2026-03-11 06:00:00,"SPF",5.4,5.1,5.7,NA,NA,99.3,8.9,5.3,934.4,NA,1021.3,NA,1512.3,2.6,197,1.5,5.4,9.4,2.6,9.4,NA,NA,0.1,0,0,NA,NA,NA,NA,NA,-0.005,NA,NA,NA
2026-03-11 07:00:00,"SPF",5.8,5.6,6,NA,NA,99.3,9.2,5.7,934.4,NA,1021.3,NA,1513.5,3.1,197,1.8,6.5,11.2,3.1,11.2,NA,NA,0,0,23,NA,NA,NA,NA,NA,0.015,NA,NA,NA
2026-03-11 08:00:00,"SPF",6.5,6.2,7,NA,NA,99.3,9.6,6.4,934.2,NA,1021.1,NA,1514.2,2.6,207,0.9,3.2,9.4,2.6,9.4,NA,NA,0,0,99,NA,NA,NA,NA,NA,0.045,NA,NA,NA
2026-03-11 09:00:00,"SPF",7.9,7.2,8.6,NA,NA,92.7,9.8,6.8,934.2,NA,1021.1,NA,1517.7,1.7,225,0.4,1.4,6.1,1.7,6.1,NA,NA,0,0,229,NA,NA,NA,NA,NA,0.107,NA,NA,NA
2026-03-11 10:00:00,"SPF",9.2,8.6,10.1,NA,NA,79.4,9.2,5.8,934.1,NA,1021,NA,1520.7,2.2,210,0.9,3.2,7.9,2.1,7.6,NA,NA,0,0,289,NA,NA,NA,NA,NA,0.145,NA,NA,NA
2026-03-11 11:00:00,"SPF",10.4,10.1,10.7,NA,NA,69.8,8.8,5.2,933.7,NA,1020.6,NA,1520.3,3.9,233,2.1,7.6,14,3.8,13.7,NA,NA,0,0,407,NA,NA,NA,NA,NA,0.209,NA,NA,NA
2026-03-11 12:00:00,"SPF",11.2,10.8,11.8,NA,NA,64.6,8.6,4.8,933,NA,1019.8,NA,1516.4,5.3,203,2.7,9.7,19.1,5.2,18.7,NA,NA,0,0,399,NA,NA,NA,NA,NA,0.219,NA,NA,NA
2026-03-11 13:00:00,"SPF",11.8,11.7,12,NA,NA,62.4,8.6,4.9,932.2,NA,1019,NA,1511.3,5.2,235,2.9,10.4,18.7,5.1,18.4,NA,NA,0,0,375,NA,NA,NA,NA,NA,0.215,NA,NA,NA
2026-03-11 14:00:00,"SPF",11.3,11.1,11.4,NA,NA,64.8,8.6,4.9,931.8,NA,1018.6,NA,1506.4,7.3,240,3.6,13,26.3,7.1,25.6,NA,NA,0,0,194,NA,NA,NA,NA,NA,0.14,NA,NA,NA
2026-03-11 15:00:00,"SPF",11,10.9,11.1,NA,NA,64.6,8.5,4.6,931.4,NA,1018.1,NA,1502.2,6.5,226,3.3,11.9,23.4,6.4,23,NA,NA,0,0,135,NA,NA,NA,NA,NA,0.113,NA,NA,NA
2026-03-11 16:00:00,"SPF",10.5,10.1,10.9,NA,NA,69.7,8.8,5.2,931.2,NA,1017.9,NA,1498.8,4.6,227,2.2,7.9,16.6,4.5,16.2,NA,NA,0,0,73,NA,NA,NA,NA,NA,0.069,NA,NA,NA
2026-03-11 17:00:00,"SPF",9.5,9,10.1,NA,NA,83,9.8,6.7,931.3,NA,1018,NA,1496.8,2.6,207,1.3,4.7,9.4,2.6,9.4,NA,NA,0.6,0,30,NA,NA,NA,NA,NA,0.03,NA,NA,NA
2026-03-11 18:00:00,"SPF",8.2,7.9,8.7,NA,NA,98.8,10.8,8.1,931.7,NA,1018.5,NA,1497.1,3.7,193,1.4,5,13.3,3.6,13,NA,NA,0.5,0,1,NA,NA,NA,NA,NA,-0.005,NA,NA,NA
2026-03-11 19:00:00,"SPF",7.6,7.4,7.8,NA,NA,99.3,10.3,7.5,932.3,NA,1019.1,NA,1500.4,2.3,212,1.4,5,8.3,2.2,7.9,NA,NA,0.3,0,0,NA,NA,NA,NA,NA,-0.006,NA,NA,NA
2026-03-11 20:00:00,"SPF",7.3,7.1,7.5,NA,NA,98.6,10.1,7.1,932.7,NA,1019.5,NA,1502.9,4,214,1.8,6.5,14.4,3.8,13.7,NA,NA,0.5,0,0,NA,NA,NA,NA,NA,-0.005,NA,NA,NA
2026-03-11 21:00:00,"SPF",7.1,6.9,7.2,NA,NA,99.2,10,7,933.2,NA,1020.1,NA,1507,5.4,198,2.6,9.4,19.4,5.3,19.1,NA,NA,2.2,0,0,NA,NA,NA,NA,NA,-0.004,NA,NA,NA
2026-03-11 22:00:00,"SPF",6.5,6.3,6.7,NA,NA,99.3,9.6,6.4,933.4,NA,1020.3,NA,1506.7,4.4,210,2.3,8.3,15.8,4.3,15.5,NA,NA,1.7,0,0,NA,NA,NA,NA,NA,-0.004,NA,NA,NA
2026-03-11 23:00:00,"SPF",6.4,6.3,6.5,NA,NA,99.3,9.5,6.3,933.7,NA,1020.6,NA,1509.2,4.7,220,2.5,9,16.9,4.6,16.6,NA,NA,0.8,0,0,NA,NA,NA,NA,NA,-0.004,NA,NA,NA
2026-03-12,"SPF",6.3,6.2,6.4,NA,NA,98.6,9.4,6.1,934.4,NA,1021.3,NA,1514.6,7.3,212,3.3,11.9,26.3,7,25.2,NA,NA,1.7,0,0,NA,NA,NA,NA,NA,-0.003,NA,NA,NA
2026-03-12 01:00:00,"SPF",5.9,5.6,6.1,NA,NA,94,8.7,5,935.1,NA,1022.1,NA,1519.9,7.4,206,3.9,14,26.6,7.3,26.3,NA,NA,0.6,0,0,NA,NA,NA,NA,NA,0.001,NA,NA,NA
2026-03-12 02:00:00,"SPF",5.3,5,5.5,NA,NA,91.2,8.1,4,935.7,NA,1022.7,NA,1522.9,7.4,217,3.1,11.2,26.6,7.3,26.3,NA,NA,0.4,0,0,NA,NA,NA,NA,NA,0.002,NA,NA,NA
2026-03-12 03:00:00,"SPF",4.9,4.8,5.1,NA,NA,98.7,8.6,4.8,935.9,NA,1023,NA,1523.9,3.1,214,1.9,6.8,11.2,3,10.8,NA,NA,0,0,0,NA,NA,NA,NA,NA,-0.004,NA,NA,NA
2026-03-12 04:00:00,"SPF",4.8,4.7,4.8,NA,NA,99.3,8.5,4.7,936.1,NA,1023.2,NA,1525.2,2.8,198,1.6,5.8,10.1,2.8,10.1,NA,NA,0,0,0,NA,NA,NA,NA,NA,-0.005,NA,NA,NA
2026-03-12 05:00:00,"SPF",4.9,4.8,5.1,NA,NA,99.2,8.6,4.8,936.5,NA,1023.6,NA,1529,3.4,184,1.6,5.8,12.2,3.3,11.9,NA,NA,0,0,0,NA,NA,NA,NA,NA,-0.005,NA,NA,NA
2026-03-12 06:00:00,"SPF",5,4.9,5.1,NA,NA,99,8.6,4.9,936.9,NA,1024,NA,1532.4,3.3,200,1.5,5.4,11.9,3.2,11.5,NA,NA,0,0,0,NA,NA,NA,NA,NA,-0.005,NA,NA,NA
2026-03-12 07:00:00,"SPF",4.9,4.8,5.2,NA,NA,98.1,8.5,4.7,937.4,NA,1024.6,NA,1536.6,1.4,194,0.8,2.9,5,1.4,5,NA,NA,0,0,50,NA,NA,NA,NA,NA,0.017,NA,NA,NA
2026-03-12 08:00:00,"SPF",5.4,5.2,5.6,NA,NA,92.2,8.3,4.3,937.7,NA,1024.9,NA,1540.4,1.9,211,0.6,2.2,6.8,1.9,6.8,NA,NA,0,0,108,NA,NA,NA,NA,NA,0.049,NA,NA,NA
2026-03-12 09:00:00,"SPF",5.8,5.5,6.2,NA,NA,89,8.2,4.1,937.8,NA,1025,NA,1542.4,1.8,171,0.7,2.5,6.5,1.8,6.5,NA,NA,0,0,203,NA,NA,NA,NA,NA,0.09,NA,NA,NA
2026-03-12 10:00:00,"SPF",6.9,6.6,7.3,NA,NA,74.4,7.4,2.6,937.6,NA,1024.8,NA,1544.3,2.7,196,1,3.6,9.7,2.6,9.4,NA,NA,0,0,438,NA,NA,NA,NA,NA,0.193,NA,NA,NA
2026-03-12 11:00:00,"SPF",8,7.6,8.5,NA,NA,68,7.3,2.5,937.4,NA,1024.6,NA,1545.8,4.2,297,1.2,4.3,15.1,4.1,14.8,NA,NA,0,0,459,NA,NA,NA,NA,NA,0.216,NA,NA,NA
2026-03-12 12:00:00,"SPF",8.4,8,8.6,NA,NA,72.1,8,3.7,937.2,NA,1024.3,NA,1544.9,5.4,34,2.7,9.7,19.4,5.3,19.1,NA,NA,0,0,538,NA,NA,NA,NA,NA,0.243,NA,NA,NA
2026-03-12 13:00:00,"SPF",9.2,8.7,9.8,NA,NA,67.7,7.8,3.5,936.5,NA,1023.6,NA,1541.7,4.4,56,1.8,6.5,15.8,4.3,15.5,NA,NA,0,0,574,NA,NA,NA,NA,NA,0.269,NA,NA,NA
2026-03-12 14:00:00,"SPF",10.1,9.7,10.4,NA,NA,62.8,7.7,3.3,935.9,NA,1022.9,NA,1538.4,5.3,17,2.6,9.4,19.1,5.2,18.7,NA,NA,0,0,573,NA,NA,NA,NA,NA,0.271,NA,NA,NA
2026-03-12 15:00:00,"SPF",10.6,10.1,10.9,NA,NA,58.1,7.4,2.7,935.5,NA,1022.5,NA,1536.7,4.8,45,1.9,6.8,17.3,4.7,16.9,NA,NA,0,0,488,NA,NA,NA,NA,NA,0.234,NA,NA,NA
2026-03-12 16:00:00,"SPF",10.3,10.2,10.4,NA,NA,60.5,7.6,3,935.2,NA,1022.2,NA,1533,4.7,16,2.7,9.7,16.9,4.6,16.6,NA,NA,0,0,307,NA,NA,NA,NA,NA,0.149,NA,NA,NA
2026-03-12 17:00:00,"SPF",9.5,8.8,10.1,NA,NA,65,7.7,3.2,934.8,NA,1021.8,NA,1527.5,4.3,5,2.2,7.9,15.5,4.3,15.5,NA,NA,0,0,125,NA,NA,NA,NA,NA,0.057,NA,NA,NA
2026-03-12 18:00:00,"SPF",6.5,5.1,8.3,NA,NA,83.1,8,3.8,935,NA,1022,NA,1520.7,2.7,207,1.4,5,9.7,2.6,9.4,NA,NA,0,0,5,NA,NA,NA,NA,NA,0.002,NA,NA,NA
2026-03-12 19:00:00,"SPF",5.1,5,5.2,NA,NA,92.5,8.1,4,935.5,NA,1022.5,NA,1520.9,4.8,194,2.2,7.9,17.3,4.7,16.9,NA,NA,0,0,0,NA,NA,NA,NA,NA,-0.001,NA,NA,NA
2026-03-12 20:00:00,"SPF",4.2,3.6,4.9,NA,NA,92.8,7.6,3.2,935.4,NA,1022.4,NA,1517.4,6.3,182,2.6,9.4,22.7,6.2,22.3,NA,NA,0,0,0,NA,NA,NA,NA,NA,0,NA,NA,NA
2026-03-12 21:00:00,"SPF",3.1,2.5,4.1,NA,NA,98.5,7.5,2.9,935,NA,1022,NA,1510.5,4.7,223,1.8,6.5,16.9,4.6,16.6,NA,NA,0,0,0,NA,NA,NA,NA,NA,-0.004,NA,NA,NA
2026-03-12 22:00:00,"SPF",1.9,1.6,2.4,NA,NA,99.3,7,1.8,934.9,NA,1021.9,NA,1506.6,2.9,197,1.4,5,10.4,2.9,10.4,NA,NA,0,0,0,NA,NA,NA,NA,NA,-0.005,NA,NA,NA
2026-03-12 23:00:00,"SPF",1.3,1,1.6,NA,NA,99.3,6.7,1.2,934.4,NA,1021.4,NA,1500.9,2.6,204,1.3,4.7,9.4,2.5,9,NA,NA,0,0,0,NA,NA,NA,NA,NA,-0.005,NA,NA,NA
2026-03-13,"SPF",0.9,0.4,1.3,NA,NA,99.3,6.5,0.8,933.7,NA,1020.6,NA,1493.7,3.1,196,1.7,6.1,11.2,3,10.8,NA,NA,0,0,0,NA,NA,NA,NA,NA,-0.004,NA,NA,NA
2026-03-13 01:00:00,"SPF",0.1,-0.4,0.6,NA,NA,99.3,6.1,0,933.2,NA,1020.1,NA,1487.1,2.5,210,1.6,5.8,9,2.5,9,NA,NA,0,0,0,NA,NA,NA,NA,NA,-0.004,NA,NA,NA
2026-03-13 02:00:00,"SPF",0,-0.1,0.1,NA,NA,99.3,6.1,-0.1,932.6,NA,1019.4,NA,1482,2.3,200,1.5,5.4,8.3,2.3,8.3,NA,NA,0,0,0,NA,NA,NA,NA,NA,-0.004,NA,NA,NA
2026-03-13 03:00:00,"SPF",-0.6,-0.7,-0.2,NA,NA,99.3,5.8,-0.7,932,NA,1018.8,NA,1475.5,2.1,200,1.3,4.7,7.6,2,7.2,NA,NA,0,0,0,NA,NA,NA,NA,NA,-0.004,NA,NA,NA
2026-03-13 04:00:00,"SPF",-1.1,-1.6,-0.5,NA,NA,99.3,5.6,-1.2,931.6,NA,1018.3,NA,1470.5,2.8,214,1.5,5.4,10.1,2.7,9.7,NA,NA,0,0,0,NA,NA,NA,NA,NA,-0.004,NA,NA,NA
2026-03-13 05:00:00,"SPF",-0.8,-1,-0.7,NA,NA,99.3,5.7,-0.9,931.3,NA,1018,NA,1468.5,2.5,204,1.3,4.7,9,2.5,9,NA,NA,0,0,0,NA,NA,NA,NA,NA,-0.004,NA,NA,NA
2026-03-13 06:00:00,"SPF",-0.6,-1.5,0,NA,NA,99.3,5.8,-0.7,931.4,NA,1018.1,NA,1470.1,3.3,207,1.6,5.8,11.9,3.2,11.5,NA,NA,0,0,1,NA,NA,NA,NA,NA,-0.004,NA,NA,NA
2026-03-13 07:00:00,"SPF",0.4,-0.2,1,NA,NA,98.6,6.2,0.3,931.2,NA,1017.9,NA,1471.3,4,204,1.8,6.5,14.4,3.9,14,NA,NA,0,0,20,NA,NA,NA,NA,NA,0.013,NA,NA,NA
2026-03-13 08:00:00,"SPF",2.3,1.8,3.2,NA,NA,75.9,5.5,-1.5,930.7,NA,1017.3,NA,1471.6,6.6,195,3.8,13.7,23.8,6.4,23,NA,NA,0,0,245,NA,NA,NA,NA,NA,0.085,NA,NA,NA
2026-03-13 09:00:00,"SPF",5.6,3.7,6.8,NA,NA,70.5,6.4,0.6,930.2,NA,1016.8,NA,1476.9,3.7,195,1.4,5,13.3,3.7,13.3,NA,NA,0,0,447,NA,NA,NA,NA,NA,0.177,NA,NA,NA
2026-03-13 10:00:00,"SPF",8.6,7.4,9.4,NA,NA,62.9,7,1.9,929.5,NA,1016.1,NA,1479.1,2,189,0.7,2.5,7.2,2,7.2,NA,NA,0,0,580,NA,NA,NA,NA,NA,0.265,NA,NA,NA
2026-03-13 11:00:00,"SPF",10.9,9.9,11.9,NA,NA,54.6,7.1,2.1,928.6,NA,1015.1,NA,1476.9,3.3,167,1.6,5.8,11.9,3.3,11.9,NA,NA,0,0,679,NA,NA,NA,NA,NA,0.338,NA,NA,NA
2026-03-13 12:00:00,"SPF",13,12.3,13.5,NA,NA,40.8,6.1,0,927.5,NA,1013.9,NA,1472.9,4.5,207,2.2,7.9,16.2,4.3,15.5,NA,NA,0,0,722,NA,NA,NA,NA,NA,0.393,NA,NA,NA
2026-03-13 13:00:00,"SPF",13.7,13.3,14.1,NA,NA,42.4,6.7,1.1,926.5,NA,1012.9,NA,1465.9,5.5,254,2.3,8.3,19.8,5.5,19.8,NA,NA,0,0,695,NA,NA,NA,NA,NA,0.386,NA,NA,NA
2026-03-13 14:00:00,"SPF",13.9,13.5,14.2,NA,NA,42.8,6.8,1.4,925.5,NA,1011.8,NA,1457.1,5,230,2.9,10.4,18,4.9,17.6,NA,NA,0,0,483,NA,NA,NA,NA,NA,0.292,NA,NA,NA
2026-03-13 15:00:00,"SPF",13.7,13.5,13.9,NA,NA,41.2,6.5,0.7,924.9,NA,1011.2,NA,1451.6,4.9,288,2.4,8.6,17.6,4.8,17.3,NA,NA,0,0,409,NA,NA,NA,NA,NA,0.243,NA,NA,NA
2026-03-13 16:00:00,"SPF",13.2,12.9,13.5,NA,NA,44.2,6.7,1.2,924.1,NA,1010.3,NA,1442.9,3.6,253,1.2,4.3,13,3.5,12.6,NA,NA,0,0,189,NA,NA,NA,NA,NA,0.117,NA,NA,NA
2026-03-13 17:00:00,"SPF",11.8,10.8,12.5,NA,NA,57.1,7.9,3.5,923.5,NA,1009.6,NA,1433.9,1.8,194,0.8,2.9,6.5,1.7,6.1,NA,NA,0,0,68,NA,NA,NA,NA,NA,0.043,NA,NA,NA
2026-03-13 18:00:00,"SPF",9.5,8.5,10.7,NA,NA,67.9,8.1,3.9,923.1,NA,1009.2,NA,1424.5,3.2,195,1.6,5.8,11.5,3.1,11.2,NA,NA,0,0,3,NA,NA,NA,NA,NA,0.011,NA,NA,NA
2026-03-13 19:00:00,"SPF",7.6,6.9,8.5,NA,NA,75.2,7.9,3.5,922.4,NA,1008.5,NA,1414.3,4,200,2,7.2,14.4,3.9,14,NA,NA,0,0,0,NA,NA,NA,NA,NA,0.008,NA,NA,NA
2026-03-13 20:00:00,"SPF",6.3,5.4,6.9,NA,NA,80.7,7.7,3.2,921.7,NA,1007.7,NA,1404.5,3.5,200,2,7.2,12.6,3.4,12.2,NA,NA,0,0,0,NA,NA,NA,NA,NA,0.005,NA,NA,NA
2026-03-13 21:00:00,"SPF",5.4,4.9,5.8,NA,NA,86.6,7.7,3.3,920.9,NA,1006.8,NA,1395,2.6,207,1.5,5.4,9.4,2.6,9.4,NA,NA,0,0,0,NA,NA,NA,NA,NA,0,NA,NA,NA
2026-03-13 22:00:00,"SPF",5.3,5.1,5.6,NA,NA,86.9,7.7,3.3,920.1,NA,1006,NA,1388.2,2.6,210,1.4,5,9.4,2.5,9,NA,NA,0,0,0,NA,NA,NA,NA,NA,-0.001,NA,NA,NA
2026-03-13 23:00:00,"SPF",5.3,5,5.6,NA,NA,84.7,7.6,3,919.4,NA,1005.3,NA,1382.4,3,203,1,3.6,10.8,2.9,10.4,NA,NA,0,0,0,NA,NA,NA,NA,NA,-0.002,NA,NA,NA
2026-03-14,"SPF",4.8,4.6,5,NA,NA,89.1,7.6,3.1,918.6,NA,1004.4,NA,1373.4,3.4,195,1.3,4.7,12.2,3.3,11.9,NA,NA,0,0,0,NA,NA,NA,NA,NA,-0.002,NA,NA,NA
2026-03-14 01:00:00,"SPF",4.7,4.5,5.1,NA,NA,85.6,7.3,2.5,917.6,NA,1003.3,NA,1364.8,2.2,203,1,3.6,7.9,2.1,7.6,NA,NA,0,0,0,NA,NA,NA,NA,NA,-0.002,NA,NA,NA
2026-03-14 02:00:00,"SPF",4,3.4,4.4,NA,NA,89.6,7.3,2.5,916.4,NA,1002,NA,1353,3.4,208,1.7,6.1,12.2,3.3,11.9,NA,NA,0,0,0,NA,NA,NA,NA,NA,-0.001,NA,NA,NA
2026-03-14 03:00:00,"SPF",4.3,4.1,4.7,NA,NA,84.6,7.1,2,915.6,NA,1001.2,NA,1346.8,3.7,204,2,7.2,13.3,3.6,13,NA,NA,0,0,0,NA,NA,NA,NA,NA,0.003,NA,NA,NA
2026-03-14 04:00:00,"SPF",5,4.4,5.4,NA,NA,80.7,7,2,915.2,NA,1000.7,NA,1344.3,2.9,207,1.3,4.7,10.4,2.9,10.4,NA,NA,0,0,0,NA,NA,NA,NA,NA,0.001,NA,NA,NA
2026-03-14 05:00:00,"SPF",6.3,5.2,7.2,NA,NA,78.1,7.4,2.7,915,NA,1000.5,NA,1345.2,2.9,185,1.3,4.7,10.4,2.9,10.4,NA,NA,0,0,0,NA,NA,NA,NA,NA,0.002,NA,NA,NA
2026-03-14 06:00:00,"SPF",7.1,6.6,7.3,NA,NA,81.8,8.2,4.2,915,NA,1000.5,NA,1347.2,9.1,241,2.7,9.7,32.8,8.7,31.3,NA,NA,0,0,0,NA,NA,NA,NA,NA,0.007,NA,NA,NA
2026-03-14 07:00:00,"SPF",6,5.5,6.3,NA,NA,88,8.2,4.1,915.4,NA,1000.9,NA,1347.9,7.6,217,3.5,12.6,27.4,7.5,27,NA,NA,0.7,0,1,NA,NA,NA,NA,NA,0.028,NA,NA,NA
2026-03-14 08:00:00,"SPF",4.8,4.2,5.3,NA,NA,92.8,8,3.7,916.1,NA,1001.6,NA,1351.5,6.1,218,2.9,10.4,22,5.9,21.2,NA,NA,0.9,0,20,NA,NA,NA,NA,NA,0.025,NA,NA,NA
2026-03-14 09:00:00,"SPF",3.4,3.1,3.9,NA,NA,92.5,7.2,2.4,916.8,NA,1002.4,NA,1354.8,5.1,198,2.8,10.1,18.4,5.1,18.4,NA,NA,0.5,0,42,NA,NA,NA,NA,NA,0.031,NA,NA,NA
2026-03-14 10:00:00,"SPF",2.6,2.3,3,NA,NA,97,7.2,2.2,917.2,NA,1002.8,NA,1356.4,3.2,187,1.7,6.1,11.5,3.2,11.5,NA,NA,1,0,63,NA,NA,NA,NA,NA,0.035,NA,NA,NA
2026-03-14 11:00:00,"SPF",1.8,1.3,2.3,NA,NA,99.2,6.9,1.7,917.9,NA,1003.6,NA,1360.8,4.1,232,1.5,5.4,14.8,4.1,14.8,NA,NA,1.7,0,64,NA,NA,NA,NA,NA,0.034,NA,NA,NA
2026-03-14 12:00:00,"SPF",0.4,0.2,0.6,NA,NA,99.3,6.3,0.3,918.1,NA,1003.8,NA,1359.6,2.6,25,1.4,5,9.4,2.6,9.4,NA,NA,2.6,0,59,NA,NA,NA,NA,NA,0.031,NA,NA,NA
2026-03-14 13:00:00,"SPF",0.3,0.3,0.3,NA,NA,99.3,6.2,0.2,918,NA,1003.7,NA,1358.4,1.6,360,0.8,2.9,5.8,1.5,5.4,NA,NA,2.1,0,64,NA,NA,NA,NA,NA,0.034,NA,NA,NA
2026-03-14 14:00:00,"SPF",0.4,0.2,0.6,NA,NA,99.3,6.2,0.3,918.1,NA,1003.8,NA,1358.9,3.5,36,1.5,5.4,12.6,3.4,12.2,NA,NA,2.5,1,57,NA,NA,NA,NA,NA,0.03,NA,NA,NA
2026-03-14 15:00:00,"SPF",0.4,0.2,0.5,NA,NA,99.3,6.3,0.3,918.2,NA,1003.9,NA,1360.3,2.9,34,1.1,4,10.4,2.9,10.4,NA,NA,1.4,1,57,NA,NA,NA,NA,NA,0.03,NA,NA,NA
2026-03-14 16:00:00,"SPF",0.4,0.3,0.4,NA,NA,99.3,6.2,0.3,918.6,NA,1004.4,NA,1363.2,3.7,54,2.2,7.9,13.3,3.7,13.3,NA,NA,0.9,2,39,NA,NA,NA,NA,NA,0.021,NA,NA,NA
2026-03-14 17:00:00,"SPF",0.2,0,0.4,NA,NA,99.3,6.2,0.1,919,NA,1004.8,NA,1366.1,2.3,15,1.3,4.7,8.3,2.3,8.3,NA,NA,0.6,2,21,NA,NA,NA,NA,NA,0.015,NA,NA,NA
2026-03-14 18:00:00,"SPF",0,-0.1,0,NA,NA,99.3,6.1,-0.1,919.6,NA,1005.4,NA,1370.8,2.8,5,1.3,4.7,10.1,2.8,10.1,NA,NA,0.6,2,0,NA,NA,NA,NA,NA,-0.005,NA,NA,NA
2026-03-14 19:00:00,"SPF",-0.1,-0.2,0,NA,NA,99.3,6,-0.2,920.1,NA,1006,NA,1375.6,3.6,45,1.8,6.5,13,3.5,12.6,NA,NA,0.8,3,0,NA,NA,NA,NA,NA,-0.004,NA,NA,NA
2026-03-14 20:00:00,"SPF",-0.2,-0.4,0,NA,NA,98.3,5.9,-0.4,920.5,NA,1006.4,NA,1378.3,2.6,45,0.5,1.8,9.4,2.6,9.4,NA,NA,0.3,3,0,NA,NA,NA,NA,NA,-0.006,NA,NA,NA
2026-03-14 21:00:00,"SPF",-0.6,-0.7,-0.4,NA,NA,99.3,5.8,-0.7,920.9,NA,1006.8,NA,1380.7,0,0,0,0,0,0,0,NA,NA,0.7,4,0,NA,NA,NA,NA,NA,-0.007,NA,NA,NA
2026-03-14 22:00:00,"SPF",-0.6,-0.7,-0.5,NA,NA,99.3,5.8,-0.7,921.3,NA,1007.3,NA,1384.2,0.1,0,0,0,0.4,0.1,0.4,NA,NA,1.2,5,0,NA,NA,NA,NA,NA,-0.007,NA,NA,NA
2026-03-14 23:00:00,"SPF",-0.6,-0.6,-0.6,NA,NA,99.3,5.8,-0.7,921.5,NA,1007.5,NA,1386,0.8,360,0.4,1.4,2.9,0.8,2.9,NA,NA,1,7,0,NA,NA,NA,NA,NA,-0.006,NA,NA,NA
2026-03-15,"SPF",-0.4,-0.5,-0.4,NA,NA,99.3,5.9,-0.5,921.8,NA,1007.8,NA,1389.1,1.1,18,0.4,1.4,4,1.1,4,NA,NA,0.5,7,0,NA,NA,NA,NA,NA,-0.006,NA,NA,NA
2026-03-15 01:00:00,"SPF",-0.5,-0.5,-0.4,NA,NA,99.3,5.9,-0.6,922.2,NA,1008.2,NA,1392.4,1.5,360,0.6,2.2,5.4,1.4,5,NA,NA,0.2,7,0,NA,NA,NA,NA,NA,-0.006,NA,NA,NA
2026-03-15 02:00:00,"SPF",-0.5,-0.5,-0.4,NA,NA,99.3,5.8,-0.6,922.3,NA,1008.3,NA,1392.9,2,14,1.3,4.7,7.2,2,7.2,NA,NA,0.2,7,0,NA,NA,NA,NA,NA,-0.004,NA,NA,NA
2026-03-15 03:00:00,"SPF",-0.4,-0.4,-0.4,NA,NA,99.3,5.9,-0.5,922.7,NA,1008.8,NA,1396.6,2.2,18,1.3,4.7,7.9,2.1,7.6,NA,NA,0.2,8,0,NA,NA,NA,NA,NA,-0.004,NA,NA,NA
2026-03-15 04:00:00,"SPF",-0.3,-0.4,-0.2,NA,NA,99.3,6,-0.4,923.2,NA,1009.3,NA,1401.7,2.1,34,1.5,5.4,7.6,2.1,7.6,NA,NA,0.4,8,0,NA,NA,NA,NA,NA,-0.004,NA,NA,NA
2026-03-15 05:00:00,"SPF",-0.2,-0.2,-0.1,NA,NA,99.3,6,-0.3,923.9,NA,1010.1,NA,1407.7,2.7,27,1.6,5.8,9.7,2.6,9.4,NA,NA,0.2,8,0,NA,NA,NA,NA,NA,-0.004,NA,NA,NA
2026-03-15 06:00:00,"SPF",-0.2,-0.2,-0.1,NA,NA,99.3,6,-0.3,924.5,NA,1010.7,NA,1412.6,3.6,24,2,7.2,13,3.5,12.6,NA,NA,0.3,8,0,NA,NA,NA,NA,NA,-0.004,NA,NA,NA
2026-03-15 07:00:00,"SPF",-0.1,-0.2,0.1,NA,NA,99.3,6.1,-0.2,924.9,NA,1011.1,NA,1416.5,4.1,25,2.1,7.6,14.8,4.1,14.8,NA,NA,0.1,8,29,NA,NA,NA,NA,NA,0.014,NA,NA,NA
2026-03-15 08:00:00,"SPF",0.1,0.1,0.2,NA,NA,99.1,6.1,0,925.2,NA,1011.5,NA,1419.1,4.5,14,3,10.8,16.2,4.4,15.8,NA,NA,0,8,133,NA,NA,NA,NA,NA,0.038,NA,NA,NA
2026-03-15 09:00:00,"SPF",0.4,0.3,0.4,NA,NA,98.3,6.2,0.1,925.6,NA,1011.9,NA,1423.7,6.2,17,3.2,11.5,22.3,6.2,22.3,NA,NA,0,7,232,NA,NA,NA,NA,NA,0.068,NA,NA,NA
2026-03-15 10:00:00,"SPF",0.7,0.5,0.9,NA,NA,96.8,6.2,0.3,926,NA,1012.3,NA,1427.9,5.9,19,3.7,13.3,21.2,5.7,20.5,NA,NA,0,6,272,NA,NA,NA,NA,NA,0.081,NA,NA,NA
2026-03-15 11:00:00,"SPF",1.5,0.9,1.9,NA,NA,91.4,6.2,0.2,926.4,NA,1012.7,NA,1432.6,6.3,17,3.9,14,22.7,6.1,22,NA,NA,0,5,538,NA,NA,NA,NA,NA,0.16,NA,NA,NA
2026-03-15 12:00:00,"SPF",2.4,2.2,2.7,NA,NA,82.2,6,-0.4,926.7,NA,1013.1,NA,1437.8,6.5,11,4.2,15.1,23.4,6.4,23,NA,NA,0,3,635,NA,NA,NA,NA,NA,0.202,NA,NA,NA
2026-03-15 13:00:00,"SPF",2.2,2.1,2.2,NA,NA,85,6.1,-0.1,927,NA,1013.4,NA,1439.8,5.1,10,2.9,10.4,18.4,5,18,NA,NA,0,2,224,NA,NA,NA,NA,NA,0.09,NA,NA,NA
2026-03-15 14:00:00,"SPF",2.1,2.1,2.1,NA,NA,87.3,6.2,0.2,927.3,NA,1013.7,NA,1442.6,4.1,11,2.1,7.6,14.8,4.1,14.8,NA,NA,0,1,126,NA,NA,NA,NA,NA,0.059,NA,NA,NA
2026-03-15 15:00:00,"SPF",2.3,1.8,2.4,NA,NA,88.8,6.4,0.6,927.9,NA,1014.3,NA,1447.7,2,360,0.9,3.2,7.2,1.9,6.8,NA,NA,0,1,114,NA,NA,NA,NA,NA,0.054,NA,NA,NA
2026-03-15 16:00:00,"SPF",1.6,1.5,1.8,NA,NA,98.2,6.8,1.4,928.5,NA,1015,NA,1451.3,1.4,203,0.8,2.9,5,1.3,4.7,NA,NA,0,0,45,NA,NA,NA,NA,NA,0.026,NA,NA,NA
2026-03-15 17:00:00,"SPF",1.4,1.4,1.5,NA,NA,99.3,6.7,1.3,929.2,NA,1015.8,NA,1457.1,1.7,201,0.9,3.2,6.1,1.6,5.8,NA,NA,0,0,22,NA,NA,NA,NA,NA,0.016,NA,NA,NA
2026-03-15 18:00:00,"SPF",1.3,1.1,1.5,NA,NA,99.3,6.7,1.2,929.8,NA,1016.4,NA,1461.7,1.4,207,0.6,2.2,5,1.4,5,NA,NA,0,0,1,NA,NA,NA,NA,NA,-0.006,NA,NA,NA
2026-03-15 19:00:00,"SPF",1.2,1,1.3,NA,NA,99.3,6.6,1.1,930.5,NA,1017.2,NA,1467.2,0.9,207,0.6,2.2,3.2,0.9,3.2,NA,NA,0,0,0,NA,NA,NA,NA,NA,-0.006,NA,NA,NA
2026-03-15 20:00:00,"SPF",1,0.8,1.2,NA,NA,99.3,6.5,0.9,931,NA,1017.7,NA,1471.2,1.5,207,0.8,2.9,5.4,1.5,5.4,NA,NA,0,0,0,NA,NA,NA,NA,NA,-0.006,NA,NA,NA
2026-03-15 21:00:00,"SPF",1,0.9,1.1,NA,NA,99.3,6.6,0.9,931.4,NA,1018.1,NA,1474,1.3,198,0.6,2.2,4.7,1.3,4.7,NA,NA,0,0,0,NA,NA,NA,NA,NA,-0.006,NA,NA,NA
2026-03-15 22:00:00,"SPF",1,0.8,1.2,NA,NA,99.3,6.5,0.9,931.6,NA,1018.3,NA,1475.6,2.2,186,1.1,4,7.9,2.2,7.9,NA,NA,0,0,0,NA,NA,NA,NA,NA,-0.005,NA,NA,NA
2026-03-15 23:00:00,"SPF",1,0.9,1.1,NA,NA,99.3,6.6,0.9,931.6,NA,1018.3,NA,1476.2,1.5,201,0.9,3.2,5.4,1.5,5.4,NA,NA,0,0,0,NA,NA,NA,NA,NA,-0.005,NA,NA,NA
2026-03-16,"SPF",1.1,0.9,1.3,NA,NA,99.3,6.6,1,931.6,NA,1018.3,NA,1476.3,2.3,197,1.1,4,8.3,2.3,8.3,NA,NA,0,0,0,NA,NA,NA,NA,NA,-0.005,NA,NA,NA
2026-03-16 01:00:00,"SPF",1,0.7,1.3,NA,NA,99.3,6.6,0.9,932.1,NA,1018.9,NA,1480,2.9,197,1.2,4.3,10.4,2.8,10.1,NA,NA,0,0,0,NA,NA,NA,NA,NA,-0.005,NA,NA,NA
2026-03-16 02:00:00,"SPF",1,0.8,1.2,NA,NA,99.3,6.5,0.9,931.4,NA,1018.2,NA,1474.6,5.1,205,2.5,9,18.4,4.9,17.6,NA,NA,0,0,0,NA,NA,NA,NA,NA,-0.003,NA,NA,NA
2026-03-16 03:00:00,"SPF",0.2,-0.4,0.9,NA,NA,99.3,6.2,0.1,930.6,NA,1017.3,NA,1465.6,4.1,210,2.2,7.9,14.8,4.1,14.8,NA,NA,0,0,0,NA,NA,NA,NA,NA,-0.004,NA,NA,NA
2026-03-16 04:00:00,"SPF",-0.3,-0.6,0,NA,NA,99.3,6,-0.4,931.3,NA,1018,NA,1470.4,4.9,199,2.8,10.1,17.6,4.8,17.3,NA,NA,0,0,0,NA,NA,NA,NA,NA,-0.003,NA,NA,NA
2026-03-16 05:00:00,"SPF",-0.1,-0.3,0,NA,NA,98.8,6,-0.3,932.7,NA,1019.5,NA,1482.1,5.7,194,3.7,13.3,20.5,5.5,19.8,NA,NA,0,0,0,NA,NA,NA,NA,NA,-0.002,NA,NA,NA
2026-03-16 06:00:00,"SPF",-0.1,-0.3,0.1,NA,NA,96.6,5.9,-0.6,932.9,NA,1019.8,NA,1484.2,7.6,201,4,14.4,27.4,7.4,26.6,NA,NA,0,0,4,NA,NA,NA,NA,NA,-0.001,NA,NA,NA
2026-03-16 07:00:00,"SPF",0.3,0.1,0.7,NA,NA,91.5,5.7,-0.9,933.1,NA,1019.9,NA,1486.5,6.9,204,4,14.4,24.8,6.6,23.8,NA,NA,0,0,64,NA,NA,NA,NA,NA,0.023,NA,NA,NA
2026-03-16 08:00:00,"SPF",1.3,0.8,1.9,NA,NA,85.2,5.7,-1,933.4,NA,1020.3,NA,1491.7,7.3,210,4.4,15.8,26.3,7.2,25.9,NA,NA,0,0,193,NA,NA,NA,NA,NA,0.064,NA,NA,NA
2026-03-16 09:00:00,"SPF",2.6,2,3.2,NA,NA,79,5.8,-0.7,933.6,NA,1020.5,NA,1497.7,5.6,207,3.2,11.5,20.2,5.4,19.4,NA,NA,0,0,359,NA,NA,NA,NA,NA,0.125,NA,NA,NA
2026-03-16 10:00:00,"SPF",3.8,3.5,4.3,NA,NA,72.1,5.8,-0.7,933.7,NA,1020.6,NA,1501.9,5.9,223,3.4,12.2,21.2,5.7,20.5,NA,NA,0,0,440,NA,NA,NA,NA,NA,0.168,NA,NA,NA
2026-03-16 11:00:00,"SPF",4.1,3.8,4.2,NA,NA,73.8,6,-0.2,933.6,NA,1020.5,NA,1501.4,6.6,225,4.2,15.1,23.8,6.5,23.4,NA,NA,0,0,421,NA,NA,NA,NA,NA,0.164,NA,NA,NA
2026-03-16 12:00:00,"SPF",4.6,4.4,4.8,NA,NA,69.9,5.9,-0.4,933.8,NA,1020.7,NA,1505.2,6.6,228,4.3,15.5,23.8,6.4,23,NA,NA,0,0,407,NA,NA,NA,NA,NA,0.169,NA,NA,NA
2026-03-16 13:00:00,"SPF",4.9,4.7,5,NA,NA,73.4,6.3,0.5,933.3,NA,1020.2,NA,1501.1,8.2,224,4.9,17.6,29.5,8.1,29.2,NA,NA,0,0,390,NA,NA,NA,NA,NA,0.16,NA,NA,NA
2026-03-16 14:00:00,"SPF",5.4,5,5.9,NA,NA,76.2,6.8,1.6,932.7,NA,1019.5,NA,1497.9,7.4,220,4.6,16.6,26.6,7.2,25.9,NA,NA,0,0,329,NA,NA,NA,NA,NA,0.14,NA,NA,NA
2026-03-16 15:00:00,"SPF",5.9,5.6,6.1,NA,NA,76.9,7.1,2.1,933.3,NA,1020.2,NA,1503.9,5.7,215,3,10.8,20.5,5.6,20.2,NA,NA,0,0,236,NA,NA,NA,NA,NA,0.109,NA,NA,NA
2026-03-16 16:00:00,"SPF",5.5,5.2,5.9,NA,NA,79.6,7.2,2.3,933.8,NA,1020.7,NA,1507.3,4.7,180,1.6,5.8,16.9,4.6,16.6,NA,NA,0,0,99,NA,NA,NA,NA,NA,0.055,NA,NA,NA
2026-03-16 17:00:00,"SPF",4.5,4,5,NA,NA,91.2,7.7,3.2,934.3,NA,1021.2,NA,1509,2.3,200,1.4,5,8.3,2.3,8.3,NA,NA,0,0,12,NA,NA,NA,NA,NA,0.021,NA,NA,NA
2026-03-16 18:00:00,"SPF",3.9,3.7,4.1,NA,NA,97.6,7.9,3.5,934.7,NA,1021.7,NA,1510.8,2.7,203,1.2,4.3,9.7,2.7,9.7,NA,NA,0,0,0,NA,NA,NA,NA,NA,-0.005,NA,NA,NA
2026-03-16 19:00:00,"SPF",3.4,3.1,4.1,NA,NA,98.2,7.7,3.2,935.4,NA,1022.4,NA,1515.3,2.7,198,1.1,4,9.7,2.7,9.7,NA,NA,0,0,0,NA,NA,NA,NA,NA,-0.005,NA,NA,NA
2026-03-16 20:00:00,"SPF",3.1,2.9,3.2,NA,NA,99.3,7.6,3,936.1,NA,1023.2,NA,1519.7,2.6,207,1.4,5,9.4,2.6,9.4,NA,NA,0,0,0,NA,NA,NA,NA,NA,-0.005,NA,NA,NA
2026-03-16 21:00:00,"SPF",3,2.9,3.1,NA,NA,99.3,7.6,2.9,936.4,NA,1023.5,NA,1522.3,3.2,204,2,7.2,11.5,3.2,11.5,NA,NA,0,0,0,NA,NA,NA,NA,NA,-0.004,NA,NA,NA
2026-03-16 22:00:00,"SPF",3,2.8,3.1,NA,NA,99.3,7.5,2.9,936.5,NA,1023.6,NA,1523.2,3.3,205,1.7,6.1,11.9,3.3,11.9,NA,NA,0,0,0,NA,NA,NA,NA,NA,-0.005,NA,NA,NA
2026-03-16 23:00:00,"SPF",2.8,2.7,2.8,NA,NA,99.3,7.4,2.7,936.2,NA,1023.3,NA,1520,3.6,201,1.8,6.5,13,3.5,12.6,NA,NA,0,0,0,NA,NA,NA,NA,NA,-0.004,NA,NA,NA
2026-03-17,"SPF",1.9,1.5,2.4,NA,NA,99.3,7,1.8,935.9,NA,1023,NA,1515.1,1.4,219,0.8,2.9,5,1.4,5,NA,NA,0,0,0,NA,NA,NA,NA,NA,-0.006,NA,NA,NA
2026-03-17 01:00:00,"SPF",1.3,0.9,1.7,NA,NA,99.3,6.7,1.2,935.7,NA,1022.7,NA,1511.1,1.2,225,0.6,2.2,4.3,1.1,4,NA,NA,0,0,0,NA,NA,NA,NA,NA,-0.006,NA,NA,NA
2026-03-17 02:00:00,"SPF",-0.2,-0.9,0.5,NA,NA,99.3,6,-0.3,935.4,NA,1022.4,NA,1504.8,1.6,219,0.6,2.2,5.8,1.6,5.8,NA,NA,0,0,0,NA,NA,NA,NA,NA,-0.006,NA,NA,NA
2026-03-17 03:00:00,"SPF",-0.9,-1.1,-0.5,NA,NA,99.4,5.7,-1,935.1,NA,1022.1,NA,1500.3,1.6,198,0.7,2.5,5.8,1.5,5.4,NA,NA,0,0,0,NA,NA,NA,NA,NA,-0.005,NA,NA,NA
2026-03-17 04:00:00,"SPF",-1.5,-1.7,-1.1,NA,NA,99.4,5.5,-1.6,935,NA,1022,NA,1497.3,2.5,204,1.2,4.3,9,2.5,9,NA,NA,0,0,0,NA,NA,NA,NA,NA,-0.004,NA,NA,NA
2026-03-17 05:00:00,"SPF",-1.8,-2.1,-1.5,NA,NA,99.4,5.3,-1.9,934.9,NA,1021.9,NA,1496.1,1.9,214,0.8,2.9,6.8,1.9,6.8,NA,NA,0,0,0,NA,NA,NA,NA,NA,-0.005,NA,NA,NA
2026-03-17 06:00:00,"SPF",-2.3,-2.5,-1.8,NA,NA,99.4,5.2,-2.4,934.7,NA,1021.7,NA,1493.1,1.6,202,0.6,2.2,5.8,1.6,5.8,NA,NA,0,0,2,NA,NA,NA,NA,NA,-0.005,NA,NA,NA
2026-03-17 07:00:00,"SPF",-2.3,-2.6,-2.1,NA,NA,99.4,5.1,-2.4,934.6,NA,1021.6,NA,1491.8,1.5,196,0.7,2.5,5.4,1.5,5.4,NA,NA,0,0,25,NA,NA,NA,NA,NA,0.014,NA,NA,NA
2026-03-17 08:00:00,"SPF",-0.6,-2,0.8,NA,NA,99.4,5.8,-0.7,934.5,NA,1021.5,NA,1496.4,1.5,187,0.8,2.9,5.4,1.5,5.4,NA,NA,0,0,289,NA,NA,NA,NA,NA,0.082,NA,NA,NA
2026-03-17 09:00:00,"SPF",2.6,1.4,3.7,NA,NA,91.3,6.7,1.2,934.4,NA,1021.4,NA,1504.5,1.7,172,0.8,2.9,6.1,1.7,6.1,NA,NA,0,0,467,NA,NA,NA,NA,NA,0.165,NA,NA,NA
2026-03-17 10:00:00,"SPF",6,4.4,7.1,NA,NA,73.6,6.8,1.6,934.3,NA,1021.2,NA,1512.9,5,62,1.9,6.8,18,4.9,17.6,NA,NA,0,0,605,NA,NA,NA,NA,NA,0.244,NA,NA,NA
2026-03-17 11:00:00,"SPF",8,7.2,8.5,NA,NA,63.7,6.8,1.6,934,NA,1020.9,NA,1516.3,7.3,54,4.4,15.8,26.3,7.1,25.6,NA,NA,0,0,695,NA,NA,NA,NA,NA,0.295,NA,NA,NA
2026-03-17 12:00:00,"SPF",9.5,8.6,10,NA,NA,54.1,6.4,0.6,933.4,NA,1020.3,NA,1514.8,7.3,20,4.8,17.3,26.3,7.1,25.6,NA,NA,0,0,729,NA,NA,NA,NA,NA,0.34,NA,NA,NA
2026-03-17 13:00:00,"SPF",10.1,9.9,10.4,NA,NA,46.3,5.7,-0.9,932.9,NA,1019.7,NA,1513.1,9.8,32,5.9,21.2,35.3,9.6,34.6,NA,NA,0,0,696,NA,NA,NA,NA,NA,0.347,NA,NA,NA
2026-03-17 14:00:00,"SPF",10.3,10.1,10.5,NA,NA,49.6,6.2,0.2,932.7,NA,1019.5,NA,1511,9.6,20,5.6,20.2,34.6,9.2,33.1,NA,NA,0,0,618,NA,NA,NA,NA,NA,0.311,NA,NA,NA
2026-03-17 15:00:00,"SPF",10.6,10.5,10.8,NA,NA,47.8,6.1,0,932,NA,1018.7,NA,1506,9,29,5.5,19.8,32.4,8.9,32,NA,NA,0,0,500,NA,NA,NA,NA,NA,0.269,NA,NA,NA
2026-03-17 16:00:00,"SPF",10.5,10.4,10.6,NA,NA,44.2,5.6,-1.2,931.5,NA,1018.2,NA,1501.9,8.8,28,5.3,19.1,31.7,8.6,31,NA,NA,0,0,328,NA,NA,NA,NA,NA,0.205,NA,NA,NA
2026-03-17 17:00:00,"SPF",9.8,9.1,10.3,NA,NA,50.5,6.1,-0.1,931.6,NA,1018.3,NA,1500.5,8.3,29,4.7,16.9,29.9,8.2,29.5,NA,NA,0,0,132,NA,NA,NA,NA,NA,0.113,NA,NA,NA
2026-03-17 18:00:00,"SPF",7.9,7,8.8,NA,NA,60.9,6.5,0.8,931.9,NA,1018.7,NA,1498,6,41,3.1,11.2,21.6,5.9,21.2,NA,NA,0,0,9,NA,NA,NA,NA,NA,0.025,NA,NA,NA
2026-03-17 19:00:00,"SPF",5.6,4.7,6.3,NA,NA,71.5,6.5,0.8,932.1,NA,1018.9,NA,1492.8,3.9,42,1.6,5.8,14,3.9,14,NA,NA,0,0,0,NA,NA,NA,NA,NA,0.007,NA,NA,NA
2026-03-17 20:00:00,"SPF",3.6,2.1,4.6,NA,NA,82.4,6.5,0.8,932.2,NA,1019,NA,1488.4,2,194,0.7,2.5,7.2,1.9,6.8,NA,NA,0,0,0,NA,NA,NA,NA,NA,-0.003,NA,NA,NA
2026-03-17 21:00:00,"SPF",2.6,2.2,2.7,NA,NA,88.2,6.5,0.8,932,NA,1018.8,NA,1483.5,4.2,180,1.4,5,15.1,4.1,14.8,NA,NA,0,0,0,NA,NA,NA,NA,NA,-0.001,NA,NA,NA
2026-03-17 22:00:00,"SPF",2.2,1.5,2.6,NA,NA,90.7,6.5,0.9,931.7,NA,1018.4,NA,1480.2,1.2,360,0.4,1.4,4.3,1.2,4.3,NA,NA,0,0,0,NA,NA,NA,NA,NA,-0.006,NA,NA,NA
2026-03-17 23:00:00,"SPF",1,0.5,1.8,NA,NA,96.6,6.4,0.5,931.5,NA,1018.2,NA,1475.3,1.3,18,0.6,2.2,4.7,1.3,4.7,NA,NA,0,0,0,NA,NA,NA,NA,NA,-0.005,NA,NA,NA
2026-03-18,"SPF",0.4,0.3,0.5,NA,NA,99.2,6.2,0.3,931.4,NA,1018.1,NA,1472.2,0.9,270,0.3,1.1,3.2,0.9,3.2,NA,NA,0,0,0,NA,NA,NA,NA,NA,-0.006,NA,NA,NA
2026-03-18 01:00:00,"SPF",0.6,0.1,1.1,NA,NA,99.2,6.3,0.5,931.1,NA,1017.8,NA,1470.6,1.9,180,0.5,1.8,6.8,1.9,6.8,NA,NA,0,0,0,NA,NA,NA,NA,NA,-0.006,NA,NA,NA
2026-03-18 02:00:00,"SPF",2.3,0.8,3.1,NA,NA,99.2,7.2,2.2,930.6,NA,1017.3,NA,1471.5,6.9,39,2.7,9.7,24.8,6.7,24.1,NA,NA,0,0,0,NA,NA,NA,NA,NA,-0.003,NA,NA,NA
2026-03-18 03:00:00,"SPF",3.1,3,3.2,NA,NA,98.9,7.6,3,930.2,NA,1016.8,NA,1470.2,9.4,26,4.9,17.6,33.8,9,32.4,NA,NA,0,0,0,NA,NA,NA,NA,NA,-0.002,NA,NA,NA
2026-03-18 04:00:00,"SPF",2.8,2.5,3,NA,NA,96.5,7.2,2.3,930.1,NA,1016.7,NA,1467.8,8.3,27,4.4,15.8,29.9,8.2,29.5,NA,NA,0,0,0,NA,NA,NA,NA,NA,-0.001,NA,NA,NA
2026-03-18 05:00:00,"SPF",2.2,2,2.4,NA,NA,90.6,6.5,0.8,929.8,NA,1016.4,NA,1464.2,8.5,25,5.2,18.7,30.6,8.4,30.2,NA,NA,0,0,0,NA,NA,NA,NA,NA,0.004,NA,NA,NA
2026-03-18 06:00:00,"SPF",1.5,1.1,1.8,NA,NA,85.6,5.8,-0.7,929.7,NA,1016.3,NA,1460.8,6.7,34,3.8,13.7,24.1,6.6,23.8,NA,NA,0,0,2,NA,NA,NA,NA,NA,0.005,NA,NA,NA
2026-03-18 07:00:00,"SPF",1.2,1.1,1.3,NA,NA,85.8,5.7,-0.9,929.7,NA,1016.3,NA,1460.2,8.4,30,4.8,17.3,30.2,8.1,29.2,NA,NA,0,0,48,NA,NA,NA,NA,NA,0.031,NA,NA,NA
2026-03-18 08:00:00,"SPF",1.5,1.4,1.5,NA,NA,83.5,5.7,-1,929.5,NA,1016.1,NA,1459.2,10.2,19,6.5,23.4,36.7,9.9,35.6,NA,NA,0,0,157,NA,NA,NA,NA,NA,0.061,NA,NA,NA
2026-03-18 09:00:00,"SPF",2.4,1.7,3.1,NA,NA,79.7,5.8,-0.7,929.1,NA,1015.6,NA,1458.2,11.8,20,8,28.8,42.5,11.6,41.8,NA,NA,0,0,479,NA,NA,NA,NA,NA,0.136,NA,NA,NA
2026-03-18 10:00:00,"SPF",4.3,3.5,5.2,NA,NA,73.9,6.2,0.1,928.9,NA,1015.4,NA,1461.7,13,32,8.9,32,46.8,12.5,45,NA,NA,0,0,614,NA,NA,NA,NA,NA,0.194,NA,NA,NA
2026-03-18 11:00:00,"SPF",6.2,5.4,7,NA,NA,64.2,6.1,-0.1,928.6,NA,1015.1,NA,1464.5,14,24,9.6,34.6,50.4,13.7,49.3,NA,NA,0,0,701,NA,NA,NA,NA,NA,0.256,NA,NA,NA
2026-03-18 12:00:00,"SPF",7.7,7.2,8.4,NA,NA,52.8,5.6,-1.3,928.8,NA,1015.3,NA,1470.5,16.4,20,10.6,38.2,59,15.7,56.5,NA,NA,0,0,733,NA,NA,NA,NA,NA,0.311,NA,NA,NA
2026-03-18 13:00:00,"SPF",9,8.6,9.5,NA,NA,46.3,5.3,-1.9,929,NA,1015.5,NA,1475.6,15.4,18,9.3,33.5,55.4,14.7,52.9,NA,NA,0,0,704,NA,NA,NA,NA,NA,0.336,NA,NA,NA
2026-03-18 14:00:00,"SPF",9.6,9.4,9.7,NA,NA,43.4,5.2,-2.3,929.3,NA,1015.9,NA,1479.5,13.2,16,8.7,31.3,47.5,12.9,46.4,NA,NA,0,0,622,NA,NA,NA,NA,NA,0.325,NA,NA,NA
2026-03-18 15:00:00,"SPF",9.6,9.5,9.7,NA,NA,43.4,5.2,-2.2,929.6,NA,1016.2,NA,1482.2,13.8,21,9.2,33.1,49.7,13.3,47.9,NA,NA,0,0,492,NA,NA,NA,NA,NA,0.283,NA,NA,NA
2026-03-18 16:00:00,"SPF",9.5,9.4,9.6,NA,NA,45.8,5.4,-1.6,929.9,NA,1016.5,NA,1484.9,12.5,17,7.8,28.1,45,12,43.2,NA,NA,0,0,323,NA,NA,NA,NA,NA,0.212,NA,NA,NA
2026-03-18 17:00:00,"SPF",8.6,7.9,9.1,NA,NA,53.5,6,-0.3,930.3,NA,1016.9,NA,1485.5,11.5,20,6.8,24.5,41.4,11.2,40.3,NA,NA,0,0,139,NA,NA,NA,NA,NA,0.125,NA,NA,NA
2026-03-18 18:00:00,"SPF",7.1,6.6,7.6,NA,NA,62.1,6.2,0.3,931,NA,1017.7,NA,1487.3,10.9,14,6.2,22.3,39.2,10.2,36.7,NA,NA,0,0,11,NA,NA,NA,NA,NA,0.033,NA,NA,NA
2026-03-18 19:00:00,"SPF",5.9,5.7,6.2,NA,NA,68.3,6.4,0.6,931.4,NA,1018.1,NA,1487.7,6.6,31,4.2,15.1,23.8,6.5,23.4,NA,NA,0,0,0,NA,NA,NA,NA,NA,0.021,NA,NA,NA
2026-03-18 20:00:00,"SPF",4.5,4.2,5.4,NA,NA,74.9,6.3,0.5,931.7,NA,1018.5,NA,1486.9,5.5,53,2.3,8.3,19.8,5.3,19.1,NA,NA,0,0,0,NA,NA,NA,NA,NA,0.009,NA,NA,NA
2026-03-18 21:00:00,"SPF",3.8,2.7,4.3,NA,NA,79,6.4,0.5,931.8,NA,1018.6,NA,1485.9,4.1,43,1.7,6.1,14.8,4,14.4,NA,NA,0,0,0,NA,NA,NA,NA,NA,0.004,NA,NA,NA
2026-03-18 22:00:00,"SPF",1.3,0.8,2.2,NA,NA,91.8,6.2,0.2,931.9,NA,1018.7,NA,1479.6,2.1,207,0.8,2.9,7.6,2,7.2,NA,NA,0,0,0,NA,NA,NA,NA,NA,-0.004,NA,NA,NA
2026-03-18 23:00:00,"SPF",0.7,0.2,1.2,NA,NA,95.2,6.2,0,932.1,NA,1018.9,NA,1479.3,1.2,217,0.6,2.2,4.3,1.2,4.3,NA,NA,0,0,0,NA,NA,NA,NA,NA,-0.005,NA,NA,NA
2026-03-19,"SPF",-0.6,-1.2,-0.1,NA,NA,99.2,5.8,-0.7,932.3,NA,1019.1,NA,1477.7,1.5,214,0.8,2.9,5.4,1.5,5.4,NA,NA,0,0,0,NA,NA,NA,NA,NA,-0.005,NA,NA,NA
2026-03-19 01:00:00,"SPF",-1.2,-1.6,-0.9,NA,NA,99.3,5.6,-1.3,932.6,NA,1019.4,NA,1478.5,1.6,216,0.9,3.2,5.8,1.6,5.8,NA,NA,0,0,0,NA,NA,NA,NA,NA,-0.005,NA,NA,NA
2026-03-19 02:00:00,"SPF",-1.9,-2.3,-1.6,NA,NA,99.3,5.3,-2,933,NA,1019.8,NA,1479.4,2,214,1.1,4,7.2,2,7.2,NA,NA,0,0,0,NA,NA,NA,NA,NA,-0.004,NA,NA,NA
2026-03-19 03:00:00,"SPF",-2.2,-2.5,-1.8,NA,NA,99.3,5.2,-2.3,932.8,NA,1019.6,NA,1477.4,2,212,1.3,4.7,7.2,2,7.2,NA,NA,0,0,0,NA,NA,NA,NA,NA,-0.004,NA,NA,NA
2026-03-19 04:00:00,"SPF",-2.4,-2.8,-1.9,NA,NA,99.3,5.1,-2.5,933,NA,1019.8,NA,1478.3,2.5,218,1.2,4.3,9,2.5,9,NA,NA,0,0,0,NA,NA,NA,NA,NA,-0.004,NA,NA,NA
2026-03-19 05:00:00,"SPF",-2.2,-2.8,-1.7,NA,NA,99.3,5.2,-2.3,933.3,NA,1020.2,NA,1481.2,1.8,194,0.8,2.9,6.5,1.8,6.5,NA,NA,0,0,0,NA,NA,NA,NA,NA,-0.005,NA,NA,NA
2026-03-19 06:00:00,"SPF",-2.8,-3.2,-2.5,NA,NA,99.3,4.9,-2.9,933.5,NA,1020.4,NA,1481.7,1.5,203,0.8,2.9,5.4,1.5,5.4,NA,NA,0,0,3,NA,NA,NA,NA,NA,-0.004,NA,NA,NA
2026-03-19 07:00:00,"SPF",-2.8,-3.4,-2,NA,NA,99.3,5,-2.9,933.8,NA,1020.7,NA,1484,2.8,210,1.6,5.8,10.1,2.8,10.1,NA,NA,0,0,35,NA,NA,NA,NA,NA,0.014,NA,NA,NA
2026-03-19 08:00:00,"SPF",0.2,-1.8,1.8,NA,NA,97.2,6,-0.3,933.9,NA,1020.8,NA,1493.2,1.9,117,0.7,2.5,6.8,1.9,6.8,NA,NA,0,0,301,NA,NA,NA,NA,NA,0.09,NA,NA,NA
2026-03-19 09:00:00,"SPF",4.1,2.2,5.8,NA,NA,80.2,6.6,1,933.9,NA,1020.8,NA,1504.6,3.9,50,1,3.6,14,3.7,13.3,NA,NA,0,0,474,NA,NA,NA,NA,NA,0.179,NA,NA,NA
2026-03-19 10:00:00,"SPF",6.9,6.2,7.9,NA,NA,71.3,7.1,2.1,933.9,NA,1020.8,NA,1512.5,5.4,37,3,10.8,19.4,5.3,19.1,NA,NA,0,0,610,NA,NA,NA,NA,NA,0.249,NA,NA,NA
2026-03-19 11:00:00,"SPF",8.7,8.3,9.2,NA,NA,62.2,7,1.9,933.6,NA,1020.5,NA,1514.7,8.4,40,3.9,14,30.2,8.2,29.5,NA,NA,0,0,702,NA,NA,NA,NA,NA,0.311,NA,NA,NA
2026-03-19 12:00:00,"SPF",9,8.6,9.3,NA,NA,64.9,7.4,2.7,933.4,NA,1020.3,NA,1513.8,8.8,33,5.7,20.5,31.7,8.4,30.2,NA,NA,0,0,733,NA,NA,NA,NA,NA,0.313,NA,NA,NA
2026-03-19 13:00:00,"SPF",10,9.8,10.3,NA,NA,59.7,7.4,2.6,932.8,NA,1019.6,NA,1511.2,8.3,30,5.4,19.4,29.9,8,28.8,NA,NA,0,0,706,NA,NA,NA,NA,NA,0.327,NA,NA,NA
2026-03-19 14:00:00,"SPF",10.8,10.5,10.9,NA,NA,56.2,7.3,2.4,932.3,NA,1019.1,NA,1508.8,8.6,27,5.5,19.8,31,8.4,30.2,NA,NA,0,0,621,NA,NA,NA,NA,NA,0.307,NA,NA,NA
2026-03-19 15:00:00,"SPF",10.9,10.8,11.1,NA,NA,51.7,6.8,1.4,932,NA,1018.8,NA,1507.4,9.9,30,6,21.6,35.6,9.7,34.9,NA,NA,0,0,493,NA,NA,NA,NA,NA,0.266,NA,NA,NA
2026-03-19 16:00:00,"SPF",10.5,10.3,10.7,NA,NA,53,6.8,1.3,931.8,NA,1018.6,NA,1504.5,9.4,27,5.9,21.2,33.8,9.2,33.1,NA,NA,0,0,315,NA,NA,NA,NA,NA,0.193,NA,NA,NA
2026-03-19 17:00:00,"SPF",9.8,9.2,10.2,NA,NA,54.1,6.5,0.9,932,NA,1018.8,NA,1503.8,8.7,22,4.7,16.9,31.3,8.6,31,NA,NA,0,0,145,NA,NA,NA,NA,NA,0.11,NA,NA,NA
2026-03-19 18:00:00,"SPF",8.3,7.7,9,NA,NA,58.5,6.4,0.6,932.1,NA,1018.9,NA,1500.4,5.4,23,2.5,9,19.4,5.3,19.1,NA,NA,0,0,14,NA,NA,NA,NA,NA,0.025,NA,NA,NA
2026-03-19 19:00:00,"SPF",6.3,5.6,7.5,NA,NA,65.6,6.2,0.3,932.3,NA,1019.1,NA,1497,2.2,20,1.3,4.7,7.9,2.1,7.6,NA,NA,0,0,0,NA,NA,NA,NA,NA,0.007,NA,NA,NA
2026-03-19 20:00:00,"SPF",4.9,4.2,5.7,NA,NA,69.1,6,-0.3,932.4,NA,1019.2,NA,1494.1,1.8,346,0.7,2.5,6.5,1.7,6.1,NA,NA,0,0,0,NA,NA,NA,NA,NA,0,NA,NA,NA
2026-03-19 21:00:00,"SPF",4,3.2,4.7,NA,NA,73.3,5.9,-0.4,932.6,NA,1019.4,NA,1493.1,1.6,135,0.5,1.8,5.8,1.6,5.8,NA,NA,0,0,0,NA,NA,NA,NA,NA,-0.003,NA,NA,NA
2026-03-19 22:00:00,"SPF",1.8,1.3,2.3,NA,NA,86.5,6,-0.2,932.6,NA,1019.4,NA,1486.5,1.5,207,0.6,2.2,5.4,1.5,5.4,NA,NA,0,0,0,NA,NA,NA,NA,NA,-0.004,NA,NA,NA
2026-03-19 23:00:00,"SPF",0.8,-0.5,1.8,NA,NA,91.8,5.9,-0.4,932.4,NA,1019.2,NA,1482,1.4,135,0.6,2.2,5,1.4,5,NA,NA,0,0,0,NA,NA,NA,NA,NA,-0.005,NA,NA,NA
2026-03-20,"SPF",-0.6,-0.8,-0.3,NA,NA,98.7,5.8,-0.7,932,NA,1018.8,NA,1475.5,2,217,1,3.6,7.2,2,7.2,NA,NA,0,0,0,NA,NA,NA,NA,NA,-0.005,NA,NA,NA
2026-03-20 01:00:00,"SPF",-1.3,-1.6,-0.9,NA,NA,99.1,5.6,-1.4,931.5,NA,1018.2,NA,1469.2,1.9,207,0.5,1.8,6.8,1.9,6.8,NA,NA,0,0,0,NA,NA,NA,NA,NA,-0.006,NA,NA,NA
2026-03-20 02:00:00,"SPF",-1.9,-2.4,-1.1,NA,NA,99.3,5.3,-2,931,NA,1017.7,NA,1462.8,1.7,203,0.8,2.9,6.1,1.7,6.1,NA,NA,0,0,0,NA,NA,NA,NA,NA,-0.005,NA,NA,NA
2026-03-20 03:00:00,"SPF",-2.4,-2.8,-2,NA,NA,99.3,5.1,-2.5,930.6,NA,1017.3,NA,1458.4,2.2,203,1.3,4.7,7.9,2.1,7.6,NA,NA,0,0,0,NA,NA,NA,NA,NA,-0.004,NA,NA,NA
2026-03-20 04:00:00,"SPF",-2.6,-2.9,-2.5,NA,NA,99.3,5,-2.7,930.9,NA,1017.6,NA,1460,2.3,209,1.1,4,8.3,2.2,7.9,NA,NA,0,0,0,NA,NA,NA,NA,NA,-0.004,NA,NA,NA
2026-03-20 05:00:00,"SPF",-2.5,-2.7,-2.3,NA,NA,99.3,5,-2.6,931,NA,1017.7,NA,1461.7,1.9,198,0.9,3.2,6.8,1.9,6.8,NA,NA,0,0,0,NA,NA,NA,NA,NA,-0.005,NA,NA,NA
2026-03-20 06:00:00,"SPF",-3.2,-3.7,-2.7,NA,NA,99.3,4.8,-3.3,931.4,NA,1018.1,NA,1462.8,2.1,209,1.1,4,7.6,2,7.2,NA,NA,0,0,3,NA,NA,NA,NA,NA,-0.004,NA,NA,NA
2026-03-20 07:00:00,"SPF",-2.9,-3.1,-2.7,NA,NA,99.3,4.9,-3,931.7,NA,1018.4,NA,1465.9,1.3,207,0.7,2.5,4.7,1.3,4.7,NA,NA,0,0,41,NA,NA,NA,NA,NA,0.016,NA,NA,NA
2026-03-20 08:00:00,"SPF",-0.8,-2.5,0.8,NA,NA,97.8,5.6,-1.1,931.7,NA,1018.5,NA,1472.3,1.7,203,0.9,3.2,6.1,1.7,6.1,NA,NA,0,0,304,NA,NA,NA,NA,NA,0.086,NA,NA,NA
2026-03-20 09:00:00,"SPF",3.8,1.6,5.7,NA,NA,74.7,6,-0.4,931.5,NA,1018.2,NA,1482.8,1.5,117,0.6,2.2,5.4,1.5,5.4,NA,NA,0,0,480,NA,NA,NA,NA,NA,0.184,NA,NA,NA
2026-03-20 10:00:00,"SPF",7.2,5.9,8.1,NA,NA,60.2,6.1,0,931.4,NA,1018.1,NA,1491.5,4.9,34,1.9,6.8,17.6,4.8,17.3,NA,NA,0,0,616,NA,NA,NA,NA,NA,0.268,NA,NA,NA
2026-03-20 11:00:00,"SPF",9,8.5,9.7,NA,NA,57.1,6.6,1,931.1,NA,1017.8,NA,1493.9,4.9,43,2.7,9.7,17.6,4.8,17.3,NA,NA,0,0,700,NA,NA,NA,NA,NA,0.325,NA,NA,NA
2026-03-20 12:00:00,"SPF",9.9,9.7,10.2,NA,NA,54.3,6.6,1.1,930.8,NA,1017.5,NA,1493.4,6.6,40,4.1,14.8,23.8,6.5,23.4,NA,NA,0,0,738,NA,NA,NA,NA,NA,0.351,NA,NA,NA
2026-03-20 13:00:00,"SPF",10.5,10.2,10.7,NA,NA,52.4,6.6,1.1,930.3,NA,1016.9,NA,1490.4,6.7,33,4.3,15.5,24.1,6.6,23.8,NA,NA,0,0,705,NA,NA,NA,NA,NA,0.345,NA,NA,NA
2026-03-20 14:00:00,"SPF",10.9,10.6,11.1,NA,NA,51.2,6.7,1.2,929.9,NA,1016.5,NA,1488.2,7.3,31,4.4,15.8,26.3,7.2,25.9,NA,NA,0,0,619,NA,NA,NA,NA,NA,0.315,NA,NA,NA
2026-03-20 15:00:00,"SPF",10.9,10.8,11.1,NA,NA,51.6,6.7,1.4,929.7,NA,1016.3,NA,1487,7.6,21,4.4,15.8,27.4,7.5,27,NA,NA,0,0,484,NA,NA,NA,NA,NA,0.256,NA,NA,NA
2026-03-20 16:00:00,"SPF",10.7,10.6,10.8,NA,NA,49.6,6.4,0.6,929.5,NA,1016.1,NA,1483.9,6.9,16,4.4,15.8,24.8,6.6,23.8,NA,NA,0,0,318,NA,NA,NA,NA,NA,0.189,NA,NA,NA
2026-03-20 17:00:00,"SPF",10.1,9.6,10.4,NA,NA,46.3,5.7,-0.9,929.3,NA,1015.9,NA,1480.8,6.3,22,3.9,14,22.7,6.2,22.3,NA,NA,0,0,147,NA,NA,NA,NA,NA,0.114,NA,NA,NA
2026-03-20 18:00:00,"SPF",8.2,6.6,9.2,NA,NA,51.9,5.6,-1.2,929.3,NA,1015.9,NA,1476,4.9,13,1.9,6.8,17.6,4.8,17.3,NA,NA,0,0,15,NA,NA,NA,NA,NA,0.01,NA,NA,NA
2026-03-20 19:00:00,"SPF",4.3,3.2,5.4,NA,NA,74.4,6.1,0.1,929.4,NA,1016,NA,1466.1,2.3,214,0.8,2.9,8.3,2.2,7.9,NA,NA,0,0,0,NA,NA,NA,NA,NA,0,NA,NA,NA
2026-03-20 20:00:00,"SPF",2.5,1.4,3.7,NA,NA,82.6,6,-0.2,929.3,NA,1015.9,NA,1460.9,1.1,202,0.5,1.8,4,1.1,4,NA,NA,0,0,0,NA,NA,NA,NA,NA,-0.004,NA,NA,NA
2026-03-20 21:00:00,"SPF",0.9,0.6,1.3,NA,NA,88.4,5.8,-0.8,929.2,NA,1015.8,NA,1455.8,1.8,203,0.7,2.5,6.5,1.8,6.5,NA,NA,0,0,0,NA,NA,NA,NA,NA,-0.004,NA,NA,NA
2026-03-20 22:00:00,"SPF",0.2,-0.3,0.8,NA,NA,90.6,5.6,-1.2,929,NA,1015.5,NA,1451.8,1.6,198,0.7,2.5,5.8,1.6,5.8,NA,NA,0,0,0,NA,NA,NA,NA,NA,-0.004,NA,NA,NA
2026-03-20 23:00:00,"SPF",-0.6,-1.1,-0.1,NA,NA,95.2,5.6,-1.3,928.6,NA,1015.1,NA,1446.4,1.7,212,1,3.6,6.1,1.6,5.8,NA,NA,0,0,0,NA,NA,NA,NA,NA,-0.004,NA,NA,NA
2026-03-21,"SPF",-1.2,-1.5,-0.8,NA,NA,98.3,5.5,-1.5,928.2,NA,1014.7,NA,1440.9,2.2,209,1.3,4.7,7.9,2.1,7.6,NA,NA,0,0,0,NA,NA,NA,NA,NA,-0.004,NA,NA,NA
2026-03-21 01:00:00,"SPF",-1.6,-1.9,-1.3,NA,NA,99.2,5.4,-1.7,928,NA,1014.5,NA,1438.8,1.9,216,0.9,3.2,6.8,1.8,6.5,NA,NA,0,0,0,NA,NA,NA,NA,NA,-0.005,NA,NA,NA
2026-03-21 02:00:00,"SPF",-1.8,-2,-1.6,NA,NA,99.2,5.3,-1.9,928,NA,1014.5,NA,1437.8,1.7,214,0.8,2.9,6.1,1.7,6.1,NA,NA,0,0,0,NA,NA,NA,NA,NA,-0.005,NA,NA,NA
2026-03-21 03:00:00,"SPF",-2.4,-2.7,-2.2,NA,NA,99.3,5.1,-2.5,927.6,NA,1014,NA,1432.9,2.1,209,1.2,4.3,7.6,2,7.2,NA,NA,0,0,0,NA,NA,NA,NA,NA,-0.004,NA,NA,NA
2026-03-21 04:00:00,"SPF",-2.4,-2.8,-2.2,NA,NA,99.3,5.1,-2.5,927.3,NA,1013.7,NA,1430.2,2.1,209,1.3,4.7,7.6,2,7.2,NA,NA,0,0,0,NA,NA,NA,NA,NA,-0.004,NA,NA,NA
2026-03-21 05:00:00,"SPF",-2.6,-2.9,-2.3,NA,NA,99.3,5,-2.7,927.2,NA,1013.6,NA,1429.4,2.2,212,1.3,4.7,7.9,2.2,7.9,NA,NA,0,0,0,NA,NA,NA,NA,NA,-0.004,NA,NA,NA
2026-03-21 06:00:00,"SPF",-2.7,-3.2,-2.3,NA,NA,99.3,5,-2.8,927.1,NA,1013.5,NA,1428.4,2.6,212,1.6,5.8,9.4,2.6,9.4,NA,NA,0,0,4,NA,NA,NA,NA,NA,-0.011,NA,NA,NA
2026-03-21 07:00:00,"SPF",-1.3,-2.2,-0.6,NA,NA,99.3,5.5,-1.4,927.4,NA,1013.8,NA,1434.5,2.1,207,0.9,3.2,7.6,2,7.2,NA,NA,0,0,68,NA,NA,NA,NA,NA,0.021,NA,NA,NA
2026-03-21 08:00:00,"SPF",0.7,-0.3,2,NA,NA,98.7,6.3,0.5,927.5,NA,1013.9,NA,1440.6,1.4,189,0.6,2.2,5,1.4,5,NA,NA,0,0,175,NA,NA,NA,NA,NA,0.061,NA,NA,NA
2026-03-21 09:00:00,"SPF",4.1,2.5,5.6,NA,NA,81,6.6,1.1,927.2,NA,1013.6,NA,1446.7,1.7,196,0.7,2.5,6.1,1.7,6.1,NA,NA,0,0,362,NA,NA,NA,NA,NA,0.145,NA,NA,NA
2026-03-21 10:00:00,"SPF",7.2,6.2,7.9,NA,NA,63.1,6.4,0.6,927,NA,1013.4,NA,1452.8,4.2,13,1.5,5.4,15.1,4.1,14.8,NA,NA,0,0,479,NA,NA,NA,NA,NA,0.219,NA,NA,NA
2026-03-21 11:00:00,"SPF",8.7,8.2,9.1,NA,NA,54.1,6.1,-0.1,926.7,NA,1013.1,NA,1454.2,5.3,37,3.5,12.6,19.1,5.1,18.4,NA,NA,0,0,539,NA,NA,NA,NA,NA,0.267,NA,NA,NA
2026-03-21 12:00:00,"SPF",9.8,9.3,10.2,NA,NA,51.2,6.2,0.2,926.4,NA,1012.8,NA,1454.8,6.4,39,3.7,13.3,23,6.3,22.7,NA,NA,0,0,662,NA,NA,NA,NA,NA,0.327,NA,NA,NA
2026-03-21 13:00:00,"SPF",10.3,10.1,10.4,NA,NA,49.6,6.2,0.2,926,NA,1012.3,NA,1452.5,6.3,33,3.9,14,22.7,6.2,22.3,NA,NA,0,0,687,NA,NA,NA,NA,NA,0.341,NA,NA,NA
2026-03-21 14:00:00,"SPF",10.8,10.6,11,NA,NA,44.8,5.8,-0.8,925.5,NA,1011.8,NA,1449.1,7.1,23,4.2,15.1,25.6,7,25.2,NA,NA,0,0,776,NA,NA,NA,NA,NA,0.393,NA,NA,NA
2026-03-21 15:00:00,"SPF",10.2,9.7,10.5,NA,NA,45.8,5.7,-1,925.1,NA,1011.4,NA,1444.5,7.5,27,3.7,13.3,27,7.2,25.9,NA,NA,0,0,388,NA,NA,NA,NA,NA,0.224,NA,NA,NA
2026-03-21 16:00:00,"SPF",10,9.8,10.4,NA,NA,46.2,5.7,-1.1,925,NA,1011.2,NA,1442.9,7.7,32,4.2,15.1,27.7,7.5,27,NA,NA,0,0,298,NA,NA,NA,NA,NA,0.183,NA,NA,NA
2026-03-21 17:00:00,"SPF",9.3,9.1,9.6,NA,NA,50.2,5.9,-0.6,924.9,NA,1011.1,NA,1440.1,5.1,24,2.6,9.4,18.4,5,18,NA,NA,0,0,118,NA,NA,NA,NA,NA,0.086,NA,NA,NA
2026-03-21 18:00:00,"SPF",7.6,6.1,8.9,NA,NA,57.8,6,-0.3,924.9,NA,1011.1,NA,1435.8,2.1,63,0.8,2.9,7.6,2.1,7.6,NA,NA,0,0,12,NA,NA,NA,NA,NA,-0.01,NA,NA,NA
2026-03-21 19:00:00,"SPF",4.8,4.6,5.2,NA,NA,76.9,6.6,1.1,925,NA,1011.3,NA,1429.9,1.9,214,0.8,2.9,6.8,1.8,6.5,NA,NA,0,0,0,NA,NA,NA,NA,NA,-0.001,NA,NA,NA
2026-03-21 20:00:00,"SPF",4.1,3.9,4.2,NA,NA,82.4,6.7,1.4,925.1,NA,1011.4,NA,1428.5,1.5,207,0.5,1.8,5.4,1.5,5.4,NA,NA,0,0,0,NA,NA,NA,NA,NA,-0.004,NA,NA,NA
2026-03-21 21:00:00,"SPF",4.4,4,5,NA,NA,83.5,7,1.9,925.2,NA,1011.5,NA,1430.6,3.1,27,0.6,2.2,11.2,3.1,11.2,NA,NA,0,0,0,NA,NA,NA,NA,NA,-0.004,NA,NA,NA
2026-03-21 22:00:00,"SPF",5.4,5.2,5.7,NA,NA,83.5,7.5,2.9,925.4,NA,1011.7,NA,1434.8,4.7,27,2,7.2,16.9,4.5,16.2,NA,NA,0,0,0,NA,NA,NA,NA,NA,0.003,NA,NA,NA
2026-03-21 23:00:00,"SPF",4.5,3.9,5,NA,NA,88.6,7.5,2.8,924.9,NA,1011.1,NA,1427.8,1.7,34,0.6,2.2,6.1,1.7,6.1,NA,NA,0,0,0,NA,NA,NA,NA,NA,-0.005,NA,NA,NA
2026-03-22,"SPF",3.7,3.3,4.1,NA,NA,96.1,7.7,3.2,924.5,NA,1010.7,NA,1422.1,0.9,207,0.3,1.1,3.2,0.9,3.2,NA,NA,0,0,0,NA,NA,NA,NA,NA,-0.007,NA,NA,NA
2026-03-22 01:00:00,"SPF",3.3,2.9,3.5,NA,NA,99.1,7.7,3.1,924,NA,1010.1,NA,1416.6,0.9,198,0.4,1.4,3.2,0.9,3.2,NA,NA,0,0,0,NA,NA,NA,NA,NA,-0.007,NA,NA,NA
2026-03-22 02:00:00,"SPF",3.2,2.9,3.3,NA,NA,99.3,7.6,3.1,923.5,NA,1009.6,NA,1412.4,0.9,0,0.3,1.1,3.2,0.9,3.2,NA,NA,0,0,0,NA,NA,NA,NA,NA,-0.007,NA,NA,NA
2026-03-22 03:00:00,"SPF",3.1,3,3.2,NA,NA,99.3,7.6,3,923.3,NA,1009.4,NA,1410.7,1.1,252,0.5,1.8,4,1.1,4,NA,NA,0.2,0,0,NA,NA,NA,NA,NA,-0.007,NA,NA,NA
2026-03-22 04:00:00,"SPF",3.2,3.1,3.3,NA,NA,99.3,7.6,3.1,923.2,NA,1009.3,NA,1410,1,225,0.5,1.8,3.6,0.9,3.2,NA,NA,0,0,0,NA,NA,NA,NA,NA,-0.007,NA,NA,NA
2026-03-22 05:00:00,"SPF",3.1,3,3.2,NA,NA,99.3,7.6,3,923.1,NA,1009.2,NA,1408.7,2.7,225,1.1,4,9.7,2.6,9.4,NA,NA,0.1,0,0,NA,NA,NA,NA,NA,-0.005,NA,NA,NA
2026-03-22 06:00:00,"SPF",3,2.7,3,NA,NA,99.3,7.5,2.9,923.3,NA,1009.4,NA,1410.4,1.7,180,0.7,2.5,6.1,1.6,5.8,NA,NA,0,0,5,NA,NA,NA,NA,NA,-0.008,NA,NA,NA
2026-03-22 07:00:00,"SPF",3.3,3,3.6,NA,NA,99.3,7.7,3.2,923.8,NA,1009.9,NA,1414.8,1.3,214,0.4,1.4,4.7,1.3,4.7,NA,NA,0,0,79,NA,NA,NA,NA,NA,0.028,NA,NA,NA
2026-03-22 08:00:00,"SPF",4.3,3.7,4.6,NA,NA,98.9,8.2,4.1,924.1,NA,1010.3,NA,1420.5,4,58,1.4,5,14.4,3.9,14,NA,NA,0,0,158,NA,NA,NA,NA,NA,0.061,NA,NA,NA
2026-03-22 09:00:00,"SPF",4.8,4.3,5.1,NA,NA,94.3,8.1,3.9,924.1,NA,1010.3,NA,1421.9,5.9,33,3,10.8,21.2,5.7,20.5,NA,NA,0,0,342,NA,NA,NA,NA,NA,0.121,NA,NA,NA
2026-03-22 10:00:00,"SPF",5.2,5,5.5,NA,NA,89.1,7.9,3.5,924,NA,1010.2,NA,1421.9,6.3,14,3.7,13.3,22.7,6.2,22.3,NA,NA,0,0,455,NA,NA,NA,NA,NA,0.165,NA,NA,NA
2026-03-22 11:00:00,"SPF",5.9,5.2,6.3,NA,NA,84.4,7.8,3.5,924.1,NA,1010.3,NA,1424.1,7.3,32,4.5,16.2,26.3,7.1,25.6,NA,NA,0,0,658,NA,NA,NA,NA,NA,0.235,NA,NA,NA
2026-03-22 12:00:00,"SPF",6.9,6.3,7.3,NA,NA,76.5,7.6,3.1,923.9,NA,1010.1,NA,1425.4,7.9,35,4.5,16.2,28.4,7.7,27.7,NA,NA,0,0,734,NA,NA,NA,NA,NA,0.282,NA,NA,NA
2026-03-22 13:00:00,"SPF",8.4,7.9,8.6,NA,NA,70.1,7.7,3.3,923.7,NA,1009.8,NA,1427.5,7.5,31,4.3,15.5,27,7.3,26.3,NA,NA,0,0,709,NA,NA,NA,NA,NA,0.299,NA,NA,NA
2026-03-22 14:00:00,"SPF",9.2,8.9,9.6,NA,NA,62.6,7.3,2.4,923.7,NA,1009.8,NA,1429.2,7,43,4.1,14.8,25.2,6.8,24.5,NA,NA,0,0,634,NA,NA,NA,NA,NA,0.287,NA,NA,NA
2026-03-22 15:00:00,"SPF",9.7,9.6,9.8,NA,NA,63.4,7.6,3.1,923.8,NA,1010,NA,1431.8,7,31,4.4,15.8,25.2,7,25.2,NA,NA,0,0,564,NA,NA,NA,NA,NA,0.26,NA,NA,NA
2026-03-22 16:00:00,"SPF",9.7,9.6,9.8,NA,NA,61.5,7.4,2.7,924.1,NA,1010.3,NA,1434.2,7.7,14,4.7,16.9,27.7,7.6,27.4,NA,NA,0,0,362,NA,NA,NA,NA,NA,0.178,NA,NA,NA
2026-03-22 17:00:00,"SPF",9.4,9,9.8,NA,NA,62,7.3,2.5,924.4,NA,1010.6,NA,1436.3,6.3,24,3.5,12.6,22.7,6.2,22.3,NA,NA,0,0,146,NA,NA,NA,NA,NA,0.088,NA,NA,NA
2026-03-22 18:00:00,"SPF",8,7,8.9,NA,NA,68.2,7.3,2.5,924.9,NA,1011.1,NA,1437,4,24,1.4,5,14.4,3.9,14,NA,NA,0,0,10,NA,NA,NA,NA,NA,-0.004,NA,NA,NA
2026-03-22 19:00:00,"SPF",5.7,4.7,6.4,NA,NA,84.1,7.7,3.2,925.5,NA,1011.8,NA,1435.8,2.6,207,1,3.6,9.4,2.5,9,NA,NA,0,0,0,NA,NA,NA,NA,NA,-0.001,NA,NA,NA
2026-03-22 20:00:00,"SPF",4.6,4.2,4.8,NA,NA,91.1,7.7,3.2,925.9,NA,1012.2,NA,1436.8,2.6,200,1.5,5.4,9.4,2.5,9,NA,NA,0,0,0,NA,NA,NA,NA,NA,-0.002,NA,NA,NA
2026-03-22 21:00:00,"SPF",5.3,4.9,5.6,NA,NA,84.6,7.6,3,926.4,NA,1012.8,NA,1443.4,4.4,188,1.6,5.8,15.8,4.3,15.5,NA,NA,0,0,0,NA,NA,NA,NA,NA,0.001,NA,NA,NA
2026-03-22 22:00:00,"SPF",5.3,5,5.5,NA,NA,87.6,7.8,3.4,926.9,NA,1013.3,NA,1447.3,4.2,191,1.1,4,15.1,4.1,14.8,NA,NA,0,0,0,NA,NA,NA,NA,NA,-0.002,NA,NA,NA
2026-03-22 23:00:00,"SPF",5,4.9,5.1,NA,NA,92.6,8.1,3.9,927.2,NA,1013.6,NA,1449.1,6.7,183,4,14.4,24.1,6.7,24.1,NA,NA,0,0,0,NA,NA,NA,NA,NA,0.002,NA,NA,NA
2026-03-23,"SPF",5.1,4.9,5.3,NA,NA,90.3,7.9,3.6,927.5,NA,1013.9,NA,1452.2,6.2,198,2.7,9.7,22.3,6,21.6,NA,NA,0,0,0,NA,NA,NA,NA,NA,0.001,NA,NA,NA
2026-03-23 01:00:00,"SPF",4.7,4.6,4.8,NA,NA,92.3,7.9,3.5,927.9,NA,1014.4,NA,1454.5,4.2,209,2.1,7.6,15.1,4.1,14.8,NA,NA,0,0,0,NA,NA,NA,NA,NA,-0.001,NA,NA,NA
2026-03-23 02:00:00,"SPF",4,3.6,4.3,NA,NA,97.7,7.9,3.7,928.1,NA,1014.6,NA,1453.9,3.5,207,1.8,6.5,12.6,3.4,12.2,NA,NA,0,0,0,NA,NA,NA,NA,NA,-0.004,NA,NA,NA
2026-03-23 03:00:00,"SPF",3.6,3.1,3.9,NA,NA,99.2,7.8,3.5,928.4,NA,1014.9,NA,1455.5,2.7,201,1.7,6.1,9.7,2.6,9.4,NA,NA,0,0,0,NA,NA,NA,NA,NA,-0.005,NA,NA,NA
2026-03-23 04:00:00,"SPF",3.4,2.9,3.9,NA,NA,99.2,7.7,3.3,928.6,NA,1015.1,NA,1457.1,3,204,1.7,6.1,10.8,2.9,10.4,NA,NA,0,0,0,NA,NA,NA,NA,NA,-0.005,NA,NA,NA
2026-03-23 05:00:00,"SPF",2.8,2.2,3.1,NA,NA,99.2,7.4,2.7,928.9,NA,1015.4,NA,1458.1,2.7,204,1.1,4,9.7,2.6,9.4,NA,NA,0,0,0,NA,NA,NA,NA,NA,-0.005,NA,NA,NA
2026-03-23 06:00:00,"SPF",2.7,2.1,3.6,NA,NA,99.3,7.4,2.6,929.4,NA,1016,NA,1461.7,3.2,197,1.4,5,11.5,3.1,11.2,NA,NA,0,0,4,NA,NA,NA,NA,NA,0.002,NA,NA,NA
2026-03-23 07:00:00,"SPF",3.2,2.9,3.4,NA,NA,99.2,7.6,3.1,929.9,NA,1016.5,NA,1467.5,3.1,193,1.4,5,11.2,3,10.8,NA,NA,0,0,30,NA,NA,NA,NA,NA,0.019,NA,NA,NA
2026-03-23 08:00:00,"SPF",4,3.2,4.8,NA,NA,98.7,8,3.9,930.3,NA,1016.9,NA,1473.2,2,211,1,3.6,7.2,1.9,6.8,NA,NA,0,0,127,NA,NA,NA,NA,NA,0.053,NA,NA,NA
2026-03-23 09:00:00,"SPF",5.6,5,6,NA,NA,88.9,8.1,3.9,930.9,NA,1017.6,NA,1482.6,1.5,18,0.7,2.5,5.4,1.5,5.4,NA,NA,0,0,139,NA,NA,NA,NA,NA,0.07,NA,NA,NA
2026-03-23 10:00:00,"SPF",6.9,6.3,7.3,NA,NA,84.9,8.4,4.5,931.3,NA,1018,NA,1489.2,4,219,1.6,5.8,14.4,4,14.4,NA,NA,0,0,393,NA,NA,NA,NA,NA,0.173,NA,NA,NA
2026-03-23 11:00:00,"SPF",8.2,7.2,8.8,NA,NA,71.8,7.8,3.4,931.3,NA,1018,NA,1493.5,3.9,225,1.3,4.7,14,3.8,13.7,NA,NA,0,0,569,NA,NA,NA,NA,NA,0.264,NA,NA,NA
2026-03-23 12:00:00,"SPF",8.4,7.8,8.9,NA,NA,71.8,7.9,3.6,931.4,NA,1018.1,NA,1494.6,3.8,111,1.5,5.4,13.7,3.7,13.3,NA,NA,0.1,0,266,NA,NA,NA,NA,NA,0.144,NA,NA,NA
2026-03-23 13:00:00,"SPF",8.5,7.5,8.9,NA,NA,69.9,7.7,3.3,931.4,NA,1018.1,NA,1494.5,7.1,236,2.2,7.9,25.6,6.9,24.8,NA,NA,0,0,225,NA,NA,NA,NA,NA,0.13,NA,NA,NA
2026-03-23 14:00:00,"SPF",7,6.5,7.4,NA,NA,83.7,8.4,4.4,931.8,NA,1018.5,NA,1494,5.9,236,1.7,6.1,21.2,5.8,20.9,NA,NA,1,0,145,NA,NA,NA,NA,NA,0.081,NA,NA,NA
2026-03-23 15:00:00,"SPF",8.2,7.7,8.5,NA,NA,71.2,7.7,3.3,931.9,NA,1018.7,NA,1498.5,5.9,199,3.2,11.5,21.2,5.8,20.9,NA,NA,0,0,412,NA,NA,NA,NA,NA,0.185,NA,NA,NA
2026-03-23 16:00:00,"SPF",7.9,7.3,8.5,NA,NA,70.7,7.5,2.9,932.2,NA,1019,NA,1500.3,6.9,90,2.4,8.6,24.8,6.6,23.8,NA,NA,0,0,121,NA,NA,NA,NA,NA,0.08,NA,NA,NA
2026-03-23 17:00:00,"SPF",7.4,7.3,7.5,NA,NA,74.6,7.7,3.2,932.6,NA,1019.4,NA,1502.5,2.3,304,0.9,3.2,8.3,2.2,7.9,NA,NA,0,0,56,NA,NA,NA,NA,NA,0.037,NA,NA,NA
2026-03-23 18:00:00,"SPF",7.1,6.9,7.3,NA,NA,77.3,7.8,3.4,933.3,NA,1020.2,NA,1507.8,6.4,95,1.7,6.1,23,6.2,22.3,NA,NA,0,0,7,NA,NA,NA,NA,NA,0.008,NA,NA,NA
2026-03-23 19:00:00,"SPF",6.3,6,6.5,NA,NA,79.4,7.6,3,933.9,NA,1020.8,NA,1510.1,3.9,14,1,3.6,14,3.8,13.7,NA,NA,0,0,0,NA,NA,NA,NA,NA,0,NA,NA,NA
2026-03-23 20:00:00,"SPF",5.1,4.6,6,NA,NA,90,7.9,3.6,934,NA,1020.9,NA,1508.4,1.7,198,0.8,2.9,6.1,1.7,6.1,NA,NA,0,0,0,NA,NA,NA,NA,NA,-0.004,NA,NA,NA
2026-03-23 21:00:00,"SPF",2.9,1.8,4.5,NA,NA,97.9,7.4,2.6,934.4,NA,1021.3,NA,1505.3,2.2,198,1.3,4.7,7.9,2.2,7.9,NA,NA,0,0,0,NA,NA,NA,NA,NA,-0.005,NA,NA,NA
2026-03-23 22:00:00,"SPF",1.6,1.1,2,NA,NA,99.3,6.8,1.5,934.6,NA,1021.6,NA,1503.3,1.7,201,0.9,3.2,6.1,1.7,6.1,NA,NA,0,0,0,NA,NA,NA,NA,NA,-0.005,NA,NA,NA
2026-03-23 23:00:00,"SPF",0.7,0.4,0.9,NA,NA,99.3,6.4,0.6,934.7,NA,1021.7,NA,1501.3,2.2,211,1.2,4.3,7.9,2.2,7.9,NA,NA,0,0,0,NA,NA,NA,NA,NA,-0.005,NA,NA,NA
2026-03-24,"SPF",0.1,-0.2,0.2,NA,NA,99.3,6.1,-0.1,934.8,NA,1021.8,NA,1500.3,2,209,1.3,4.7,7.2,2,7.2,NA,NA,0,0,0,NA,NA,NA,NA,NA,-0.005,NA,NA,NA
2026-03-24 01:00:00,"SPF",-0.3,-0.6,0,NA,NA,99.3,5.9,-0.4,935,NA,1022,NA,1500.9,2.2,211,1.1,4,7.9,2.1,7.6,NA,NA,0,0,0,NA,NA,NA,NA,NA,-0.005,NA,NA,NA
2026-03-24 02:00:00,"SPF",-1.1,-1.4,-0.5,NA,NA,99.3,5.6,-1.2,935.1,NA,1022.1,NA,1499.5,2.4,210,1.4,5,8.6,2.3,8.3,NA,NA,0,0,0,NA,NA,NA,NA,NA,-0.004,NA,NA,NA
2026-03-24 03:00:00,"SPF",-1.2,-1.8,-0.5,NA,NA,99.3,5.6,-1.3,934.8,NA,1021.8,NA,1496.4,2.4,216,1.4,5,8.6,2.4,8.6,NA,NA,0,0,0,NA,NA,NA,NA,NA,-0.004,NA,NA,NA
2026-03-24 04:00:00,"SPF",-1.7,-1.9,-1.6,NA,NA,99.3,5.4,-1.8,935,NA,1022,NA,1497,2.2,207,1.4,5,7.9,2.2,7.9,NA,NA,0,0,0,NA,NA,NA,NA,NA,-0.004,NA,NA,NA
2026-03-24 05:00:00,"SPF",-1.8,-2.1,-1.4,NA,NA,99.3,5.3,-1.9,935.4,NA,1022.5,NA,1500.6,2.5,212,1.4,5,9,2.4,8.6,NA,NA,0,0,0,NA,NA,NA,NA,NA,-0.004,NA,NA,NA
2026-03-24 06:00:00,"SPF",-1.8,-2.1,-1.2,NA,NA,99.3,5.3,-1.9,935.8,NA,1022.9,NA,1503.4,2.5,202,1.6,5.8,9,2.5,9,NA,NA,0,0,8,NA,NA,NA,NA,NA,-0.001,NA,NA,NA
2026-03-24 07:00:00,"SPF",-1.2,-1.9,-0.4,NA,NA,99.3,5.6,-1.3,935.7,NA,1022.7,NA,1504.1,2.8,215,1.3,4.7,10.1,2.7,9.7,NA,NA,0,0,94,NA,NA,NA,NA,NA,0.025,NA,NA,NA
2026-03-24 08:00:00,"SPF",1.4,-0.3,3.1,NA,NA,95.6,6.4,0.7,935.6,NA,1022.6,NA,1511,2.2,207,1.1,4,7.9,2.1,7.6,NA,NA,0,0,287,NA,NA,NA,NA,NA,0.091,NA,NA,NA
2026-03-24 09:00:00,"SPF",5.2,3.8,6.7,NA,NA,74.7,6.6,1.1,935.7,NA,1022.8,NA,1523.3,1.3,180,0.6,2.2,4.7,1.2,4.3,NA,NA,0,0,445,NA,NA,NA,NA,NA,0.182,NA,NA,NA
2026-03-24 10:00:00,"SPF",8.7,7.3,9.5,NA,NA,55.8,6.2,0.3,935.8,NA,1022.8,NA,1533.5,3.7,20,1.3,4.7,13.3,3.6,13,NA,NA,0,0,618,NA,NA,NA,NA,NA,0.288,NA,NA,NA
2026-03-24 11:00:00,"SPF",10.4,9.8,11.4,NA,NA,44.6,5.6,-1.2,935.3,NA,1022.3,NA,1534.1,3.9,49,1.3,4.7,14,3.8,13.7,NA,NA,0,0,734,NA,NA,NA,NA,NA,0.366,NA,NA,NA
2026-03-24 12:00:00,"SPF",11.3,10.9,11.6,NA,NA,44.3,5.9,-0.4,934.9,NA,1021.9,NA,1534.1,6.8,43,2.7,9.7,24.5,6.6,23.8,NA,NA,0,0,756,NA,NA,NA,NA,NA,0.388,NA,NA,NA
2026-03-24 13:00:00,"SPF",11.7,11.4,12.1,NA,NA,44.8,6.2,0.1,934.6,NA,1021.5,NA,1531.7,6.8,36,3.2,11.5,24.5,6.7,24.1,NA,NA,0,0,713,NA,NA,NA,NA,NA,0.373,NA,NA,NA
2026-03-24 14:00:00,"SPF",12.3,12.1,12.5,NA,NA,44.9,6.4,0.7,934.1,NA,1021,NA,1529.8,4.4,40,2.5,9,15.8,4.3,15.5,NA,NA,0,0,614,NA,NA,NA,NA,NA,0.329,NA,NA,NA
2026-03-24 15:00:00,"SPF",12.5,12.3,12.6,NA,NA,45.8,6.6,1.1,933.8,NA,1020.7,NA,1527,4.2,40,2.5,9,15.1,4.2,15.1,NA,NA,0,0,516,NA,NA,NA,NA,NA,0.277,NA,NA,NA
2026-03-24 16:00:00,"SPF",12.7,12.5,12.8,NA,NA,46.2,6.8,1.4,933.4,NA,1020.3,NA,1524.2,3.7,20,2.2,7.9,13.3,3.6,13,NA,NA,0,0,333,NA,NA,NA,NA,NA,0.186,NA,NA,NA
2026-03-24 17:00:00,"SPF",11.4,10.5,12.2,NA,NA,50.7,6.8,1.6,933.3,NA,1020.2,NA,1519.5,3.8,18,2.1,7.6,13.7,3.8,13.7,NA,NA,0,0,102,NA,NA,NA,NA,NA,0.083,NA,NA,NA
2026-03-24 18:00:00,"SPF",8.5,7.1,10.8,NA,NA,68,7.5,2.8,933.1,NA,1020,NA,1510.3,3.5,202,1.2,4.3,12.6,3.4,12.2,NA,NA,0,0,25,NA,NA,NA,NA,NA,-0.003,NA,NA,NA
2026-03-24 19:00:00,"SPF",6.4,5.9,7,NA,NA,72.3,7,1.8,932.8,NA,1019.6,NA,1501.7,3.8,205,2.4,8.6,13.7,3.8,13.7,NA,NA,0,0,0,NA,NA,NA,NA,NA,0.012,NA,NA,NA
2026-03-24 20:00:00,"SPF",5.2,4.1,6.3,NA,NA,77.3,6.8,1.5,932.6,NA,1019.4,NA,1495.9,4.6,211,2.2,7.9,16.6,4.2,15.1,NA,NA,0,0,0,NA,NA,NA,NA,NA,0.007,NA,NA,NA
2026-03-24 21:00:00,"SPF",4.2,3.8,4.7,NA,NA,82.3,6.8,1.4,932.4,NA,1019.2,NA,1491.3,3.8,205,1.9,6.8,13.7,3.6,13,NA,NA,0,0,0,NA,NA,NA,NA,NA,0.003,NA,NA,NA
2026-03-24 22:00:00,"SPF",4.4,3.9,5,NA,NA,78.6,6.6,1,931.7,NA,1018.4,NA,1486.1,7.4,216,3.2,11.5,26.6,7.1,25.6,NA,NA,0,0,0,NA,NA,NA,NA,NA,0.01,NA,NA,NA
2026-03-24 23:00:00,"SPF",4.5,4.2,4.9,NA,NA,78.5,6.6,1,931,NA,1017.7,NA,1480.2,5.4,210,3.4,12.2,19.4,5.4,19.4,NA,NA,0,0,0,NA,NA,NA,NA,NA,0.01,NA,NA,NA
2026-03-25,"SPF",4.6,4.1,5,NA,NA,77.9,6.6,1.1,930.5,NA,1017.2,NA,1476.6,5.7,205,3.2,11.5,20.5,5.7,20.5,NA,NA,0,0,0,NA,NA,NA,NA,NA,0.01,NA,NA,NA
2026-03-25 01:00:00,"SPF",4.7,4.3,5.4,NA,NA,75.3,6.5,0.7,930.5,NA,1017.2,NA,1476.9,5.1,207,3.1,11.2,18.4,5,18,NA,NA,0,0,0,NA,NA,NA,NA,NA,0.012,NA,NA,NA
2026-03-25 02:00:00,"SPF",4.9,4.7,5.1,NA,NA,72.8,6.3,0.4,929.4,NA,1016,NA,1468,7.7,196,4.4,15.8,27.7,7.6,27.4,NA,NA,0,0,0,NA,NA,NA,NA,NA,0.017,NA,NA,NA
2026-03-25 03:00:00,"SPF",4.4,3.1,5.1,NA,NA,71.9,6,-0.3,928.2,NA,1014.7,NA,1456.3,6.4,191,3.7,13.3,23,6.3,22.7,NA,NA,0,0,0,NA,NA,NA,NA,NA,0.015,NA,NA,NA
2026-03-25 04:00:00,"SPF",3.3,2.8,3.8,NA,NA,78.7,6.1,-0.1,927.5,NA,1013.9,NA,1446.8,4.7,203,3.1,11.2,16.9,4.6,16.6,NA,NA,0,0,0,NA,NA,NA,NA,NA,0.009,NA,NA,NA
2026-03-25 05:00:00,"SPF",3,2.7,3.4,NA,NA,77.1,5.9,-0.6,926.9,NA,1013.3,NA,1441.2,6.4,203,3.3,11.9,23,6.1,22,NA,NA,0,0,0,NA,NA,NA,NA,NA,0.01,NA,NA,NA
2026-03-25 06:00:00,"SPF",4.1,3.7,4.5,NA,NA,65.2,5.3,-1.8,926,NA,1012.4,NA,1436.8,6.4,198,4,14.4,23,6.3,22.7,NA,NA,0,0,7,NA,NA,NA,NA,NA,0.046,NA,NA,NA
2026-03-25 07:00:00,"SPF",5.1,4.3,6.1,NA,NA,58.6,5.1,-2.4,925.6,NA,1011.9,NA,1435.3,6.4,197,3.9,14,23,6.1,22,NA,NA,0,0,88,NA,NA,NA,NA,NA,0.077,NA,NA,NA
2026-03-25 08:00:00,"SPF",9.1,6.6,10.6,NA,NA,48.8,5.6,-1.1,924.5,NA,1010.7,NA,1436.2,9.3,217,3.6,13,33.5,9.2,33.1,NA,NA,0,0,336,NA,NA,NA,NA,NA,0.18,NA,NA,NA
2026-03-25 09:00:00,"SPF",10.9,10.6,11.3,NA,NA,50.3,6.5,0.9,923.6,NA,1009.8,NA,1433,17.1,206,7.8,28.1,61.6,15.9,57.2,NA,NA,0,0,514,NA,NA,NA,NA,NA,0.283,NA,NA,NA
2026-03-25 10:00:00,"SPF",11.5,11.3,11.7,NA,NA,49.9,6.8,1.4,922.5,NA,1008.5,NA,1424.3,16.1,216,8.7,31.3,58,15.7,56.5,NA,NA,0,0,538,NA,NA,NA,NA,NA,0.312,NA,NA,NA
2026-03-25 11:00:00,"SPF",11.5,11.2,11.9,NA,NA,51.4,7,1.9,921.5,NA,1007.4,NA,1415.2,14.4,217,7.1,25.6,51.8,14.1,50.8,NA,NA,0,0,414,NA,NA,NA,NA,NA,0.269,NA,NA,NA
2026-03-25 12:00:00,"SPF",11.8,11.3,12,NA,NA,49.5,6.9,1.6,920.2,NA,1006,NA,1404.3,12.5,217,6.1,22,45,12.3,44.3,NA,NA,0,0,312,NA,NA,NA,NA,NA,0.239,NA,NA,NA
2026-03-25 13:00:00,"SPF",11.8,10.9,12.2,NA,NA,42.9,5.9,-0.4,919.3,NA,1005.1,NA,1396.7,15.2,244,6.5,23.4,54.7,14.8,53.3,NA,NA,0,0,180,NA,NA,NA,NA,NA,0.211,NA,NA,NA
2026-03-25 14:00:00,"SPF",7.2,5.2,10.1,NA,NA,75.7,7.6,3,920.9,NA,1006.8,NA,1399.3,20.6,241,7.2,25.9,74.2,19.7,70.9,NA,NA,1.6,0,80,NA,NA,NA,NA,NA,0.084,NA,NA,NA
2026-03-25 15:00:00,"SPF",3.3,2.6,4.8,NA,NA,91.1,7.1,2,923,NA,1009.1,NA,1408.5,14.9,206,6.6,23.8,53.6,13.4,48.2,NA,NA,2.2,0,34,NA,NA,NA,NA,NA,0.032,NA,NA,NA
2026-03-25 16:00:00,"SPF",3.2,2.8,3.3,NA,NA,88,6.8,1.4,923.1,NA,1009.2,NA,1409.2,13.3,204,5.5,19.8,47.9,13,46.8,NA,NA,0.5,0,38,NA,NA,NA,NA,NA,0.036,NA,NA,NA
2026-03-25 17:00:00,"SPF",3.3,2.8,3.8,NA,NA,80.3,6.2,0.2,923.3,NA,1009.4,NA,1411.4,11.6,199,6.2,22.3,41.8,11.3,40.7,NA,NA,0,0,32,NA,NA,NA,NA,NA,0.045,NA,NA,NA
2026-03-25 18:00:00,"SPF",2.4,1.6,2.8,NA,NA,89,6.5,0.8,924.1,NA,1010.3,NA,1415.4,9.9,199,4,14.4,35.6,9.7,34.9,NA,NA,0.4,0,1,NA,NA,NA,NA,NA,0.022,NA,NA,NA
2026-03-25 19:00:00,"SPF",2.1,1.8,2.4,NA,NA,85.3,6.1,-0.2,923.9,NA,1010,NA,1412.7,11.7,206,4.7,16.9,42.1,11.5,41.4,NA,NA,0.1,0,0,NA,NA,NA,NA,NA,0.007,NA,NA,NA
2026-03-25 20:00:00,"SPF",1.2,0.7,2.1,NA,NA,94.2,6.2,0.3,923.9,NA,1010.1,NA,1410.6,10.5,210,4.1,14.8,37.8,10.1,36.4,NA,NA,0.1,0,0,NA,NA,NA,NA,NA,0,NA,NA,NA
2026-03-25 21:00:00,"SPF",0.8,0.5,1.2,NA,NA,97.8,6.3,0.5,923.4,NA,1009.5,NA,1405.5,10.2,207,3.2,11.5,36.7,9.7,34.9,NA,NA,0.5,0,0,NA,NA,NA,NA,NA,-0.002,NA,NA,NA
2026-03-25 22:00:00,"SPF",1.1,0.9,1.3,NA,NA,94,6.2,0.2,923.1,NA,1009.2,NA,1403.9,6.7,213,3.5,12.6,24.1,6.6,23.8,NA,NA,0.1,0,0,NA,NA,NA,NA,NA,0,NA,NA,NA
2026-03-25 23:00:00,"SPF",0.8,0.4,1.1,NA,NA,95.5,6.2,0.2,923,NA,1009.1,NA,1402.3,6.6,203,2.6,9.4,23.8,6.4,23,NA,NA,0.2,0,0,NA,NA,NA,NA,NA,-0.002,NA,NA,NA
2026-03-26,"SPF",0.4,0.2,0.5,NA,NA,99.3,6.2,0.3,922.9,NA,1009,NA,1400.4,5.2,204,2.2,7.9,18.7,5.1,18.4,NA,NA,0.9,1,0,NA,NA,NA,NA,NA,-0.004,NA,NA,NA
2026-03-26 01:00:00,"SPF",0,-0.1,0.1,NA,NA,99.3,6.1,-0.1,923.1,NA,1009.2,NA,1401.2,3,188,1.6,5.8,10.8,2.9,10.4,NA,NA,0.6,4,0,NA,NA,NA,NA,NA,-0.004,NA,NA,NA
2026-03-26 02:00:00,"SPF",-0.2,-0.3,-0.1,NA,NA,99,6,-0.3,923,NA,1009.1,NA,1399.9,3.6,212,1.5,5.4,13,3.5,12.6,NA,NA,0.1,4,0,NA,NA,NA,NA,NA,-0.004,NA,NA,NA
2026-03-26 03:00:00,"SPF",-0.2,-0.2,0,NA,NA,94.6,5.7,-0.9,923.1,NA,1009.2,NA,1400.8,4.2,208,1.8,6.5,15.1,4.1,14.8,NA,NA,0.2,4,0,NA,NA,NA,NA,NA,-0.002,NA,NA,NA
2026-03-26 04:00:00,"SPF",-0.5,-0.6,-0.4,NA,NA,98.5,5.8,-0.7,923.6,NA,1009.7,NA,1403.8,2.4,198,0.8,2.9,8.6,2.3,8.3,NA,NA,0.4,5,0,NA,NA,NA,NA,NA,-0.005,NA,NA,NA
2026-03-26 05:00:00,"SPF",-0.6,-0.6,-0.4,NA,NA,99,5.8,-0.7,924,NA,1010.2,NA,1407.7,2.6,169,1.1,4,9.4,2.5,9,NA,NA,0.3,6,0,NA,NA,NA,NA,NA,-0.005,NA,NA,NA
2026-03-26 06:00:00,"SPF",-0.8,-1,-0.6,NA,NA,99.2,5.7,-0.9,924.6,NA,1010.8,NA,1412.2,1.8,143,0.5,1.8,6.5,1.7,6.1,NA,NA,1.2,8,1,NA,NA,NA,NA,NA,0.012,NA,NA,NA
2026-03-26 07:00:00,"SPF",-0.8,-0.9,-0.6,NA,NA,99.2,5.7,-0.9,925.5,NA,1011.8,NA,1419.4,2.2,166,0.9,3.2,7.9,2.1,7.6,NA,NA,0.5,8,31,NA,NA,NA,NA,NA,0.018,NA,NA,NA
2026-03-26 08:00:00,"SPF",-0.8,-0.9,-0.7,NA,NA,98.6,5.7,-1,926.2,NA,1012.5,NA,1425.6,1.2,194,0.5,1.8,4.3,1.2,4.3,NA,NA,0.2,8,60,NA,NA,NA,NA,NA,0.029,NA,NA,NA
2026-03-26 09:00:00,"SPF",-0.5,-0.7,-0.3,NA,NA,92.9,5.5,-1.5,926.9,NA,1013.3,NA,1432.1,1.3,135,0.5,1.8,4.7,1.3,4.7,NA,NA,0,7,107,NA,NA,NA,NA,NA,0.047,NA,NA,NA
2026-03-26 10:00:00,"SPF",-0.3,-0.5,-0.1,NA,NA,92.2,5.5,-1.5,927.6,NA,1014,NA,1438.2,3.1,53,1.1,4,11.2,3.1,11.2,NA,NA,0.7,7,166,NA,NA,NA,NA,NA,0.066,NA,NA,NA
2026-03-26 11:00:00,"SPF",0.3,-0.1,0.6,NA,NA,82.7,5.2,-2.3,928,NA,1014.5,NA,1443.7,3.5,41,1.4,5,12.6,3.4,12.2,NA,NA,0.1,6,306,NA,NA,NA,NA,NA,0.115,NA,NA,NA
2026-03-26 12:00:00,"SPF",0.3,-0.2,0.8,NA,NA,84,5.2,-2.1,928.2,NA,1014.7,NA,1445.1,5.9,49,2.1,7.6,21.2,5.8,20.9,NA,NA,0.5,5,399,NA,NA,NA,NA,NA,0.138,NA,NA,NA
2026-03-26 13:00:00,"SPF",0.8,0.5,1.1,NA,NA,73.8,4.8,-3.4,928.1,NA,1014.6,NA,1445.9,3,7,1.1,4,10.8,2.9,10.4,NA,NA,0.2,4,269,NA,NA,NA,NA,NA,0.11,NA,NA,NA
2026-03-26 14:00:00,"SPF",-0.2,-0.6,0.1,NA,NA,89.6,5.4,-1.7,928.4,NA,1014.9,NA,1446.1,5.8,6,1.3,4.7,20.9,5.5,19.8,NA,NA,0.4,4,292,NA,NA,NA,NA,NA,0.104,NA,NA,NA
2026-03-26 15:00:00,"SPF",-0.2,-0.4,0,NA,NA,88.9,5.4,-1.8,928.4,NA,1014.9,NA,1445.9,4,117,0.7,2.5,14.4,4,14.4,NA,NA,0.2,4,221,NA,NA,NA,NA,NA,0.082,NA,NA,NA
2026-03-26 16:00:00,"SPF",-0.4,-0.7,0,NA,NA,90.3,5.3,-1.8,928.4,NA,1014.9,NA,1445.4,2.9,198,1.2,4.3,10.4,2.9,10.4,NA,NA,0,3,232,NA,NA,NA,NA,NA,0.073,NA,NA,NA
2026-03-26 17:00:00,"SPF",-0.2,-0.6,0.2,NA,NA,89,5.4,-1.8,928.5,NA,1015,NA,1446.4,3.1,191,1.6,5.8,11.2,3.1,11.2,NA,NA,0,3,111,NA,NA,NA,NA,NA,0.033,NA,NA,NA
2026-03-26 18:00:00,"SPF",-0.7,-1.4,0.3,NA,NA,93.3,5.4,-1.7,929.1,NA,1015.7,NA,1450.7,9.3,68,2.2,7.9,33.5,9,32.4,NA,NA,1.6,5,10,NA,NA,NA,NA,NA,0.002,NA,NA,NA
2026-03-26 19:00:00,"SPF",-1.7,-1.9,-1.4,NA,NA,99.2,5.4,-1.8,929.6,NA,1016.2,NA,1452,2.7,189,1,3.6,9.7,2.7,9.7,NA,NA,0,5,0,NA,NA,NA,NA,NA,-0.005,NA,NA,NA
2026-03-26 20:00:00,"SPF",-3,-3.1,-2.8,NA,NA,99.2,4.9,-3.1,930.2,NA,1016.8,NA,1453.2,2.1,203,0.9,3.2,7.6,2,7.2,NA,NA,0,5,0,NA,NA,NA,NA,NA,-0.004,NA,NA,NA
2026-03-26 21:00:00,"SPF",-2.8,-3,-2.3,NA,NA,99.2,5,-2.9,930.3,NA,1016.9,NA,1454.5,2.5,194,1.2,4.3,9,2.4,8.6,NA,NA,0.1,4,0,NA,NA,NA,NA,NA,-0.004,NA,NA,NA
2026-03-26 22:00:00,"SPF",-1.9,-2.1,-1.6,NA,NA,99.2,5.3,-2,930.4,NA,1017,NA,1458,2,180,0.9,3.2,7.2,2,7.2,NA,NA,0,4,0,NA,NA,NA,NA,NA,-0.005,NA,NA,NA
2026-03-26 23:00:00,"SPF",-1.7,-1.8,-1.6,NA,NA,99.2,5.3,-1.8,930.4,NA,1017,NA,1458.6,1.9,203,0.8,2.9,6.8,1.9,6.8,NA,NA,0.3,4,0,NA,NA,NA,NA,NA,-0.005,NA,NA,NA
2026-03-27,"SPF",-1.7,-1.8,-1.5,NA,NA,99.3,5.4,-1.8,930.3,NA,1016.9,NA,1457.7,3.1,270,0.7,2.5,11.2,3,10.8,NA,NA,0.5,4,0,NA,NA,NA,NA,NA,-0.005,NA,NA,NA
2026-03-27 01:00:00,"SPF",-1.1,-1.2,-1,NA,NA,99.3,5.6,-1.2,930.3,NA,1016.9,NA,1459.1,6.5,32,3.4,12.2,23.4,6.4,23,NA,NA,0,4,0,NA,NA,NA,NA,NA,-0.003,NA,NA,NA
2026-03-27 02:00:00,"SPF",-1,-1.1,-0.9,NA,NA,99,5.6,-1.2,930.4,NA,1017,NA,1460.4,7.8,27,3.9,14,28.1,7.6,27.4,NA,NA,0,4,0,NA,NA,NA,NA,NA,-0.002,NA,NA,NA
2026-03-27 03:00:00,"SPF",-1.1,-1.2,-1,NA,NA,97.1,5.5,-1.5,930.6,NA,1017.2,NA,1461.6,8.8,26,4.2,15.1,31.7,8.8,31.7,NA,NA,0.1,4,0,NA,NA,NA,NA,NA,-0.001,NA,NA,NA
2026-03-27 04:00:00,"SPF",-1.3,-1.4,-1.2,NA,NA,93.1,5.2,-2.3,930.9,NA,1017.6,NA,1463.7,8.5,17,4.6,16.6,30.6,8.2,29.5,NA,NA,0.1,4,0,NA,NA,NA,NA,NA,0.001,NA,NA,NA
2026-03-27 05:00:00,"SPF",-1.5,-1.5,-1.4,NA,NA,94.1,5.2,-2.3,931.3,NA,1018,NA,1466.7,7,22,3.9,14,25.2,7,25.2,NA,NA,0,3,0,NA,NA,NA,NA,NA,0,NA,NA,NA
2026-03-27 06:00:00,"SPF",-1.6,-1.6,-1.5,NA,NA,89.8,4.9,-3,931.8,NA,1018.6,NA,1470.8,7.6,23,4.2,15.1,27.4,7.4,26.6,NA,NA,0,3,6,NA,NA,NA,NA,NA,0.015,NA,NA,NA
2026-03-27 07:00:00,"SPF",-1.6,-1.7,-1.6,NA,NA,88.4,4.8,-3.3,932.2,NA,1019,NA,1474.2,6.9,18,4.3,15.5,24.8,6.8,24.5,NA,NA,0,3,73,NA,NA,NA,NA,NA,0.029,NA,NA,NA
2026-03-27 08:00:00,"SPF",-1.5,-1.6,-1.4,NA,NA,85.8,4.7,-3.5,932.6,NA,1019.4,NA,1477.3,7.9,19,4.5,16.2,28.4,7.8,28.1,NA,NA,0,3,139,NA,NA,NA,NA,NA,0.049,NA,NA,NA
2026-03-27 09:00:00,"SPF",-1.4,-1.4,-1.2,NA,NA,86.6,4.8,-3.3,933.1,NA,1020,NA,1482.2,8.7,28,4.9,17.6,31.3,8.5,30.6,NA,NA,0,3,197,NA,NA,NA,NA,NA,0.063,NA,NA,NA
2026-03-27 10:00:00,"SPF",-0.7,-0.9,-0.6,NA,NA,77.4,4.5,-4.1,933.5,NA,1020.4,NA,1487.1,8.7,19,5,18,31.3,8.5,30.6,NA,NA,0,3,457,NA,NA,NA,NA,NA,0.133,NA,NA,NA
2026-03-27 11:00:00,"SPF",-0.4,-0.6,-0.1,NA,NA,76.1,4.5,-4.1,933.5,NA,1020.4,NA,1488.1,7.3,18,4.6,16.6,26.3,7.1,25.6,NA,NA,0,2,421,NA,NA,NA,NA,NA,0.133,NA,NA,NA
2026-03-27 12:00:00,"SPF",0.1,-0.2,0.6,NA,NA,71.1,4.4,-4.5,933.3,NA,1020.2,NA,1487.8,8.1,18,4.9,17.6,29.2,7.9,28.4,NA,NA,0,2,333,NA,NA,NA,NA,NA,0.121,NA,NA,NA
2026-03-27 13:00:00,"SPF",1.3,0.8,1.9,NA,NA,60,4,-5.6,933.3,NA,1020.2,NA,1491,8.7,24,4.8,17.3,31.3,8.5,30.6,NA,NA,0,2,644,NA,NA,NA,NA,NA,0.216,NA,NA,NA
2026-03-27 14:00:00,"SPF",1.5,1.3,1.8,NA,NA,57.5,3.9,-5.9,933.2,NA,1020.1,NA,1490.9,9.3,18,5,18,33.5,9,32.4,NA,NA,0,0,440,NA,NA,NA,NA,NA,0.168,NA,NA,NA
2026-03-27 15:00:00,"SPF",1.8,1.4,2.4,NA,NA,58,4,-5.6,933.2,NA,1020,NA,1491.5,7.4,25,4.1,14.8,26.6,7.4,26.6,NA,NA,0,0,419,NA,NA,NA,NA,NA,0.158,NA,NA,NA
2026-03-27 16:00:00,"SPF",1.7,1.2,1.9,NA,NA,60.3,4.2,-5.2,933.2,NA,1020.1,NA,1491.1,6.7,28,3.8,13.7,24.1,6.5,23.4,NA,NA,0,2,325,NA,NA,NA,NA,NA,0.123,NA,NA,NA
2026-03-27 17:00:00,"SPF",1.2,0.7,1.6,NA,NA,64.1,4.3,-4.8,933.4,NA,1020.3,NA,1492,6.3,37,2.9,10.4,22.7,6.2,22.3,NA,NA,0,0,96,NA,NA,NA,NA,NA,0.055,NA,NA,NA
2026-03-27 18:00:00,"SPF",0.6,0.1,0.9,NA,NA,70.3,4.5,-4.2,933.7,NA,1020.6,NA,1492.9,3.4,31,1.8,6.5,12.2,3.4,12.2,NA,NA,0,0,18,NA,NA,NA,NA,NA,0.008,NA,NA,NA
2026-03-27 19:00:00,"SPF",-0.9,-1.9,-0.1,NA,NA,79,4.6,-4.1,933.9,NA,1020.8,NA,1490.6,1.5,8,0.8,2.9,5.4,1.5,5.4,NA,NA,0,0,0,NA,NA,NA,NA,NA,-0.001,NA,NA,NA
2026-03-27 20:00:00,"SPF",-3.1,-3.7,-2.7,NA,NA,94,4.6,-3.9,934.1,NA,1021,NA,1485.6,1.8,198,0.9,3.2,6.5,1.8,6.5,NA,NA,0,0,0,NA,NA,NA,NA,NA,-0.003,NA,NA,NA
2026-03-27 21:00:00,"SPF",-4.1,-4.9,-3.5,NA,NA,96.7,4.4,-4.6,934.2,NA,1021.1,NA,1483.9,1.8,203,0.7,2.5,6.5,1.7,6.1,NA,NA,0,0,0,NA,NA,NA,NA,NA,-0.004,NA,NA,NA
2026-03-27 22:00:00,"SPF",-4.8,-5.1,-4.6,NA,NA,98.2,4.2,-5.1,934.3,NA,1021.2,NA,1482.3,2.2,216,1.2,4.3,7.9,2.1,7.6,NA,NA,0,0,0,NA,NA,NA,NA,NA,-0.003,NA,NA,NA
2026-03-27 23:00:00,"SPF",-5.8,-6.2,-5.2,NA,NA,99.2,4,-5.9,934.3,NA,1021.2,NA,1479.7,2.3,202,1.1,4,8.3,2.3,8.3,NA,NA,0,0,0,NA,NA,NA,NA,NA,-0.004,NA,NA,NA
2026-03-28,"SPF",-6.8,-7,-6.5,NA,NA,99.2,3.7,-6.9,934.3,NA,1021.2,NA,1476.6,2.3,207,1.4,5,8.3,2.3,8.3,NA,NA,0,0,0,NA,NA,NA,NA,NA,-0.003,NA,NA,NA
2026-03-28 01:00:00,"SPF",-7.3,-7.6,-7,NA,NA,99.3,3.5,-7.4,934,NA,1020.9,NA,1472.9,2.4,209,1.3,4.7,8.6,2.3,8.3,NA,NA,0,0,0,NA,NA,NA,NA,NA,-0.003,NA,NA,NA
2026-03-28 02:00:00,"SPF",-7.7,-8.2,-6.9,NA,NA,99.3,3.4,-7.8,933.6,NA,1020.5,NA,1468.4,2.5,216,1.4,5,9,2.5,9,NA,NA,0,0,0,NA,NA,NA,NA,NA,-0.003,NA,NA,NA
2026-03-28 03:00:00,"SPF",-8,-8.4,-7.7,NA,NA,99.3,3.3,-8.1,933.2,NA,1020.1,NA,1464.4,2.5,207,1.6,5.8,9,2.5,9,NA,NA,0,0,0,NA,NA,NA,NA,NA,-0.003,NA,NA,NA
2026-03-28 04:00:00,"SPF",-8,-8.2,-7.8,NA,NA,99.3,3.3,-8.1,933.1,NA,1020,NA,1464,3,212,1.9,6.8,10.8,2.9,10.4,NA,NA,0,0,0,NA,NA,NA,NA,NA,-0.002,NA,NA,NA
2026-03-28 05:00:00,"SPF",-8.2,-8.7,-8,NA,NA,99.2,3.3,-8.3,933.2,NA,1020.1,NA,1463.8,2.9,207,1.6,5.8,10.4,2.8,10.1,NA,NA,0,0,0,NA,NA,NA,NA,NA,-0.003,NA,NA,NA
2026-03-28 06:00:00,"SPF",-8.3,-9,-7.5,NA,NA,99.2,3.3,-8.4,933.2,NA,1020,NA,1463.2,2.6,209,1.3,4.7,9.4,2.6,9.4,NA,NA,0,0,10,NA,NA,NA,NA,NA,0.004,NA,NA,NA
2026-03-28 07:00:00,"SPF",-7.8,-8.3,-7.2,NA,NA,97.6,3.3,-8.1,933.3,NA,1020.2,NA,1465.6,2.4,211,1.3,4.7,8.6,2.3,8.3,NA,NA,0,0,122,NA,NA,NA,NA,NA,0.024,NA,NA,NA
2026-03-28 08:00:00,"SPF",-4.8,-6.2,-3.3,NA,NA,82.5,3.5,-7.4,933.4,NA,1020.3,NA,1474.8,3.9,195,2,7.2,14,3.8,13.7,NA,NA,0,0,378,NA,NA,NA,NA,NA,0.09,NA,NA,NA
2026-03-28 09:00:00,"SPF",-2,-3.3,-0.6,NA,NA,75.6,4,-5.8,933.3,NA,1020.2,NA,1481.7,2.2,209,1.2,4.3,7.9,2.2,7.9,NA,NA,0,0,557,NA,NA,NA,NA,NA,0.167,NA,NA,NA
2026-03-28 10:00:00,"SPF",0.7,-0.6,1.7,NA,NA,64.6,4.1,-5.3,933.2,NA,1020.1,NA,1488.7,2.9,186,0.9,3.2,10.4,2.8,10.1,NA,NA,0,0,695,NA,NA,NA,NA,NA,0.247,NA,NA,NA
2026-03-28 11:00:00,"SPF",2.7,1.9,3.2,NA,NA,58.4,4.3,-4.7,933,NA,1019.8,NA,1492.5,4.2,202,2,7.2,15.1,4.1,14.8,NA,NA,0,0,778,NA,NA,NA,NA,NA,0.291,NA,NA,NA
2026-03-28 12:00:00,"SPF",3.7,3.3,4.2,NA,NA,56.7,4.5,-4.1,932.6,NA,1019.4,NA,1491.8,4.5,225,2,7.2,16.2,4.4,15.8,NA,NA,0,0,701,NA,NA,NA,NA,NA,0.277,NA,NA,NA
2026-03-28 13:00:00,"SPF",4.2,4.1,4.3,NA,NA,57.9,4.8,-3.3,932,NA,1018.8,NA,1488.6,4.3,220,0.8,2.9,15.5,4.2,15.1,NA,NA,0,0,491,NA,NA,NA,NA,NA,0.211,NA,NA,NA
2026-03-28 14:00:00,"SPF",4.5,4.3,4.6,NA,NA,59.1,5,-2.8,931.6,NA,1018.3,NA,1485.7,4,219,2,7.2,14.4,3.9,14,NA,NA,0,0,358,NA,NA,NA,NA,NA,0.163,NA,NA,NA
2026-03-28 15:00:00,"SPF",4.5,4.1,4.7,NA,NA,63.3,5.3,-1.9,931.4,NA,1018.1,NA,1483.8,5.2,241,2.6,9.4,18.7,5.1,18.4,NA,NA,0,0,185,NA,NA,NA,NA,NA,0.103,NA,NA,NA
2026-03-28 16:00:00,"SPF",2.5,1.9,3.3,NA,NA,82.2,6,-0.3,931.7,NA,1018.5,NA,1481.2,5.8,216,2.4,8.6,20.9,5.5,19.8,NA,NA,0,0,80,NA,NA,NA,NA,NA,0.047,NA,NA,NA
2026-03-28 17:00:00,"SPF",1,0.6,1.5,NA,NA,98.7,6.5,0.8,932.2,NA,1019,NA,1481.6,2.7,191,1.1,4,9.7,2.6,9.4,NA,NA,0.6,0,27,NA,NA,NA,NA,NA,0.018,NA,NA,NA
2026-03-28 18:00:00,"SPF",0.8,0.7,0.9,NA,NA,99.3,6.4,0.7,932.8,NA,1019.6,NA,1485.5,1.8,167,1,3.6,6.5,1.7,6.1,NA,NA,0.6,0,2,NA,NA,NA,NA,NA,0.011,NA,NA,NA
2026-03-28 19:00:00,"SPF",0.6,0.5,0.8,NA,NA,99.3,6.3,0.5,933.6,NA,1020.5,NA,1492,2.4,180,1.2,4.3,8.6,2.4,8.6,NA,NA,0.7,0,0,NA,NA,NA,NA,NA,-0.005,NA,NA,NA
2026-03-28 20:00:00,"SPF",0.5,0.4,0.5,NA,NA,99.3,6.3,0.4,934.4,NA,1021.3,NA,1497.9,1.2,180,0.4,1.4,4.3,1.2,4.3,NA,NA,0.9,0,0,NA,NA,NA,NA,NA,-0.006,NA,NA,NA
2026-03-28 21:00:00,"SPF",0.4,0.3,0.5,NA,NA,99.3,6.3,0.3,934.7,NA,1021.7,NA,1500.6,1,90,0.4,1.4,3.6,1,3.6,NA,NA,1.1,1,0,NA,NA,NA,NA,NA,-0.006,NA,NA,NA
2026-03-28 22:00:00,"SPF",0.2,0.1,0.2,NA,NA,99.3,6.2,0.1,935,NA,1022,NA,1502.3,0.9,14,0.4,1.4,3.2,0.9,3.2,NA,NA,1.4,2,0,NA,NA,NA,NA,NA,-0.006,NA,NA,NA
2026-03-28 23:00:00,"SPF",0.1,0,0.1,NA,NA,99.3,6.1,0,935.1,NA,1022.1,NA,1503.4,1,11,0.5,1.8,3.6,1,3.6,NA,NA,1.3,4,0,NA,NA,NA,NA,NA,-0.006,NA,NA,NA
2026-03-29,"SPF",0.1,0.1,0.2,NA,NA,99.4,6.1,0,935.2,NA,1022.2,NA,1504.3,1.7,8,0.7,2.5,6.1,1.6,5.8,NA,NA,0.6,4,0,NA,NA,NA,NA,NA,-0.006,NA,NA,NA
2026-03-29 01:00:00,"SPF",0.2,0.2,0.3,NA,NA,99.4,6.2,0.1,935.3,NA,1022.3,NA,1504.7,2,17,1,3.6,7.2,1.9,6.8,NA,NA,0.7,5,0,NA,NA,NA,NA,NA,-0.005,NA,NA,NA
2026-03-29 02:00:00,"SPF",0.3,0.3,0.4,NA,NA,99.4,6.2,0.2,935.3,NA,1022.3,NA,1505.5,3.2,42,1.4,5,11.5,3.1,11.2,NA,NA,0.9,6,0,NA,NA,NA,NA,NA,-0.004,NA,NA,NA
2026-03-29 03:00:00,"SPF",0.3,0.1,0.4,NA,NA,99.3,6.2,0.2,935.4,NA,1022.4,NA,1506.1,3.1,36,1.8,6.5,11.2,3,10.8,NA,NA,0.9,7,0,NA,NA,NA,NA,NA,-0.004,NA,NA,NA
2026-03-29 04:00:00,"SPF",0,-0.1,0.1,NA,NA,99.3,6.1,-0.1,935.7,NA,1022.7,NA,1507.9,2.9,30,1.6,5.8,10.4,2.8,10.1,NA,NA,2,10,0,NA,NA,NA,NA,NA,-0.004,NA,NA,NA
2026-03-29 05:00:00,"SPF",-0.1,-0.1,-0.1,NA,NA,99.3,6,-0.2,935.9,NA,1023,NA,1509.1,3.3,28,1.8,6.5,11.9,3.2,11.5,NA,NA,1.6,13,0,NA,NA,NA,NA,NA,-0.004,NA,NA,NA
2026-03-29 06:00:00,"SPF",-0.1,-0.2,-0.1,NA,NA,99.3,6,-0.2,936.3,NA,1023.4,NA,1512.9,3.6,27,2.2,7.9,13,3.5,12.6,NA,NA,1.2,14,3,NA,NA,NA,NA,NA,0.01,NA,NA,NA
2026-03-29 07:00:00,"SPF",0.1,-0.1,0.2,NA,NA,99.3,6.1,0,936.9,NA,1024,NA,1517.7,3.8,25,2.1,7.6,13.7,3.7,13.3,NA,NA,0.3,14,34,NA,NA,NA,NA,NA,0.017,NA,NA,NA
2026-03-29 08:00:00,"SPF",0.4,0.3,0.5,NA,NA,99.3,6.2,0.3,937.4,NA,1024.5,NA,1523,5.9,24,3,10.8,21.2,5.8,20.9,NA,NA,0.3,14,96,NA,NA,NA,NA,NA,0.033,NA,NA,NA
2026-03-29 09:00:00,"SPF",0.8,0.6,1,NA,NA,98.2,6.4,0.6,938.1,NA,1025.3,NA,1530.5,6.4,25,3.4,12.2,23,6.3,22.7,NA,NA,0,12,237,NA,NA,NA,NA,NA,0.071,NA,NA,NA
2026-03-29 10:00:00,"SPF",0.9,0.9,1,NA,NA,97.8,6.4,0.6,938.6,NA,1025.9,NA,1535.1,7.2,23,4.1,14.8,25.9,7.1,25.6,NA,NA,0,11,182,NA,NA,NA,NA,NA,0.058,NA,NA,NA
2026-03-29 11:00:00,"SPF",1.2,1.1,1.5,NA,NA,95.7,6.4,0.6,939,NA,1026.3,NA,1539.3,6.8,28,3.7,13.3,24.5,6.7,24.1,NA,NA,0.1,10,195,NA,NA,NA,NA,NA,0.067,NA,NA,NA
2026-03-29 12:00:00,"SPF",2,1.5,2.3,NA,NA,87.6,6.2,0.1,939.1,NA,1026.4,NA,1541.9,7,18,3.9,14,25.2,6.9,24.8,NA,NA,0.2,9,425,NA,NA,NA,NA,NA,0.14,NA,NA,NA
2026-03-29 13:00:00,"SPF",3.1,2.6,3.2,NA,NA,75.2,5.7,-0.9,938.5,NA,1025.7,NA,1540.2,8.7,13,5.1,18.4,31.3,8.3,29.9,NA,NA,0,6,723,NA,NA,NA,NA,NA,0.233,NA,NA,NA
2026-03-29 14:00:00,"SPF",3,2.6,3.2,NA,NA,77.1,5.9,-0.6,938.6,NA,1025.8,NA,1540.8,7.9,12,5.1,18.4,28.4,7.7,27.7,NA,NA,0.1,4,463,NA,NA,NA,NA,NA,0.16,NA,NA,NA
2026-03-29 15:00:00,"SPF",2.5,2.2,2.8,NA,NA,84,6.1,0.1,938.8,NA,1026.1,NA,1541.6,5.9,25,2.7,9.7,21.2,5.8,20.9,NA,NA,0.2,3,215,NA,NA,NA,NA,NA,0.086,NA,NA,NA
2026-03-29 16:00:00,"SPF",2.1,1.9,2.2,NA,NA,88.5,6.3,0.4,938.9,NA,1026.2,NA,1541.1,3.9,45,1.8,6.5,14,3.8,13.7,NA,NA,0,3,87,NA,NA,NA,NA,NA,0.043,NA,NA,NA
2026-03-29 17:00:00,"SPF",2.2,2.1,2.3,NA,NA,90,6.4,0.7,939.4,NA,1026.7,NA,1545.6,2,14,0.9,3.2,7.2,2,7.2,NA,NA,0.1,2,30,NA,NA,NA,NA,NA,0.023,NA,NA,NA
2026-03-29 18:00:00,"SPF",1.4,1.2,1.5,NA,NA,98.9,6.7,1.2,939.9,NA,1027.3,NA,1547.4,2.2,196,0.8,2.9,7.9,2.2,7.9,NA,NA,0,2,11,NA,NA,NA,NA,NA,0.004,NA,NA,NA
2026-03-29 19:00:00,"SPF",1,0.8,1.2,NA,NA,99.3,6.5,0.9,940,NA,1027.4,NA,1547.1,1.3,210,0.8,2.9,4.7,1.3,4.7,NA,NA,0,2,0,NA,NA,NA,NA,NA,-0.005,NA,NA,NA
2026-03-29 20:00:00,"SPF",0.7,0.5,0.9,NA,NA,99.3,6.4,0.6,939.7,NA,1027.1,NA,1543.5,1.6,217,0.7,2.5,5.8,1.6,5.8,NA,NA,0,2,0,NA,NA,NA,NA,NA,-0.006,NA,NA,NA
2026-03-29 21:00:00,"SPF",0.1,-0.4,0.4,NA,NA,99.3,6.1,0,939.5,NA,1026.8,NA,1540.2,2.2,193,1.1,4,7.9,2.2,7.9,NA,NA,0,2,0,NA,NA,NA,NA,NA,-0.005,NA,NA,NA
2026-03-29 22:00:00,"SPF",-0.7,-1.3,-0.4,NA,NA,99.3,5.8,-0.8,939.6,NA,1026.9,NA,1538.2,2.7,195,1.3,4.7,9.7,2.6,9.4,NA,NA,0,2,0,NA,NA,NA,NA,NA,-0.004,NA,NA,NA
2026-03-29 23:00:00,"SPF",-0.9,-1.3,-0.6,NA,NA,99.3,5.7,-1,939.8,NA,1027.1,NA,1539.1,4,209,1.9,6.8,14.4,4,14.4,NA,NA,0,2,0,NA,NA,NA,NA,NA,-0.004,NA,NA,NA
2026-03-30,"SPF",-0.7,-1.2,-0.4,NA,NA,99.1,5.8,-0.8,939.3,NA,1026.6,NA,1535.8,4.1,203,2.3,8.3,14.8,4.1,14.8,NA,NA,0,2,0,NA,NA,NA,NA,NA,-0.003,NA,NA,NA
2026-03-30 01:00:00,"SPF",-0.9,-1.1,-0.5,NA,NA,98.4,5.6,-1.1,939,NA,1026.3,NA,1532.5,3.6,209,1.9,6.8,13,3.5,12.6,NA,NA,0,2,0,NA,NA,NA,NA,NA,-0.003,NA,NA,NA
2026-03-30 02:00:00,"SPF",-0.2,-0.4,0.1,NA,NA,93.4,5.6,-1.2,938.1,NA,1025.3,NA,1527.5,5.7,211,3.2,11.5,20.5,5.6,20.2,NA,NA,0,2,0,NA,NA,NA,NA,NA,0,NA,NA,NA
2026-03-30 03:00:00,"SPF",0.3,0.1,0.5,NA,NA,88.3,5.5,-1.4,937.1,NA,1024.2,NA,1520.2,7,201,3.8,13.7,25.2,6.9,24.8,NA,NA,0,2,0,NA,NA,NA,NA,NA,0.003,NA,NA,NA
2026-03-30 04:00:00,"SPF",0.8,0.5,1,NA,NA,84.8,5.5,-1.5,936,NA,1023.1,NA,1512.6,7.2,229,3.5,12.6,25.9,7.2,25.9,NA,NA,0,2,0,NA,NA,NA,NA,NA,0.005,NA,NA,NA
2026-03-30 05:00:00,"SPF",1,0.6,1.2,NA,NA,83.8,5.5,-1.5,936.3,NA,1023.4,NA,1515.7,4.9,234,2.9,10.4,17.6,4.8,17.3,NA,NA,0,2,0,NA,NA,NA,NA,NA,0.005,NA,NA,NA
2026-03-30 06:00:00,"SPF",1.9,1.5,2.5,NA,NA,71.3,5,-2.8,935.9,NA,1022.9,NA,1514.6,10.4,215,5.3,19.1,37.4,9.8,35.3,NA,NA,0,2,6,NA,NA,NA,NA,NA,0.047,NA,NA,NA
2026-03-30 07:00:00,"SPF",1.8,1.5,2.1,NA,NA,70.8,4.9,-2.9,935.5,NA,1022.5,NA,1511.2,11.4,205,6.1,22,41,10.8,38.9,NA,NA,0,2,35,NA,NA,NA,NA,NA,0.057,NA,NA,NA
2026-03-30 08:00:00,"SPF",1.3,0.9,1.7,NA,NA,82.2,5.5,-1.5,935.5,NA,1022.5,NA,1509.5,8,228,4.7,16.9,28.8,7.8,28.1,NA,NA,0.2,3,94,NA,NA,NA,NA,NA,0.051,NA,NA,NA
2026-03-30 09:00:00,"SPF",1.3,0.9,1.8,NA,NA,90.1,6,-0.2,934.9,NA,1021.9,NA,1504.8,8.1,221,4.9,17.6,29.2,7.9,28.4,NA,NA,0.1,3,185,NA,NA,NA,NA,NA,0.065,NA,NA,NA
2026-03-30 10:00:00,"SPF",2.4,2,2.8,NA,NA,80.1,5.8,-0.6,934.5,NA,1021.4,NA,1504.4,6.9,219,3.4,12.2,24.8,6.7,24.1,NA,NA,0,2,178,NA,NA,NA,NA,NA,0.082,NA,NA,NA
2026-03-30 11:00:00,"SPF",3.9,3.2,4.4,NA,NA,72.7,5.9,-0.6,933.6,NA,1020.5,NA,1501.4,7.4,219,3.9,14,26.6,7.2,25.9,NA,NA,0,1,460,NA,NA,NA,NA,NA,0.18,NA,NA,NA
2026-03-30 12:00:00,"SPF",4.3,4,4.4,NA,NA,71.5,5.9,-0.4,932.9,NA,1019.7,NA,1495.9,7.9,215,4.3,15.5,28.4,7.6,27.4,NA,NA,0,1,401,NA,NA,NA,NA,NA,0.166,NA,NA,NA
2026-03-30 13:00:00,"SPF",4.6,4.3,4.8,NA,NA,69.7,5.9,-0.5,932.2,NA,1019,NA,1490.7,10.7,211,3.8,13.7,38.5,10.5,37.8,NA,NA,0,0,325,NA,NA,NA,NA,NA,0.148,NA,NA,NA
2026-03-30 14:00:00,"SPF",4.5,4.2,4.7,NA,NA,67.7,5.7,-0.9,931.5,NA,1018.2,NA,1485,10,206,5.2,18.7,36,9.8,35.3,NA,NA,0,0,215,NA,NA,NA,NA,NA,0.118,NA,NA,NA
2026-03-30 15:00:00,"SPF",2.9,1.8,4.5,NA,NA,84.8,6.3,0.5,931.6,NA,1018.3,NA,1481.3,9.4,207,4.7,16.9,33.8,9.2,33.1,NA,NA,0.9,0,113,NA,NA,NA,NA,NA,0.059,NA,NA,NA
2026-03-30 16:00:00,"SPF",2.5,1.9,2.9,NA,NA,94.8,6.9,1.7,931.9,NA,1018.6,NA,1482.4,5.1,215,2.6,9.4,18.4,5,18,NA,NA,0,0,171,NA,NA,NA,NA,NA,0.06,NA,NA,NA
2026-03-30 17:00:00,"SPF",2.7,2.4,2.8,NA,NA,91.4,6.8,1.4,931.9,NA,1018.7,NA,1483.4,6,204,1.4,5,21.6,5.9,21.2,NA,NA,0.3,0,33,NA,NA,NA,NA,NA,0.024,NA,NA,NA
2026-03-30 18:00:00,"SPF",1.5,0.8,2.2,NA,NA,98.7,6.7,1.3,931.7,NA,1018.4,NA,1478.2,3.8,185,1.4,5,13.7,3.7,13.3,NA,NA,1.9,0,1,NA,NA,NA,NA,NA,0.013,NA,NA,NA
2026-03-30 19:00:00,"SPF",1.6,1.3,2.1,NA,NA,99.1,6.8,1.5,932.2,NA,1019,NA,1482.4,4.5,200,1.4,5,16.2,4.4,15.8,NA,NA,0.2,0,0,NA,NA,NA,NA,NA,-0.005,NA,NA,NA
2026-03-30 20:00:00,"SPF",1.5,1.3,1.6,NA,NA,99.3,6.8,1.4,932.9,NA,1019.7,NA,1488.4,2.1,214,0.8,2.9,7.6,2.1,7.6,NA,NA,0,0,0,NA,NA,NA,NA,NA,-0.006,NA,NA,NA
2026-03-30 21:00:00,"SPF",1.7,1.5,1.8,NA,NA,99,6.8,1.5,933.3,NA,1020.2,NA,1492,2.2,164,0.8,2.9,7.9,2.2,7.9,NA,NA,0,0,0,NA,NA,NA,NA,NA,-0.006,NA,NA,NA
2026-03-30 22:00:00,"SPF",1.7,1.5,1.8,NA,NA,98.1,6.7,1.4,933.3,NA,1020.2,NA,1492.5,4.2,151,1.3,4.7,15.1,4.1,14.8,NA,NA,0.2,0,0,NA,NA,NA,NA,NA,-0.004,NA,NA,NA
2026-03-30 23:00:00,"SPF",1.4,1.2,1.8,NA,NA,98.6,6.7,1.2,933.6,NA,1020.5,NA,1493.6,1.6,180,0.7,2.5,5.8,1.6,5.8,NA,NA,0,0,0,NA,NA,NA,NA,NA,-0.006,NA,NA,NA
2026-03-31,"SPF",1.1,1,1.2,NA,NA,99.3,6.6,1,933.7,NA,1020.6,NA,1493.7,1.6,180,0.5,1.8,5.8,1.6,5.8,NA,NA,0.2,0,0,NA,NA,NA,NA,NA,-0.006,NA,NA,NA
2026-03-31 01:00:00,"SPF",0.7,0.6,1,NA,NA,99.3,6.4,0.6,933.7,NA,1020.6,NA,1493.1,1.3,360,0.6,2.2,4.7,1.2,4.3,NA,NA,0.2,0,0,NA,NA,NA,NA,NA,-0.006,NA,NA,NA
2026-03-31 02:00:00,"SPF",0.8,0.5,1.3,NA,NA,99.3,6.4,0.7,933.8,NA,1020.7,NA,1493.9,6,29,1.5,5.4,21.6,5.9,21.2,NA,NA,0.1,0,0,NA,NA,NA,NA,NA,-0.004,NA,NA,NA
2026-03-31 03:00:00,"SPF",1,0.1,1.4,NA,NA,96,6.3,0.4,934.1,NA,1021,NA,1497.3,9.9,26,4.7,16.9,35.6,9.6,34.6,NA,NA,0.4,0,0,NA,NA,NA,NA,NA,0,NA,NA,NA
2026-03-31 04:00:00,"SPF",0.4,0.1,0.5,NA,NA,98.7,6.2,0.2,934.7,NA,1021.7,NA,1500.8,5.5,21,2.6,9.4,19.8,5.3,19.1,NA,NA,0.2,0,0,NA,NA,NA,NA,NA,-0.003,NA,NA,NA
2026-03-31 05:00:00,"SPF",0.3,0.3,0.4,NA,NA,99.2,6.2,0.2,935,NA,1022,NA,1503,5.3,5,2.4,8.6,19.1,5.2,18.7,NA,NA,0.8,0,0,NA,NA,NA,NA,NA,-0.003,NA,NA,NA
2026-03-31 06:00:00,"SPF",0.8,0.5,0.9,NA,NA,92.6,6,-0.3,935.8,NA,1022.9,NA,1511.2,7.6,20,4.2,15.1,27.4,7.4,26.6,NA,NA,0,0,6,NA,NA,NA,NA,NA,0.017,NA,NA,NA
2026-03-31 07:00:00,"SPF",0.6,0.5,0.8,NA,NA,94.6,6.1,-0.2,936.6,NA,1023.7,NA,1516.8,6.1,36,2.9,10.4,22,6,21.6,NA,NA,0.1,0,52,NA,NA,NA,NA,NA,0.024,NA,NA,NA
2026-03-31 08:00:00,"SPF",0.9,0.8,1,NA,NA,86,5.6,-1.2,937.2,NA,1024.3,NA,1522.8,6.9,31,3.4,12.2,24.8,6.8,24.5,NA,NA,0,0,134,NA,NA,NA,NA,NA,0.054,NA,NA,NA
2026-03-31 09:00:00,"SPF",0.9,0.9,1,NA,NA,83.7,5.5,-1.5,937.6,NA,1024.8,NA,1526.3,6,32,3.3,11.9,21.6,5.8,20.9,NA,NA,0.1,0,160,NA,NA,NA,NA,NA,0.067,NA,NA,NA
2026-03-31 10:00:00,"SPF",1,0.3,1.3,NA,NA,84.7,5.6,-1.3,937.8,NA,1025,NA,1528.6,6.9,33,3,10.8,24.8,6.8,24.5,NA,NA,0.7,0,138,NA,NA,NA,NA,NA,0.062,NA,NA,NA
2026-03-31 11:00:00,"SPF",1.3,0.9,1.5,NA,NA,85.7,5.7,-0.9,938.1,NA,1025.3,NA,1531.9,6.4,28,2.8,10.1,23,6.4,23,NA,NA,0.8,0,250,NA,NA,NA,NA,NA,0.095,NA,NA,NA
2026-03-31 12:00:00,"SPF",1.8,1.2,2.4,NA,NA,79.8,5.6,-1.3,938.3,NA,1025.5,NA,1535.4,6.1,32,3.2,11.5,22,6,21.6,NA,NA,0.2,0,427,NA,NA,NA,NA,NA,0.152,NA,NA,NA
2026-03-31 13:00:00,"SPF",2.6,2.3,2.9,NA,NA,68.6,5,-2.6,938.1,NA,1025.3,NA,1535.9,6.4,25,3.2,11.5,23,6.3,22.7,NA,NA,0,0,472,NA,NA,NA,NA,NA,0.179,NA,NA,NA
2026-03-31 14:00:00,"SPF",1.6,0.8,2.2,NA,NA,79.3,5.5,-1.6,938.1,NA,1025.3,NA,1532.9,7.6,353,2.7,9.7,27.4,7.4,26.6,NA,NA,1.4,0,148,NA,NA,NA,NA,NA,0.071,NA,NA,NA
2026-03-31 15:00:00,"SPF",1.8,1.3,2.4,NA,NA,80.5,5.6,-1.2,938.2,NA,1025.4,NA,1534,2.4,209,1.2,4.3,8.6,2.4,8.6,NA,NA,0,0,518,NA,NA,NA,NA,NA,0.181,NA,NA,NA
2026-03-31 16:00:00,"SPF",2.3,2.1,2.4,NA,NA,73.6,5.3,-2,937.9,NA,1025.1,NA,1533,6.3,143,1.4,5,22.7,6.2,22.3,NA,NA,0,0,203,NA,NA,NA,NA,NA,0.082,NA,NA,NA
2026-03-31 17:00:00,"SPF",1.5,1.2,1.7,NA,NA,83.4,5.7,-1,938.1,NA,1025.3,NA,1532.2,6.3,15,3.1,11.2,22.7,6.3,22.7,NA,NA,0,0,78,NA,NA,NA,NA,NA,0.038,NA,NA,NA
2026-03-31 18:00:00,"SPF",0.8,0.8,0.9,NA,NA,97.4,6.3,0.4,938.6,NA,1025.9,NA,1534.5,4.8,31,2.4,8.6,17.3,4.7,16.9,NA,NA,0.1,0,7,NA,NA,NA,NA,NA,0.009,NA,NA,NA
2026-03-31 19:00:00,"SPF",0.7,0.6,0.8,NA,NA,97.5,6.3,0.3,938.9,NA,1026.2,NA,1536.9,3.3,27,1.9,6.8,11.9,3.3,11.9,NA,NA,0,0,0,NA,NA,NA,NA,NA,-0.003,NA,NA,NA
2026-03-31 20:00:00,"SPF",0.4,0.3,0.6,NA,NA,99.2,6.3,0.3,939.2,NA,1026.5,NA,1538.4,3.3,45,1.2,4.3,11.9,3.3,11.9,NA,NA,0,0,0,NA,NA,NA,NA,NA,-0.005,NA,NA,NA
2026-03-31 21:00:00,"SPF",-0.5,-1,0.1,NA,NA,99.3,5.9,-0.6,938.8,NA,1026.1,NA,1532.6,1.5,198,0.4,1.4,5.4,1.5,5.4,NA,NA,0,0,0,NA,NA,NA,NA,NA,-0.006,NA,NA,NA
2026-03-31 22:00:00,"SPF",-1.3,-1.5,-1.1,NA,NA,99.3,5.5,-1.4,938.6,NA,1025.9,NA,1528,1.6,210,0.8,2.9,5.8,1.6,5.8,NA,NA,0,0,0,NA,NA,NA,NA,NA,-0.005,NA,NA,NA
2026-03-31 23:00:00,"SPF",-1.2,-1.4,-1.1,NA,NA,99.2,5.6,-1.3,938.5,NA,1025.8,NA,1527.8,1.4,162,0.6,2.2,5,1.3,4.7,NA,NA,0,0,0,NA,NA,NA,NA,NA,-0.005,NA,NA,NA
2026-04-01,"SPF",-1.6,-1.9,-1.2,NA,NA,92.2,5.1,-2.7,938.3,NA,1025.6,NA,1525.2,4.4,177,2.3,8.3,15.8,4.3,15.5,NA,NA,0,0,0,NA,NA,NA,NA,NA,0,NA,NA,NA
2026-04-01 01:00:00,"SPF",-2.7,-3.1,-2.4,NA,NA,94.5,4.7,-3.5,937.7,NA,1024.9,NA,1516.3,3.8,191,1.7,6.1,13.7,3.7,13.3,NA,NA,0,0,0,NA,NA,NA,NA,NA,-0.002,NA,NA,NA
2026-04-01 02:00:00,"SPF",-2.6,-2.7,-2.4,NA,NA,93.9,4.8,-3.4,937,NA,1024.1,NA,1511,2.5,193,1.4,5,9,2.4,8.6,NA,NA,0,0,0,NA,NA,NA,NA,NA,-0.002,NA,NA,NA
2026-04-01 03:00:00,"SPF",-2.3,-2.4,-2.2,NA,NA,93.5,4.8,-3.2,936.4,NA,1023.5,NA,1507.3,2.2,185,1.2,4.3,7.9,2.2,7.9,NA,NA,0,0,0,NA,NA,NA,NA,NA,-0.003,NA,NA,NA
2026-04-01 04:00:00,"SPF",-2.1,-2.2,-2.1,NA,NA,96.1,5,-2.7,936,NA,1023.1,NA,1504.1,1.8,204,1,3.6,6.5,1.8,6.5,NA,NA,0,0,0,NA,NA,NA,NA,NA,-0.004,NA,NA,NA
2026-04-01 05:00:00,"SPF",-2.2,-2.3,-2.1,NA,NA,98.5,5.1,-2.4,935.5,NA,1022.5,NA,1499.5,1.2,198,0.5,1.8,4.3,1.2,4.3,NA,NA,0,0,0,NA,NA,NA,NA,NA,-0.005,NA,NA,NA
2026-04-01 06:00:00,"SPF",-2.6,-3,-2.3,NA,NA,99.3,5,-2.7,935.5,NA,1022.5,NA,1498.2,1.6,194,0.4,1.4,5.8,1.6,5.8,NA,NA,0,0,15,NA,NA,NA,NA,NA,0.008,NA,NA,NA
2026-04-01 07:00:00,"SPF",-2.4,-2.8,-2,NA,NA,99.3,5.1,-2.5,935.6,NA,1022.6,NA,1500.1,1.4,214,0.5,1.8,5,1.4,5,NA,NA,0,0,110,NA,NA,NA,NA,NA,0.032,NA,NA,NA
2026-04-01 08:00:00,"SPF",-1.6,-2.2,-1.2,NA,NA,93.5,5.1,-2.5,935.2,NA,1022.2,NA,1499.3,1.9,188,0.9,3.2,6.8,1.9,6.8,NA,NA,0,0,221,NA,NA,NA,NA,NA,0.07,NA,NA,NA
2026-04-01 09:00:00,"SPF",0.1,-0.5,1.2,NA,NA,86.1,5.3,-1.9,935,NA,1022,NA,1502.2,4.7,153,0.7,2.5,16.9,4.7,16.9,NA,NA,0,0,300,NA,NA,NA,NA,NA,0.108,NA,NA,NA
2026-04-01 10:00:00,"SPF",1.7,1.6,1.9,NA,NA,81.8,5.7,-1.1,934.7,NA,1021.7,NA,1504.2,8.5,21,5.3,19.1,30.6,8.3,29.9,NA,NA,0,0,374,NA,NA,NA,NA,NA,0.124,NA,NA,NA
2026-04-01 11:00:00,"SPF",2.2,1.9,2.6,NA,NA,77.9,5.6,-1.3,934.5,NA,1021.5,NA,1504.2,8.8,24,5.7,20.5,31.7,8.6,31,NA,NA,0,0,689,NA,NA,NA,NA,NA,0.209,NA,NA,NA
2026-04-01 12:00:00,"SPF",3.2,2.8,3.4,NA,NA,70,5.4,-1.8,933.8,NA,1020.7,NA,1500.7,10.3,21,6.1,22,37.1,10,36,NA,NA,0,0,867,NA,NA,NA,NA,NA,0.277,NA,NA,NA
2026-04-01 13:00:00,"SPF",4.1,3.7,4.4,NA,NA,62.4,5.1,-2.4,933,NA,1019.8,NA,1496.6,10.7,31,5.9,21.2,38.5,10.1,36.4,NA,NA,0,0,739,NA,NA,NA,NA,NA,0.262,NA,NA,NA
2026-04-01 14:00:00,"SPF",4.2,4,4.3,NA,NA,60.8,5,-2.7,932.5,NA,1019.3,NA,1492.8,10.7,32,5.8,20.9,38.5,10.4,37.4,NA,NA,0,0,291,NA,NA,NA,NA,NA,0.148,NA,NA,NA
2026-04-01 15:00:00,"SPF",4.2,4.1,4.3,NA,NA,58.8,4.9,-3.1,932.2,NA,1019,NA,1489.8,8,42,4.5,16.2,28.8,7.8,28.1,NA,NA,0,0,198,NA,NA,NA,NA,NA,0.12,NA,NA,NA
2026-04-01 16:00:00,"SPF",4.2,4,4.4,NA,NA,59.5,4.9,-3,931.9,NA,1018.7,NA,1487.1,9.3,34,4.8,17.3,33.5,9.1,32.8,NA,NA,0,0,157,NA,NA,NA,NA,NA,0.105,NA,NA,NA
2026-04-01 17:00:00,"SPF",3.6,3.4,3.8,NA,NA,67,5.3,-1.9,931.8,NA,1018.6,NA,1485.2,8.6,38,4.5,16.2,31,8.5,30.6,NA,NA,0,0,98,NA,NA,NA,NA,NA,0.07,NA,NA,NA
2026-04-01 18:00:00,"SPF",3.3,3,3.5,NA,NA,67.3,5.2,-2.2,931.7,NA,1018.4,NA,1483.4,6.2,25,3.5,12.6,22.3,6,21.6,NA,NA,0,0,42,NA,NA,NA,NA,NA,0.017,NA,NA,NA
2026-04-01 19:00:00,"SPF",2.9,2.8,2.9,NA,NA,69.5,5.2,-2.2,931.8,NA,1018.6,NA,1483.1,5.1,49,2.8,10.1,18.4,5,18,NA,NA,0,0,0,NA,NA,NA,NA,NA,0.012,NA,NA,NA
2026-04-01 20:00:00,"SPF",2.7,2.5,2.9,NA,NA,73.1,5.4,-1.7,931.6,NA,1018.3,NA,1480.5,4.4,54,2.3,8.3,15.8,4.2,15.1,NA,NA,0,0,0,NA,NA,NA,NA,NA,0.009,NA,NA,NA
2026-04-01 21:00:00,"SPF",2.2,1.6,2.5,NA,NA,77.3,5.6,-1.4,931.2,NA,1017.9,NA,1476.3,3.8,47,1.9,6.8,13.7,3.7,13.3,NA,NA,0,0,0,NA,NA,NA,NA,NA,0.005,NA,NA,NA
2026-04-01 22:00:00,"SPF",0.3,-0.4,1.2,NA,NA,87.9,5.5,-1.5,930.7,NA,1017.4,NA,1466.4,1.8,207,0.7,2.5,6.5,1.8,6.5,NA,NA,0,0,0,NA,NA,NA,NA,NA,-0.003,NA,NA,NA
2026-04-01 23:00:00,"SPF",-0.4,-0.7,-0.1,NA,NA,92.5,5.5,-1.5,930.3,NA,1016.9,NA,1460.8,2.5,217,1,3.6,9,2.4,8.6,NA,NA,0,0,0,NA,NA,NA,NA,NA,-0.003,NA,NA,NA
2026-04-02,"SPF",-1.1,-1.3,-0.8,NA,NA,94.4,5.3,-1.9,929.9,NA,1016.5,NA,1455.5,2.6,204,1.3,4.7,9.4,2.6,9.4,NA,NA,0,0,0,NA,NA,NA,NA,NA,-0.003,NA,NA,NA
2026-04-02 01:00:00,"SPF",-1.8,-2.3,-1.2,NA,NA,95.8,5.1,-2.4,929.3,NA,1015.9,NA,1449.3,2.5,207,0.9,3.2,9,2.4,8.6,NA,NA,0,0,0,NA,NA,NA,NA,NA,-0.004,NA,NA,NA
2026-04-02 02:00:00,"SPF",-1.9,-2.3,-1.4,NA,NA,97.4,5.2,-2.2,928.8,NA,1015.3,NA,1444.5,4.3,201,1.5,5.4,15.5,4.2,15.1,NA,NA,0,0,0,NA,NA,NA,NA,NA,-0.003,NA,NA,NA
2026-04-02 03:00:00,"SPF",-1,-1.2,-0.9,NA,NA,87.6,5,-2.8,928.5,NA,1015,NA,1444.5,5,173,3.2,11.5,18,5,18,NA,NA,0,0,0,NA,NA,NA,NA,NA,0.003,NA,NA,NA
2026-04-02 04:00:00,"SPF",-0.8,-1,-0.7,NA,NA,83.4,4.8,-3.3,928.2,NA,1014.7,NA,1442.7,5.1,159,2.7,9.7,18.4,5,18,NA,NA,0,0,0,NA,NA,NA,NA,NA,0.004,NA,NA,NA
2026-04-02 05:00:00,"SPF",-1.2,-1.4,-1.1,NA,NA,82,4.6,-3.9,928.1,NA,1014.6,NA,1440.3,6.3,164,3.4,12.2,22.7,6.2,22.3,NA,NA,0,0,0,NA,NA,NA,NA,NA,0.006,NA,NA,NA
2026-04-02 06:00:00,"SPF",-1.2,-1.5,-1,NA,NA,84.3,4.7,-3.5,928.2,NA,1014.7,NA,1441.6,5,172,2.8,10.1,18,4.9,17.6,NA,NA,0,0,8,NA,NA,NA,NA,NA,0.02,NA,NA,NA
2026-04-02 07:00:00,"SPF",-1.1,-1.4,-0.4,NA,NA,83.3,4.7,-3.5,928.6,NA,1015.1,NA,1445.2,4.6,175,2.4,8.6,16.6,4.5,16.2,NA,NA,0,0,37,NA,NA,NA,NA,NA,0.028,NA,NA,NA
2026-04-02 08:00:00,"SPF",0.5,-0.4,1.2,NA,NA,86,5.5,-1.6,928.7,NA,1015.2,NA,1450.2,6.2,4,1.8,6.5,22.3,5.9,21.2,NA,NA,0,0,205,NA,NA,NA,NA,NA,0.073,NA,NA,NA
2026-04-02 09:00:00,"SPF",1.7,1.3,2.1,NA,NA,87.3,6,-0.2,928.9,NA,1015.4,NA,1455.2,6.9,33,3.5,12.6,24.8,6.8,24.5,NA,NA,0,0,262,NA,NA,NA,NA,NA,0.092,NA,NA,NA
2026-04-02 10:00:00,"SPF",3.2,2.4,4.3,NA,NA,75.6,5.8,-0.7,929.2,NA,1015.8,NA,1461.5,5.4,44,3,10.8,19.4,5.2,18.7,NA,NA,0,0,703,NA,NA,NA,NA,NA,0.247,NA,NA,NA
2026-04-02 11:00:00,"SPF",4.6,4.2,5.3,NA,NA,69.8,5.9,-0.5,929.2,NA,1015.8,NA,1465.3,6.9,29,3.5,12.6,24.8,6.8,24.5,NA,NA,0,0,660,NA,NA,NA,NA,NA,0.252,NA,NA,NA
2026-04-02 12:00:00,"SPF",5.3,4.9,6,NA,NA,65.7,5.9,-0.6,929.1,NA,1015.7,NA,1466.4,10,26,5.7,20.5,36,9.3,33.5,NA,NA,0,0,559,NA,NA,NA,NA,NA,0.225,NA,NA,NA
2026-04-02 13:00:00,"SPF",6,5.5,6.4,NA,NA,61.7,5.8,-0.8,929.1,NA,1015.6,NA,1467.8,11.1,28,5.2,18.7,40,10.8,38.9,NA,NA,0,0,414,NA,NA,NA,NA,NA,0.196,NA,NA,NA
2026-04-02 14:00:00,"SPF",7.3,6.8,7.6,NA,NA,56.4,5.7,-0.8,928.8,NA,1015.3,NA,1469.2,9.6,19,5,18,34.6,9.3,33.5,NA,NA,0,0,708,NA,NA,NA,NA,NA,0.301,NA,NA,NA
2026-04-02 15:00:00,"SPF",7.3,7.1,7.5,NA,NA,57.6,5.9,-0.5,928.8,NA,1015.3,NA,1469.3,8.1,19,3.9,14,29.2,7.9,28.4,NA,NA,0,0,410,NA,NA,NA,NA,NA,0.199,NA,NA,NA
2026-04-02 16:00:00,"SPF",7.8,7.4,8,NA,NA,55.1,5.8,-0.6,929.1,NA,1015.7,NA,1473.2,5.7,36,2.5,9,20.5,5.6,20.2,NA,NA,0,0,437,NA,NA,NA,NA,NA,0.195,NA,NA,NA
2026-04-02 17:00:00,"SPF",7.7,7.1,8.1,NA,NA,52.4,5.5,-1.5,929.3,NA,1015.9,NA,1474.5,4.1,4,2.1,7.6,14.8,4.1,14.8,NA,NA,0,0,189,NA,NA,NA,NA,NA,0.093,NA,NA,NA
2026-04-02 18:00:00,"SPF",5,4.1,6.1,NA,NA,76.2,6.6,1.1,929.7,NA,1016.3,NA,1470.7,4.2,202,2.4,8.6,15.1,4,14.4,NA,NA,0,0,49,NA,NA,NA,NA,NA,0.009,NA,NA,NA
2026-04-02 19:00:00,"SPF",3.4,2.3,3.9,NA,NA,85.3,6.6,1.2,930.3,NA,1016.9,NA,1471.6,4.3,214,2.3,8.3,15.5,4.3,15.5,NA,NA,0,0,0,NA,NA,NA,NA,NA,0.003,NA,NA,NA
2026-04-02 20:00:00,"SPF",1.7,1.1,2.1,NA,NA,93.6,6.5,0.7,930.8,NA,1017.5,NA,1471.4,3.2,203,1.4,5,11.5,3.2,11.5,NA,NA,0,0,0,NA,NA,NA,NA,NA,-0.003,NA,NA,NA
2026-04-02 21:00:00,"SPF",1,0.9,1.1,NA,NA,97.6,6.4,0.7,931,NA,1017.7,NA,1471.2,2.8,198,1.7,6.1,10.1,2.8,10.1,NA,NA,0,0,0,NA,NA,NA,NA,NA,-0.004,NA,NA,NA
2026-04-02 22:00:00,"SPF",1.2,0.9,1.4,NA,NA,99.2,6.6,1.1,931,NA,1017.7,NA,1471.7,2.3,204,1.1,4,8.3,2.3,8.3,NA,NA,0,0,0,NA,NA,NA,NA,NA,-0.005,NA,NA,NA
2026-04-02 23:00:00,"SPF",1.1,1,1.2,NA,NA,99.2,6.6,1,931,NA,1017.7,NA,1471.4,2.2,200,1.2,4.3,7.9,2.2,7.9,NA,NA,0,0,0,NA,NA,NA,NA,NA,-0.005,NA,NA,NA
2026-04-03,"SPF",1.3,1.2,1.4,NA,NA,99.2,6.7,1.2,931.1,NA,1017.8,NA,1472.4,2.1,209,1.3,4.7,7.6,2.1,7.6,NA,NA,0,0,0,NA,NA,NA,NA,NA,-0.005,NA,NA,NA
2026-04-03 01:00:00,"SPF",1.7,1.3,1.9,NA,NA,98.3,6.8,1.4,931.2,NA,1017.9,NA,1474.2,2.7,207,1.6,5.8,9.7,2.7,9.7,NA,NA,0,0,0,NA,NA,NA,NA,NA,-0.004,NA,NA,NA
2026-04-03 02:00:00,"SPF",1.4,1.1,1.7,NA,NA,98.6,6.7,1.2,931.1,NA,1017.8,NA,1472.8,2.3,207,1.2,4.3,8.3,2.3,8.3,NA,NA,0,0,0,NA,NA,NA,NA,NA,-0.005,NA,NA,NA
2026-04-03 03:00:00,"SPF",0.7,-0.2,1.3,NA,NA,99.2,6.4,0.6,931.2,NA,1017.9,NA,1471.6,2.9,209,1.2,4.3,10.4,2.8,10.1,NA,NA,0,0,0,NA,NA,NA,NA,NA,-0.005,NA,NA,NA
2026-04-03 04:00:00,"SPF",-0.9,-1.1,-0.3,NA,NA,99.3,5.7,-1,931.3,NA,1018,NA,1468.7,2.6,205,1.5,5.4,9.4,2.6,9.4,NA,NA,0,0,0,NA,NA,NA,NA,NA,-0.004,NA,NA,NA
2026-04-03 05:00:00,"SPF",-1.1,-1.3,-0.5,NA,NA,99.3,5.6,-1.2,931.8,NA,1018.6,NA,1472.1,3.5,212,1.6,5.8,12.6,3.5,12.6,NA,NA,0,0,0,NA,NA,NA,NA,NA,-0.004,NA,NA,NA
2026-04-03 06:00:00,"SPF",-1.5,-1.7,-1.3,NA,NA,99.3,5.5,-1.6,932.4,NA,1019.2,NA,1476.2,2.6,201,1.4,5,9.4,2.5,9,NA,NA,0,0,16,NA,NA,NA,NA,NA,0.009,NA,NA,NA
2026-04-03 07:00:00,"SPF",-0.4,-1.3,1,NA,NA,99.2,5.9,-0.5,932.9,NA,1019.7,NA,1483.4,2,200,1.2,4.3,7.2,2,7.2,NA,NA,0,0,164,NA,NA,NA,NA,NA,0.044,NA,NA,NA
2026-04-03 08:00:00,"SPF",2.8,1.6,4.1,NA,NA,83.4,6.2,0.3,933.2,NA,1020.1,NA,1494.4,2.4,188,1.4,5,8.6,2.4,8.6,NA,NA,0,0,390,NA,NA,NA,NA,NA,0.135,NA,NA,NA
2026-04-03 09:00:00,"SPF",6.1,4.7,7.5,NA,NA,67.6,6.3,0.5,933.2,NA,1020.1,NA,1503.6,2.9,184,1.4,5,10.4,2.8,10.1,NA,NA,0,0,573,NA,NA,NA,NA,NA,0.238,NA,NA,NA
2026-04-03 10:00:00,"SPF",8.8,8.1,9.4,NA,NA,54.5,6.2,0.1,933.1,NA,1020,NA,1510.7,5.2,196,2.6,9.4,18.7,5.1,18.4,NA,NA,0,0,714,NA,NA,NA,NA,NA,0.331,NA,NA,NA
2026-04-03 11:00:00,"SPF",10,9.6,10.4,NA,NA,47.3,5.8,-0.7,933.1,NA,1019.9,NA,1513.9,5.4,202,3.3,11.9,19.4,5.3,19.1,NA,NA,0,0,845,NA,NA,NA,NA,NA,0.411,NA,NA,NA
2026-04-03 12:00:00,"SPF",10.8,10.4,11.1,NA,NA,46.2,6,-0.3,933.4,NA,1020.3,NA,1518.7,7.8,224,3.4,12.2,28.1,7.4,26.6,NA,NA,0,0,910,NA,NA,NA,NA,NA,0.454,NA,NA,NA
2026-04-03 13:00:00,"SPF",11.1,10.8,11.6,NA,NA,43.9,5.8,-0.7,933.2,NA,1020.1,NA,1517.9,7.1,217,3.7,13.3,25.6,6.8,24.5,NA,NA,0,0,826,NA,NA,NA,NA,NA,0.421,NA,NA,NA
2026-04-03 14:00:00,"SPF",11.3,11.1,11.7,NA,NA,40.2,5.4,-1.7,932.9,NA,1019.7,NA,1515.8,6.5,215,3.7,13.3,23.4,6.4,23,NA,NA,0,0,667,NA,NA,NA,NA,NA,0.355,NA,NA,NA
2026-04-03 15:00:00,"SPF",11.7,11.4,11.8,NA,NA,43,5.9,-0.5,932.7,NA,1019.5,NA,1515.6,6.4,210,3.5,12.6,23,6.3,22.7,NA,NA,0,0,541,NA,NA,NA,NA,NA,0.296,NA,NA,NA
2026-04-03 16:00:00,"SPF",11.4,11.2,11.6,NA,NA,45.6,6.1,0.1,932.9,NA,1019.7,NA,1516.4,6.4,209,3.2,11.5,23,6.3,22.7,NA,NA,0,0,282,NA,NA,NA,NA,NA,0.182,NA,NA,NA
2026-04-03 17:00:00,"SPF",10.7,9.2,11.4,NA,NA,51.7,6.6,1.1,933.2,NA,1020,NA,1516.5,4.8,190,2.8,10.1,17.3,4.7,16.9,NA,NA,0,0,194,NA,NA,NA,NA,NA,0.115,NA,NA,NA
2026-04-03 18:00:00,"SPF",7.7,7.1,9,NA,NA,66.8,7,1.9,933.8,NA,1020.7,NA,1513.1,5.9,182,3.5,12.6,21.2,5.8,20.9,NA,NA,0,0,28,NA,NA,NA,NA,NA,0.044,NA,NA,NA
2026-04-03 19:00:00,"SPF",6.9,6.5,7.2,NA,NA,67.6,6.7,1.3,934.2,NA,1021.1,NA,1515.3,6,189,3.2,11.5,21.6,6,21.6,NA,NA,0,0,0,NA,NA,NA,NA,NA,0.018,NA,NA,NA
2026-04-03 20:00:00,"SPF",6.5,6.4,6.8,NA,NA,69.6,6.7,1.4,934.7,NA,1021.7,NA,1518.4,3.9,199,2.2,7.9,14,3.7,13.3,NA,NA,0,0,0,NA,NA,NA,NA,NA,0.012,NA,NA,NA
2026-04-03 21:00:00,"SPF",6.4,6.3,6.6,NA,NA,69.5,6.7,1.3,935.1,NA,1022.1,NA,1521.2,5,190,2.9,10.4,18,4.9,17.6,NA,NA,0,0,0,NA,NA,NA,NA,NA,0.016,NA,NA,NA
2026-04-03 22:00:00,"SPF",6.3,6.1,6.3,NA,NA,70.2,6.7,1.2,935.3,NA,1022.3,NA,1522.8,5.5,191,3.2,11.5,19.8,5.4,19.4,NA,NA,0,0,0,NA,NA,NA,NA,NA,0.016,NA,NA,NA
2026-04-03 23:00:00,"SPF",6.1,5.8,6.2,NA,NA,71.7,6.7,1.3,935.7,NA,1022.7,NA,1525.2,5.8,194,3.1,11.2,20.9,5.8,20.9,NA,NA,0,0,0,NA,NA,NA,NA,NA,0.015,NA,NA,NA
2026-04-04,"SPF",6.1,5.9,6.3,NA,NA,72.6,6.9,1.5,935.8,NA,1022.8,NA,1526.2,5.7,200,3.6,13,20.5,5.6,20.2,NA,NA,0,0,0,NA,NA,NA,NA,NA,0.016,NA,NA,NA
2026-04-04 01:00:00,"SPF",6.3,6.2,6.5,NA,NA,71.7,6.9,1.6,936.2,NA,1023.3,NA,1530,4.8,202,2.7,9.7,17.3,4.8,17.3,NA,NA,0,0,0,NA,NA,NA,NA,NA,0.013,NA,NA,NA
2026-04-04 02:00:00,"SPF",6.2,6,6.3,NA,NA,71.5,6.8,1.4,936.3,NA,1023.4,NA,1530.9,4.8,197,3.1,11.2,17.3,4.6,16.6,NA,NA,0,0,0,NA,NA,NA,NA,NA,0.015,NA,NA,NA
2026-04-04 03:00:00,"SPF",6.2,6.1,6.4,NA,NA,70.4,6.7,1.3,936.4,NA,1023.5,NA,1532.2,4.9,195,3.4,12.2,17.6,4.9,17.6,NA,NA,0,0,0,NA,NA,NA,NA,NA,0.017,NA,NA,NA
2026-04-04 04:00:00,"SPF",6,5.8,6.2,NA,NA,72.3,6.8,1.4,936.6,NA,1023.7,NA,1532.9,6.1,191,3.8,13.7,22,6,21.6,NA,NA,0,0,0,NA,NA,NA,NA,NA,0.017,NA,NA,NA
2026-04-04 05:00:00,"SPF",6.1,5.9,6.2,NA,NA,72.2,6.8,1.4,936.8,NA,1023.9,NA,1535.1,6.7,188,3.7,13.3,24.1,6.5,23.4,NA,NA,0,0,0,NA,NA,NA,NA,NA,0.016,NA,NA,NA
2026-04-04 06:00:00,"SPF",5.7,5.5,5.9,NA,NA,76.9,7,2,937.2,NA,1024.3,NA,1537.1,5.5,202,3.2,11.5,19.8,5.4,19.4,NA,NA,0,0,12,NA,NA,NA,NA,NA,0.037,NA,NA,NA
2026-04-04 07:00:00,"SPF",6.4,6.2,6.6,NA,NA,75.8,7.3,2.5,937.7,NA,1024.9,NA,1543.4,4,215,2.2,7.9,14.4,3.9,14,NA,NA,0,0,50,NA,NA,NA,NA,NA,0.047,NA,NA,NA
2026-04-04 08:00:00,"SPF",7.3,6.7,7.9,NA,NA,74.3,7.6,3,938,NA,1025.2,NA,1548.3,3.5,201,2.1,7.6,12.6,3.4,12.2,NA,NA,0,0,150,NA,NA,NA,NA,NA,0.086,NA,NA,NA
2026-04-04 09:00:00,"SPF",9.1,8.2,10,NA,NA,66.8,7.8,3.3,938.3,NA,1025.5,NA,1556.8,2.4,198,1.6,5.8,8.6,2.3,8.3,NA,NA,0,0,261,NA,NA,NA,NA,NA,0.142,NA,NA,NA
2026-04-04 10:00:00,"SPF",10.9,10.2,11.9,NA,NA,61.3,8,3.7,938.5,NA,1025.8,NA,1563.7,4.4,204,2.2,7.9,15.8,4.2,15.1,NA,NA,0,0,330,NA,NA,NA,NA,NA,0.192,NA,NA,NA
2026-04-04 11:00:00,"SPF",13,12.4,13.6,NA,NA,53.8,8.1,3.9,938,NA,1025.2,NA,1565.6,5.7,221,3.4,12.2,20.5,5.6,20.2,NA,NA,0,0,780,NA,NA,NA,NA,NA,0.411,NA,NA,NA
2026-04-04 12:00:00,"SPF",14.5,14,14.9,NA,NA,54.7,9,5.4,937.6,NA,1024.8,NA,1566.6,5.1,205,2.2,7.9,18.4,4.8,17.3,NA,NA,0,0,821,NA,NA,NA,NA,NA,0.453,NA,NA,NA
2026-04-04 13:00:00,"SPF",15.3,14.9,15.7,NA,NA,52.1,9,5.5,937.2,NA,1024.4,NA,1566.1,4.5,186,2.1,7.6,16.2,4.4,15.8,NA,NA,0,0,796,NA,NA,NA,NA,NA,0.45,NA,NA,NA
2026-04-04 14:00:00,"SPF",16.2,16,16.4,NA,NA,50.7,9.4,6,937,NA,1024.1,NA,1566.4,4.5,187,2,7.2,16.2,4.4,15.8,NA,NA,0,0,742,NA,NA,NA,NA,NA,0.431,NA,NA,NA
2026-04-04 15:00:00,"SPF",16.2,16,16.4,NA,NA,52.9,9.8,6.6,936.7,NA,1023.8,NA,1564.3,5.5,35,3.4,12.2,19.8,5.4,19.4,NA,NA,0,0,596,NA,NA,NA,NA,NA,0.352,NA,NA,NA
2026-04-04 16:00:00,"SPF",16.3,16.2,16.4,NA,NA,51.8,9.6,6.4,936.4,NA,1023.5,NA,1561.6,4,16,2,7.2,14.4,3.9,14,NA,NA,0,0,406,NA,NA,NA,NA,NA,0.234,NA,NA,NA
2026-04-04 17:00:00,"SPF",15.9,15.1,16.4,NA,NA,54.6,9.8,6.8,936.4,NA,1023.5,NA,1560.4,4.1,6,2.1,7.6,14.8,4.1,14.8,NA,NA,0,0,213,NA,NA,NA,NA,NA,0.127,NA,NA,NA
2026-04-04 18:00:00,"SPF",11.8,10.3,13.1,NA,NA,65.2,9.1,5.5,936.4,NA,1023.5,NA,1547.9,7.7,177,3.9,14,27.7,7.5,27,NA,NA,0,0,34,NA,NA,NA,NA,NA,0.035,NA,NA,NA
2026-04-04 19:00:00,"SPF",9.3,8.7,10.1,NA,NA,70,8.2,4.1,936.5,NA,1023.6,NA,1541.7,7.5,184,4.6,16.6,27,7.3,26.3,NA,NA,0,0,0,NA,NA,NA,NA,NA,0.024,NA,NA,NA
2026-04-04 20:00:00,"SPF",7.4,6.3,8.8,NA,NA,80.7,8.3,4.3,936.7,NA,1023.8,NA,1538.2,7.8,192,2.6,9.4,28.1,7.7,27.7,NA,NA,0,0,0,NA,NA,NA,NA,NA,0.008,NA,NA,NA
2026-04-04 21:00:00,"SPF",5.5,5,5.8,NA,NA,92.4,8.3,4.4,936.8,NA,1023.9,NA,1533.5,3.1,208,1.8,6.5,11.2,3,10.8,NA,NA,0,0,0,NA,NA,NA,NA,NA,-0.002,NA,NA,NA
2026-04-04 22:00:00,"SPF",5.1,4.6,5.6,NA,NA,94.2,8.3,4.3,936.8,NA,1023.9,NA,1532.4,2.8,207,1.6,5.8,10.1,2.7,9.7,NA,NA,0,0,0,NA,NA,NA,NA,NA,-0.003,NA,NA,NA
2026-04-04 23:00:00,"SPF",4.8,4.3,5.3,NA,NA,95.1,8.2,4.1,936.6,NA,1023.7,NA,1529.8,3.3,196,1.8,6.5,11.9,3.2,11.5,NA,NA,0,0,0,NA,NA,NA,NA,NA,-0.003,NA,NA,NA
2026-04-05,"SPF",4.6,4.5,4.7,NA,NA,95,8.1,3.9,936.4,NA,1023.5,NA,1527.4,3.7,201,2.3,8.3,13.3,3.7,13.3,NA,NA,0,0,0,NA,NA,NA,NA,NA,-0.002,NA,NA,NA
2026-04-05 01:00:00,"SPF",5.6,5.1,6.5,NA,NA,88.9,8.1,3.9,936.3,NA,1023.4,NA,1529.4,4.5,199,3.1,11.2,16.2,4.4,15.8,NA,NA,0,0,0,NA,NA,NA,NA,NA,0.003,NA,NA,NA
2026-04-05 02:00:00,"SPF",5.6,5.1,6.1,NA,NA,86.1,7.9,3.5,936.2,NA,1023.3,NA,1528.4,4.1,201,2.8,10.1,14.8,4,14.4,NA,NA,0,0,0,NA,NA,NA,NA,NA,0.004,NA,NA,NA
2026-04-05 03:00:00,"SPF",5.5,4.9,5.9,NA,NA,85.3,7.7,3.2,936,NA,1023.1,NA,1526.1,4.8,208,3.3,11.9,17.3,4.7,16.9,NA,NA,0,0,0,NA,NA,NA,NA,NA,0.006,NA,NA,NA
2026-04-05 04:00:00,"SPF",6,5.7,6.4,NA,NA,81,7.6,3,935.8,NA,1022.8,NA,1525.7,6.1,200,3.8,13.7,22,6,21.6,NA,NA,0,0,0,NA,NA,NA,NA,NA,0.01,NA,NA,NA
2026-04-05 05:00:00,"SPF",5.7,5.3,5.9,NA,NA,76.9,7,1.9,935.9,NA,1023,NA,1525.8,6.1,198,3.3,11.9,22,5.9,21.2,NA,NA,0,0,0,NA,NA,NA,NA,NA,0.012,NA,NA,NA
2026-04-05 06:00:00,"SPF",5.6,5.2,5.9,NA,NA,77.2,7,2,936.1,NA,1023.2,NA,1527.6,5.4,202,3.3,11.9,19.4,5.3,19.1,NA,NA,0,0,14,NA,NA,NA,NA,NA,0.037,NA,NA,NA
2026-04-05 07:00:00,"SPF",7,5.8,7.9,NA,NA,70.5,7,2,936.4,NA,1023.5,NA,1534.3,6.1,189,3.5,12.6,22,6,21.6,NA,NA,0,0,188,NA,NA,NA,NA,NA,0.091,NA,NA,NA
2026-04-05 08:00:00,"SPF",10,8.1,11.9,NA,NA,61,7.5,2.8,936.7,NA,1023.8,NA,1545.4,4.9,186,2.9,10.4,17.6,4.8,17.3,NA,NA,0,0,400,NA,NA,NA,NA,NA,0.195,NA,NA,NA
2026-04-05 09:00:00,"SPF",14.8,12.8,17.1,NA,NA,49.9,8.4,4.4,936.6,NA,1023.7,NA,1559.3,4.2,197,2.5,9,15.1,4.1,14.8,NA,NA,0,0,575,NA,NA,NA,NA,NA,0.326,NA,NA,NA
2026-04-05 10:00:00,"SPF",18.9,18.3,19.5,NA,NA,38.7,8.5,4.6,936.5,NA,1023.6,NA,1570.4,7.1,208,3.7,13.3,25.6,7,25.2,NA,NA,0,0,706,NA,NA,NA,NA,NA,0.466,NA,NA,NA
2026-04-05 11:00:00,"SPF",20.1,19.8,20.6,NA,NA,34.2,8,3.8,936.3,NA,1023.4,NA,1571.7,9.5,200,5,18,34.2,9.5,34.2,NA,NA,0,0,775,NA,NA,NA,NA,NA,0.542,NA,NA,NA
2026-04-05 12:00:00,"SPF",20.3,19.7,20.8,NA,NA,38.2,9.1,5.6,936.3,NA,1023.4,NA,1572.5,10.6,252,4.6,16.6,38.2,10.1,36.4,NA,NA,0,0,811,NA,NA,NA,NA,NA,0.554,NA,NA,NA
2026-04-05 13:00:00,"SPF",20.2,19.7,20.5,NA,NA,40.9,9.6,6.5,936.3,NA,1023.4,NA,1572.1,9.1,264,4.3,15.5,32.8,8.9,32,NA,NA,0,0,791,NA,NA,NA,NA,NA,0.532,NA,NA,NA
2026-04-05 14:00:00,"SPF",19.7,19.2,20.4,NA,NA,41.8,9.6,6.4,936,NA,1023.1,NA,1568.4,7.6,221,3.6,13,27.4,7.4,26.6,NA,NA,0,0,471,NA,NA,NA,NA,NA,0.358,NA,NA,NA
2026-04-05 15:00:00,"SPF",20.5,20.1,20.8,NA,NA,37.9,9.1,5.6,935.6,NA,1022.6,NA,1567.1,8.4,226,4,14.4,30.2,8.3,29.9,NA,NA,0,0,536,NA,NA,NA,NA,NA,0.394,NA,NA,NA
2026-04-05 16:00:00,"SPF",20,19.7,20.5,NA,NA,36.3,8.5,4.6,935.5,NA,1022.5,NA,1564.3,7.6,230,4,14.4,27.4,7.5,27,NA,NA,0,0,265,NA,NA,NA,NA,NA,0.262,NA,NA,NA
2026-04-05 17:00:00,"SPF",18.2,16.5,19.4,NA,NA,44.4,9.2,5.7,935.4,NA,1022.4,NA,1557.8,6.5,200,3.5,12.6,23.4,6.4,23,NA,NA,0,0,108,NA,NA,NA,NA,NA,0.151,NA,NA,NA
2026-04-05 18:00:00,"SPF",15.6,14.5,16.2,NA,NA,52.8,9.4,6,935.6,NA,1022.6,NA,1552.6,9.3,173,5.6,20.2,33.5,9.2,33.1,NA,NA,0,0,14,NA,NA,NA,NA,NA,0.129,NA,NA,NA
2026-04-05 19:00:00,"SPF",13.7,13.4,14.3,NA,NA,56.3,8.8,5.2,936.2,NA,1023.3,NA,1551.9,8.5,177,5.1,18.4,30.6,8.4,30.2,NA,NA,0,0,0,NA,NA,NA,NA,NA,0.049,NA,NA,NA
2026-04-05 20:00:00,"SPF",12.5,12,12.8,NA,NA,59.3,8.6,4.8,936.8,NA,1023.9,NA,1553.8,5.9,190,3.5,12.6,21.2,5.7,20.5,NA,NA,0,0,0,NA,NA,NA,NA,NA,0.034,NA,NA,NA
2026-04-05 21:00:00,"SPF",10.9,10.3,11.4,NA,NA,69.6,9.1,5.5,937.3,NA,1024.5,NA,1553.5,5.3,195,2.3,8.3,19.1,5.2,18.7,NA,NA,0.1,0,0,NA,NA,NA,NA,NA,0.016,NA,NA,NA
2026-04-05 22:00:00,"SPF",10.3,9.9,10.9,NA,NA,73.6,9.2,5.7,938,NA,1025.2,NA,1557.7,6.1,192,1.8,6.5,22,6,21.6,NA,NA,0,0,0,NA,NA,NA,NA,NA,0.009,NA,NA,NA
2026-04-05 23:00:00,"SPF",9.7,9.3,10.1,NA,NA,80,9.6,6.4,938.5,NA,1025.8,NA,1560.5,3.4,196,1.1,4,12.2,3.3,11.9,NA,NA,0,0,0,NA,NA,NA,NA,NA,0.001,NA,NA,NA
2026-04-06,"SPF",8.7,8.3,8.9,NA,NA,83.9,9.5,6.1,939.1,NA,1026.4,NA,1562.6,3,201,1.2,4.3,10.8,3,10.8,NA,NA,0,0,0,NA,NA,NA,NA,NA,0,NA,NA,NA
2026-04-06 01:00:00,"SPF",8,7.5,8.4,NA,NA,86,9.2,5.8,939.5,NA,1026.8,NA,1563.6,3.4,203,1.5,5.4,12.2,3.4,12.2,NA,NA,0,0,0,NA,NA,NA,NA,NA,0.001,NA,NA,NA
2026-04-06 02:00:00,"SPF",8.2,7.9,8.5,NA,NA,83.2,9.1,5.5,939.1,NA,1026.4,NA,1561.2,4.7,210,2,7.2,16.9,4.6,16.6,NA,NA,0,0,0,NA,NA,NA,NA,NA,0.004,NA,NA,NA
2026-04-06 03:00:00,"SPF",7.6,7.3,7.9,NA,NA,89.3,9.4,6,939.1,NA,1026.4,NA,1559.3,2,360,0.8,2.9,7.2,2,7.2,NA,NA,0,0,0,NA,NA,NA,NA,NA,-0.004,NA,NA,NA
2026-04-06 04:00:00,"SPF",6.7,6.2,7,NA,NA,95.4,9.3,6,939,NA,1026.3,NA,1555.8,2.7,204,1.3,4.7,9.7,2.7,9.7,NA,NA,0,0,0,NA,NA,NA,NA,NA,-0.004,NA,NA,NA
2026-04-06 05:00:00,"SPF",5.6,4.5,6.3,NA,NA,97.8,8.9,5.3,939.3,NA,1026.6,NA,1554.6,2,225,1,3.6,7.2,2,7.2,NA,NA,0,0,0,NA,NA,NA,NA,NA,-0.006,NA,NA,NA
2026-04-06 06:00:00,"SPF",5.1,4.8,5.4,NA,NA,99.2,8.7,5,939.9,NA,1027.3,NA,1558.7,1.9,198,0.7,2.5,6.8,1.8,6.5,NA,NA,0,0,22,NA,NA,NA,NA,NA,0.013,NA,NA,NA
2026-04-06 07:00:00,"SPF",6.3,5.1,7.3,NA,NA,97.1,9.3,5.9,940.3,NA,1027.7,NA,1565.7,1.1,180,0.6,2.2,4,1.1,4,NA,NA,0,0,198,NA,NA,NA,NA,NA,0.072,NA,NA,NA
2026-04-06 08:00:00,"SPF",9.3,7.9,10.7,NA,NA,83.6,9.8,6.6,940.1,NA,1027.5,NA,1573,3.3,180,1.5,5.4,11.9,3.2,11.5,NA,NA,0,0,410,NA,NA,NA,NA,NA,0.177,NA,NA,NA
2026-04-06 09:00:00,"SPF",12.1,11.1,13,NA,NA,69.8,9.8,6.7,939.8,NA,1027.1,NA,1578.8,1.8,180,0.7,2.5,6.5,1.8,6.5,NA,NA,0,0,578,NA,NA,NA,NA,NA,0.292,NA,NA,NA
2026-04-06 10:00:00,"SPF",15,13.5,16.5,NA,NA,59.5,10.1,7.2,939.4,NA,1026.7,NA,1584.8,2.6,166,1,3.6,9.4,2.5,9,NA,NA,0,0,701,NA,NA,NA,NA,NA,0.389,NA,NA,NA
2026-04-06 11:00:00,"SPF",16.5,16.1,17.1,NA,NA,57.6,10.8,8.1,939.3,NA,1026.6,NA,1588.1,8.3,37,3.9,14,29.9,7.9,28.4,NA,NA,0,0,790,NA,NA,NA,NA,NA,0.453,NA,NA,NA
2026-04-06 12:00:00,"SPF",16.8,16.3,17.4,NA,NA,59.1,11.3,8.8,939.1,NA,1026.4,NA,1587.6,6.4,29,3.9,14,23,6.3,22.7,NA,NA,0,0,825,NA,NA,NA,NA,NA,0.474,NA,NA,NA
2026-04-06 13:00:00,"SPF",17.4,17,17.7,NA,NA,58.4,11.6,9.2,938.7,NA,1026,NA,1585.9,6.4,32,3.7,13.3,23,6.2,22.3,NA,NA,0,0,657,NA,NA,NA,NA,NA,0.401,NA,NA,NA
2026-04-06 14:00:00,"SPF",17.7,17.5,18.1,NA,NA,57.9,11.7,9.3,938.3,NA,1025.5,NA,1582.3,5.9,28,3.7,13.3,21.2,5.8,20.9,NA,NA,0,0,544,NA,NA,NA,NA,NA,0.347,NA,NA,NA
2026-04-06 15:00:00,"SPF",17.4,17.2,17.7,NA,NA,59.1,11.8,9.4,938,NA,1025.2,NA,1579,6.5,34,3.5,12.6,23.4,6.4,23,NA,NA,0,0,373,NA,NA,NA,NA,NA,0.256,NA,NA,NA
2026-04-06 16:00:00,"SPF",17.3,17.1,17.5,NA,NA,58,11.5,9,937.9,NA,1025.1,NA,1577.7,6.2,26,3.8,13.7,22.3,6.1,22,NA,NA,0,0,348,NA,NA,NA,NA,NA,0.234,NA,NA,NA
2026-04-06 17:00:00,"SPF",16.2,15.7,16.9,NA,NA,61.1,11.3,8.7,937.9,NA,1025.1,NA,1574.5,5.3,15,2.9,10.4,19.1,5.1,18.4,NA,NA,0,0,98,NA,NA,NA,NA,NA,0.105,NA,NA,NA
2026-04-06 18:00:00,"SPF",14.9,13.4,15.7,NA,NA,67.7,11.5,9,937.8,NA,1025,NA,1569.6,4.1,4,1.8,6.5,14.8,4,14.4,NA,NA,0,0,60,NA,NA,NA,NA,NA,0.021,NA,NA,NA
2026-04-06 19:00:00,"SPF",12.3,11.6,13.1,NA,NA,73.5,10.6,7.7,937.9,NA,1025.1,NA,1563,8.5,170,4.5,16.2,30.6,8.4,30.2,NA,NA,0,0,0,NA,NA,NA,NA,NA,0.025,NA,NA,NA
2026-04-06 20:00:00,"SPF",9.7,8.4,11.1,NA,NA,84.1,10.1,7.1,938.2,NA,1025.4,NA,1558.1,6.8,187,2.4,8.6,24.5,6.7,24.1,NA,NA,0,0,0,NA,NA,NA,NA,NA,0.006,NA,NA,NA
2026-04-06 21:00:00,"SPF",7.8,6.9,8.4,NA,NA,97.3,10.3,7.4,938.2,NA,1025.4,NA,1552.1,2.4,204,1.3,4.7,8.6,2.3,8.3,NA,NA,0,0,0,NA,NA,NA,NA,NA,-0.005,NA,NA,NA
2026-04-06 22:00:00,"SPF",6.5,6,7,NA,NA,99.3,9.6,6.4,938.2,NA,1025.4,NA,1548.2,2.2,207,1.3,4.7,7.9,2.2,7.9,NA,NA,0,0,0,NA,NA,NA,NA,NA,-0.006,NA,NA,NA
2026-04-06 23:00:00,"SPF",6.1,5.7,6.5,NA,NA,99.3,9.3,6,938,NA,1025.2,NA,1545.6,2.2,212,1.4,5,7.9,2.2,7.9,NA,NA,0,0,0,NA,NA,NA,NA,NA,-0.005,NA,NA,NA
2026-04-07,"SPF",5.6,4.8,6.1,NA,NA,99.3,9,5.5,938.1,NA,1025.3,NA,1545,2,217,0.6,2.2,7.2,2,7.2,NA,NA,0,0,0,NA,NA,NA,NA,NA,-0.007,NA,NA,NA
2026-04-07 01:00:00,"SPF",4.7,4.3,5,NA,NA,99.3,8.5,4.6,938,NA,1025.2,NA,1540.6,2.3,216,1.4,5,8.3,2.3,8.3,NA,NA,0,0,0,NA,NA,NA,NA,NA,-0.005,NA,NA,NA
2026-04-07 02:00:00,"SPF",4.4,3.9,4.8,NA,NA,99.3,8.3,4.3,937.6,NA,1024.8,NA,1536.7,2.9,205,1.7,6.1,10.4,2.8,10.1,NA,NA,0,0,0,NA,NA,NA,NA,NA,-0.005,NA,NA,NA
2026-04-07 03:00:00,"SPF",4.9,4.5,5.3,NA,NA,99.3,8.6,4.8,937.4,NA,1024.6,NA,1536.1,3.3,207,2.1,7.6,11.9,3.3,11.9,NA,NA,0,0,0,NA,NA,NA,NA,NA,-0.004,NA,NA,NA
2026-04-07 04:00:00,"SPF",4.9,4.7,5.2,NA,NA,99.3,8.6,4.8,937.3,NA,1024.5,NA,1535.7,2.8,196,1.8,6.5,10.1,2.8,10.1,NA,NA,0,0,0,NA,NA,NA,NA,NA,-0.005,NA,NA,NA
2026-04-07 05:00:00,"SPF",4.7,4.1,5,NA,NA,99.3,8.5,4.6,937.3,NA,1024.5,NA,1535,3.6,197,2.1,7.6,13,3.5,12.6,NA,NA,0,0,0,NA,NA,NA,NA,NA,-0.004,NA,NA,NA
2026-04-07 06:00:00,"SPF",4.2,3.9,4.4,NA,NA,99.3,8.2,4.1,937.5,NA,1024.7,NA,1534.9,3.2,210,2,7.2,11.5,3.2,11.5,NA,NA,0,0,16,NA,NA,NA,NA,NA,0.013,NA,NA,NA
2026-04-07 07:00:00,"SPF",6.6,4.4,9,NA,NA,92.7,9,5.4,937.5,NA,1024.7,NA,1542.3,3.3,201,1.8,6.5,11.9,3.2,11.5,NA,NA,0,0,208,NA,NA,NA,NA,NA,0.074,NA,NA,NA
2026-04-07 08:00:00,"SPF",10.7,9.6,12,NA,NA,71.5,9.2,5.8,937.4,NA,1024.6,NA,1553.6,2.4,189,1.3,4.7,8.6,2.3,8.3,NA,NA,0,0,424,NA,NA,NA,NA,NA,0.198,NA,NA,NA
2026-04-07 09:00:00,"SPF",14.5,12.8,16.3,NA,NA,61.3,10.1,7.1,937.3,NA,1024.5,NA,1564.2,2.1,146,0.6,2.2,7.6,2,7.2,NA,NA,0,0,596,NA,NA,NA,NA,NA,0.32,NA,NA,NA
2026-04-07 10:00:00,"SPF",17.1,16.6,17.6,NA,NA,51.4,10,7,937.2,NA,1024.4,NA,1571.2,4,18,2.3,8.3,14.4,3.9,14,NA,NA,0,0,728,NA,NA,NA,NA,NA,0.432,NA,NA,NA
2026-04-07 11:00:00,"SPF",18.6,18.1,18.9,NA,NA,52.4,11.2,8.6,936.9,NA,1024,NA,1572.9,5.5,9,3.1,11.2,19.8,5.4,19.4,NA,NA,0,0,801,NA,NA,NA,NA,NA,0.494,NA,NA,NA
2026-04-07 12:00:00,"SPF",19.9,19.5,20.5,NA,NA,47.1,11,8.3,936.4,NA,1023.5,NA,1572.7,5.1,34,2.7,9.7,18.4,5,18,NA,NA,0,0,823,NA,NA,NA,NA,NA,0.528,NA,NA,NA
2026-04-07 13:00:00,"SPF",20.7,20.5,20.9,NA,NA,44.1,10.8,8,936.1,NA,1023.2,NA,1572.2,5.6,38,3,10.8,20.2,5.6,20.2,NA,NA,0,0,799,NA,NA,NA,NA,NA,0.528,NA,NA,NA
2026-04-07 14:00:00,"SPF",20.8,20.6,21.2,NA,NA,42.5,10.5,7.6,935.8,NA,1022.9,NA,1569.6,6.7,35,4,14.4,24.1,6.5,23.4,NA,NA,0,0,715,NA,NA,NA,NA,NA,0.491,NA,NA,NA
2026-04-07 15:00:00,"SPF",20.7,20.5,20.9,NA,NA,39.9,9.7,6.6,935.6,NA,1022.6,NA,1567,6.1,34,4.1,14.8,22,6,21.6,NA,NA,0,0,583,NA,NA,NA,NA,NA,0.416,NA,NA,NA
2026-04-07 16:00:00,"SPF",20.6,20.5,20.8,NA,NA,37.6,9.1,5.7,935.5,NA,1022.5,NA,1566.4,5.5,35,3.3,11.9,19.8,5.4,19.4,NA,NA,0,0,416,NA,NA,NA,NA,NA,0.307,NA,NA,NA
2026-04-07 17:00:00,"SPF",20,19.5,20.4,NA,NA,37.6,8.8,5.1,935.5,NA,1022.5,NA,1564.1,4.8,22,3.1,11.2,17.3,4.7,16.9,NA,NA,0,0,230,NA,NA,NA,NA,NA,0.192,NA,NA,NA
2026-04-07 18:00:00,"SPF",16.9,13.8,19.1,NA,NA,48.4,9.2,5.7,935.5,NA,1022.5,NA,1555.6,4.2,351,1.9,6.8,15.1,4.1,14.8,NA,NA,0,0,55,NA,NA,NA,NA,NA,0.039,NA,NA,NA
2026-04-07 19:00:00,"SPF",13.1,12.3,13.6,NA,NA,60.9,9.2,5.7,935.9,NA,1022.9,NA,1547.3,7.5,179,4.5,16.2,27,7.5,27,NA,NA,0,0,0,NA,NA,NA,NA,NA,0.039,NA,NA,NA
2026-04-07 20:00:00,"SPF",11.6,9.7,12.7,NA,NA,65.7,8.9,5.4,936.5,NA,1023.6,NA,1548.9,6.8,172,2.9,10.4,24.5,6.7,24.1,NA,NA,0,0,0,NA,NA,NA,NA,NA,0.023,NA,NA,NA
2026-04-07 21:00:00,"SPF",8.5,7.4,9.4,NA,NA,84.1,9.3,6,936.8,NA,1023.9,NA,1542.2,3.4,209,1.3,4.7,12.2,3.2,11.5,NA,NA,0,0,0,NA,NA,NA,NA,NA,0,NA,NA,NA
2026-04-07 22:00:00,"SPF",7.2,6.6,7.4,NA,NA,90.9,9.2,5.8,937,NA,1024.1,NA,1539.6,2.3,215,1.3,4.7,8.3,2.3,8.3,NA,NA,0,0,0,NA,NA,NA,NA,NA,-0.002,NA,NA,NA
2026-04-07 23:00:00,"SPF",6.4,5.8,6.9,NA,NA,95.7,9.2,5.7,936.9,NA,1024,NA,1536.9,2.1,218,1.2,4.3,7.6,2,7.2,NA,NA,0,0,0,NA,NA,NA,NA,NA,-0.005,NA,NA,NA
2026-04-08,"SPF",5.8,5.6,6,NA,NA,98.5,9.1,5.5,937,NA,1024.1,NA,1536,2.3,215,1.2,4.3,8.3,2.3,8.3,NA,NA,0,0,0,NA,NA,NA,NA,NA,-0.005,NA,NA,NA
2026-04-08 01:00:00,"SPF",5.3,5.1,5.5,NA,NA,99.1,8.8,5.2,936.9,NA,1024,NA,1533.8,2.2,215,1.2,4.3,7.9,2.2,7.9,NA,NA,0,0,0,NA,NA,NA,NA,NA,-0.006,NA,NA,NA
2026-04-08 02:00:00,"SPF",5.1,4.4,5.6,NA,NA,98.9,8.7,5,936.8,NA,1023.9,NA,1532.3,1.6,207,0.7,2.5,5.8,1.6,5.8,NA,NA,0,0,0,NA,NA,NA,NA,NA,-0.006,NA,NA,NA
2026-04-08 03:00:00,"SPF",4.4,4.2,4.6,NA,NA,99.3,8.3,4.3,936.7,NA,1023.8,NA,1529.4,2.4,209,1.1,4,8.6,2.4,8.6,NA,NA,0,0,0,NA,NA,NA,NA,NA,-0.006,NA,NA,NA
2026-04-08 04:00:00,"SPF",4.2,4,4.7,NA,NA,99.3,8.2,4.1,936.6,NA,1023.7,NA,1527.6,1.6,203,0.8,2.9,5.8,1.6,5.8,NA,NA,0,0,0,NA,NA,NA,NA,NA,-0.006,NA,NA,NA
2026-04-08 05:00:00,"SPF",3.8,3.1,4.1,NA,NA,99.3,7.9,3.7,936.6,NA,1023.7,NA,1526.4,1.6,201,0.9,3.2,5.8,1.6,5.8,NA,NA,0,0,0,NA,NA,NA,NA,NA,-0.006,NA,NA,NA
2026-04-08 06:00:00,"SPF",3.3,2.8,3.7,NA,NA,99.3,7.7,3.2,936.6,NA,1023.7,NA,1524.7,2.2,209,1.2,4.3,7.9,2.2,7.9,NA,NA,0,0,17,NA,NA,NA,NA,NA,0.013,NA,NA,NA
2026-04-08 07:00:00,"SPF",6,4,8.6,NA,NA,97.8,9.2,5.6,936.6,NA,1023.7,NA,1532.8,1.6,210,0.8,2.9,5.8,1.6,5.8,NA,NA,0,0,216,NA,NA,NA,NA,NA,0.077,NA,NA,NA
2026-04-08 08:00:00,"SPF",10.7,8.9,12.3,NA,NA,74,9.5,6.2,936.5,NA,1023.6,NA,1546,2,117,0.9,3.2,7.2,1.9,6.8,NA,NA,0,0,424,NA,NA,NA,NA,NA,0.198,NA,NA,NA
2026-04-08 09:00:00,"SPF",13.8,12.8,15,NA,NA,62.1,9.8,6.7,936.6,NA,1023.7,NA,1556.1,3.9,3,1.8,6.5,14,3.8,13.7,NA,NA,0,0,591,NA,NA,NA,NA,NA,0.314,NA,NA,NA
2026-04-08 10:00:00,"SPF",16.1,15.3,16.8,NA,NA,56.8,10.4,7.5,936.5,NA,1023.6,NA,1561.7,6.1,18,3.1,11.2,22,5.9,21.2,NA,NA,0,0,718,NA,NA,NA,NA,NA,0.411,NA,NA,NA
2026-04-08 11:00:00,"SPF",17,16.8,17.3,NA,NA,55,10.7,7.9,936.3,NA,1023.4,NA,1562.4,7.2,35,4.7,16.9,25.9,6.9,24.8,NA,NA,0,0,804,NA,NA,NA,NA,NA,0.472,NA,NA,NA
2026-04-08 12:00:00,"SPF",17.8,17.4,18.1,NA,NA,53.1,10.8,8.1,936.1,NA,1023.2,NA,1563.5,8.2,36,5.1,18.4,29.5,7.8,28.1,NA,NA,0,0,832,NA,NA,NA,NA,NA,0.501,NA,NA,NA
2026-04-08 13:00:00,"SPF",18.6,18.4,18.9,NA,NA,51.5,11.1,8.5,935.9,NA,1023,NA,1564.1,8.6,26,4.9,17.6,31,8.4,30.2,NA,NA,0,0,802,NA,NA,NA,NA,NA,0.501,NA,NA,NA
2026-04-08 14:00:00,"SPF",19.2,18.9,19.4,NA,NA,49.6,11,8.4,935.6,NA,1022.6,NA,1562.6,7.8,25,4.7,16.9,28.1,7.6,27.4,NA,NA,0,0,715,NA,NA,NA,NA,NA,0.463,NA,NA,NA
2026-04-08 15:00:00,"SPF",19.5,19.3,19.6,NA,NA,47.7,10.8,8.1,935.2,NA,1022.2,NA,1559.9,9.3,16,4.6,16.6,33.5,9,32.4,NA,NA,0,0,581,NA,NA,NA,NA,NA,0.395,NA,NA,NA
2026-04-08 16:00:00,"SPF",19.4,19.3,19.5,NA,NA,45.9,10.3,7.4,934.9,NA,1021.9,NA,1556.9,7.7,15,5.2,18.7,27.7,7.4,26.6,NA,NA,0,0,417,NA,NA,NA,NA,NA,0.317,NA,NA,NA
2026-04-08 17:00:00,"SPF",18.9,18.6,19.2,NA,NA,46.4,10.2,7.2,934.9,NA,1021.9,NA,1555.6,7.1,16,4.3,15.5,25.6,7,25.2,NA,NA,0,0,231,NA,NA,NA,NA,NA,0.202,NA,NA,NA
2026-04-08 18:00:00,"SPF",17.1,15.4,18.4,NA,NA,52.7,10.2,7.3,935,NA,1022,NA,1551.5,5.3,11,2.1,7.6,19.1,5.1,18.4,NA,NA,0,0,56,NA,NA,NA,NA,NA,0.04,NA,NA,NA
2026-04-08 19:00:00,"SPF",13.7,13.1,14.2,NA,NA,68.1,10.7,7.9,935.3,NA,1022.3,NA,1544.3,5.3,166,1.4,5,19.1,5.2,18.7,NA,NA,0,0,0,NA,NA,NA,NA,NA,0.011,NA,NA,NA
2026-04-08 20:00:00,"SPF",12.3,10.4,13.4,NA,NA,72,10.2,7.3,935.8,NA,1022.9,NA,1544.4,3.3,150,0.9,3.2,11.9,3.2,11.5,NA,NA,0,0,0,NA,NA,NA,NA,NA,0.002,NA,NA,NA
2026-04-08 21:00:00,"SPF",9.7,8.6,10.9,NA,NA,84.5,10.2,7.2,935.8,NA,1022.9,NA,1537,2.2,180,0.8,2.9,7.9,2.2,7.9,NA,NA,0,0,0,NA,NA,NA,NA,NA,-0.003,NA,NA,NA
2026-04-08 22:00:00,"SPF",7.7,7.2,8.2,NA,NA,95.4,10,7,935.6,NA,1022.6,NA,1529.5,1.6,210,0.8,2.9,5.8,1.6,5.8,NA,NA,0,0,0,NA,NA,NA,NA,NA,-0.006,NA,NA,NA
2026-04-08 23:00:00,"SPF",6.6,6.3,6.9,NA,NA,99.1,9.7,6.5,935.6,NA,1022.6,NA,1525.7,1.9,218,1.2,4.3,6.8,1.9,6.8,NA,NA,0,0,0,NA,NA,NA,NA,NA,-0.006,NA,NA,NA
2026-04-09,"SPF",5.9,5.6,6.4,NA,NA,99.3,9.2,5.8,935.5,NA,1022.5,NA,1523.2,1.9,217,1.1,4,6.8,1.8,6.5,NA,NA,0,0,0,NA,NA,NA,NA,NA,-0.006,NA,NA,NA
2026-04-09 01:00:00,"SPF",5.4,5.1,5.7,NA,NA,99.3,8.9,5.3,935.4,NA,1022.4,NA,1520.8,1.9,214,1.1,4,6.8,1.9,6.8,NA,NA,0,0,0,NA,NA,NA,NA,NA,-0.006,NA,NA,NA
2026-04-09 02:00:00,"SPF",5,4.6,5.3,NA,NA,99.3,8.7,4.9,935.1,NA,1022.1,NA,1517,1.9,211,0.6,2.2,6.8,1.9,6.8,NA,NA,0,0,0,NA,NA,NA,NA,NA,-0.007,NA,NA,NA
2026-04-09 03:00:00,"SPF",4.5,4.2,4.9,NA,NA,99.3,8.4,4.4,934.9,NA,1021.9,NA,1514.2,2.4,207,1.3,4.7,8.6,2.3,8.3,NA,NA,0,0,0,NA,NA,NA,NA,NA,-0.005,NA,NA,NA
2026-04-09 04:00:00,"SPF",4.4,4.1,4.7,NA,NA,99.3,8.3,4.3,934.4,NA,1021.3,NA,1509.5,2.8,211,1.8,6.5,10.1,2.7,9.7,NA,NA,0,0,0,NA,NA,NA,NA,NA,-0.005,NA,NA,NA
2026-04-09 05:00:00,"SPF",4.5,4.1,4.7,NA,NA,99.3,8.4,4.4,934.1,NA,1021,NA,1506.7,2.5,215,1.6,5.8,9,2.5,9,NA,NA,0,0,0,NA,NA,NA,NA,NA,-0.005,NA,NA,NA
2026-04-09 06:00:00,"SPF",4.8,4.4,5.9,NA,NA,99.3,8.6,4.7,934,NA,1020.9,NA,1507.1,2.8,213,1.7,6.1,10.1,2.7,9.7,NA,NA,0,0,18,NA,NA,NA,NA,NA,0.014,NA,NA,NA
2026-04-09 07:00:00,"SPF",7.7,5.7,9.5,NA,NA,96.7,10.2,7.2,934,NA,1020.9,NA,1515.3,2.5,203,1.3,4.7,9,2.5,9,NA,NA,0,0,223,NA,NA,NA,NA,NA,0.082,NA,NA,NA
2026-04-09 08:00:00,"SPF",11.7,10.3,13.2,NA,NA,78.6,10.8,8.1,933.6,NA,1020.5,NA,1523.5,2.3,193,1.3,4.7,8.3,2.3,8.3,NA,NA,0,0,433,NA,NA,NA,NA,NA,0.206,NA,NA,NA
2026-04-09 09:00:00,"SPF",15.6,13.9,17.3,NA,NA,64.7,11.4,8.9,933.6,NA,1020.5,NA,1534.6,2.3,164,0.8,2.9,8.3,2.3,8.3,NA,NA,0,0,592,NA,NA,NA,NA,NA,0.328,NA,NA,NA
2026-04-09 10:00:00,"SPF",18.4,17.7,18.9,NA,NA,49.5,10.4,7.6,933.5,NA,1020.4,NA,1541.4,4.5,190,2.4,8.6,16.2,4.3,15.5,NA,NA,0,0,714,NA,NA,NA,NA,NA,0.44,NA,NA,NA
2026-04-09 11:00:00,"SPF",19.5,19.2,19.8,NA,NA,42.2,9.6,6.3,933.1,NA,1020,NA,1541.3,6.4,242,2.5,9,23,6.3,22.7,NA,NA,0,0,799,NA,NA,NA,NA,NA,0.512,NA,NA,NA
2026-04-09 12:00:00,"SPF",20,19.7,20.3,NA,NA,42,9.8,6.7,932.8,NA,1019.6,NA,1539.8,6,302,2.4,8.6,21.6,5.8,20.9,NA,NA,0,0,822,NA,NA,NA,NA,NA,0.531,NA,NA,NA
2026-04-09 13:00:00,"SPF",20,19.8,20.2,NA,NA,50.1,11.7,9.3,932.2,NA,1019,NA,1534.4,9,6,2.4,8.6,32.4,8.6,31,NA,NA,0,0,759,NA,NA,NA,NA,NA,0.487,NA,NA,NA
2026-04-09 14:00:00,"SPF",19.4,18.9,20.2,NA,NA,51.6,11.6,9.2,932,NA,1018.8,NA,1530.8,6.2,43,3.6,13,22.3,6.1,22,NA,NA,0,0,457,NA,NA,NA,NA,NA,0.333,NA,NA,NA
2026-04-09 15:00:00,"SPF",20,19.2,20.5,NA,NA,44.8,10.5,7.6,931.6,NA,1018.3,NA,1528.9,5,30,2.5,9,18,4.9,17.6,NA,NA,0,0,533,NA,NA,NA,NA,NA,0.357,NA,NA,NA
2026-04-09 16:00:00,"SPF",20.3,20.2,20.5,NA,NA,40.8,9.8,6.6,931.1,NA,1017.8,NA,1525.6,4.7,21,2.2,7.9,16.9,4.6,16.6,NA,NA,0,0,438,NA,NA,NA,NA,NA,0.289,NA,NA,NA
2026-04-09 17:00:00,"SPF",19.9,19.7,20.2,NA,NA,40,9.3,5.9,931,NA,1017.7,NA,1523.3,2.8,333,1.2,4.3,10.1,2.8,10.1,NA,NA,0,0,225,NA,NA,NA,NA,NA,0.137,NA,NA,NA
2026-04-09 18:00:00,"SPF",16.6,13.9,19.5,NA,NA,54.4,10.2,7.2,931,NA,1017.7,NA,1514.3,3.3,201,1.5,5.4,11.9,3.3,11.9,NA,NA,0,0,61,NA,NA,NA,NA,NA,0.03,NA,NA,NA
2026-04-09 19:00:00,"SPF",13.9,13.6,14.3,NA,NA,60.9,9.7,6.5,931.3,NA,1018,NA,1509.4,6.1,180,2.5,9,22,6,21.6,NA,NA,0,0,0,NA,NA,NA,NA,NA,0.027,NA,NA,NA
2026-04-09 20:00:00,"SPF",10.8,9.9,12.5,NA,NA,78.7,10.1,7.2,931.9,NA,1018.7,NA,1505.5,3.6,207,1.2,4.3,13,3.4,12.2,NA,NA,0,0,0,NA,NA,NA,NA,NA,0.002,NA,NA,NA
2026-04-09 21:00:00,"SPF",9.8,9.3,10.1,NA,NA,84.7,10.3,7.3,932.1,NA,1018.9,NA,1504.5,2.2,204,1.3,4.7,7.9,2.2,7.9,NA,NA,0,0,0,NA,NA,NA,NA,NA,0,NA,NA,NA
2026-04-09 22:00:00,"SPF",8.7,8.2,9.3,NA,NA,88.1,9.9,6.8,932.3,NA,1019.1,NA,1503.1,2.2,208,1.5,5.4,7.9,2.2,7.9,NA,NA,0,0,0,NA,NA,NA,NA,NA,0,NA,NA,NA
2026-04-09 23:00:00,"SPF",7.3,6.7,7.8,NA,NA,91.8,9.4,6.1,932.3,NA,1019.1,NA,1499.6,2.9,213,1.7,6.1,10.4,2.8,10.1,NA,NA,0,0,0,NA,NA,NA,NA,NA,-0.002,NA,NA,NA
2026-04-10,"SPF",7.5,7.2,7.9,NA,NA,89.7,9.3,5.9,932.3,NA,1019.1,NA,1499.9,4.1,202,2.2,7.9,14.8,4,14.4,NA,NA,0,0,0,NA,NA,NA,NA,NA,0.001,NA,NA,NA
2026-04-10 01:00:00,"SPF",6.7,6.3,7.1,NA,NA,92,9,5.5,932.1,NA,1018.9,NA,1496.1,2.4,207,1.4,5,8.6,2.3,8.3,NA,NA,0,0,0,NA,NA,NA,NA,NA,-0.003,NA,NA,NA
2026-04-10 02:00:00,"SPF",5.5,5.1,5.7,NA,NA,97.8,8.8,5.2,931.9,NA,1018.7,NA,1491.1,2.5,217,1.5,5.4,9,2.5,9,NA,NA,0,0,0,NA,NA,NA,NA,NA,-0.005,NA,NA,NA
2026-04-10 03:00:00,"SPF",5,4.7,5.3,NA,NA,99.1,8.6,4.9,931.8,NA,1018.6,NA,1488.8,2.9,216,1.8,6.5,10.4,2.9,10.4,NA,NA,0,0,0,NA,NA,NA,NA,NA,-0.005,NA,NA,NA
2026-04-10 04:00:00,"SPF",5.8,4.8,6.8,NA,NA,93.9,8.6,4.9,931.6,NA,1018.3,NA,1488.9,3.8,209,2.1,7.6,13.7,3.7,13.3,NA,NA,0,0,0,NA,NA,NA,NA,NA,-0.002,NA,NA,NA
2026-04-10 05:00:00,"SPF",7.3,6.7,8.1,NA,NA,85.5,8.8,5.1,931.3,NA,1018,NA,1490.6,3.8,205,1.9,6.8,13.7,3.7,13.3,NA,NA,0,0,0,NA,NA,NA,NA,NA,0.002,NA,NA,NA
2026-04-10 06:00:00,"SPF",8.2,8,8.4,NA,NA,86.9,9.4,6.1,931.1,NA,1017.8,NA,1491.9,3.4,222,1.5,5.4,12.2,3.3,11.9,NA,NA,0,0,23,NA,NA,NA,NA,NA,0.024,NA,NA,NA
2026-04-10 07:00:00,"SPF",9.6,8.8,10.6,NA,NA,81.6,9.8,6.6,931,NA,1017.7,NA,1494.9,3.7,213,1.7,6.1,13.3,3.6,13,NA,NA,0,0,91,NA,NA,NA,NA,NA,0.058,NA,NA,NA
2026-04-10 08:00:00,"SPF",12.2,11.1,12.9,NA,NA,69.7,9.9,6.8,931.1,NA,1017.8,NA,1502.3,3.6,218,1.8,6.5,13,3.5,12.6,NA,NA,0,0,144,NA,NA,NA,NA,NA,0.102,NA,NA,NA
2026-04-10 09:00:00,"SPF",14.8,13.3,16.2,NA,NA,60.5,10.1,7.2,931.1,NA,1017.8,NA,1509.5,3.2,186,1.9,6.8,11.5,3.2,11.5,NA,NA,0,0,297,NA,NA,NA,NA,NA,0.193,NA,NA,NA
2026-04-10 10:00:00,"SPF",15.2,12.3,16.6,NA,NA,55.1,9.4,6,931.1,NA,1017.8,NA,1511.3,10.8,282,2.9,10.4,38.9,10.4,37.4,NA,NA,0.2,0,93,NA,NA,NA,NA,NA,0.126,NA,NA,NA
2026-04-10 11:00:00,"SPF",12,11.5,12.7,NA,NA,87.6,12.3,9.9,932.1,NA,1018.9,NA,1510.8,6.4,196,2.8,10.1,23,6.3,22.7,NA,NA,0.8,0,56,NA,NA,NA,NA,NA,0.056,NA,NA,NA
2026-04-10 12:00:00,"SPF",11.7,11.3,11.9,NA,NA,93,12.7,10.6,932.1,NA,1018.9,NA,1509.6,5.8,200,2.4,8.6,20.9,5.7,20.5,NA,NA,0.5,0,95,NA,NA,NA,NA,NA,0.065,NA,NA,NA
2026-04-10 13:00:00,"SPF",12.5,12,12.9,NA,NA,85.6,12.4,10.1,931.8,NA,1018.5,NA,1509.4,5.1,215,2.4,8.6,18.4,4.9,17.6,NA,NA,0,0,179,NA,NA,NA,NA,NA,0.113,NA,NA,NA
2026-04-10 14:00:00,"SPF",12.8,12.6,12.9,NA,NA,85.7,12.6,10.4,931.4,NA,1018.1,NA,1506.6,6.9,195,2.8,10.1,24.8,6.6,23.8,NA,NA,0,0,192,NA,NA,NA,NA,NA,0.118,NA,NA,NA
2026-04-10 15:00:00,"SPF",13.5,13.1,13.8,NA,NA,81.2,12.6,10.3,930.9,NA,1017.6,NA,1504.5,5.2,185,2.3,8.3,18.7,5.1,18.4,NA,NA,0,0,223,NA,NA,NA,NA,NA,0.135,NA,NA,NA
2026-04-10 16:00:00,"SPF",13.9,13.4,14.4,NA,NA,78.1,12.4,10.2,930.8,NA,1017.5,NA,1504.6,7,45,3.1,11.2,25.2,6.7,24.1,NA,NA,0,0,161,NA,NA,NA,NA,NA,0.11,NA,NA,NA
2026-04-10 17:00:00,"SPF",13.2,13.1,13.4,NA,NA,80.3,12.2,9.9,930.6,NA,1017.3,NA,1501.1,5.3,19,2.9,10.4,19.1,5.3,19.1,NA,NA,0,0,98,NA,NA,NA,NA,NA,0.072,NA,NA,NA
2026-04-10 18:00:00,"SPF",12.9,12.5,13.2,NA,NA,81.6,12.2,9.9,930.5,NA,1017.1,NA,1499.3,2.8,18,0.8,2.9,10.1,2.8,10.1,NA,NA,0,0,30,NA,NA,NA,NA,NA,0.02,NA,NA,NA
2026-04-10 19:00:00,"SPF",11,10,11.9,NA,NA,96,12.6,10.4,930.4,NA,1017,NA,1493.5,2,360,0.8,2.9,7.2,2,7.2,NA,NA,0,0,0,NA,NA,NA,NA,NA,-0.006,NA,NA,NA
2026-04-10 20:00:00,"SPF",8.6,8.2,9.4,NA,NA,99.3,11.1,8.5,930.4,NA,1017.1,NA,1486.8,2.7,209,1.1,4,9.7,2.7,9.7,NA,NA,0,0,0,NA,NA,NA,NA,NA,-0.006,NA,NA,NA
2026-04-10 21:00:00,"SPF",7.4,6.9,8.1,NA,NA,99.3,10.2,7.3,930.2,NA,1016.8,NA,1481.5,2.7,209,1.3,4.7,9.7,2.6,9.4,NA,NA,0,0,0,NA,NA,NA,NA,NA,-0.006,NA,NA,NA
2026-04-10 22:00:00,"SPF",6.4,5.9,6.9,NA,NA,99.3,9.6,6.3,930,NA,1016.6,NA,1476.8,2.1,221,1,3.6,7.6,2.1,7.6,NA,NA,0,0,0,NA,NA,NA,NA,NA,-0.006,NA,NA,NA
2026-04-10 23:00:00,"SPF",6,5.7,6.4,NA,NA,99.4,9.3,5.9,929.8,NA,1016.4,NA,1474,2.2,211,1.2,4.3,7.9,2.1,7.6,NA,NA,0,0,0,NA,NA,NA,NA,NA,-0.006,NA,NA,NA
2026-04-11,"SPF",5.8,5.8,5.9,NA,NA,99.4,9.2,5.7,929.6,NA,1016.2,NA,1471.9,2.2,216,1.5,5.4,7.9,2.2,7.9,NA,NA,0,0,0,NA,NA,NA,NA,NA,-0.005,NA,NA,NA
2026-04-11 01:00:00,"SPF",5.7,5.5,5.8,NA,NA,99.4,9.1,5.6,929.1,NA,1015.6,NA,1467,2.6,208,1.5,5.4,9.4,2.5,9,NA,NA,0,0,0,NA,NA,NA,NA,NA,-0.005,NA,NA,NA
2026-04-11 02:00:00,"SPF",5.6,5.4,5.8,NA,NA,99.4,9,5.5,928.8,NA,1015.3,NA,1464.2,2.1,211,1.2,4.3,7.6,2.1,7.6,NA,NA,0,0,0,NA,NA,NA,NA,NA,-0.006,NA,NA,NA
2026-04-11 03:00:00,"SPF",5,4.7,5.3,NA,NA,99.4,8.7,4.9,928.5,NA,1015,NA,1460.1,2.5,207,1.6,5.8,9,2.5,9,NA,NA,0,0,0,NA,NA,NA,NA,NA,-0.005,NA,NA,NA
2026-04-11 04:00:00,"SPF",4.9,4.4,5.6,NA,NA,99.4,8.6,4.8,928.2,NA,1014.7,NA,1457.6,2.8,214,1.8,6.5,10.1,2.7,9.7,NA,NA,0,0,0,NA,NA,NA,NA,NA,-0.005,NA,NA,NA
2026-04-11 05:00:00,"SPF",4.7,4.3,5.3,NA,NA,99.4,8.5,4.6,928.1,NA,1014.6,NA,1456.5,2.7,212,1.9,6.8,9.7,2.7,9.7,NA,NA,0,0,1,NA,NA,NA,NA,NA,-0.004,NA,NA,NA
2026-04-11 06:00:00,"SPF",4.8,4.5,4.9,NA,NA,99.4,8.5,4.7,928.1,NA,1014.6,NA,1456.3,2.7,208,1.5,5.4,9.7,2.6,9.4,NA,NA,0,0,39,NA,NA,NA,NA,NA,0.015,NA,NA,NA
2026-04-11 07:00:00,"SPF",7.2,5.3,9.1,NA,NA,99.2,10.1,7.1,928,NA,1014.5,NA,1461.8,1.9,211,1.2,4.3,6.8,1.8,6.5,NA,NA,0,0,248,NA,NA,NA,NA,NA,0.09,NA,NA,NA
2026-04-11 08:00:00,"SPF",10.5,9.5,11.3,NA,NA,84.9,10.8,8,927.9,NA,1014.4,NA,1469.7,1.4,153,0.4,1.4,5,1.3,4.7,NA,NA,0,0,395,NA,NA,NA,NA,NA,0.188,NA,NA,NA
2026-04-11 09:00:00,"SPF",13.3,12,14.5,NA,NA,72.1,11,8.4,927.8,NA,1014.3,NA,1476.3,2,72,0.7,2.5,7.2,2,7.2,NA,NA,0,0,606,NA,NA,NA,NA,NA,0.318,NA,NA,NA
2026-04-11 10:00:00,"SPF",16.2,14.7,17.2,NA,NA,59.9,11,8.4,927.2,NA,1013.6,NA,1478.5,2.2,72,0.8,2.9,7.9,2.2,7.9,NA,NA,0,0,737,NA,NA,NA,NA,NA,0.424,NA,NA,NA
2026-04-11 11:00:00,"SPF",18.3,17.9,18.6,NA,NA,54.5,11.5,9,926.6,NA,1013,NA,1479.4,6.3,21,3.2,11.5,22.7,6.1,22,NA,NA,0,0,808,NA,NA,NA,NA,NA,0.493,NA,NA,NA
2026-04-11 12:00:00,"SPF",18.8,18.5,19.3,NA,NA,52.3,11.4,8.9,926.5,NA,1012.8,NA,1479,6.5,35,4.3,15.5,23.4,6.4,23,NA,NA,0,0,831,NA,NA,NA,NA,NA,0.518,NA,NA,NA
2026-04-11 13:00:00,"SPF",19.6,19.2,19.9,NA,NA,50.7,11.6,9.1,926.4,NA,1012.8,NA,1480.9,6.3,34,3.8,13.7,22.7,6.1,22,NA,NA,0,0,793,NA,NA,NA,NA,NA,0.508,NA,NA,NA
2026-04-11 14:00:00,"SPF",20.8,20.2,21.1,NA,NA,49.8,12.2,9.9,926.2,NA,1012.5,NA,1482,4.1,28,2.3,8.3,14.8,4,14.4,NA,NA,0,0,716,NA,NA,NA,NA,NA,0.466,NA,NA,NA
2026-04-11 15:00:00,"SPF",21,20.4,21.3,NA,NA,40.3,10,6.9,926.1,NA,1012.5,NA,1481.8,6.4,267,2.6,9.4,23,6.3,22.7,NA,NA,0,0,333,NA,NA,NA,NA,NA,0.277,NA,NA,NA
2026-04-11 16:00:00,"SPF",19.4,19,20.2,NA,NA,43.1,9.7,6.5,926.9,NA,1013.3,NA,1484.9,10.2,243,3.4,12.2,36.7,9.8,35.3,NA,NA,0,0,175,NA,NA,NA,NA,NA,0.199,NA,NA,NA
2026-04-11 17:00:00,"SPF",18.1,17.4,18.6,NA,NA,49.8,10.3,7.5,927.3,NA,1013.7,NA,1485.1,4.5,216,2,7.2,16.2,4.4,15.8,NA,NA,0,0,92,NA,NA,NA,NA,NA,0.108,NA,NA,NA
2026-04-11 18:00:00,"SPF",16.5,15.6,17.4,NA,NA,59,11,8.4,927.2,NA,1013.6,NA,1479.4,5,322,2.2,7.9,18,4.8,17.3,NA,NA,0,0,17,NA,NA,NA,NA,NA,0.065,NA,NA,NA
2026-04-11 19:00:00,"SPF",14.9,14.4,15.3,NA,NA,66.5,11.3,8.7,926.5,NA,1012.9,NA,1468.9,4.8,28,1.8,6.5,17.3,4.7,16.9,NA,NA,0,0,0,NA,NA,NA,NA,NA,0.017,NA,NA,NA
2026-04-11 20:00:00,"SPF",13,11.9,14.1,NA,NA,77.7,11.6,9.2,926.6,NA,1013,NA,1465.2,2.3,214,1,3.6,8.3,2.3,8.3,NA,NA,0,0,0,NA,NA,NA,NA,NA,0.002,NA,NA,NA
2026-04-11 21:00:00,"SPF",10.5,9.6,11.5,NA,NA,90.6,11.5,9,926.6,NA,1013,NA,1458.5,2.1,202,1.1,4,7.6,2.1,7.6,NA,NA,0,0,0,NA,NA,NA,NA,NA,-0.003,NA,NA,NA
2026-04-11 22:00:00,"SPF",9.4,8.9,9.8,NA,NA,93.3,11,8.3,926.9,NA,1013.3,NA,1457.9,3.5,196,1.5,5.4,12.6,3.5,12.6,NA,NA,0,0,0,NA,NA,NA,NA,NA,-0.003,NA,NA,NA
2026-04-11 23:00:00,"SPF",8.8,7.7,9.4,NA,NA,96.6,10.9,8.3,927.7,NA,1014.2,NA,1463.8,2,214,0.7,2.5,7.2,2,7.2,NA,NA,0,0,0,NA,NA,NA,NA,NA,-0.007,NA,NA,NA
2026-04-12,"SPF",9,8.1,9.6,NA,NA,94.4,10.8,8.2,928.3,NA,1014.8,NA,1469.5,4.6,187,1.7,6.1,16.6,4.4,15.8,NA,NA,0,0,0,NA,NA,NA,NA,NA,-0.003,NA,NA,NA
2026-04-12 01:00:00,"SPF",9.9,9.7,10.1,NA,NA,89.2,10.9,8.2,928.6,NA,1015.1,NA,1474.3,1.6,180,0.5,1.8,5.8,1.6,5.8,NA,NA,0,0,0,NA,NA,NA,NA,NA,-0.006,NA,NA,NA
2026-04-12 02:00:00,"SPF",9.9,9.7,10.2,NA,NA,96.2,11.7,9.3,928.5,NA,1015,NA,1473.7,1.3,27,0.5,1.8,4.7,1.3,4.7,NA,NA,0.3,0,0,NA,NA,NA,NA,NA,-0.007,NA,NA,NA
2026-04-12 03:00:00,"SPF",9.8,9.5,10.2,NA,NA,99.3,12,9.7,928.8,NA,1015.3,NA,1475.7,6.6,61,2.3,8.3,23.8,6.5,23.4,NA,NA,5.4,0,0,NA,NA,NA,NA,NA,-0.005,NA,NA,NA
2026-04-12 04:00:00,"SPF",9.4,9.2,9.6,NA,NA,99.3,11.7,9.3,929.2,NA,1015.8,NA,1478.5,6.6,53,3.3,11.9,23.8,6.5,23.4,NA,NA,3.8,0,0,NA,NA,NA,NA,NA,-0.004,NA,NA,NA
2026-04-12 05:00:00,"SPF",8.8,8.6,9,NA,NA,99.3,11.2,8.7,929.2,NA,1015.8,NA,1476.6,3.3,360,1.3,4.7,11.9,3.2,11.5,NA,NA,0.9,0,0,NA,NA,NA,NA,NA,-0.006,NA,NA,NA
2026-04-12 06:00:00,"SPF",8.7,8.6,8.8,NA,NA,99.3,11.1,8.6,929.1,NA,1015.6,NA,1475.2,2.4,360,0.7,2.5,8.6,2.3,8.3,NA,NA,0,0,19,NA,NA,NA,NA,NA,0.018,NA,NA,NA
2026-04-12 07:00:00,"SPF",9,8.9,9,NA,NA,99.3,11.4,8.9,928.8,NA,1015.3,NA,1473.9,3.7,18,2.1,7.6,13.3,3.6,13,NA,NA,0,0,34,NA,NA,NA,NA,NA,0.026,NA,NA,NA
2026-04-12 08:00:00,"SPF",9.2,9,9.3,NA,NA,99.2,11.5,9.1,928.8,NA,1015.3,NA,1474,4.3,17,2.8,10.1,15.5,4.2,15.1,NA,NA,0,0,84,NA,NA,NA,NA,NA,0.045,NA,NA,NA
2026-04-12 09:00:00,"SPF",9.2,8.5,9.5,NA,NA,98.9,11.5,9,928.5,NA,1015,NA,1471.7,7.3,31,4.1,14.8,26.3,7,25.2,NA,NA,0,0,187,NA,NA,NA,NA,NA,0.08,NA,NA,NA
2026-04-12 10:00:00,"SPF",8.4,8.3,8.5,NA,NA,99.3,10.9,8.3,928.5,NA,1015,NA,1469.1,6.9,39,4.4,15.8,24.8,6.6,23.8,NA,NA,0,0,197,NA,NA,NA,NA,NA,0.082,NA,NA,NA
2026-04-12 11:00:00,"SPF",8.7,8.5,9,NA,NA,98.9,11.1,8.5,927.9,NA,1014.4,NA,1465.2,8.3,27,5.3,19.1,29.9,8.1,29.2,NA,NA,0,0,212,NA,NA,NA,NA,NA,0.085,NA,NA,NA
2026-04-12 12:00:00,"SPF",8.8,8.6,8.9,NA,NA,96.6,10.9,8.3,927.5,NA,1013.9,NA,1461.9,9.3,24,6,21.6,33.5,9,32.4,NA,NA,0,0,215,NA,NA,NA,NA,NA,0.089,NA,NA,NA
2026-04-12 13:00:00,"SPF",8.5,8.3,8.7,NA,NA,96.5,10.7,8,927.5,NA,1013.9,NA,1460.9,8.3,21,5.1,18.4,29.9,8.2,29.5,NA,NA,0,0,102,NA,NA,NA,NA,NA,0.053,NA,NA,NA
2026-04-12 14:00:00,"SPF",8,7.7,8.2,NA,NA,99.3,10.6,7.9,927.3,NA,1013.7,NA,1457.5,5.4,38,3.4,12.2,19.4,5.3,19.1,NA,NA,0.1,0,84,NA,NA,NA,NA,NA,0.045,NA,NA,NA
2026-04-12 15:00:00,"SPF",7.7,7.4,7.8,NA,NA,99.3,10.4,7.6,927.1,NA,1013.5,NA,1454.9,6.3,40,3.4,12.2,22.7,6.2,22.3,NA,NA,0,0,84,NA,NA,NA,NA,NA,0.043,NA,NA,NA
2026-04-12 16:00:00,"SPF",7.1,6.8,7.3,NA,NA,99.3,10,7,927.1,NA,1013.5,NA,1453.3,6.9,40,4.6,16.6,24.8,6.7,24.1,NA,NA,0.1,0,72,NA,NA,NA,NA,NA,0.034,NA,NA,NA
2026-04-12 17:00:00,"SPF",6.8,6.7,6.8,NA,NA,99.3,9.8,6.7,926.9,NA,1013.3,NA,1450.9,6.4,30,4.1,14.8,23,6.3,22.7,NA,NA,0,0,44,NA,NA,NA,NA,NA,0.023,NA,NA,NA
2026-04-12 18:00:00,"SPF",6.5,6.3,6.7,NA,NA,99.3,9.6,6.4,926.5,NA,1012.8,NA,1446.9,5.8,22,3.5,12.6,20.9,5.7,20.5,NA,NA,0,0,8,NA,NA,NA,NA,NA,0.013,NA,NA,NA
2026-04-12 19:00:00,"SPF",6.1,6,6.3,NA,NA,99.3,9.4,6,926.2,NA,1012.5,NA,1443.4,6.1,22,4.2,15.1,22,6,21.6,NA,NA,0,0,0,NA,NA,NA,NA,NA,-0.003,NA,NA,NA
2026-04-12 20:00:00,"SPF",6.1,6,6.1,NA,NA,99.3,9.3,6,926,NA,1012.3,NA,1441.1,5.5,25,3.4,12.2,19.8,5.5,19.8,NA,NA,0,0,0,NA,NA,NA,NA,NA,-0.003,NA,NA,NA
2026-04-12 21:00:00,"SPF",6,5.9,6.1,NA,NA,99.3,9.3,5.9,925.5,NA,1011.8,NA,1436.7,5.4,20,3,10.8,19.4,5.3,19.1,NA,NA,0,0,0,NA,NA,NA,NA,NA,-0.004,NA,NA,NA
2026-04-12 22:00:00,"SPF",5.9,5.8,6,NA,NA,99.3,9.2,5.8,925.2,NA,1011.4,NA,1433.6,3.9,33,2.4,8.6,14,3.8,13.7,NA,NA,0,0,0,NA,NA,NA,NA,NA,-0.004,NA,NA,NA
2026-04-12 23:00:00,"SPF",5.8,5.7,5.8,NA,NA,99.3,9.2,5.7,924.9,NA,1011.1,NA,1430.9,3.8,38,2.4,8.6,13.7,3.7,13.3,NA,NA,0,0,0,NA,NA,NA,NA,NA,-0.004,NA,NA,NA
2026-04-13,"SPF",5.6,5.5,5.7,NA,NA,99.3,9,5.5,924.4,NA,1010.6,NA,1426.2,4,41,2.4,8.6,14.4,3.9,14,NA,NA,0,0,0,NA,NA,NA,NA,NA,-0.004,NA,NA,NA
2026-04-13 01:00:00,"SPF",5.6,5.5,5.6,NA,NA,99.3,9,5.5,924,NA,1010.2,NA,1422.9,2.7,50,1.8,6.5,9.7,2.7,9.7,NA,NA,0,0,0,NA,NA,NA,NA,NA,-0.005,NA,NA,NA
2026-04-13 02:00:00,"SPF",5.6,5.5,5.6,NA,NA,99.3,9,5.5,923.7,NA,1009.8,NA,1419.8,2.8,38,1.7,6.1,10.1,2.8,10.1,NA,NA,0,0,0,NA,NA,NA,NA,NA,-0.005,NA,NA,NA
2026-04-13 03:00:00,"SPF",5.5,5.4,5.5,NA,NA,99.3,9,5.4,923.5,NA,1009.6,NA,1417.8,2.5,23,1.5,5.4,9,2.5,9,NA,NA,0,0,0,NA,NA,NA,NA,NA,-0.005,NA,NA,NA
2026-04-13 04:00:00,"SPF",5.4,5.4,5.5,NA,NA,99.3,8.9,5.3,923.2,NA,1009.3,NA,1415.6,2.3,34,1.5,5.4,8.3,2.2,7.9,NA,NA,0,0,0,NA,NA,NA,NA,NA,-0.005,NA,NA,NA
2026-04-13 05:00:00,"SPF",5.4,5.3,5.4,NA,NA,99.3,8.9,5.3,923,NA,1009.1,NA,1413.6,2.7,39,1.4,5,9.7,2.7,9.7,NA,NA,0,0,0,NA,NA,NA,NA,NA,-0.005,NA,NA,NA
2026-04-13 06:00:00,"SPF",5.3,5.2,5.3,NA,NA,99.3,8.8,5.2,922.9,NA,1009,NA,1412.7,3.1,37,2,7.2,11.2,3,10.8,NA,NA,0,0,4,NA,NA,NA,NA,NA,0.015,NA,NA,NA
2026-04-13 07:00:00,"SPF",5.5,5.4,5.6,NA,NA,99.3,9,5.4,923,NA,1009.1,NA,1413.6,3.1,21,1.5,5.4,11.2,3,10.8,NA,NA,0,0,24,NA,NA,NA,NA,NA,0.022,NA,NA,NA
2026-04-13 08:00:00,"SPF",5.9,5.7,5.9,NA,NA,99.3,9.2,5.8,923,NA,1009.1,NA,1414.9,2.3,15,1.5,5.4,8.3,2.3,8.3,NA,NA,0,0,52,NA,NA,NA,NA,NA,0.033,NA,NA,NA
2026-04-13 09:00:00,"SPF",6.2,6.1,6.3,NA,NA,99.3,9.4,6.1,923.2,NA,1009.3,NA,1417.3,2.2,16,1.5,5.4,7.9,2.2,7.9,NA,NA,0,0,78,NA,NA,NA,NA,NA,0.044,NA,NA,NA
2026-04-13 10:00:00,"SPF",6.7,6.5,7,NA,NA,99.3,9.7,6.6,923.4,NA,1009.5,NA,1420.1,3.2,22,1.9,6.8,11.5,3.1,11.2,NA,NA,0,0,134,NA,NA,NA,NA,NA,0.066,NA,NA,NA
2026-04-13 11:00:00,"SPF",7.1,7,7.2,NA,NA,99.3,10,7,923.4,NA,1009.5,NA,1421.5,3.5,33,2.1,7.6,12.6,3.4,12.2,NA,NA,0,0,185,NA,NA,NA,NA,NA,0.087,NA,NA,NA
2026-04-13 12:00:00,"SPF",7.7,7.3,7.9,NA,NA,98.6,10.3,7.5,923.4,NA,1009.5,NA,1422.9,3.3,21,2,7.2,11.9,3.2,11.5,NA,NA,0,0,217,NA,NA,NA,NA,NA,0.103,NA,NA,NA
2026-04-13 13:00:00,"SPF",7.7,7.6,7.9,NA,NA,98.8,10.4,7.6,923.5,NA,1009.6,NA,1424,4.4,21,2.8,10.1,15.8,4.3,15.5,NA,NA,0,0,169,NA,NA,NA,NA,NA,0.079,NA,NA,NA
2026-04-13 14:00:00,"SPF",7.6,7.4,7.8,NA,NA,99.2,10.4,7.5,923.7,NA,1009.8,NA,1425.3,3.9,30,2.5,9,14,3.9,14,NA,NA,0,0,126,NA,NA,NA,NA,NA,0.062,NA,NA,NA
2026-04-13 15:00:00,"SPF",7.3,7.2,7.4,NA,NA,99.3,10.2,7.2,923.9,NA,1010,NA,1425.9,4.2,34,2.7,9.7,15.1,4,14.4,NA,NA,0,0,100,NA,NA,NA,NA,NA,0.05,NA,NA,NA
2026-04-13 16:00:00,"SPF",7.3,7.2,7.4,NA,NA,99.3,10.2,7.2,924.2,NA,1010.4,NA,1428.7,4.3,35,2.8,10.1,15.5,4.3,15.5,NA,NA,0.3,0,99,NA,NA,NA,NA,NA,0.046,NA,NA,NA
2026-04-13 17:00:00,"SPF",7.2,7,7.4,NA,NA,99.3,10.1,7.1,924.6,NA,1010.8,NA,1432,4.7,38,2.9,10.4,16.9,4.6,16.6,NA,NA,0.2,0,49,NA,NA,NA,NA,NA,0.027,NA,NA,NA
2026-04-13 18:00:00,"SPF",6.7,6.4,6.9,NA,NA,99.3,9.7,6.6,925.1,NA,1011.4,NA,1435.3,4.7,46,2.9,10.4,16.9,4.6,16.6,NA,NA,0.2,0,10,NA,NA,NA,NA,NA,0.014,NA,NA,NA
2026-04-13 19:00:00,"SPF",6.4,6.3,6.5,NA,NA,99.3,9.5,6.3,925.9,NA,1012.2,NA,1441.1,4.9,45,2.8,10.1,17.6,4.7,16.9,NA,NA,0.8,0,0,NA,NA,NA,NA,NA,-0.004,NA,NA,NA
2026-04-13 20:00:00,"SPF",6.1,6.1,6.2,NA,NA,99.3,9.3,6,926.7,NA,1013.1,NA,1448.1,4.3,36,2.3,8.3,15.5,4.3,15.5,NA,NA,0.5,0,0,NA,NA,NA,NA,NA,-0.004,NA,NA,NA
2026-04-13 21:00:00,"SPF",5.8,5.6,6,NA,NA,99.3,9.1,5.7,927.3,NA,1013.7,NA,1451.9,3.9,16,2.6,9.4,14,3.8,13.7,NA,NA,0.5,0,0,NA,NA,NA,NA,NA,-0.004,NA,NA,NA
2026-04-13 22:00:00,"SPF",5.5,5.5,5.5,NA,NA,99.3,9,5.4,927.8,NA,1014.2,NA,1455.5,3.7,9,2.5,9,13.3,3.6,13,NA,NA,0.4,0,0,NA,NA,NA,NA,NA,-0.004,NA,NA,NA
2026-04-13 23:00:00,"SPF",5.2,4.9,5.5,NA,NA,99.3,8.8,5.1,928.3,NA,1014.8,NA,1459.2,3.6,252,1.1,4,13,3.6,13,NA,NA,0.3,0,0,NA,NA,NA,NA,NA,-0.006,NA,NA,NA
2026-04-14,"SPF",4.9,4.9,5,NA,NA,99.3,8.6,4.8,928.7,NA,1015.2,NA,1461.7,1.7,135,0.7,2.5,6.1,1.6,5.8,NA,NA,0,0,0,NA,NA,NA,NA,NA,-0.007,NA,NA,NA
2026-04-14 01:00:00,"SPF",5,4.9,5,NA,NA,99.2,8.6,4.9,928.9,NA,1015.4,NA,1463.4,1.4,117,0.5,1.8,5,1.3,4.7,NA,NA,0.1,0,0,NA,NA,NA,NA,NA,-0.007,NA,NA,NA
2026-04-14 02:00:00,"SPF",4.8,4.7,5,NA,NA,99.3,8.6,4.7,928.9,NA,1015.4,NA,1463.6,1.7,10,1.1,4,6.1,1.7,6.1,NA,NA,0,0,0,NA,NA,NA,NA,NA,-0.006,NA,NA,NA
2026-04-14 03:00:00,"SPF",4.6,4.5,4.8,NA,NA,99.3,8.4,4.5,929.2,NA,1015.8,NA,1465.4,3.4,31,1.8,6.5,12.2,3.3,11.9,NA,NA,0,0,0,NA,NA,NA,NA,NA,-0.005,NA,NA,NA
2026-04-14 04:00:00,"SPF",4.5,4.4,4.5,NA,NA,99.3,8.4,4.4,929.6,NA,1016.2,NA,1468,3.9,36,2.4,8.6,14,3.8,13.7,NA,NA,0,0,0,NA,NA,NA,NA,NA,-0.004,NA,NA,NA
2026-04-14 05:00:00,"SPF",4.4,4.4,4.5,NA,NA,99.3,8.3,4.3,929.8,NA,1016.4,NA,1469.8,4.1,34,2.4,8.6,14.8,4.1,14.8,NA,NA,0,0,0,NA,NA,NA,NA,NA,-0.004,NA,NA,NA
2026-04-14 06:00:00,"SPF",4.3,4.2,4.4,NA,NA,99.3,8.3,4.2,930.3,NA,1017,NA,1474.3,4.3,31,2.6,9.4,15.5,4.3,15.5,NA,NA,0,0,11,NA,NA,NA,NA,NA,0.014,NA,NA,NA
2026-04-14 07:00:00,"SPF",4.3,4.2,4.4,NA,NA,99.3,8.2,4.2,930.9,NA,1017.6,NA,1479.2,4.2,38,2.5,9,15.1,4.1,14.8,NA,NA,0,0,35,NA,NA,NA,NA,NA,0.022,NA,NA,NA
2026-04-14 08:00:00,"SPF",4.8,4.5,5.1,NA,NA,99.3,8.5,4.7,931.3,NA,1018,NA,1484,4.6,27,2.8,10.1,16.6,4.6,16.6,NA,NA,0,0,102,NA,NA,NA,NA,NA,0.044,NA,NA,NA
2026-04-14 09:00:00,"SPF",5.5,5.2,5.9,NA,NA,99.3,9,5.4,931.6,NA,1018.4,NA,1488.9,4.7,25,2.8,10.1,16.9,4.7,16.9,NA,NA,0,0,151,NA,NA,NA,NA,NA,0.064,NA,NA,NA
2026-04-14 10:00:00,"SPF",5.9,5.7,6,NA,NA,99.2,9.2,5.8,932,NA,1018.8,NA,1493.3,5.3,27,3.2,11.5,19.1,5.2,18.7,NA,NA,0,0,163,NA,NA,NA,NA,NA,0.069,NA,NA,NA
2026-04-14 11:00:00,"SPF",6.2,5.9,6.8,NA,NA,98.9,9.4,6.1,932.2,NA,1019,NA,1495.5,5,17,3.1,11.2,18,4.9,17.6,NA,NA,0,0,148,NA,NA,NA,NA,NA,0.066,NA,NA,NA
2026-04-14 12:00:00,"SPF",7.1,6.9,7.4,NA,NA,93.7,9.5,6.2,932.2,NA,1019,NA,1497.8,5,20,3,10.8,18,4.9,17.6,NA,NA,0,0,185,NA,NA,NA,NA,NA,0.088,NA,NA,NA
2026-04-14 13:00:00,"SPF",6.8,6.6,7.3,NA,NA,95.4,9.5,6.2,932.6,NA,1019.4,NA,1500.9,7.3,17,4.5,16.2,26.3,7.1,25.6,NA,NA,0,0,94,NA,NA,NA,NA,NA,0.05,NA,NA,NA
2026-04-14 14:00:00,"SPF",7.1,6.8,7.2,NA,NA,93.9,9.5,6.2,932.9,NA,1019.7,NA,1504.3,5.2,24,2.7,9.7,18.7,5.1,18.4,NA,NA,0,0,67,NA,NA,NA,NA,NA,0.045,NA,NA,NA
2026-04-14 15:00:00,"SPF",7.3,7.1,7.4,NA,NA,92.6,9.4,6.1,933,NA,1019.8,NA,1505.7,4.2,17,2.2,7.9,15.1,4.2,15.1,NA,NA,0,0,57,NA,NA,NA,NA,NA,0.042,NA,NA,NA
2026-04-14 16:00:00,"SPF",7.4,7.3,7.5,NA,NA,92.6,9.6,6.3,933.1,NA,1019.9,NA,1506.7,4.7,18,2.4,8.6,16.9,4.5,16.2,NA,NA,0,0,34,NA,NA,NA,NA,NA,0.033,NA,NA,NA
2026-04-14 17:00:00,"SPF",7.1,6.9,7.3,NA,NA,98.1,9.9,6.9,933.5,NA,1020.4,NA,1509.4,4.2,28,2.2,7.9,15.1,4.1,14.8,NA,NA,0.1,0,11,NA,NA,NA,NA,NA,0.019,NA,NA,NA
2026-04-14 18:00:00,"SPF",6.8,6.7,6.9,NA,NA,99.3,9.8,6.7,933.9,NA,1020.8,NA,1512,3.2,29,2.1,7.6,11.5,3.1,11.2,NA,NA,0.1,0,1,NA,NA,NA,NA,NA,0.015,NA,NA,NA
2026-04-14 19:00:00,"SPF",6.7,6.7,6.8,NA,NA,99.3,9.7,6.6,934.2,NA,1021.1,NA,1514.4,3.3,30,2,7.2,11.9,3.2,11.5,NA,NA,0.1,0,0,NA,NA,NA,NA,NA,-0.005,NA,NA,NA
2026-04-14 20:00:00,"SPF",6.6,6.6,6.6,NA,NA,99.3,9.7,6.5,934.6,NA,1021.6,NA,1517.8,3.6,25,2.3,8.3,13,3.5,12.6,NA,NA,0.2,0,0,NA,NA,NA,NA,NA,-0.004,NA,NA,NA
2026-04-14 21:00:00,"SPF",6.5,6.5,6.6,NA,NA,99.3,9.6,6.4,934.9,NA,1021.9,NA,1519.6,4.9,22,2.7,9.7,17.6,4.8,17.3,NA,NA,0.1,0,0,NA,NA,NA,NA,NA,-0.004,NA,NA,NA
2026-04-14 22:00:00,"SPF",6.5,6.4,6.5,NA,NA,99.3,9.6,6.4,934.8,NA,1021.8,NA,1518.6,5,23,3.3,11.9,18,4.9,17.6,NA,NA,0.1,0,0,NA,NA,NA,NA,NA,-0.004,NA,NA,NA
2026-04-14 23:00:00,"SPF",6.6,6.5,6.7,NA,NA,99.3,9.6,6.5,934.4,NA,1021.3,NA,1515.7,5.9,23,4.2,15.1,21.2,5.9,21.2,NA,NA,0,0,0,NA,NA,NA,NA,NA,-0.003,NA,NA,NA
2026-04-15,"SPF",6.7,6.7,6.7,NA,NA,99.3,9.7,6.6,934.1,NA,1021,NA,1513.3,6.7,27,3.6,13,24.1,6.4,23,NA,NA,0,0,0,NA,NA,NA,NA,NA,-0.003,NA,NA,NA
2026-04-15 01:00:00,"SPF",6.6,6.6,6.7,NA,NA,99.3,9.7,6.5,933.8,NA,1020.7,NA,1510.9,5,30,3.1,11.2,18,4.8,17.3,NA,NA,0,0,0,NA,NA,NA,NA,NA,-0.004,NA,NA,NA
2026-04-15 02:00:00,"SPF",6.6,6.6,6.6,NA,NA,99.3,9.7,6.5,933.9,NA,1020.8,NA,1511.8,4.6,26,2.6,9.4,16.6,4.5,16.2,NA,NA,0,0,0,NA,NA,NA,NA,NA,-0.004,NA,NA,NA
2026-04-15 03:00:00,"SPF",6.5,6.4,6.5,NA,NA,99.3,9.6,6.4,933.7,NA,1020.6,NA,1509.3,4.8,18,3,10.8,17.3,4.6,16.6,NA,NA,0,0,0,NA,NA,NA,NA,NA,-0.004,NA,NA,NA
2026-04-15 04:00:00,"SPF",6.4,6.4,6.4,NA,NA,99.3,9.5,6.3,933.6,NA,1020.5,NA,1508.2,3.5,18,2.2,7.9,12.6,3.4,12.2,NA,NA,0,0,0,NA,NA,NA,NA,NA,-0.005,NA,NA,NA
2026-04-15 05:00:00,"SPF",6.3,6.2,6.4,NA,NA,99.3,9.5,6.2,933.8,NA,1020.7,NA,1509.5,4.1,25,2.3,8.3,14.8,4.1,14.8,NA,NA,0,0,0,NA,NA,NA,NA,NA,-0.004,NA,NA,NA
2026-04-15 06:00:00,"SPF",6.2,6.2,6.3,NA,NA,99.3,9.4,6.1,934.1,NA,1021,NA,1511.7,4.3,19,2.4,8.6,15.5,4.2,15.1,NA,NA,0,0,13,NA,NA,NA,NA,NA,0.016,NA,NA,NA
2026-04-15 07:00:00,"SPF",6.5,6.4,6.6,NA,NA,99.3,9.6,6.4,934.4,NA,1021.3,NA,1515.3,4,23,2.4,8.6,14.4,3.9,14,NA,NA,0,0,63,NA,NA,NA,NA,NA,0.032,NA,NA,NA
2026-04-15 08:00:00,"SPF",7,6.7,7.1,NA,NA,99.2,9.9,6.9,934.7,NA,1021.7,NA,1519,2.8,33,1.7,6.1,10.1,2.8,10.1,NA,NA,0,0,125,NA,NA,NA,NA,NA,0.059,NA,NA,NA
2026-04-15 09:00:00,"SPF",7.5,7.3,7.9,NA,NA,96.5,10,7,934.7,NA,1021.7,NA,1521.2,3.3,19,1.9,6.8,11.9,3.3,11.9,NA,NA,0,0,185,NA,NA,NA,NA,NA,0.088,NA,NA,NA
2026-04-15 10:00:00,"SPF",8.3,8,8.7,NA,NA,89.4,9.8,6.6,934.5,NA,1021.5,NA,1521.8,3.3,35,2.1,7.6,11.9,3.2,11.5,NA,NA,0,0,258,NA,NA,NA,NA,NA,0.126,NA,NA,NA
2026-04-15 11:00:00,"SPF",9,8.7,9.3,NA,NA,85.5,9.8,6.7,934.6,NA,1021.6,NA,1524.3,3.8,28,2.4,8.6,13.7,3.7,13.3,NA,NA,0,0,355,NA,NA,NA,NA,NA,0.172,NA,NA,NA
2026-04-15 12:00:00,"SPF",9.6,9.1,9.9,NA,NA,81.2,9.7,6.6,934.5,NA,1021.5,NA,1525.5,4.3,7,2.6,9.4,15.5,4.1,14.8,NA,NA,0,0,371,NA,NA,NA,NA,NA,0.186,NA,NA,NA
2026-04-15 13:00:00,"SPF",10.2,9.9,10.5,NA,NA,78.8,9.8,6.7,934.4,NA,1021.3,NA,1526.1,4.3,16,2.7,9.7,15.5,4.2,15.1,NA,NA,0,0,413,NA,NA,NA,NA,NA,0.208,NA,NA,NA
2026-04-15 14:00:00,"SPF",10.9,10.7,11.3,NA,NA,77.1,10.1,7.1,934.3,NA,1021.2,NA,1527.2,5.4,22,3,10.8,19.4,5.3,19.1,NA,NA,0,0,457,NA,NA,NA,NA,NA,0.228,NA,NA,NA
2026-04-15 15:00:00,"SPF",11,10.8,11.2,NA,NA,77,10.1,7.1,934.1,NA,1021,NA,1526,5.8,19,3.5,12.6,20.9,5.7,20.5,NA,NA,0,0,345,NA,NA,NA,NA,NA,0.178,NA,NA,NA
2026-04-15 16:00:00,"SPF",10.7,10.6,10.9,NA,NA,77.9,10,7,934.2,NA,1021.1,NA,1525.6,5.2,14,3.3,11.9,18.7,5.2,18.7,NA,NA,0,0,193,NA,NA,NA,NA,NA,0.112,NA,NA,NA
2026-04-15 17:00:00,"SPF",10.5,10.4,10.5,NA,NA,78.8,10,7,934.4,NA,1021.3,NA,1526.5,4.8,15,3.1,11.2,17.3,4.8,17.3,NA,NA,0,0,133,NA,NA,NA,NA,NA,0.079,NA,NA,NA
2026-04-15 18:00:00,"SPF",9.8,9.4,10.2,NA,NA,82.1,10,6.9,934.4,NA,1021.3,NA,1524.9,3.9,12,2.3,8.3,14,3.8,13.7,NA,NA,0,0,36,NA,NA,NA,NA,NA,0.031,NA,NA,NA
2026-04-15 19:00:00,"SPF",8.7,7.9,9.3,NA,NA,88.6,10,6.9,935.1,NA,1022.1,NA,1527.6,2,45,0.8,2.9,7.2,2,7.2,NA,NA,0,0,0,NA,NA,NA,NA,NA,-0.004,NA,NA,NA
2026-04-15 20:00:00,"SPF",6.8,6,7.4,NA,NA,98.8,9.8,6.6,935.5,NA,1022.5,NA,1525.7,2.7,196,0.8,2.9,9.7,2.6,9.4,NA,NA,0,0,0,NA,NA,NA,NA,NA,-0.007,NA,NA,NA
2026-04-15 21:00:00,"SPF",5.7,5.4,5.9,NA,NA,99.3,9.1,5.6,936.2,NA,1023.3,NA,1528.3,2.5,209,1.4,5,9,2.4,8.6,NA,NA,0,0,0,NA,NA,NA,NA,NA,-0.005,NA,NA,NA
2026-04-15 22:00:00,"SPF",5.9,5.7,6.1,NA,NA,99.3,9.2,5.8,936.3,NA,1023.4,NA,1530.3,2.5,209,1.1,4,9,2.5,9,NA,NA,0,0,0,NA,NA,NA,NA,NA,-0.006,NA,NA,NA
2026-04-15 23:00:00,"SPF",5.5,5.2,5.8,NA,NA,99.3,9,5.4,936.4,NA,1023.5,NA,1529.5,1.8,187,0.9,3.2,6.5,1.8,6.5,NA,NA,0,0,0,NA,NA,NA,NA,NA,-0.006,NA,NA,NA
2026-04-16,"SPF",6.3,5.9,6.7,NA,NA,99.3,9.4,6.2,936.3,NA,1023.4,NA,1531,1.8,180,0.8,2.9,6.5,1.8,6.5,NA,NA,0,0,0,NA,NA,NA,NA,NA,-0.007,NA,NA,NA
2026-04-16 01:00:00,"SPF",6.8,6.5,7,NA,NA,99.3,9.8,6.7,936.1,NA,1023.2,NA,1531.2,1.5,90,0.6,2.2,5.4,1.4,5,NA,NA,0,0,0,NA,NA,NA,NA,NA,-0.007,NA,NA,NA
2026-04-16 02:00:00,"SPF",6.9,6.8,6.9,NA,NA,99.3,9.9,6.8,936.1,NA,1023.2,NA,1531.4,1.7,203,0.9,3.2,6.1,1.6,5.8,NA,NA,0,0,0,NA,NA,NA,NA,NA,-0.006,NA,NA,NA
2026-04-16 03:00:00,"SPF",7.2,7,7.4,NA,NA,99.3,10,7.1,936.4,NA,1023.5,NA,1534.2,1.3,188,0.8,2.9,4.7,1.3,4.7,NA,NA,0,0,0,NA,NA,NA,NA,NA,-0.007,NA,NA,NA
2026-04-16 04:00:00,"SPF",7.5,7.5,7.6,NA,NA,99.3,10.3,7.4,936.4,NA,1023.5,NA,1535.3,1.2,191,0.6,2.2,4.3,1.1,4,NA,NA,0,0,0,NA,NA,NA,NA,NA,-0.007,NA,NA,NA
2026-04-16 05:00:00,"SPF",7.6,7.5,7.7,NA,NA,99.3,10.4,7.5,936.4,NA,1023.5,NA,1536,1,207,0.5,1.8,3.6,0.9,3.2,NA,NA,0,0,0,NA,NA,NA,NA,NA,-0.007,NA,NA,NA
2026-04-16 06:00:00,"SPF",7.7,7.5,8,NA,NA,99.3,10.5,7.6,936.8,NA,1023.9,NA,1539.8,0.9,207,0.5,1.8,3.2,0.9,3.2,NA,NA,0,0,30,NA,NA,NA,NA,NA,0.02,NA,NA,NA
2026-04-16 07:00:00,"SPF",8.6,8.1,9,NA,NA,99.3,11.1,8.5,937,NA,1024.1,NA,1544.1,1,180,0.4,1.4,3.6,1,3.6,NA,NA,0,0,99,NA,NA,NA,NA,NA,0.051,NA,NA,NA
2026-04-16 08:00:00,"SPF",10.1,9.3,10.8,NA,NA,92.7,11.5,9,937,NA,1024.1,NA,1548.7,1.2,194,0.6,2.2,4.3,1.2,4.3,NA,NA,0,0,276,NA,NA,NA,NA,NA,0.136,NA,NA,NA
2026-04-16 09:00:00,"SPF",11.4,10.9,11.9,NA,NA,80,10.8,8.1,936.8,NA,1023.9,NA,1550.6,3.4,72,1,3.6,12.2,3.3,11.9,NA,NA,0,0,262,NA,NA,NA,NA,NA,0.146,NA,NA,NA
2026-04-16 10:00:00,"SPF",13.3,12.3,14.1,NA,NA,66.6,10.1,7.1,936.6,NA,1023.7,NA,1553.9,5.6,51,2.6,9.4,20.2,5.4,19.4,NA,NA,0,0,504,NA,NA,NA,NA,NA,0.28,NA,NA,NA
2026-04-16 11:00:00,"SPF",14.2,13.4,15.1,NA,NA,61.7,10,7,936.4,NA,1023.5,NA,1555.1,7.1,30,3.6,13,25.6,7,25.2,NA,NA,0,0,641,NA,NA,NA,NA,NA,0.358,NA,NA,NA
2026-04-16 12:00:00,"SPF",15,14.6,15.6,NA,NA,58.9,10.1,7.1,936.2,NA,1023.3,NA,1556,6.6,32,3.7,13.3,23.8,6.4,23,NA,NA,0,0,805,NA,NA,NA,NA,NA,0.444,NA,NA,NA
2026-04-16 13:00:00,"SPF",15.6,15.2,15.9,NA,NA,56.3,10,6.9,936.1,NA,1023.2,NA,1556.5,6.6,41,3.7,13.3,23.8,6.4,23,NA,NA,0,0,743,NA,NA,NA,NA,NA,0.425,NA,NA,NA
2026-04-16 14:00:00,"SPF",16.2,15.7,16.6,NA,NA,55,10.1,7.1,935.8,NA,1022.9,NA,1556,6.1,40,3.2,11.5,22,6,21.6,NA,NA,0,0,764,NA,NA,NA,NA,NA,0.44,NA,NA,NA
2026-04-16 15:00:00,"SPF",16.5,16.4,16.6,NA,NA,52.8,9.9,6.8,935.4,NA,1022.4,NA,1553.4,7,23,3.6,13,25.2,6.8,24.5,NA,NA,0,0,671,NA,NA,NA,NA,NA,0.396,NA,NA,NA
2026-04-16 16:00:00,"SPF",16.3,15.8,16.9,NA,NA,51.4,9.5,6.3,935.3,NA,1022.3,NA,1551.8,6.4,32,3.5,12.6,23,6.4,23,NA,NA,0,0,485,NA,NA,NA,NA,NA,0.294,NA,NA,NA
2026-04-16 17:00:00,"SPF",15.8,15.7,15.9,NA,NA,49.7,8.9,5.3,935.3,NA,1022.3,NA,1550.3,5.9,28,3.3,11.9,21.2,5.8,20.9,NA,NA,0,0,260,NA,NA,NA,NA,NA,0.176,NA,NA,NA
2026-04-16 18:00:00,"SPF",14.8,13.9,15.4,NA,NA,54.4,9.1,5.7,935.3,NA,1022.3,NA,1547.6,4.5,60,2.3,8.3,16.2,4.5,16.2,NA,NA,0,0,61,NA,NA,NA,NA,NA,0.066,NA,NA,NA
2026-04-16 19:00:00,"SPF",13.3,12.7,13.7,NA,NA,61.6,9.4,6.1,935.4,NA,1022.4,NA,1544.1,2.7,20,1.3,4.7,9.7,2.7,9.7,NA,NA,0,0,2,NA,NA,NA,NA,NA,0.013,NA,NA,NA
2026-04-16 20:00:00,"SPF",11.1,10.5,12.1,NA,NA,76.7,10.1,7.2,935.9,NA,1023,NA,1541.8,2.8,207,1.1,4,10.1,2.8,10.1,NA,NA,0,0,0,NA,NA,NA,NA,NA,0.003,NA,NA,NA
2026-04-16 21:00:00,"SPF",8.2,7.8,9.1,NA,NA,88.8,9.6,6.4,935.9,NA,1023,NA,1532.8,2.5,194,0.8,2.9,9,2.5,9,NA,NA,0,0,0,NA,NA,NA,NA,NA,-0.004,NA,NA,NA
2026-04-16 22:00:00,"SPF",6.9,6,7.7,NA,NA,94.4,9.4,6.1,935.8,NA,1022.8,NA,1528.3,1.4,198,0.7,2.5,5,1.4,5,NA,NA,0,0,0,NA,NA,NA,NA,NA,-0.006,NA,NA,NA
2026-04-16 23:00:00,"SPF",5.5,5.1,5.9,NA,NA,99.1,9,5.4,935.6,NA,1022.6,NA,1523.1,2.1,207,0.9,3.2,7.6,2.1,7.6,NA,NA,0,0,0,NA,NA,NA,NA,NA,-0.006,NA,NA,NA
2026-04-17,"SPF",4.8,4.6,5.3,NA,NA,99.3,8.6,4.7,935.6,NA,1022.6,NA,1521,1.9,210,0.9,3.2,6.8,1.8,6.5,NA,NA,0,0,0,NA,NA,NA,NA,NA,-0.006,NA,NA,NA
2026-04-17 01:00:00,"SPF",4.3,3.7,4.6,NA,NA,99.3,8.2,4.2,935.4,NA,1022.4,NA,1517.9,2.2,214,0.8,2.9,7.9,2.1,7.6,NA,NA,0,0,0,NA,NA,NA,NA,NA,-0.006,NA,NA,NA
2026-04-17 02:00:00,"SPF",3.6,3.4,4,NA,NA,99.3,7.9,3.5,935.2,NA,1022.2,NA,1513.7,2.5,212,1.4,5,9,2.4,8.6,NA,NA,0,0,0,NA,NA,NA,NA,NA,-0.005,NA,NA,NA
2026-04-17 03:00:00,"SPF",3.3,2.9,3.5,NA,NA,99.3,7.7,3.2,935.2,NA,1022.2,NA,1512.7,2.2,210,1.4,5,7.9,2.2,7.9,NA,NA,0,0,0,NA,NA,NA,NA,NA,-0.005,NA,NA,NA
2026-04-17 04:00:00,"SPF",3,2.8,3.2,NA,NA,99.3,7.5,2.9,935.2,NA,1022.2,NA,1512.4,2.3,208,1.4,5,8.3,2.2,7.9,NA,NA,0,0,0,NA,NA,NA,NA,NA,-0.005,NA,NA,NA
2026-04-17 05:00:00,"SPF",3,2.8,3.3,NA,NA,99.3,7.5,2.9,935.3,NA,1022.3,NA,1513.2,2.5,212,1.5,5.4,9,2.5,9,NA,NA,0,0,5,NA,NA,NA,NA,NA,-0.004,NA,NA,NA
2026-04-17 06:00:00,"SPF",3.7,3.2,4.8,NA,NA,99.3,7.9,3.6,935.4,NA,1022.4,NA,1516.2,2.5,215,1.2,4.3,9,2.5,9,NA,NA,0,0,75,NA,NA,NA,NA,NA,0.022,NA,NA,NA
2026-04-17 07:00:00,"SPF",7.3,5.5,9,NA,NA,96.4,9.8,6.7,935.4,NA,1022.4,NA,1526.3,1.8,194,0.9,3.2,6.5,1.7,6.1,NA,NA,0,0,292,NA,NA,NA,NA,NA,0.111,NA,NA,NA
2026-04-17 08:00:00,"SPF",10.6,9.2,12,NA,NA,79.4,10.1,7.2,935.2,NA,1022.2,NA,1534.5,1.1,146,0.4,1.4,4,1.1,4,NA,NA,0,0,445,NA,NA,NA,NA,NA,0.213,NA,NA,NA
2026-04-17 09:00:00,"SPF",13.8,12.3,14.5,NA,NA,65.2,10.3,7.3,935.1,NA,1022.1,NA,1542.6,3.7,55,1.4,5,13.3,3.6,13,NA,NA,0,0,618,NA,NA,NA,NA,NA,0.33,NA,NA,NA
2026-04-17 10:00:00,"SPF",15.1,14.6,15.5,NA,NA,61.4,10.5,7.7,935.1,NA,1022.1,NA,1546.2,5.1,45,3.1,11.2,18.4,5,18,NA,NA,0,0,704,NA,NA,NA,NA,NA,0.391,NA,NA,NA
2026-04-17 11:00:00,"SPF",15.8,15.6,16,NA,NA,59,10.6,7.8,934.8,NA,1021.8,NA,1546.2,6.4,35,3.9,14,23,6.3,22.7,NA,NA,0,0,684,NA,NA,NA,NA,NA,0.399,NA,NA,NA
2026-04-17 12:00:00,"SPF",15.8,15.3,16.3,NA,NA,60.3,10.8,8.1,934.8,NA,1021.8,NA,1545.5,7.5,22,4.8,17.3,27,7.4,26.6,NA,NA,0,0,726,NA,NA,NA,NA,NA,0.415,NA,NA,NA
2026-04-17 13:00:00,"SPF",16.6,16.1,16.9,NA,NA,53.6,10.1,7.1,934.5,NA,1021.5,NA,1545.3,7.3,29,3.8,13.7,26.3,7,25.2,NA,NA,0,0,686,NA,NA,NA,NA,NA,0.416,NA,NA,NA
2026-04-17 14:00:00,"SPF",17.1,16.9,17.3,NA,NA,51.7,10.1,7.1,934.1,NA,1021,NA,1543.6,5.9,38,2.6,9.4,21.2,5.9,21.2,NA,NA,0,0,524,NA,NA,NA,NA,NA,0.337,NA,NA,NA
2026-04-17 15:00:00,"SPF",17.2,16.8,17.7,NA,NA,52.8,10.4,7.5,933.9,NA,1020.8,NA,1541.5,5.5,31,3,10.8,19.8,5.4,19.4,NA,NA,0,0,435,NA,NA,NA,NA,NA,0.29,NA,NA,NA
2026-04-17 16:00:00,"SPF",17.5,17.1,17.7,NA,NA,53.5,10.7,8,933.7,NA,1020.6,NA,1541,5.9,29,3,10.8,21.2,5.8,20.9,NA,NA,0,0,370,NA,NA,NA,NA,NA,0.246,NA,NA,NA
2026-04-17 17:00:00,"SPF",16.9,16.7,17.1,NA,NA,54.8,10.5,7.7,933.7,NA,1020.6,NA,1539.5,6.1,13,3.7,13.3,22,6,21.6,NA,NA,0,0,226,NA,NA,NA,NA,NA,0.171,NA,NA,NA
2026-04-17 18:00:00,"SPF",15.6,14.6,16.5,NA,NA,58.8,10.5,7.6,934,NA,1020.9,NA,1538.6,4.6,10,2.4,8.6,16.6,4.5,16.2,NA,NA,0,0,77,NA,NA,NA,NA,NA,0.065,NA,NA,NA
2026-04-17 19:00:00,"SPF",12.7,11.3,14.4,NA,NA,74.3,10.9,8.2,934.5,NA,1021.4,NA,1534,2.5,297,1,3.6,9,2.4,8.6,NA,NA,0,0,3,NA,NA,NA,NA,NA,0.004,NA,NA,NA
2026-04-17 20:00:00,"SPF",10,9,10.7,NA,NA,89.3,11,8.3,935,NA,1022,NA,1530.7,2.1,210,0.8,2.9,7.6,2.1,7.6,NA,NA,0,0,0,NA,NA,NA,NA,NA,-0.004,NA,NA,NA
2026-04-17 21:00:00,"SPF",8.5,8,9,NA,NA,93.4,10.4,7.5,935.3,NA,1022.3,NA,1528.7,2.3,207,1.4,5,8.3,2.3,8.3,NA,NA,0,0,0,NA,NA,NA,NA,NA,-0.003,NA,NA,NA
2026-04-17 22:00:00,"SPF",7.6,7.1,8.3,NA,NA,97.9,10.2,7.3,935.4,NA,1022.4,NA,1526.8,2.7,203,1.3,4.7,9.7,2.7,9.7,NA,NA,0,0,0,NA,NA,NA,NA,NA,-0.005,NA,NA,NA
2026-04-17 23:00:00,"SPF",6.9,6.6,7.4,NA,NA,99.2,9.9,6.8,935.3,NA,1022.3,NA,1524.1,1.6,200,1.2,4.3,5.8,1.6,5.8,NA,NA,0,0,0,NA,NA,NA,NA,NA,-0.006,NA,NA,NA
2026-04-18,"SPF",6.1,5.7,6.9,NA,NA,99.3,9.4,6,935.2,NA,1022.2,NA,1521.2,1.8,202,1.1,4,6.5,1.8,6.5,NA,NA,0,0,0,NA,NA,NA,NA,NA,-0.006,NA,NA,NA
2026-04-18 01:00:00,"SPF",5.5,5.2,5.7,NA,NA,99.3,9,5.4,934.9,NA,1021.9,NA,1516.8,1.9,214,0.8,2.9,6.8,1.9,6.8,NA,NA,0,0,0,NA,NA,NA,NA,NA,-0.006,NA,NA,NA
2026-04-18 02:00:00,"SPF",5,4.8,5.5,NA,NA,99.3,8.7,4.9,934.7,NA,1021.7,NA,1513.8,2.5,208,1.5,5.4,9,2.5,9,NA,NA,0,0,0,NA,NA,NA,NA,NA,-0.005,NA,NA,NA
2026-04-18 03:00:00,"SPF",4.6,4.3,4.8,NA,NA,99.3,8.4,4.5,934.8,NA,1021.8,NA,1513.8,2.5,209,1.2,4.3,9,2.5,9,NA,NA,0,0,0,NA,NA,NA,NA,NA,-0.006,NA,NA,NA
2026-04-18 04:00:00,"SPF",4.1,3.7,4.2,NA,NA,99.4,8.1,4,934.9,NA,1021.9,NA,1512.8,2.1,210,1.4,5,7.6,2,7.2,NA,NA,0,0,0,NA,NA,NA,NA,NA,-0.005,NA,NA,NA
2026-04-18 05:00:00,"SPF",4,3.9,4.1,NA,NA,99.4,8.1,3.9,934.9,NA,1021.9,NA,1512.3,2.4,212,1.6,5.8,8.6,2.4,8.6,NA,NA,0,0,4,NA,NA,NA,NA,NA,-0.004,NA,NA,NA
2026-04-18 06:00:00,"SPF",4.5,3.9,5.2,NA,NA,99.4,8.4,4.4,935.1,NA,1022.1,NA,1515.8,2.5,207,1.4,5,9,2.5,9,NA,NA,0,0,71,NA,NA,NA,NA,NA,0.022,NA,NA,NA
2026-04-18 07:00:00,"SPF",8.4,6.2,10,NA,NA,96.5,10.6,7.8,935.1,NA,1022.1,NA,1526.8,1.9,202,1.1,4,6.8,1.9,6.8,NA,NA,0,0,268,NA,NA,NA,NA,NA,0.106,NA,NA,NA
2026-04-18 08:00:00,"SPF",11.8,10.3,13.6,NA,NA,80.5,11.1,8.5,934.8,NA,1021.8,NA,1534.6,1.8,188,0.7,2.5,6.5,1.8,6.5,NA,NA,0,0,464,NA,NA,NA,NA,NA,0.227,NA,NA,NA
2026-04-18 09:00:00,"SPF",15.2,13.9,16.6,NA,NA,65.1,11.2,8.6,934.8,NA,1021.8,NA,1543.7,2.5,45,0.5,1.8,9,2.4,8.6,NA,NA,0,0,628,NA,NA,NA,NA,NA,0.348,NA,NA,NA
2026-04-18 10:00:00,"SPF",17.6,17,18.2,NA,NA,47.6,9.6,6.3,934.5,NA,1021.5,NA,1548.7,3.5,39,1.5,5.4,12.6,3.5,12.6,NA,NA,0,0,769,NA,NA,NA,NA,NA,0.461,NA,NA,NA
2026-04-18 11:00:00,"SPF",18.5,18.3,18.7,NA,NA,44.1,9.4,6.1,934.2,NA,1021.1,NA,1548.7,6,31,2.6,9.4,21.6,6,21.6,NA,NA,0,0,843,NA,NA,NA,NA,NA,0.526,NA,NA,NA
2026-04-18 12:00:00,"SPF",18.8,18.6,19,NA,NA,45.9,9.9,6.9,933.9,NA,1020.8,NA,1546.7,6.2,38,3.6,13,22.3,6.1,22,NA,NA,0,0,867,NA,NA,NA,NA,NA,0.545,NA,NA,NA
2026-04-18 13:00:00,"SPF",19.5,19.3,19.7,NA,NA,45.9,10.4,7.5,933.9,NA,1020.8,NA,1548,7.1,28,3.4,12.2,25.6,6.9,24.8,NA,NA,0,0,838,NA,NA,NA,NA,NA,0.537,NA,NA,NA
2026-04-18 14:00:00,"SPF",19.2,18.6,19.7,NA,NA,46.4,10.3,7.4,933.7,NA,1020.6,NA,1545.7,5.9,26,3.2,11.5,21.2,5.8,20.9,NA,NA,0,0,574,NA,NA,NA,NA,NA,0.393,NA,NA,NA
2026-04-18 15:00:00,"SPF",19.5,19.1,19.8,NA,NA,46,10.4,7.6,933.3,NA,1020.2,NA,1542.9,5.4,43,2.8,10.1,19.4,5.4,19.4,NA,NA,0,0,618,NA,NA,NA,NA,NA,0.399,NA,NA,NA
2026-04-18 16:00:00,"SPF",19.9,19.7,20.2,NA,NA,42.3,9.8,6.7,933,NA,1019.8,NA,1541.4,4.8,351,1.9,6.8,17.3,4.6,16.6,NA,NA,0,0,507,NA,NA,NA,NA,NA,0.322,NA,NA,NA
2026-04-18 17:00:00,"SPF",19.5,19,20,NA,NA,38.6,8.8,5.1,932.8,NA,1019.6,NA,1538.9,3.9,318,1.4,5,14,3.8,13.7,NA,NA,0,0,246,NA,NA,NA,NA,NA,0.159,NA,NA,NA
2026-04-18 18:00:00,"SPF",18.2,17.3,19.3,NA,NA,42.1,8.8,5.1,932.9,NA,1019.7,NA,1535.9,4.1,43,2.1,7.6,14.8,4,14.4,NA,NA,0,0,68,NA,NA,NA,NA,NA,0.084,NA,NA,NA
2026-04-18 19:00:00,"SPF",13.8,11.9,15.9,NA,NA,64.2,10,7,933.3,NA,1020.2,NA,1526.6,2.2,233,1.1,4,7.9,2.1,7.6,NA,NA,0,0,1,NA,NA,NA,NA,NA,0.009,NA,NA,NA
2026-04-18 20:00:00,"SPF",10.8,9.5,11.7,NA,NA,77.4,10,7,933.7,NA,1020.6,NA,1521.9,1.7,219,0.7,2.5,6.1,1.6,5.8,NA,NA,0,0,0,NA,NA,NA,NA,NA,-0.002,NA,NA,NA
2026-04-18 21:00:00,"SPF",9,8.5,9.4,NA,NA,86,9.9,6.8,933.6,NA,1020.5,NA,1516.1,2.1,201,0.9,3.2,7.6,2,7.2,NA,NA,0,0,0,NA,NA,NA,NA,NA,-0.002,NA,NA,NA
2026-04-18 22:00:00,"SPF",8.6,8.2,8.9,NA,NA,91.4,10.2,7.2,933.7,NA,1020.6,NA,1515,1.4,211,0.7,2.5,5,1.4,5,NA,NA,0,0,0,NA,NA,NA,NA,NA,-0.005,NA,NA,NA
2026-04-18 23:00:00,"SPF",7.5,6.9,8.2,NA,NA,96.6,10,7,933.4,NA,1020.3,NA,1509.5,2.1,197,1.1,4,7.6,2.1,7.6,NA,NA,0,0,0,NA,NA,NA,NA,NA,-0.005,NA,NA,NA
2026-04-19,"SPF",6.8,6.5,7.1,NA,NA,98.9,9.8,6.6,933.1,NA,1019.9,NA,1504.7,2.7,212,1.3,4.7,9.7,2.7,9.7,NA,NA,0,0,0,NA,NA,NA,NA,NA,-0.006,NA,NA,NA
2026-04-19 01:00:00,"SPF",6.9,6.5,7.1,NA,NA,99.2,9.9,6.8,932.9,NA,1019.7,NA,1503.9,2.4,211,1.2,4.3,8.6,2.3,8.3,NA,NA,0,0,0,NA,NA,NA,NA,NA,-0.006,NA,NA,NA
2026-04-19 02:00:00,"SPF",8.2,7.6,8.8,NA,NA,96.2,10.5,7.6,932.6,NA,1019.4,NA,1505,3.2,208,1.8,6.5,11.5,3.1,11.2,NA,NA,0,0,0,NA,NA,NA,NA,NA,-0.004,NA,NA,NA
2026-04-19 03:00:00,"SPF",9.3,9,9.5,NA,NA,90.1,10.6,7.8,932.5,NA,1019.3,NA,1507.3,3.1,223,1.8,6.5,11.2,3,10.8,NA,NA,0,0,0,NA,NA,NA,NA,NA,0,NA,NA,NA
2026-04-19 04:00:00,"SPF",8.9,8.5,9.3,NA,NA,93.9,10.7,7.9,932.2,NA,1019,NA,1503.5,3.1,214,1.5,5.4,11.2,3,10.8,NA,NA,0,0,0,NA,NA,NA,NA,NA,-0.003,NA,NA,NA
2026-04-19 05:00:00,"SPF",8.9,8.6,9.3,NA,NA,94.9,10.8,8.1,932.1,NA,1018.9,NA,1502.5,2.5,225,0.9,3.2,9,2.5,9,NA,NA,0,0,4,NA,NA,NA,NA,NA,-0.004,NA,NA,NA
2026-04-19 06:00:00,"SPF",8.8,8.5,9.3,NA,NA,97.5,11.1,8.4,932.4,NA,1019.2,NA,1504.8,2,45,0.7,2.5,7.2,2,7.2,NA,NA,0,0,50,NA,NA,NA,NA,NA,0.025,NA,NA,NA
2026-04-19 07:00:00,"SPF",10.7,9.4,12.2,NA,NA,91.3,11.7,9.3,932.7,NA,1019.5,NA,1512.2,2.2,204,1.3,4.7,7.9,2.2,7.9,NA,NA,0,0,194,NA,NA,NA,NA,NA,0.09,NA,NA,NA
2026-04-19 08:00:00,"SPF",14.4,12.9,15.3,NA,NA,70.9,11.6,9.1,932.6,NA,1019.4,NA,1522.2,3.8,210,1.5,5.4,13.7,3.7,13.3,NA,NA,0,0,241,NA,NA,NA,NA,NA,0.148,NA,NA,NA
2026-04-19 09:00:00,"SPF",15.7,15.5,16,NA,NA,61.2,10.9,8.3,932.6,NA,1019.4,NA,1525.9,7.3,251,2.4,8.6,26.3,7.1,25.6,NA,NA,0,0,355,NA,NA,NA,NA,NA,0.23,NA,NA,NA
2026-04-19 10:00:00,"SPF",16.3,15.6,16.8,NA,NA,59.9,11.1,8.5,932.7,NA,1019.5,NA,1528,7.4,223,3.5,12.6,26.6,7.2,25.9,NA,NA,0,0,538,NA,NA,NA,NA,NA,0.333,NA,NA,NA
2026-04-19 11:00:00,"SPF",16,15.2,17.3,NA,NA,59.8,10.9,8.2,932.2,NA,1019,NA,1523.3,6.9,245,3.3,11.9,24.8,6.8,24.5,NA,NA,0.1,0,339,NA,NA,NA,NA,NA,0.242,NA,NA,NA
2026-04-19 12:00:00,"SPF",16.8,16.1,17.4,NA,NA,59.1,11.3,8.8,931.8,NA,1018.5,NA,1521.4,7.9,201,3.6,13,28.4,7.7,27.7,NA,NA,0,0,618,NA,NA,NA,NA,NA,0.381,NA,NA,NA
2026-04-19 13:00:00,"SPF",17.3,17.1,17.8,NA,NA,54.4,10.8,8.1,931.6,NA,1018.3,NA,1521.6,9.7,279,3,10.8,34.9,9.5,34.2,NA,NA,0,0,541,NA,NA,NA,NA,NA,0.353,NA,NA,NA
2026-04-19 14:00:00,"SPF",16.4,15.5,17.1,NA,NA,57.2,10.7,7.9,931.5,NA,1018.2,NA,1518,9.3,16,4,14.4,33.5,9.2,33.1,NA,NA,0,0,378,NA,NA,NA,NA,NA,0.269,NA,NA,NA
2026-04-19 15:00:00,"SPF",15,14.6,15.2,NA,NA,62.7,10.7,7.9,931.7,NA,1018.4,NA,1515.3,7.9,44,4.3,15.5,28.4,7.6,27.4,NA,NA,0,0,162,NA,NA,NA,NA,NA,0.157,NA,NA,NA
2026-04-19 16:00:00,"SPF",14.1,13.9,14.3,NA,NA,62.2,10,7,931.9,NA,1018.7,NA,1515.6,7.5,51,4.2,15.1,27,7.3,26.3,NA,NA,0,0,92,NA,NA,NA,NA,NA,0.122,NA,NA,NA
2026-04-19 17:00:00,"SPF",13.7,13.5,14,NA,NA,59.6,9.4,6,932,NA,1018.8,NA,1514.9,5.2,58,2.8,10.1,18.7,5.1,18.4,NA,NA,0,0,80,NA,NA,NA,NA,NA,0.097,NA,NA,NA
2026-04-19 18:00:00,"SPF",13.2,12.9,13.5,NA,NA,63.1,9.6,6.3,931.9,NA,1018.7,NA,1512.6,3.9,45,1.8,6.5,14,3.9,14,NA,NA,0,0,38,NA,NA,NA,NA,NA,0.051,NA,NA,NA
2026-04-19 19:00:00,"SPF",12.1,11.3,12.9,NA,NA,70.5,10,6.9,932.1,NA,1018.9,NA,1511.4,2.5,8,1.4,5,9,2.5,9,NA,NA,0,0,2,NA,NA,NA,NA,NA,0.009,NA,NA,NA
2026-04-19 20:00:00,"SPF",11.5,11.4,11.6,NA,NA,71.1,9.6,6.4,932.6,NA,1019.4,NA,1513.7,5,32,1.7,6.1,18,4.8,17.3,NA,NA,0,0,0,NA,NA,NA,NA,NA,0.011,NA,NA,NA
2026-04-19 21:00:00,"SPF",10.8,10.4,11.3,NA,NA,73.6,9.5,6.3,932.5,NA,1019.3,NA,1511.5,3,27,1.2,4.3,10.8,3,10.8,NA,NA,0,0,0,NA,NA,NA,NA,NA,0.005,NA,NA,NA
2026-04-19 22:00:00,"SPF",10,9.8,10.4,NA,NA,70.7,8.7,5,932.4,NA,1019.2,NA,1508,4.7,29,2.3,8.3,16.9,4.6,16.6,NA,NA,0,0,0,NA,NA,NA,NA,NA,0.014,NA,NA,NA
2026-04-19 23:00:00,"SPF",9.1,8.4,9.9,NA,NA,68.4,7.9,3.6,932.2,NA,1019,NA,1503.5,3.9,16,2.2,7.9,14,3.8,13.7,NA,NA,0,0,0,NA,NA,NA,NA,NA,0.015,NA,NA,NA
2026-04-20,"SPF",8,7.7,8.4,NA,NA,73.5,7.9,3.6,931.9,NA,1018.7,NA,1497.8,3,22,1.7,6.1,10.8,3,10.8,NA,NA,0,0,0,NA,NA,NA,NA,NA,0.008,NA,NA,NA
2026-04-20 01:00:00,"SPF",7.2,6.6,7.7,NA,NA,78.6,8,3.7,931.5,NA,1018.2,NA,1492,2.8,23,1.3,4.7,10.1,2.7,9.7,NA,NA,0,0,0,NA,NA,NA,NA,NA,0.003,NA,NA,NA
2026-04-20 02:00:00,"SPF",5.7,5.5,6,NA,NA,88.2,8.1,3.9,931.2,NA,1017.9,NA,1485.8,1.2,207,0.5,1.8,4.3,1.2,4.3,NA,NA,0,0,0,NA,NA,NA,NA,NA,-0.005,NA,NA,NA
2026-04-20 03:00:00,"SPF",5.6,4.9,5.9,NA,NA,91.2,8.3,4.3,931.1,NA,1017.8,NA,1484.5,1.2,243,0.5,1.8,4.3,1.2,4.3,NA,NA,0,0,0,NA,NA,NA,NA,NA,-0.006,NA,NA,NA
2026-04-20 04:00:00,"SPF",4.3,3.7,4.8,NA,NA,97.2,8.1,3.9,930.8,NA,1017.5,NA,1478.4,1.5,203,0.8,2.9,5.4,1.4,5,NA,NA,0,0,0,NA,NA,NA,NA,NA,-0.006,NA,NA,NA
2026-04-20 05:00:00,"SPF",3.3,2.6,4.3,NA,NA,98.6,7.6,3.1,930.7,NA,1017.4,NA,1474.2,1.7,207,0.7,2.5,6.1,1.7,6.1,NA,NA,0,0,3,NA,NA,NA,NA,NA,-0.005,NA,NA,NA
2026-04-20 06:00:00,"SPF",2.8,2.5,3.2,NA,NA,99.3,7.4,2.7,930.7,NA,1017.4,NA,1473.5,1.1,189,0.6,2.2,4,1.1,4,NA,NA,0,0,49,NA,NA,NA,NA,NA,0.021,NA,NA,NA
2026-04-20 07:00:00,"SPF",4.1,3.3,5.1,NA,NA,99.2,8.2,4,930.7,NA,1017.4,NA,1477,0.8,180,0.3,1.1,2.9,0.8,2.9,NA,NA,0,0,132,NA,NA,NA,NA,NA,0.056,NA,NA,NA
2026-04-20 08:00:00,"SPF",6.5,5.6,7.9,NA,NA,92.1,8.9,5.3,930.8,NA,1017.5,NA,1484.1,1.1,180,0.3,1.1,4,1,3.6,NA,NA,0,0,299,NA,NA,NA,NA,NA,0.134,NA,NA,NA
2026-04-20 09:00:00,"SPF",9.9,8.5,10.6,NA,NA,69.9,8.5,4.7,930.6,NA,1017.3,NA,1491.9,6,40,2.5,9,21.6,5.9,21.2,NA,NA,0,0,602,NA,NA,NA,NA,NA,0.282,NA,NA,NA
2026-04-20 10:00:00,"SPF",11.1,10.5,11.9,NA,NA,65.4,8.6,4.9,930.3,NA,1017,NA,1493.1,6.9,39,4.2,15.1,24.8,6.8,24.5,NA,NA,0,0,751,NA,NA,NA,NA,NA,0.356,NA,NA,NA
2026-04-20 11:00:00,"SPF",12.7,12.3,13.3,NA,NA,61.5,9,5.5,929.9,NA,1016.5,NA,1493.3,6,39,3.6,13,21.6,5.9,21.2,NA,NA,0,0,891,NA,NA,NA,NA,NA,0.452,NA,NA,NA
2026-04-20 12:00:00,"SPF",13.6,13.3,14,NA,NA,58.2,9.1,5.6,929.4,NA,1016,NA,1491.6,7.2,31,4,14.4,25.9,7,25.2,NA,NA,0,0,891,NA,NA,NA,NA,NA,0.467,NA,NA,NA
2026-04-20 13:00:00,"SPF",13.8,13.5,14,NA,NA,56.1,8.9,5.2,929.2,NA,1015.8,NA,1490.3,8.2,24,5,18,29.5,8,28.8,NA,NA,0,0,788,NA,NA,NA,NA,NA,0.422,NA,NA,NA
2026-04-20 14:00:00,"SPF",13.6,13,13.9,NA,NA,55.5,8.6,4.8,929,NA,1015.5,NA,1487.8,8.7,17,5,18,31.3,8.5,30.6,NA,NA,0,0,608,NA,NA,NA,NA,NA,0.344,NA,NA,NA
2026-04-20 15:00:00,"SPF",13.6,13.2,13.9,NA,NA,53.1,8.2,4.2,928.8,NA,1015.3,NA,1486.1,7.7,18,4.6,16.6,27.7,7.6,27.4,NA,NA,0,0,557,NA,NA,NA,NA,NA,0.318,NA,NA,NA
2026-04-20 16:00:00,"SPF",13.1,12.9,13.3,NA,NA,53,8,3.8,928.8,NA,1015.3,NA,1484.9,6.5,19,3.9,14,23.4,6.3,22.7,NA,NA,0,0,297,NA,NA,NA,NA,NA,0.202,NA,NA,NA
2026-04-20 17:00:00,"SPF",12.8,12.5,13.1,NA,NA,52,7.7,3.2,928.8,NA,1015.3,NA,1483.6,6.4,31,3.6,13,23,6.3,22.7,NA,NA,0,0,183,NA,NA,NA,NA,NA,0.144,NA,NA,NA
2026-04-20 18:00:00,"SPF",11.9,11.4,12.3,NA,NA,50.2,7,1.8,928.8,NA,1015.3,NA,1481.7,7.1,23,3.7,13.3,25.6,7,25.2,NA,NA,0,0,85,NA,NA,NA,NA,NA,0.092,NA,NA,NA
2026-04-20 19:00:00,"SPF",10.5,9.8,11.2,NA,NA,55.1,7,1.9,929.1,NA,1015.7,NA,1480.5,3.3,10,1.2,4.3,11.9,3.2,11.5,NA,NA,0,0,5,NA,NA,NA,NA,NA,0.014,NA,NA,NA
2026-04-20 20:00:00,"SPF",8.5,7.5,9.6,NA,NA,68,7.5,2.9,929.6,NA,1016.2,NA,1479.1,1.3,297,0.4,1.4,4.7,1.3,4.7,NA,NA,0,0,0,NA,NA,NA,NA,NA,-0.003,NA,NA,NA
2026-04-20 21:00:00,"SPF",6.6,5.6,7.6,NA,NA,78.6,7.7,3.1,929.8,NA,1016.4,NA,1475.8,0.9,180,0.4,1.4,3.2,0.9,3.2,NA,NA,0,0,0,NA,NA,NA,NA,NA,-0.005,NA,NA,NA
2026-04-20 22:00:00,"SPF",5.6,5.2,6,NA,NA,86.3,7.8,3.4,930,NA,1016.6,NA,1474.8,0.8,207,0.5,1.8,2.9,0.8,2.9,NA,NA,0,0,0,NA,NA,NA,NA,NA,-0.005,NA,NA,NA
2026-04-20 23:00:00,"SPF",5.3,5,5.7,NA,NA,90.6,8.1,3.9,930,NA,1016.6,NA,1474,1.6,214,0.4,1.4,5.8,1.6,5.8,NA,NA,0,0,0,NA,NA,NA,NA,NA,-0.006,NA,NA,NA
2026-04-21,"SPF",5.8,5.5,6.1,NA,NA,85,7.8,3.5,930.2,NA,1016.8,NA,1477.1,2.3,16,0.8,2.9,8.3,2.3,8.3,NA,NA,0,0,0,NA,NA,NA,NA,NA,-0.003,NA,NA,NA
2026-04-21 01:00:00,"SPF",5.7,5.4,5.9,NA,NA,84.1,7.7,3.2,930,NA,1016.6,NA,1475.2,2.5,17,1.4,5,9,2.4,8.6,NA,NA,0,0,0,NA,NA,NA,NA,NA,0.001,NA,NA,NA
2026-04-21 02:00:00,"SPF",4.6,4.1,5.1,NA,NA,87.4,7.4,2.6,930,NA,1016.6,NA,1472.2,2.4,8,1.4,5,8.6,2.4,8.6,NA,NA,0,0,0,NA,NA,NA,NA,NA,-0.001,NA,NA,NA
2026-04-21 03:00:00,"SPF",3.5,2.8,4,NA,NA,91.4,7.2,2.2,930.1,NA,1016.7,NA,1470.1,1.3,346,0.5,1.8,4.7,1.3,4.7,NA,NA,0,0,0,NA,NA,NA,NA,NA,-0.005,NA,NA,NA
2026-04-21 04:00:00,"SPF",2.5,2.1,2.7,NA,NA,98.4,7.2,2.2,929.9,NA,1016.5,NA,1465.5,1,243,0.3,1.1,3.6,1,3.6,NA,NA,0,0,0,NA,NA,NA,NA,NA,-0.007,NA,NA,NA
2026-04-21 05:00:00,"SPF",1.9,1.4,2.3,NA,NA,99.1,6.9,1.7,929.8,NA,1016.4,NA,1462.8,0.7,297,0.2,0.7,2.5,0.7,2.5,NA,NA,0,0,4,NA,NA,NA,NA,NA,-0.021,NA,NA,NA
2026-04-21 06:00:00,"SPF",1.5,1.1,2,NA,NA,99.3,6.8,1.4,930,NA,1016.6,NA,1463.6,0.7,207,0.3,1.1,2.5,0.6,2.2,NA,NA,0,0,82,NA,NA,NA,NA,NA,0.025,NA,NA,NA
2026-04-21 07:00:00,"SPF",3.6,2.3,5.5,NA,NA,94.6,7.5,2.8,929.9,NA,1016.5,NA,1468.5,2.7,162,0.5,1.8,9.7,2.6,9.4,NA,NA,0,0,301,NA,NA,NA,NA,NA,0.106,NA,NA,NA
2026-04-21 08:00:00,"SPF",6.9,6.5,7.5,NA,NA,68.2,6.8,1.5,929.8,NA,1016.4,NA,1476.4,6.7,37,3.8,13.7,24.1,6.4,23,NA,NA,0,0,491,NA,NA,NA,NA,NA,0.203,NA,NA,NA
2026-04-21 09:00:00,"SPF",8.6,7.8,9.2,NA,NA,64.5,7.2,2.3,929.7,NA,1016.3,NA,1480.5,7.3,34,4.5,16.2,26.3,7.2,25.9,NA,NA,0,0,660,NA,NA,NA,NA,NA,0.287,NA,NA,NA
2026-04-21 10:00:00,"SPF",9.8,9.3,10.3,NA,NA,62.5,7.6,3,929.5,NA,1016.1,NA,1482.4,9.2,33,5.5,19.8,33.1,8.8,31.7,NA,NA,0,0,784,NA,NA,NA,NA,NA,0.35,NA,NA,NA
2026-04-21 11:00:00,"SPF",11,10.6,11.4,NA,NA,56.6,7.4,2.7,929.4,NA,1016,NA,1484.2,9.9,21,5.9,21.2,35.6,9.6,34.6,NA,NA,0,0,861,NA,NA,NA,NA,NA,0.407,NA,NA,NA
2026-04-21 12:00:00,"SPF",12,11.5,12.3,NA,NA,53.8,7.5,2.9,929.4,NA,1016,NA,1486.6,10.2,25,6,21.6,36.7,9.8,35.3,NA,NA,0,0,917,NA,NA,NA,NA,NA,0.451,NA,NA,NA
2026-04-21 13:00:00,"SPF",12.6,12.5,13,NA,NA,51.8,7.6,3,929.4,NA,1016,NA,1488.5,10.1,24,5.7,20.5,36.4,9.8,35.3,NA,NA,0,0,886,NA,NA,NA,NA,NA,0.453,NA,NA,NA
2026-04-21 14:00:00,"SPF",12.9,12.7,13.1,NA,NA,48.8,7.3,2.4,929.2,NA,1015.8,NA,1487.9,10.8,20,6,21.6,38.9,10.3,37.1,NA,NA,0,0,802,NA,NA,NA,NA,NA,0.426,NA,NA,NA
2026-04-21 15:00:00,"SPF",12.8,12.6,12.9,NA,NA,46.8,6.9,1.7,929.1,NA,1015.7,NA,1486.6,11.1,18,5.9,21.2,40,10.7,38.5,NA,NA,0,0,655,NA,NA,NA,NA,NA,0.364,NA,NA,NA
2026-04-21 16:00:00,"SPF",12.5,12.1,12.6,NA,NA,45.4,6.6,1,929.1,NA,1015.6,NA,1485.4,11,17,6.3,22.7,39.6,10.7,38.5,NA,NA,0,0,482,NA,NA,NA,NA,NA,0.291,NA,NA,NA
2026-04-21 17:00:00,"SPF",11.9,11.5,12.1,NA,NA,44.6,6.2,0.2,929.2,NA,1015.8,NA,1484.6,9.4,18,5.9,21.2,33.8,9.3,33.5,NA,NA,0,0,288,NA,NA,NA,NA,NA,0.205,NA,NA,NA
2026-04-21 18:00:00,"SPF",10.6,9.6,11.4,NA,NA,47.6,6.1,-0.1,929.3,NA,1015.9,NA,1482.2,9.5,21,5.4,19.4,34.2,9.4,33.8,NA,NA,0,0,97,NA,NA,NA,NA,NA,0.117,NA,NA,NA
2026-04-21 19:00:00,"SPF",8.9,8.4,9.5,NA,NA,53,6.1,-0.1,929.8,NA,1016.4,NA,1482.3,7,29,4.2,15.1,25.2,6.9,24.8,NA,NA,0,0,3,NA,NA,NA,NA,NA,0.038,NA,NA,NA
2026-04-21 20:00:00,"SPF",7.8,7.6,8.2,NA,NA,58.4,6.2,0.2,930.5,NA,1017.1,NA,1485.1,8.6,22,5.1,18.4,31,8.3,29.9,NA,NA,0,0,0,NA,NA,NA,NA,NA,0.034,NA,NA,NA
2026-04-21 21:00:00,"SPF",7.1,6.4,7.6,NA,NA,62,6.2,0.3,930.9,NA,1017.6,NA,1486.3,9.2,17,5.3,19.1,33.1,9.2,33.1,NA,NA,0,0,0,NA,NA,NA,NA,NA,0.03,NA,NA,NA
2026-04-21 22:00:00,"SPF",5.8,5.6,6.3,NA,NA,69.6,6.4,0.7,931.1,NA,1017.8,NA,1484.7,5.3,45,2.6,9.4,19.1,5.2,18.7,NA,NA,0,0,0,NA,NA,NA,NA,NA,0.014,NA,NA,NA
2026-04-21 23:00:00,"SPF",5,4.6,5.4,NA,NA,74.3,6.5,0.8,931.3,NA,1018,NA,1484.1,4.2,43,1.8,6.5,15.1,4.2,15.1,NA,NA,0,0,0,NA,NA,NA,NA,NA,0.007,NA,NA,NA
2026-04-22,"SPF",3.5,3,4.3,NA,NA,82.6,6.5,0.8,931.3,NA,1018,NA,1480.3,1.8,297,0.5,1.8,6.5,1.8,6.5,NA,NA,0,0,0,NA,NA,NA,NA,NA,-0.004,NA,NA,NA
2026-04-22 01:00:00,"SPF",2.3,2,2.6,NA,NA,89.7,6.5,0.8,931,NA,1017.7,NA,1474.5,1.5,225,0.6,2.2,5.4,1.4,5,NA,NA,0,0,0,NA,NA,NA,NA,NA,-0.005,NA,NA,NA
2026-04-22 02:00:00,"SPF",1.9,1.1,2.6,NA,NA,91.8,6.4,0.7,930.7,NA,1017.4,NA,1470.6,0.9,236,0.4,1.4,3.2,0.9,3.2,NA,NA,0,0,0,NA,NA,NA,NA,NA,-0.006,NA,NA,NA
2026-04-22 03:00:00,"SPF",1,0.8,1.2,NA,NA,97.9,6.4,0.7,930.9,NA,1017.6,NA,1470.4,0.9,304,0.4,1.4,3.2,0.9,3.2,NA,NA,0,0,0,NA,NA,NA,NA,NA,-0.006,NA,NA,NA
2026-04-22 04:00:00,"SPF",0.8,0.4,1.1,NA,NA,99.1,6.4,0.7,931.2,NA,1017.9,NA,1472.3,0.9,270,0.3,1.1,3.2,0.9,3.2,NA,NA,0,0,0,NA,NA,NA,NA,NA,-0.007,NA,NA,NA
2026-04-22 05:00:00,"SPF",1.3,0.8,2,NA,NA,97.6,6.6,1,931.4,NA,1018.1,NA,1475.3,1.2,225,0.4,1.4,4.3,1.1,4,NA,NA,0,0,4,NA,NA,NA,NA,NA,-0.012,NA,NA,NA
2026-04-22 06:00:00,"SPF",2.7,2.1,3.5,NA,NA,97,7.2,2.3,931.7,NA,1018.4,NA,1481.3,5.8,32,1.2,4.3,20.9,5.7,20.5,NA,NA,0,0,44,NA,NA,NA,NA,NA,0.021,NA,NA,NA
2026-04-22 07:00:00,"SPF",3.7,3.5,3.9,NA,NA,92.7,7.4,2.6,931.7,NA,1018.5,NA,1484.7,6.8,16,4.3,15.5,24.5,6.7,24.1,NA,NA,0,0,124,NA,NA,NA,NA,NA,0.048,NA,NA,NA
2026-04-22 08:00:00,"SPF",4.2,4,4.4,NA,NA,89.9,7.4,2.7,932.2,NA,1019,NA,1489.8,7.8,22,4.6,16.6,28.1,7.7,27.7,NA,NA,0,0,188,NA,NA,NA,NA,NA,0.074,NA,NA,NA
2026-04-22 09:00:00,"SPF",5,4.6,5.7,NA,NA,87.1,7.6,3.1,932.7,NA,1019.5,NA,1496.3,9,18,5.1,18.4,32.4,8.9,32,NA,NA,0,0,259,NA,NA,NA,NA,NA,0.103,NA,NA,NA
2026-04-22 10:00:00,"SPF",7.3,6,8.9,NA,NA,78.1,8,3.7,932.9,NA,1019.7,NA,1504.5,9.4,12,5.9,21.2,33.8,9.2,33.1,NA,NA,0,0,654,NA,NA,NA,NA,NA,0.249,NA,NA,NA
2026-04-22 11:00:00,"SPF",9.5,8.9,10.2,NA,NA,68.7,8.1,4,932.7,NA,1019.5,NA,1509.2,10.3,15,6.6,23.8,37.1,10.1,36.4,NA,NA,0,0,876,NA,NA,NA,NA,NA,0.361,NA,NA,NA
2026-04-22 12:00:00,"SPF",10.9,10.3,11.6,NA,NA,63.6,8.3,4.3,932.6,NA,1019.4,NA,1512.3,12.1,19,7.1,25.6,43.6,11.5,41.4,NA,NA,0,0,893,NA,NA,NA,NA,NA,0.396,NA,NA,NA
2026-04-22 13:00:00,"SPF",12.2,11.8,12.4,NA,NA,57.4,8.2,4.1,932.7,NA,1019.5,NA,1516.8,12.2,17,7.8,28.1,43.9,12.1,43.6,NA,NA,0,0,866,NA,NA,NA,NA,NA,0.417,NA,NA,NA
2026-04-22 14:00:00,"SPF",13,12.6,13.4,NA,NA,52.1,7.8,3.4,932.6,NA,1019.4,NA,1518.4,13.3,20,8.2,29.5,47.9,13,46.8,NA,NA,0,0,778,NA,NA,NA,NA,NA,0.407,NA,NA,NA
2026-04-22 15:00:00,"SPF",13.5,13.4,13.7,NA,NA,46.2,7.2,2.2,932.6,NA,1019.4,NA,1519.8,13.1,18,7.9,28.4,47.2,12.9,46.4,NA,NA,0,0,644,NA,NA,NA,NA,NA,0.377,NA,NA,NA
2026-04-22 16:00:00,"SPF",13.4,13.3,13.5,NA,NA,42.1,6.5,0.8,932.8,NA,1019.6,NA,1520.7,13.3,15,7.9,28.4,47.9,12.6,45.4,NA,NA,0,0,482,NA,NA,NA,NA,NA,0.32,NA,NA,NA
2026-04-22 17:00:00,"SPF",13,12.6,13.2,NA,NA,40.5,6.1,-0.2,933,NA,1019.9,NA,1522,11.9,16,7.3,26.3,42.8,11.4,41,NA,NA,0,0,293,NA,NA,NA,NA,NA,0.242,NA,NA,NA
2026-04-22 18:00:00,"SPF",11.8,11,12.4,NA,NA,41.8,5.8,-0.7,933.4,NA,1020.3,NA,1521.7,10,20,6.1,22,36,9.7,34.9,NA,NA,0,0,101,NA,NA,NA,NA,NA,0.146,NA,NA,NA
2026-04-22 19:00:00,"SPF",10.1,9.4,10.6,NA,NA,45.6,5.6,-1.2,934.1,NA,1021,NA,1523.2,6.3,39,3.2,11.5,22.7,6.1,22,NA,NA,0,0,3,NA,NA,NA,NA,NA,0.04,NA,NA,NA
2026-04-22 20:00:00,"SPF",8.5,7.8,9.2,NA,NA,50.5,5.6,-1.2,934.9,NA,1021.9,NA,1525,4.1,39,2.6,9.4,14.8,4,14.4,NA,NA,0,0,0,NA,NA,NA,NA,NA,0.029,NA,NA,NA
2026-04-22 21:00:00,"SPF",7,5.9,7.8,NA,NA,55.6,5.6,-1.3,935.4,NA,1022.4,NA,1525.1,3.6,51,1.8,6.5,13,3.6,13,NA,NA,0,0,0,NA,NA,NA,NA,NA,0.017,NA,NA,NA
2026-04-22 22:00:00,"SPF",6,4.9,6.8,NA,NA,63.4,5.9,-0.5,935.8,NA,1022.9,NA,1526,1.9,153,0.5,1.8,6.8,1.8,6.5,NA,NA,0,0,0,NA,NA,NA,NA,NA,-0.001,NA,NA,NA
2026-04-22 23:00:00,"SPF",4.2,3.4,5,NA,NA,74,6.1,0,936.2,NA,1023.3,NA,1524,1.6,225,0.5,1.8,5.8,1.6,5.8,NA,NA,0,0,0,NA,NA,NA,NA,NA,-0.003,NA,NA,NA
2026-04-23,"SPF",2.9,2.5,3.5,NA,NA,84.2,6.3,0.5,936.4,NA,1023.5,NA,1522.1,0.9,252,0.4,1.4,3.2,0.9,3.2,NA,NA,0,0,0,NA,NA,NA,NA,NA,-0.005,NA,NA,NA
2026-04-23 01:00:00,"SPF",1.3,0.4,2.3,NA,NA,89.7,6,-0.2,936.5,NA,1023.6,NA,1518.1,1.4,211,0.6,2.2,5,1.4,5,NA,NA,0,0,0,NA,NA,NA,NA,NA,-0.004,NA,NA,NA
2026-04-23 02:00:00,"SPF",0,-0.9,0.4,NA,NA,94.4,5.8,-0.8,936.7,NA,1023.8,NA,1516,1.5,207,0.7,2.5,5.4,1.4,5,NA,NA,0,0,0,NA,NA,NA,NA,NA,-0.005,NA,NA,NA
2026-04-23 03:00:00,"SPF",-0.7,-1,-0.5,NA,NA,96.6,5.6,-1.1,936.8,NA,1023.9,NA,1515.1,1.7,216,0.9,3.2,6.1,1.6,5.8,NA,NA,0,0,0,NA,NA,NA,NA,NA,-0.004,NA,NA,NA
2026-04-23 04:00:00,"SPF",-0.9,-1.6,-0.5,NA,NA,97.7,5.6,-1.2,937.1,NA,1024.2,NA,1516.7,1.1,207,0.5,1.8,4,1.1,4,NA,NA,0,0,0,NA,NA,NA,NA,NA,-0.005,NA,NA,NA
2026-04-23 05:00:00,"SPF",-1.7,-1.9,-1.3,NA,NA,99.1,5.4,-1.8,937.3,NA,1024.5,NA,1516.6,1.2,214,0.7,2.5,4.3,1.2,4.3,NA,NA,0,0,4,NA,NA,NA,NA,NA,-0.002,NA,NA,NA
2026-04-23 06:00:00,"SPF",-1.4,-2.2,0.2,NA,NA,99,5.5,-1.6,937.9,NA,1025.1,NA,1522.3,1.6,209,1.1,4,5.8,1.6,5.8,NA,NA,0,0,101,NA,NA,NA,NA,NA,0.024,NA,NA,NA
2026-04-23 07:00:00,"SPF",2.4,0.5,4.3,NA,NA,91.4,6.6,1.1,938.2,NA,1025.4,NA,1536,1.8,180,0.7,2.5,6.5,1.8,6.5,NA,NA,0,0,325,NA,NA,NA,NA,NA,0.108,NA,NA,NA
2026-04-23 08:00:00,"SPF",6.6,4.8,8.5,NA,NA,66.6,6.5,0.8,938.5,NA,1025.8,NA,1551.3,3.4,72,1.1,4,12.2,3.4,12.2,NA,NA,0,0,518,NA,NA,NA,NA,NA,0.217,NA,NA,NA
2026-04-23 09:00:00,"SPF",9.7,8.6,10.3,NA,NA,55.7,6.7,1.2,938.6,NA,1025.9,NA,1561.1,6.2,51,2.8,10.1,22.3,6.1,22,NA,NA,0,0,682,NA,NA,NA,NA,NA,0.324,NA,NA,NA
2026-04-23 10:00:00,"SPF",11.2,10.6,11.7,NA,NA,54.2,7.2,2.3,938.5,NA,1025.8,NA,1565.1,7.6,40,4.6,16.6,27.4,7.3,26.3,NA,NA,0,0,805,NA,NA,NA,NA,NA,0.395,NA,NA,NA
2026-04-23 11:00:00,"SPF",12.8,12,13.4,NA,NA,50.6,7.5,2.8,938.2,NA,1025.4,NA,1567,8.3,31,5.3,19.1,29.9,8.2,29.5,NA,NA,0,0,884,NA,NA,NA,NA,NA,0.457,NA,NA,NA
2026-04-23 12:00:00,"SPF",14,13.6,14.6,NA,NA,45.8,7.3,2.5,937.6,NA,1024.8,NA,1565.4,9.6,36,6.2,22.3,34.6,9.3,33.5,NA,NA,0,0,911,NA,NA,NA,NA,NA,0.496,NA,NA,NA
2026-04-23 13:00:00,"SPF",15.2,14.8,15.5,NA,NA,40.2,6.9,1.8,937.4,NA,1024.6,NA,1567.4,11.3,27,6.8,24.5,40.7,10.7,38.5,NA,NA,0,0,876,NA,NA,NA,NA,NA,0.513,NA,NA,NA
2026-04-23 14:00:00,"SPF",15.9,15.5,16.2,NA,NA,34.6,6.2,0.3,937.2,NA,1024.4,NA,1567.7,10.6,32,6.7,24.1,38.2,10.4,37.4,NA,NA,0,0,783,NA,NA,NA,NA,NA,0.495,NA,NA,NA
2026-04-23 15:00:00,"SPF",16.7,16.5,16.8,NA,NA,28.7,5.4,-1.6,936.7,NA,1023.8,NA,1565.3,9.9,28,5.9,21.2,35.6,9.7,34.9,NA,NA,0,0,656,NA,NA,NA,NA,NA,0.453,NA,NA,NA
2026-04-23 16:00:00,"SPF",16.8,16.6,16.9,NA,NA,24.3,4.7,-3.7,936.4,NA,1023.5,NA,1562.7,9.7,24,5.6,20.2,34.9,9.4,33.8,NA,NA,0,0,491,NA,NA,NA,NA,NA,0.381,NA,NA,NA
2026-04-23 17:00:00,"SPF",16.3,15.9,16.7,NA,NA,23.9,4.5,-4.3,936.1,NA,1023.2,NA,1559.4,8.9,20,5.1,18.4,32,8.8,31.7,NA,NA,0,0,305,NA,NA,NA,NA,NA,0.278,NA,NA,NA
2026-04-23 18:00:00,"SPF",14.8,13.7,15.6,NA,NA,26.5,4.5,-4.3,936,NA,1023.1,NA,1553.9,8.1,17,3.9,14,29.2,7.8,28.1,NA,NA,0,0,109,NA,NA,NA,NA,NA,0.147,NA,NA,NA
2026-04-23 19:00:00,"SPF",11.9,9.8,13.5,NA,NA,35.7,4.9,-3,936.2,NA,1023.3,NA,1547.1,4,18,1,3.6,14.4,3.9,14,NA,NA,0,0,3,NA,NA,NA,NA,NA,0.018,NA,NA,NA
2026-04-23 20:00:00,"SPF",7.4,6.2,8.4,NA,NA,57.7,6,-0.4,936.5,NA,1023.6,NA,1536.2,4.1,188,1.2,4.3,14.8,4,14.4,NA,NA,0,0,0,NA,NA,NA,NA,NA,0.01,NA,NA,NA
2026-04-23 21:00:00,"SPF",5.6,4.3,6.8,NA,NA,65.2,5.9,-0.5,936.7,NA,1023.8,NA,1532.2,2.2,207,0.7,2.5,7.9,2.2,7.9,NA,NA,0,0,0,NA,NA,NA,NA,NA,0.001,NA,NA,NA
2026-04-23 22:00:00,"SPF",3.4,2.6,4.2,NA,NA,74.9,5.8,-0.7,936.8,NA,1023.9,NA,1526.6,2.2,204,1,3.6,7.9,2.1,7.6,NA,NA,0,0,0,NA,NA,NA,NA,NA,0.001,NA,NA,NA
2026-04-23 23:00:00,"SPF",2.6,2.1,3,NA,NA,79,5.8,-0.7,936.5,NA,1023.6,NA,1522.6,1.8,212,1,3.6,6.5,1.7,6.1,NA,NA,0,0,0,NA,NA,NA,NA,NA,0,NA,NA,NA
2026-04-24,"SPF",2,1.4,2.5,NA,NA,82.8,5.8,-0.7,936.4,NA,1023.5,NA,1519.1,1.6,202,0.5,1.8,5.8,1.6,5.8,NA,NA,0,0,0,NA,NA,NA,NA,NA,-0.004,NA,NA,NA
2026-04-24 01:00:00,"SPF",1.3,1.1,1.5,NA,NA,86.8,5.8,-0.7,936,NA,1023.1,NA,1514,1.5,201,0.9,3.2,5.4,1.5,5.4,NA,NA,0,0,0,NA,NA,NA,NA,NA,-0.002,NA,NA,NA
2026-04-24 02:00:00,"SPF",1,0.3,1.5,NA,NA,88.8,5.8,-0.7,935.7,NA,1022.7,NA,1510.4,1.6,194,0.9,3.2,5.8,1.6,5.8,NA,NA,0,0,0,NA,NA,NA,NA,NA,-0.003,NA,NA,NA
2026-04-24 03:00:00,"SPF",0.3,0,0.8,NA,NA,91.6,5.7,-0.9,935.4,NA,1022.4,NA,1506.5,2.1,204,1,3.6,7.6,2.1,7.6,NA,NA,0,0,0,NA,NA,NA,NA,NA,-0.003,NA,NA,NA
2026-04-24 04:00:00,"SPF",-0.2,-0.5,0.1,NA,NA,95.7,5.7,-0.8,935.2,NA,1022.2,NA,1502.6,2.3,214,1.1,4,8.3,2.3,8.3,NA,NA,0,0,0,NA,NA,NA,NA,NA,-0.004,NA,NA,NA
2026-04-24 05:00:00,"SPF",-0.4,-0.9,-0.1,NA,NA,96.9,5.7,-0.9,935.1,NA,1022.1,NA,1501.8,2.1,209,1.2,4.3,7.6,2.1,7.6,NA,NA,0,0,5,NA,NA,NA,NA,NA,0.001,NA,NA,NA
2026-04-24 06:00:00,"SPF",0.5,-0.6,1.7,NA,NA,93.5,6,-0.4,935.1,NA,1022.1,NA,1504,2.5,210,1.4,5,9,2.5,9,NA,NA,0,0,110,NA,NA,NA,NA,NA,0.03,NA,NA,NA
2026-04-24 07:00:00,"SPF",4.7,2.6,7.1,NA,NA,79.6,6.8,1.4,934.8,NA,1021.8,NA,1513.8,2.5,197,1,3.6,9,2.5,9,NA,NA,0,0,333,NA,NA,NA,NA,NA,0.122,NA,NA,NA
2026-04-24 08:00:00,"SPF",9.2,7.7,10.7,NA,NA,57.5,6.7,1.2,934.5,NA,1021.4,NA,1523.9,1.4,180,0.5,1.8,5,1.4,5,NA,NA,0,0,524,NA,NA,NA,NA,NA,0.241,NA,NA,NA
2026-04-24 09:00:00,"SPF",12.9,11.3,14.4,NA,NA,49.1,7.3,2.5,934.3,NA,1021.2,NA,1533.4,3.5,40,1,3.6,12.6,3.4,12.2,NA,NA,0,0,687,NA,NA,NA,NA,NA,0.363,NA,NA,NA
2026-04-24 10:00:00,"SPF",15.1,14.8,15.3,NA,NA,44.4,7.6,3.1,934.2,NA,1021.1,NA,1538.5,5.9,43,3.6,13,21.2,5.8,20.9,NA,NA,0,0,808,NA,NA,NA,NA,NA,0.465,NA,NA,NA
2026-04-24 11:00:00,"SPF",15.8,15.3,16.3,NA,NA,42.1,7.6,3,934.2,NA,1021.1,NA,1540.6,6.7,39,4.4,15.8,24.1,6.5,23.4,NA,NA,0,0,882,NA,NA,NA,NA,NA,0.52,NA,NA,NA
2026-04-24 12:00:00,"SPF",16.8,16.2,17.4,NA,NA,39,7.5,2.8,934,NA,1020.9,NA,1542,6.9,35,3.9,14,24.8,6.8,24.5,NA,NA,0,0,905,NA,NA,NA,NA,NA,0.551,NA,NA,NA
2026-04-24 13:00:00,"SPF",17.7,17.5,18,NA,NA,35.8,7.2,2.3,933.9,NA,1020.8,NA,1543.1,7,40,3.5,12.6,25.2,6.5,23.4,NA,NA,0,0,872,NA,NA,NA,NA,NA,0.546,NA,NA,NA
2026-04-24 14:00:00,"SPF",18.3,18.1,18.6,NA,NA,32.1,6.8,1.4,933.5,NA,1020.4,NA,1541.7,7,23,4,14.4,25.2,6.8,24.5,NA,NA,0,0,787,NA,NA,NA,NA,NA,0.518,NA,NA,NA
2026-04-24 15:00:00,"SPF",18.7,18.6,18.9,NA,NA,29.8,6.4,0.7,933.2,NA,1020,NA,1539.5,6.3,30,3.6,13,22.7,6.2,22.3,NA,NA,0,0,649,NA,NA,NA,NA,NA,0.441,NA,NA,NA
2026-04-24 16:00:00,"SPF",18.7,18.6,18.9,NA,NA,28.7,6.2,0.2,932.9,NA,1019.7,NA,1537.5,5.8,18,3.4,12.2,20.9,5.7,20.5,NA,NA,0,0,478,NA,NA,NA,NA,NA,0.342,NA,NA,NA
2026-04-24 17:00:00,"SPF",18.4,18,18.7,NA,NA,26.1,5.5,-1.5,932.6,NA,1019.4,NA,1533.7,4.8,17,3,10.8,17.3,4.8,17.3,NA,NA,0,0,299,NA,NA,NA,NA,NA,0.231,NA,NA,NA
2026-04-24 18:00:00,"SPF",16.7,15,17.7,NA,NA,29.5,5.6,-1.3,932.5,NA,1019.3,NA,1527.8,3.4,3,1.7,6.1,12.2,3.3,11.9,NA,NA,0,0,110,NA,NA,NA,NA,NA,0.083,NA,NA,NA
2026-04-24 19:00:00,"SPF",11,9.6,13.3,NA,NA,55.5,7.2,2.3,932.7,NA,1019.5,NA,1513.4,3,205,1.7,6.1,10.8,3,10.8,NA,NA,0,0,4,NA,NA,NA,NA,NA,0.02,NA,NA,NA
2026-04-24 20:00:00,"SPF",8.9,7,10.3,NA,NA,63.2,7.2,2.3,933.1,NA,1020,NA,1511.4,2.5,194,1,3.6,9,2.4,8.6,NA,NA,0,0,0,NA,NA,NA,NA,NA,0.006,NA,NA,NA
2026-04-24 21:00:00,"SPF",6.9,6.4,7.1,NA,NA,69.6,6.9,1.7,933.3,NA,1020.2,NA,1506.6,2.3,204,1.2,4.3,8.3,2.2,7.9,NA,NA,0,0,0,NA,NA,NA,NA,NA,0.005,NA,NA,NA
2026-04-24 22:00:00,"SPF",5.5,5.3,5.7,NA,NA,76.4,6.9,1.7,933.3,NA,1020.2,NA,1503.2,2,216,0.9,3.2,7.2,2,7.2,NA,NA,0,0,0,NA,NA,NA,NA,NA,0,NA,NA,NA
2026-04-24 23:00:00,"SPF",4.8,4,5.2,NA,NA,80,6.9,1.6,933.2,NA,1020.1,NA,1500.4,2.6,207,1.3,4.7,9.4,2.5,9,NA,NA,0,0,0,NA,NA,NA,NA,NA,0.002,NA,NA,NA
2026-04-25,"SPF",4,3.5,4.3,NA,NA,84.6,6.9,1.7,933.1,NA,1019.9,NA,1497,2.5,218,1.1,4,9,2.4,8.6,NA,NA,0,0,0,NA,NA,NA,NA,NA,-0.001,NA,NA,NA
2026-04-25 01:00:00,"SPF",3.5,2.9,4.1,NA,NA,87.5,6.9,1.6,932.7,NA,1019.5,NA,1492,1.6,203,0.8,2.9,5.8,1.6,5.8,NA,NA,0,0,0,NA,NA,NA,NA,NA,-0.003,NA,NA,NA
2026-04-25 02:00:00,"SPF",2.8,2.1,3.7,NA,NA,90.5,6.7,1.4,932.4,NA,1019.2,NA,1487.4,2.1,207,1.1,4,7.6,2.1,7.6,NA,NA,0,0,0,NA,NA,NA,NA,NA,-0.003,NA,NA,NA
2026-04-25 03:00:00,"SPF",2.7,2.5,3,NA,NA,93.6,6.9,1.8,932.4,NA,1019.2,NA,1487.3,3,211,1.7,6.1,10.8,2.9,10.4,NA,NA,0,0,0,NA,NA,NA,NA,NA,-0.002,NA,NA,NA
2026-04-25 04:00:00,"SPF",2.4,2.2,2.7,NA,NA,96.6,7,2,932.2,NA,1019,NA,1485.4,2.4,210,1.6,5.8,8.6,2.3,8.3,NA,NA,0,0,0,NA,NA,NA,NA,NA,-0.004,NA,NA,NA
2026-04-25 05:00:00,"SPF",2.6,2.3,3.1,NA,NA,97,7.1,2.1,932.2,NA,1019,NA,1485.1,3.2,212,1.9,6.8,11.5,3.1,11.2,NA,NA,0,0,6,NA,NA,NA,NA,NA,0.003,NA,NA,NA
2026-04-25 06:00:00,"SPF",3.6,2.8,5.5,NA,NA,95.6,7.6,3,932.3,NA,1019.1,NA,1489.6,2.7,214,1.5,5.4,9.7,2.7,9.7,NA,NA,0,0,114,NA,NA,NA,NA,NA,0.034,NA,NA,NA
2026-04-25 07:00:00,"SPF",8.6,6.1,10.6,NA,NA,79.7,8.8,5.2,932.3,NA,1019.1,NA,1502.9,1.8,204,1,3.6,6.5,1.7,6.1,NA,NA,0,0,326,NA,NA,NA,NA,NA,0.137,NA,NA,NA
2026-04-25 08:00:00,"SPF",12.9,11.1,14.9,NA,NA,60.6,9,5.4,932.2,NA,1019,NA,1514,1.3,162,0.5,1.8,4.7,1.3,4.7,NA,NA,0,0,512,NA,NA,NA,NA,NA,0.261,NA,NA,NA
2026-04-25 09:00:00,"SPF",17,15.6,18.4,NA,NA,46.4,8.9,5.4,932,NA,1018.8,NA,1524.1,4.8,270,1.2,4.3,17.3,4.7,16.9,NA,NA,0,0,671,NA,NA,NA,NA,NA,0.393,NA,NA,NA
2026-04-25 10:00:00,"SPF",18.8,18.6,19.2,NA,NA,33,7.2,2.2,932.1,NA,1018.9,NA,1530.2,7.4,243,3.6,13,26.6,7.3,26.3,NA,NA,0,0,796,NA,NA,NA,NA,NA,0.524,NA,NA,NA
2026-04-25 11:00:00,"SPF",19.5,19.1,20.3,NA,NA,31.1,7,2,931.9,NA,1018.7,NA,1530.7,5.9,237,2.6,9.4,21.2,5.9,21.2,NA,NA,0,0,864,NA,NA,NA,NA,NA,0.562,NA,NA,NA
2026-04-25 12:00:00,"SPF",20.1,19.7,20.4,NA,NA,29.7,7,1.8,931.6,NA,1018.3,NA,1529.5,7,207,3.2,11.5,25.2,6.8,24.5,NA,NA,0,0,907,NA,NA,NA,NA,NA,0.607,NA,NA,NA
2026-04-25 13:00:00,"SPF",20.7,20.6,21,NA,NA,27.7,6.8,1.4,931.3,NA,1018,NA,1528.6,11.9,235,3.5,12.6,42.8,11.3,40.7,NA,NA,0,0,869,NA,NA,NA,NA,NA,0.599,NA,NA,NA
2026-04-25 14:00:00,"SPF",20.8,20.6,21,NA,NA,26.2,6.4,0.7,931.2,NA,1017.9,NA,1527.2,9.6,263,3,10.8,34.6,8.7,31.3,NA,NA,0,0,782,NA,NA,NA,NA,NA,0.538,NA,NA,NA
2026-04-25 15:00:00,"SPF",20.9,20.6,21.1,NA,NA,24.6,6.1,-0.1,931,NA,1017.7,NA,1526,7.1,237,2.6,9.4,25.6,7.1,25.6,NA,NA,0,0,656,NA,NA,NA,NA,NA,0.454,NA,NA,NA
2026-04-25 16:00:00,"SPF",20.9,20.7,21,NA,NA,23.4,5.8,-0.8,930.8,NA,1017.5,NA,1524.4,4.3,270,1.8,6.5,15.5,4.1,14.8,NA,NA,0,0,491,NA,NA,NA,NA,NA,0.326,NA,NA,NA
2026-04-25 17:00:00,"SPF",20.2,19.4,20.7,NA,NA,25.8,6.1,-0.1,930.8,NA,1017.5,NA,1522.8,7.5,343,2.3,8.3,27,7.3,26.3,NA,NA,0,0,301,NA,NA,NA,NA,NA,0.221,NA,NA,NA
2026-04-25 18:00:00,"SPF",18.1,16.9,18.9,NA,NA,37.3,7.7,3.3,931.2,NA,1017.9,NA,1520.2,6.9,25,3.9,14,24.8,6.7,24.1,NA,NA,0,0,106,NA,NA,NA,NA,NA,0.146,NA,NA,NA
2026-04-25 19:00:00,"SPF",14.8,12.7,16.5,NA,NA,47.3,7.9,3.6,931.9,NA,1018.7,NA,1517.1,4.9,14,1.2,4.3,17.6,4.8,17.3,NA,NA,0,0,4,NA,NA,NA,NA,NA,0.02,NA,NA,NA
2026-04-25 20:00:00,"SPF",10.4,9.4,12,NA,NA,66.6,8.4,4.5,932.7,NA,1019.5,NA,1511.7,1.8,210,0.9,3.2,6.5,1.8,6.5,NA,NA,0,0,0,NA,NA,NA,NA,NA,0.004,NA,NA,NA
2026-04-25 21:00:00,"SPF",8.6,7.8,9.6,NA,NA,72,8,3.8,933.3,NA,1020.2,NA,1511.6,2.3,198,0.7,2.5,8.3,2.2,7.9,NA,NA,0,0,0,NA,NA,NA,NA,NA,0,NA,NA,NA
2026-04-25 22:00:00,"SPF",6.9,6.1,7.5,NA,NA,78,7.7,3.3,933.7,NA,1020.6,NA,1510.5,1.4,203,0.7,2.5,5,1.4,5,NA,NA,0,0,0,NA,NA,NA,NA,NA,-0.002,NA,NA,NA
2026-04-25 23:00:00,"SPF",5.8,5.2,6.3,NA,NA,81.4,7.5,2.9,933.8,NA,1020.7,NA,1508.1,1.2,207,0.7,2.5,4.3,1.2,4.3,NA,NA,0,0,0,NA,NA,NA,NA,NA,-0.003,NA,NA,NA
2026-04-26,"SPF",4.9,4.6,5.2,NA,NA,85.4,7.4,2.7,933.8,NA,1020.7,NA,1506,1.9,207,1,3.6,6.8,1.9,6.8,NA,NA,0,0,0,NA,NA,NA,NA,NA,-0.002,NA,NA,NA
2026-04-26 01:00:00,"SPF",4.1,3.5,4.3,NA,NA,89.4,7.3,2.5,933.7,NA,1020.6,NA,1502.5,1.9,212,1,3.6,6.8,1.9,6.8,NA,NA,0,0,0,NA,NA,NA,NA,NA,-0.003,NA,NA,NA
2026-04-26 02:00:00,"SPF",3.5,3.2,3.7,NA,NA,92.6,7.3,2.4,933.8,NA,1020.7,NA,1501.7,2.1,214,1.1,4,7.6,2,7.2,NA,NA,0,0,0,NA,NA,NA,NA,NA,-0.003,NA,NA,NA
2026-04-26 03:00:00,"SPF",3.2,3,3.6,NA,NA,94.2,7.3,2.4,933.9,NA,1020.8,NA,1502,2.1,216,0.9,3.2,7.6,2.1,7.6,NA,NA,0,0,0,NA,NA,NA,NA,NA,-0.004,NA,NA,NA
2026-04-26 04:00:00,"SPF",2.8,2.4,3.3,NA,NA,95.3,7.1,2.1,934.2,NA,1021.1,NA,1502.8,1.7,211,0.6,2.2,6.1,1.7,6.1,NA,NA,0,0,0,NA,NA,NA,NA,NA,-0.006,NA,NA,NA
2026-04-26 05:00:00,"SPF",2.3,1.6,2.8,NA,NA,97.2,7,1.9,934.3,NA,1021.2,NA,1502.6,1.7,207,0.9,3.2,6.1,1.6,5.8,NA,NA,0,0,7,NA,NA,NA,NA,NA,0.003,NA,NA,NA
2026-04-26 06:00:00,"SPF",3.3,2.3,4.8,NA,NA,92.1,7.1,2.1,934.6,NA,1021.6,NA,1507.5,1.6,198,0.6,2.2,5.8,1.6,5.8,NA,NA,0,0,125,NA,NA,NA,NA,NA,0.038,NA,NA,NA
2026-04-26 07:00:00,"SPF",7.3,5.4,9.5,NA,NA,76.4,7.8,3.4,934.6,NA,1021.6,NA,1519.8,1.1,90,0.3,1.1,4,1,3.6,NA,NA,0,0,328,NA,NA,NA,NA,NA,0.134,NA,NA,NA
2026-04-26 08:00:00,"SPF",11.5,9.9,13.5,NA,NA,62,8.4,4.4,934.6,NA,1021.6,NA,1531.2,4.8,39,1.1,4,17.3,4.7,16.9,NA,NA,0,0,518,NA,NA,NA,NA,NA,0.256,NA,NA,NA
2026-04-26 09:00:00,"SPF",13.9,13.6,14.4,NA,NA,50.5,8,3.8,934.7,NA,1021.7,NA,1539.4,6.7,46,3.8,13.7,24.1,6.6,23.8,NA,NA,0,0,577,NA,NA,NA,NA,NA,0.335,NA,NA,NA
2026-04-26 10:00:00,"SPF",15.5,14.7,16,NA,NA,44.5,7.8,3.4,934.7,NA,1021.7,NA,1543.5,8.5,36,4.5,16.2,30.6,8.3,29.9,NA,NA,0,0,783,NA,NA,NA,NA,NA,0.459,NA,NA,NA
2026-04-26 11:00:00,"SPF",16.4,15.8,16.9,NA,NA,40.5,7.5,2.9,934.5,NA,1021.5,NA,1544.7,10.5,33,5.7,20.5,37.8,10.1,36.4,NA,NA,0,0,777,NA,NA,NA,NA,NA,0.487,NA,NA,NA
2026-04-26 12:00:00,"SPF",16.8,16.4,17.1,NA,NA,41.6,7.9,3.7,934.4,NA,1021.3,NA,1545.3,8.7,30,5.3,19.1,31.3,8.6,31,NA,NA,0,0,740,NA,NA,NA,NA,NA,0.475,NA,NA,NA
2026-04-26 13:00:00,"SPF",17.6,17.3,18,NA,NA,36.3,7.3,2.5,934.2,NA,1021.1,NA,1546.1,8.7,32,5.3,19.1,31.3,8.5,30.6,NA,NA,0,0,771,NA,NA,NA,NA,NA,0.509,NA,NA,NA
2026-04-26 14:00:00,"SPF",18.2,18.1,18.4,NA,NA,33,6.9,1.7,933.9,NA,1020.8,NA,1544.3,9.1,21,5.9,21.2,32.8,9,32.4,NA,NA,0,0,771,NA,NA,NA,NA,NA,0.525,NA,NA,NA
2026-04-26 15:00:00,"SPF",18.5,18.4,18.6,NA,NA,30.8,6.6,1,933.5,NA,1020.4,NA,1542.5,9.5,22,5.7,20.5,34.2,9.1,32.8,NA,NA,0,0,655,NA,NA,NA,NA,NA,0.473,NA,NA,NA
2026-04-26 16:00:00,"SPF",18.5,18.3,18.7,NA,NA,31,6.6,1.1,933.5,NA,1020.4,NA,1541.9,8.4,23,5.2,18.7,30.2,8.2,29.5,NA,NA,0,0,487,NA,NA,NA,NA,NA,0.376,NA,NA,NA
2026-04-26 17:00:00,"SPF",18,17.6,18.3,NA,NA,32.6,6.7,1.3,933.5,NA,1020.4,NA,1540.2,9.2,19,4.9,17.6,33.1,9,32.4,NA,NA,0,0,299,NA,NA,NA,NA,NA,0.267,NA,NA,NA
2026-04-26 18:00:00,"SPF",16.4,15,17.4,NA,NA,37.1,6.9,1.7,933.6,NA,1020.5,NA,1536.8,6,17,3.2,11.5,21.6,5.8,20.9,NA,NA,0,0,96,NA,NA,NA,NA,NA,0.124,NA,NA,NA
2026-04-26 19:00:00,"SPF",12.7,11.3,14.8,NA,NA,51.3,7.5,2.8,934,NA,1020.9,NA,1529.9,1.9,243,0.8,2.9,6.8,1.9,6.8,NA,NA,0,0,4,NA,NA,NA,NA,NA,0.009,NA,NA,NA
2026-04-26 20:00:00,"SPF",10,9.6,10.2,NA,NA,64.7,7.9,3.6,934.6,NA,1021.6,NA,1527.4,2.3,202,0.7,2.5,8.3,2.3,8.3,NA,NA,0,0,0,NA,NA,NA,NA,NA,0.002,NA,NA,NA
2026-04-26 21:00:00,"SPF",8.4,7.4,9.5,NA,NA,71,7.8,3.5,934.9,NA,1021.9,NA,1525.4,1,207,0.3,1.1,3.6,1,3.6,NA,NA,0,0,0,NA,NA,NA,NA,NA,-0.005,NA,NA,NA
2026-04-26 22:00:00,"SPF",6.2,5.9,6.7,NA,NA,80.7,7.7,3.2,935,NA,1022,NA,1519.6,1.5,203,0.8,2.9,5.4,1.5,5.4,NA,NA,0,0,0,NA,NA,NA,NA,NA,-0.002,NA,NA,NA
2026-04-26 23:00:00,"SPF",5.3,4.8,5.6,NA,NA,83.9,7.5,2.9,935,NA,1022,NA,1516.9,1.5,203,0.8,2.9,5.4,1.5,5.4,NA,NA,0,0,0,NA,NA,NA,NA,NA,-0.002,NA,NA,NA
2026-04-27,"SPF",4.5,4.2,4.8,NA,NA,88.1,7.4,2.7,935,NA,1022,NA,1514.8,1.5,207,0.9,3.2,5.4,1.5,5.4,NA,NA,0,0,0,NA,NA,NA,NA,NA,-0.003,NA,NA,NA
2026-04-27 01:00:00,"SPF",3.8,3.6,4,NA,NA,91.9,7.4,2.6,934.8,NA,1021.8,NA,1511.3,2,217,1,3.6,7.2,2,7.2,NA,NA,0,0,0,NA,NA,NA,NA,NA,-0.004,NA,NA,NA
2026-04-27 02:00:00,"SPF",3.3,2.8,3.7,NA,NA,94.3,7.3,2.5,934.5,NA,1021.5,NA,1507.5,1.8,216,0.9,3.2,6.5,1.7,6.1,NA,NA,0,0,0,NA,NA,NA,NA,NA,-0.004,NA,NA,NA
2026-04-27 03:00:00,"SPF",2.8,2.6,3,NA,NA,96.2,7.2,2.2,934.4,NA,1021.4,NA,1505.2,2,212,1,3.6,7.2,2,7.2,NA,NA,0,0,0,NA,NA,NA,NA,NA,-0.005,NA,NA,NA
2026-04-27 04:00:00,"SPF",2.4,2.2,2.6,NA,NA,98.5,7.1,2.2,934.3,NA,1021.2,NA,1502.7,1.8,217,1,3.6,6.5,1.7,6.1,NA,NA,0,0,0,NA,NA,NA,NA,NA,-0.005,NA,NA,NA
2026-04-27 05:00:00,"SPF",2.6,2.3,2.8,NA,NA,98.1,7.3,2.4,934.3,NA,1021.2,NA,1503.3,1.1,198,0.6,2.2,4,1.1,4,NA,NA,0,0,7,NA,NA,NA,NA,NA,0.005,NA,NA,NA
2026-04-27 06:00:00,"SPF",3.1,2.4,4.3,NA,NA,98,7.5,2.8,934.7,NA,1021.7,NA,1508.1,1.5,203,0.8,2.9,5.4,1.5,5.4,NA,NA,0,0,125,NA,NA,NA,NA,NA,0.037,NA,NA,NA
2026-04-27 07:00:00,"SPF",7.5,5.3,9.9,NA,NA,85,8.8,5,934.7,NA,1021.7,NA,1520.9,1.3,191,0.5,1.8,4.7,1.3,4.7,NA,NA,0,0,330,NA,NA,NA,NA,NA,0.135,NA,NA,NA
2026-04-27 08:00:00,"SPF",11.6,10.2,13.3,NA,NA,62,8.4,4.5,934.5,NA,1021.5,NA,1531,1.4,27,0.4,1.4,5,1.4,5,NA,NA,0,0,446,NA,NA,NA,NA,NA,0.224,NA,NA,NA
2026-04-27 09:00:00,"SPF",14.7,13.4,15.5,NA,NA,54.2,9,5.5,934.3,NA,1021.2,NA,1538.1,3.9,19,1.9,6.8,14,3.8,13.7,NA,NA,0,0,666,NA,NA,NA,NA,NA,0.37,NA,NA,NA
2026-04-27 10:00:00,"SPF",16.3,15.7,16.7,NA,NA,48.5,8.9,5.4,933.9,NA,1020.8,NA,1538.9,6.9,38,3.7,13.3,24.8,6.7,24.1,NA,NA,0,0,795,NA,NA,NA,NA,NA,0.467,NA,NA,NA
2026-04-27 11:00:00,"SPF",17.3,16.8,17.7,NA,NA,44,8.6,4.9,933.5,NA,1020.4,NA,1538,8.2,31,4.8,17.3,29.5,8.1,29.2,NA,NA,0,0,869,NA,NA,NA,NA,NA,0.531,NA,NA,NA
2026-04-27 12:00:00,"SPF",18.4,18.2,18.7,NA,NA,41.5,8.8,5.1,933.3,NA,1020.2,NA,1539.4,7.3,34,4.6,16.6,26.3,7,25.2,NA,NA,0,0,888,NA,NA,NA,NA,NA,0.564,NA,NA,NA
2026-04-27 13:00:00,"SPF",19,18.7,19.2,NA,NA,39.6,8.7,4.9,932.9,NA,1019.7,NA,1537.7,8.5,27,4.2,15.1,30.6,8.2,29.5,NA,NA,0,0,854,NA,NA,NA,NA,NA,0.554,NA,NA,NA
2026-04-27 14:00:00,"SPF",19.7,19.3,20,NA,NA,37.5,8.6,4.8,932.4,NA,1019.2,NA,1536,7.6,18,4.5,16.2,27.4,7.4,26.6,NA,NA,0,0,772,NA,NA,NA,NA,NA,0.524,NA,NA,NA
2026-04-27 15:00:00,"SPF",19.7,19.4,19.9,NA,NA,34.9,8,3.7,932,NA,1018.8,NA,1531.5,7.8,15,4.3,15.5,28.1,7.5,27,NA,NA,0,0,537,NA,NA,NA,NA,NA,0.406,NA,NA,NA
2026-04-27 16:00:00,"SPF",19.3,19.1,19.5,NA,NA,34.8,7.8,3.3,931.7,NA,1018.4,NA,1527.5,6.9,14,4.4,15.8,24.8,6.8,24.5,NA,NA,0,0,384,NA,NA,NA,NA,NA,0.323,NA,NA,NA
2026-04-27 17:00:00,"SPF",18.7,18,19.3,NA,NA,33.7,7.3,2.4,931.4,NA,1018.1,NA,1523.8,6.6,15,4.3,15.5,23.8,6.5,23.4,NA,NA,0,0,227,NA,NA,NA,NA,NA,0.238,NA,NA,NA
2026-04-27 18:00:00,"SPF",17.2,16.5,17.9,NA,NA,38.9,7.6,3.1,931.3,NA,1018,NA,1518.6,3.8,21,1.8,6.5,13.7,3.7,13.3,NA,NA,0,0,83,NA,NA,NA,NA,NA,0.086,NA,NA,NA
2026-04-27 19:00:00,"SPF",14,12.7,16.1,NA,NA,53.4,8.5,4.6,931.4,NA,1018.1,NA,1510.2,1.5,207,0.5,1.8,5.4,1.5,5.4,NA,NA,0,0,5,NA,NA,NA,NA,NA,0.003,NA,NA,NA
2026-04-27 20:00:00,"SPF",11.3,9.8,12.1,NA,NA,64.7,8.6,4.9,931.5,NA,1018.2,NA,1503.7,1.1,214,0.4,1.4,4,1.1,4,NA,NA,0,0,0,NA,NA,NA,NA,NA,-0.003,NA,NA,NA
2026-04-27 21:00:00,"SPF",8.7,8.1,9,NA,NA,74.8,8.4,4.5,931.5,NA,1018.2,NA,1496.2,1.8,219,0.7,2.5,6.5,1.8,6.5,NA,NA,0,0,0,NA,NA,NA,NA,NA,-0.001,NA,NA,NA
2026-04-27 22:00:00,"SPF",7.6,6.6,7.9,NA,NA,77.4,8.1,3.9,931.2,NA,1017.9,NA,1490.5,2.4,204,1.2,4.3,8.6,2.4,8.6,NA,NA,0,0,0,NA,NA,NA,NA,NA,0.002,NA,NA,NA
2026-04-27 23:00:00,"SPF",6.8,5.9,7.3,NA,NA,81.9,8.1,3.9,931,NA,1017.7,NA,1487.1,1.5,217,0.6,2.2,5.4,1.5,5.4,NA,NA,0,0,0,NA,NA,NA,NA,NA,-0.004,NA,NA,NA
2026-04-28,"SPF",5.8,5.6,6.1,NA,NA,85.9,7.9,3.6,931,NA,1017.7,NA,1483.9,1.8,214,1.1,4,6.5,1.8,6.5,NA,NA,0,0,0,NA,NA,NA,NA,NA,-0.001,NA,NA,NA
2026-04-28 01:00:00,"SPF",5.3,5,5.5,NA,NA,89.8,8,3.7,930.8,NA,1017.5,NA,1481.3,1.8,216,0.9,3.2,6.5,1.8,6.5,NA,NA,0,0,0,NA,NA,NA,NA,NA,-0.004,NA,NA,NA
2026-04-28 02:00:00,"SPF",5,4.4,5.4,NA,NA,91.5,8,3.8,930.8,NA,1017.5,NA,1480.3,2,207,0.9,3.2,7.2,1.9,6.8,NA,NA,0,0,0,NA,NA,NA,NA,NA,-0.004,NA,NA,NA
2026-04-28 03:00:00,"SPF",4.7,4.3,5,NA,NA,95.3,8.1,4,930.4,NA,1017,NA,1475.4,2.4,215,1.3,4.7,8.6,2.3,8.3,NA,NA,0,0,0,NA,NA,NA,NA,NA,-0.004,NA,NA,NA
2026-04-28 04:00:00,"SPF",4.9,4.6,5.4,NA,NA,94.9,8.2,4.2,930,NA,1016.6,NA,1473.5,3,209,1.3,4.7,10.8,3,10.8,NA,NA,0,0,0,NA,NA,NA,NA,NA,-0.004,NA,NA,NA
2026-04-28 05:00:00,"SPF",5.4,4.6,5.9,NA,NA,95.3,8.6,4.8,929.9,NA,1016.5,NA,1474,3,208,1.5,5.4,10.8,2.9,10.4,NA,NA,0,0,10,NA,NA,NA,NA,NA,0.006,NA,NA,NA
2026-04-28 06:00:00,"SPF",6.8,5.8,8.2,NA,NA,93.9,9.3,5.9,930,NA,1016.6,NA,1478.4,2.1,212,1.3,4.7,7.6,2,7.2,NA,NA,0,0,94,NA,NA,NA,NA,NA,0.037,NA,NA,NA
2026-04-28 07:00:00,"SPF",9.9,8.7,11.3,NA,NA,86.7,10.6,7.8,930,NA,1016.6,NA,1486.4,2.1,225,1.1,4,7.6,2.1,7.6,NA,NA,0,0,197,NA,NA,NA,NA,NA,0.096,NA,NA,NA
2026-04-28 08:00:00,"SPF",13.4,11.8,14.9,NA,NA,69.1,10.6,7.8,929.8,NA,1016.4,NA,1494.2,1.6,243,0.5,1.8,5.8,1.6,5.8,NA,NA,0,0,446,NA,NA,NA,NA,NA,0.236,NA,NA,NA
2026-04-28 09:00:00,"SPF",17.2,15.4,18.6,NA,NA,55.5,10.8,8.1,929.5,NA,1016.1,NA,1502,3.1,21,1.1,4,11.2,3,10.8,NA,NA,0,0,659,NA,NA,NA,NA,NA,0.387,NA,NA,NA
2026-04-28 10:00:00,"SPF",17.1,16.4,18.3,NA,NA,50.4,9.8,6.7,929.4,NA,1016,NA,1501,7.9,33,4.6,16.6,28.4,7.7,27.7,NA,NA,0,0,463,NA,NA,NA,NA,NA,0.333,NA,NA,NA
2026-04-28 11:00:00,"SPF",16.8,16.3,17.5,NA,NA,54.1,10.3,7.5,929.7,NA,1016.3,NA,1502.9,7.2,34,4.7,16.9,25.9,7.1,25.6,NA,NA,0,0,531,NA,NA,NA,NA,NA,0.355,NA,NA,NA
2026-04-28 12:00:00,"SPF",18.2,17.8,18.4,NA,NA,49.5,10.3,7.5,929.5,NA,1016.1,NA,1505.1,7.3,33,4.6,16.6,26.3,7.2,25.9,NA,NA,0,0,782,NA,NA,NA,NA,NA,0.495,NA,NA,NA
2026-04-28 13:00:00,"SPF",18.1,17.4,18.9,NA,NA,49.4,10.3,7.4,929.5,NA,1016.1,NA,1504.6,7.7,20,4.6,16.6,27.7,7.5,27,NA,NA,0,0,505,NA,NA,NA,NA,NA,0.367,NA,NA,NA
2026-04-28 14:00:00,"SPF",14.9,12.7,17.1,NA,NA,66.8,11.2,8.5,930.1,NA,1016.7,NA,1501.3,6.8,345,3.7,13.3,24.5,6.6,23.8,NA,NA,1.9,0,63,NA,NA,NA,NA,NA,0.103,NA,NA,NA
2026-04-28 15:00:00,"SPF",11.9,11.7,12.1,NA,NA,90.6,12.6,10.4,930.7,NA,1017.4,NA,1498.4,10.9,175,4.7,16.9,39.2,10.7,38.5,NA,NA,2.1,0,52,NA,NA,NA,NA,NA,0.051,NA,NA,NA
2026-04-28 16:00:00,"SPF",12.2,12,12.3,NA,NA,90.9,12.9,10.7,930.5,NA,1017.2,NA,1497.3,8,151,2.5,9,28.8,7.8,28.1,NA,NA,0.3,0,90,NA,NA,NA,NA,NA,0.062,NA,NA,NA
2026-04-28 17:00:00,"SPF",12.3,12.2,12.4,NA,NA,94.8,13.5,11.5,930.5,NA,1017.2,NA,1497.7,2.5,54,0.9,3.2,9,2.5,9,NA,NA,0.1,0,64,NA,NA,NA,NA,NA,0.044,NA,NA,NA
2026-04-28 18:00:00,"SPF",11.8,11.7,12.1,NA,NA,96.5,13.4,11.3,930.6,NA,1017.3,NA,1497,1.6,34,0.8,2.9,5.8,1.6,5.8,NA,NA,0,0,20,NA,NA,NA,NA,NA,0.022,NA,NA,NA
2026-04-28 19:00:00,"SPF",11.5,11.3,11.6,NA,NA,95.5,13,10.8,930.6,NA,1017.3,NA,1496,1.9,90,0.6,2.2,6.8,1.9,6.8,NA,NA,0,0,2,NA,NA,NA,NA,NA,-0.006,NA,NA,NA
2026-04-28 20:00:00,"SPF",11.6,11.3,11.9,NA,NA,83.1,11.4,8.8,930.6,NA,1017.3,NA,1496.2,3.4,76,1.1,4,12.2,3.4,12.2,NA,NA,0,0,0,NA,NA,NA,NA,NA,0,NA,NA,NA
2026-04-28 21:00:00,"SPF",10.7,10.1,11.2,NA,NA,91.4,11.8,9.3,930.6,NA,1017.3,NA,1494.3,3,90,1.2,4.3,10.8,2.9,10.4,NA,NA,0,0,0,NA,NA,NA,NA,NA,-0.003,NA,NA,NA
2026-04-28 22:00:00,"SPF",10,9.9,10.1,NA,NA,99,12.2,9.9,930.7,NA,1017.4,NA,1492.8,1.2,211,0.6,2.2,4.3,1.2,4.3,NA,NA,0.1,0,0,NA,NA,NA,NA,NA,-0.008,NA,NA,NA
2026-04-28 23:00:00,"SPF",9.5,9.2,9.8,NA,NA,99.3,11.8,9.4,930.9,NA,1017.6,NA,1493.4,2.2,221,1,3.6,7.9,2.1,7.6,NA,NA,0,0,0,NA,NA,NA,NA,NA,-0.007,NA,NA,NA
2026-04-29,"SPF",9.5,9.4,9.6,NA,NA,99.3,11.8,9.4,930.7,NA,1017.4,NA,1491.2,2.3,207,1.1,4,8.3,2.3,8.3,NA,NA,0,0,0,NA,NA,NA,NA,NA,-0.007,NA,NA,NA
2026-04-29 01:00:00,"SPF",9.4,9.1,9.6,NA,NA,99.3,11.8,9.3,930.5,NA,1017.2,NA,1490,1.4,270,0.6,2.2,5,1.4,5,NA,NA,0,0,0,NA,NA,NA,NA,NA,-0.007,NA,NA,NA
2026-04-29 02:00:00,"SPF",9.3,9,9.4,NA,NA,99.3,11.6,9.2,930.5,NA,1017.2,NA,1489.3,1.5,236,0.4,1.4,5.4,1.5,5.4,NA,NA,0.1,0,0,NA,NA,NA,NA,NA,-0.008,NA,NA,NA
2026-04-29 03:00:00,"SPF",9.2,9.1,9.3,NA,NA,99.3,11.5,9.1,930.5,NA,1017.2,NA,1489.5,0.9,225,0.3,1.1,3.2,0.9,3.2,NA,NA,0,0,0,NA,NA,NA,NA,NA,-0.008,NA,NA,NA
2026-04-29 04:00:00,"SPF",9.1,8.9,9.4,NA,NA,99.3,11.5,9,930.8,NA,1017.5,NA,1491.7,1.6,194,0.5,1.8,5.8,1.6,5.8,NA,NA,0.1,0,0,NA,NA,NA,NA,NA,-0.008,NA,NA,NA
2026-04-29 05:00:00,"SPF",9.2,9.2,9.4,NA,NA,99.3,11.6,9.1,931,NA,1017.7,NA,1493.5,1.4,34,0.4,1.4,5,1.3,4.7,NA,NA,0,0,2,NA,NA,NA,NA,NA,0.015,NA,NA,NA
2026-04-29 06:00:00,"SPF",9.5,9.2,9.9,NA,NA,99.4,11.8,9.4,931.2,NA,1017.9,NA,1495.9,1.1,225,0.3,1.1,4,1.1,4,NA,NA,0,0,36,NA,NA,NA,NA,NA,0.026,NA,NA,NA
2026-04-29 07:00:00,"SPF",10.6,10.2,11.1,NA,NA,99.3,12.7,10.5,931.3,NA,1018,NA,1500,4,33,2.1,7.6,14.4,3.9,14,NA,NA,0,0,141,NA,NA,NA,NA,NA,0.066,NA,NA,NA
2026-04-29 08:00:00,"SPF",11.2,11.1,11.2,NA,NA,97.5,12.9,10.8,931.4,NA,1018.1,NA,1502.8,5.6,25,3,10.8,20.2,5.6,20.2,NA,NA,0,0,127,NA,NA,NA,NA,NA,0.067,NA,NA,NA
2026-04-29 09:00:00,"SPF",10.8,10.6,10.9,NA,NA,99.2,12.8,10.6,931.6,NA,1018.3,NA,1503.1,6.7,20,4.1,14.8,24.1,6.5,23.4,NA,NA,0,0,81,NA,NA,NA,NA,NA,0.046,NA,NA,NA
2026-04-29 10:00:00,"SPF",10.8,10.6,11.1,NA,NA,99.1,12.9,10.7,931.9,NA,1018.7,NA,1506,6.8,29,4.2,15.1,24.5,6.7,24.1,NA,NA,0,0,158,NA,NA,NA,NA,NA,0.076,NA,NA,NA
2026-04-29 11:00:00,"SPF",11.6,11.1,11.8,NA,NA,93.6,12.8,10.6,932.2,NA,1019,NA,1510.2,6.4,24,3.7,13.3,23,6.3,22.7,NA,NA,0,0,205,NA,NA,NA,NA,NA,0.109,NA,NA,NA
2026-04-29 12:00:00,"SPF",12.2,12.1,12.4,NA,NA,87.9,12.5,10.3,932.1,NA,1018.9,NA,1511.3,7,29,4.2,15.1,25.2,6.8,24.5,NA,NA,0,0,242,NA,NA,NA,NA,NA,0.134,NA,NA,NA
2026-04-29 13:00:00,"SPF",12.4,11.9,13,NA,NA,82,11.8,9.4,932.2,NA,1019,NA,1513,7.5,27,4.6,16.6,27,7.4,26.6,NA,NA,0,0,290,NA,NA,NA,NA,NA,0.164,NA,NA,NA
2026-04-29 14:00:00,"SPF",13.7,13.3,13.8,NA,NA,74.8,11.7,9.3,932.2,NA,1019,NA,1516.3,8.5,22,5.1,18.4,30.6,8.3,29.9,NA,NA,0,0,384,NA,NA,NA,NA,NA,0.221,NA,NA,NA
2026-04-29 15:00:00,"SPF",14.5,14.2,14.9,NA,NA,68.3,11.3,8.7,932,NA,1018.8,NA,1517.5,10.1,18,5.2,18.7,36.4,9.7,34.9,NA,NA,0,0,385,NA,NA,NA,NA,NA,0.236,NA,NA,NA
2026-04-29 16:00:00,"SPF",15.1,14.9,15.2,NA,NA,63.4,10.9,8.2,931.9,NA,1018.7,NA,1517.7,9.4,26,5.2,18.7,33.8,9.2,33.1,NA,NA,0,0,278,NA,NA,NA,NA,NA,0.202,NA,NA,NA
2026-04-29 17:00:00,"SPF",15.6,15.2,16,NA,NA,58.4,10.3,7.5,931.8,NA,1018.6,NA,1518.5,8.6,27,4.5,16.2,31,8.3,29.9,NA,NA,0,0,251,NA,NA,NA,NA,NA,0.182,NA,NA,NA
2026-04-29 18:00:00,"SPF",15.3,14.7,15.7,NA,NA,59,10.2,7.3,931.8,NA,1018.6,NA,1517.7,7.7,30,3.9,14,27.7,7.4,26.6,NA,NA,0,0,103,NA,NA,NA,NA,NA,0.103,NA,NA,NA
2026-04-29 19:00:00,"SPF",13.7,13,14.5,NA,NA,64.9,10.2,7.2,932.2,NA,1019,NA,1516.7,6.9,32,3.2,11.5,24.8,6.7,24.1,NA,NA,0,0,8,NA,NA,NA,NA,NA,0.03,NA,NA,NA
2026-04-29 20:00:00,"SPF",11.8,11.1,12.4,NA,NA,70.2,9.7,6.6,932.9,NA,1019.7,NA,1517.1,5.4,31,2.9,10.4,19.4,5.3,19.1,NA,NA,0,0,0,NA,NA,NA,NA,NA,0.02,NA,NA,NA
2026-04-29 21:00:00,"SPF",10.7,9.7,11.1,NA,NA,67.1,8.6,4.8,933.3,NA,1020.2,NA,1517.8,5.1,29,2.6,9.4,18.4,5,18,NA,NA,0,0,0,NA,NA,NA,NA,NA,0.019,NA,NA,NA
2026-04-29 22:00:00,"SPF",8.3,7.3,9.6,NA,NA,78,8.5,4.6,933.5,NA,1020.4,NA,1512.6,4.1,117,1.2,4.3,14.8,4,14.4,NA,NA,0,0,0,NA,NA,NA,NA,NA,0.002,NA,NA,NA
2026-04-29 23:00:00,"SPF",7.1,6.7,7.6,NA,NA,91,9.2,5.7,933.6,NA,1020.5,NA,1509.9,1,243,0.5,1.8,3.6,1,3.6,NA,NA,0,0,0,NA,NA,NA,NA,NA,-0.006,NA,NA,NA
2026-04-30,"SPF",5.6,4.6,6.4,NA,NA,95.7,8.7,5,933.7,NA,1020.6,NA,1506.5,1.4,231,0.7,2.5,5,1.4,5,NA,NA,0,0,0,NA,NA,NA,NA,NA,-0.006,NA,NA,NA
2026-04-30 01:00:00,"SPF",5.1,4.9,5.4,NA,NA,99,8.7,5,933.7,NA,1020.6,NA,1505.6,1.1,270,0.4,1.4,4,1.1,4,NA,NA,0,0,0,NA,NA,NA,NA,NA,-0.007,NA,NA,NA
2026-04-30 02:00:00,"SPF",3.8,3.4,4.3,NA,NA,98.6,7.9,3.6,933.9,NA,1020.8,NA,1503.1,1.3,225,0.4,1.4,4.7,1.3,4.7,NA,NA,0,0,0,NA,NA,NA,NA,NA,-0.007,NA,NA,NA
2026-04-30 03:00:00,"SPF",3,2.4,3.6,NA,NA,99.3,7.5,2.9,934.1,NA,1021,NA,1502.8,0.9,180,0.2,0.7,3.2,0.9,3.2,NA,NA,0,0,0,NA,NA,NA,NA,NA,-0.007,NA,NA,NA
2026-04-30 04:00:00,"SPF",1.8,1.5,2.2,NA,NA,99.3,6.9,1.7,934.3,NA,1021.2,NA,1500.9,1.2,207,0.4,1.4,4.3,1.2,4.3,NA,NA,0,0,0,NA,NA,NA,NA,NA,-0.007,NA,NA,NA
2026-04-30 05:00:00,"SPF",1.3,0.7,1.6,NA,NA,99.3,6.7,1.2,934.5,NA,1021.5,NA,1501.7,1.2,214,0.4,1.4,4.3,1.2,4.3,NA,NA,0,0,8,NA,NA,NA,NA,NA,0.008,NA,NA,NA
2026-04-30 06:00:00,"SPF",1.9,0.9,3,NA,NA,99.3,7,1.8,935,NA,1022,NA,1507,1.1,207,0.5,1.8,4,1.1,4,NA,NA,0,0,143,NA,NA,NA,NA,NA,0.041,NA,NA,NA
2026-04-30 07:00:00,"SPF",5.6,3.2,7.3,NA,NA,82.6,7.4,2.6,935.1,NA,1022.1,NA,1519.1,3.6,63,1.1,4,13,3.5,12.6,NA,NA,0,0,348,NA,NA,NA,NA,NA,0.132,NA,NA,NA
2026-04-30 08:00:00,"SPF",8.3,7.4,9.1,NA,NA,59.5,6.5,0.8,935.1,NA,1022.1,NA,1526.5,5.5,48,2.8,10.1,19.8,5.4,19.4,NA,NA,0,0,534,NA,NA,NA,NA,NA,0.242,NA,NA,NA
2026-04-30 09:00:00,"SPF",10,9.3,10.6,NA,NA,56,6.9,1.6,935.1,NA,1022.1,NA,1531.5,6.5,36,3.8,13.7,23.4,6.3,22.7,NA,NA,0,0,693,NA,NA,NA,NA,NA,0.33,NA,NA,NA
2026-04-30 10:00:00,"SPF",11.2,10.5,12,NA,NA,56.2,7.5,2.9,935.2,NA,1022.2,NA,1535.7,7.8,38,4.5,16.2,28.1,7.5,27,NA,NA,0,0,814,NA,NA,NA,NA,NA,0.397,NA,NA,NA
2026-04-30 11:00:00,"SPF",12.8,12.2,13.4,NA,NA,56,8.3,4.3,935.1,NA,1022.1,NA,1539.7,8.4,33,5.1,18.4,30.2,8.2,29.5,NA,NA,0,0,886,NA,NA,NA,NA,NA,0.45,NA,NA,NA
2026-04-30 12:00:00,"SPF",14,13.4,14.6,NA,NA,54.3,8.7,4.9,934.9,NA,1021.9,NA,1541.2,8.8,30,5.2,18.7,31.7,8.6,31,NA,NA,0,0,907,NA,NA,NA,NA,NA,0.48,NA,NA,NA
2026-04-30 13:00:00,"SPF",15,14.6,15.6,NA,NA,51,8.7,5,934.7,NA,1021.7,NA,1542.8,10.7,24,6,21.6,38.5,10.4,37.4,NA,NA,0,0,874,NA,NA,NA,NA,NA,0.485,NA,NA,NA
2026-04-30 14:00:00,"SPF",15.8,15.3,16.2,NA,NA,47.4,8.5,4.6,934.5,NA,1021.4,NA,1542.9,9.4,17,5.8,20.9,33.8,9.2,33.1,NA,NA,0,0,789,NA,NA,NA,NA,NA,0.464,NA,NA,NA
2026-04-30 15:00:00,"SPF",16.5,16.2,16.7,NA,NA,44.7,8.4,4.5,934.3,NA,1021.2,NA,1543.1,10.2,19,5.8,20.9,36.7,9.6,34.6,NA,NA,0,0,661,NA,NA,NA,NA,NA,0.418,NA,NA,NA
2026-04-30 16:00:00,"SPF",16.4,16.2,16.6,NA,NA,41.7,7.8,3.4,934.3,NA,1021.2,NA,1543.3,11.5,16,7,25.2,41.4,11,39.6,NA,NA,0,0,496,NA,NA,NA,NA,NA,0.357,NA,NA,NA
2026-04-30 17:00:00,"SPF",15.9,15.6,16.2,NA,NA,39.7,7.2,2.3,934.5,NA,1021.5,NA,1543.7,10.7,15,6.9,24.8,38.5,10.5,37.8,NA,NA,0,0,312,NA,NA,NA,NA,NA,0.275,NA,NA,NA
2026-04-30 18:00:00,"SPF",14.9,14.1,15.5,NA,NA,39.3,6.7,1.2,934.8,NA,1021.8,NA,1543.1,9.9,22,6,21.6,35.6,9.7,34.9,NA,NA,0,0,126,NA,NA,NA,NA,NA,0.179,NA,NA,NA
2026-04-30 19:00:00,"SPF",13,11.9,13.7,NA,NA,43.3,6.5,0.8,935.3,NA,1022.3,NA,1541.9,7.4,29,4.2,15.1,26.6,7.3,26.3,NA,NA,0,0,6,NA,NA,NA,NA,NA,0.057,NA,NA,NA
2026-04-30 20:00:00,"SPF",10.3,9.6,11.7,NA,NA,56,7,1.8,936,NA,1023,NA,1539.8,3.7,53,0.9,3.2,13.3,3.6,13,NA,NA,0,0,0,NA,NA,NA,NA,NA,0.007,NA,NA,NA
2026-04-30 21:00:00,"SPF",8.6,7.3,9.6,NA,NA,64.2,7.2,2.2,936.4,NA,1023.5,NA,1538.5,0.8,0,0.2,0.7,2.9,0.8,2.9,NA,NA,0,0,0,NA,NA,NA,NA,NA,-0.006,NA,NA,NA
2026-04-30 22:00:00,"SPF",6,4.7,7.3,NA,NA,80.8,7.5,3,936.6,NA,1023.7,NA,1533.3,1.2,217,0.6,2.2,4.3,1.2,4.3,NA,NA,0,0,0,NA,NA,NA,NA,NA,-0.003,NA,NA,NA
2026-04-30 23:00:00,"SPF",4.4,4.2,5,NA,NA,86.2,7.2,2.3,936.9,NA,1024,NA,1531.1,1.3,217,0.6,2.2,4.7,1.3,4.7,NA,NA,0,0,0,NA,NA,NA,NA,NA,-0.004,NA,NA,NA
2026-05-01,"SPF",3.2,2.6,3.7,NA,NA,88.4,6.8,1.5,937.1,NA,1024.2,NA,1529.1,1.8,214,0.8,2.9,6.5,1.8,6.5,NA,NA,0,0,0,NA,NA,NA,NA,NA,-0.003,NA,NA,NA
2026-05-01 01:00:00,"SPF",3.1,2.7,3.6,NA,NA,81.3,6.2,0.2,937.2,NA,1024.4,NA,1529.6,2,202,0.5,1.8,7.2,2,7.2,NA,NA,0,0,0,NA,NA,NA,NA,NA,-0.004,NA,NA,NA
2026-05-01 02:00:00,"SPF",2,1.6,2.2,NA,NA,90.1,6.4,0.6,937.3,NA,1024.5,NA,1527.3,1.8,201,0.8,2.9,6.5,1.7,6.1,NA,NA,0,0,0,NA,NA,NA,NA,NA,-0.004,NA,NA,NA
2026-05-01 03:00:00,"SPF",1.4,0.9,1.7,NA,NA,93,6.3,0.4,937.4,NA,1024.6,NA,1526.2,1.7,212,1,3.6,6.1,1.7,6.1,NA,NA,0,0,0,NA,NA,NA,NA,NA,-0.004,NA,NA,NA
2026-05-01 04:00:00,"SPF",1.2,1,1.4,NA,NA,96.2,6.4,0.7,937.3,NA,1024.5,NA,1524.9,2.1,209,1.1,4,7.6,2.1,7.6,NA,NA,0,0,0,NA,NA,NA,NA,NA,-0.004,NA,NA,NA
2026-05-01 05:00:00,"SPF",1.5,1,2.1,NA,NA,96.2,6.5,0.9,937.3,NA,1024.5,NA,1525.8,3,213,1.7,6.1,10.8,3,10.8,NA,NA,0,0,9,NA,NA,NA,NA,NA,0.009,NA,NA,NA
2026-05-01 06:00:00,"SPF",3.4,1.6,4.7,NA,NA,93.4,7.3,2.4,937.8,NA,1025,NA,1535.6,2,135,0.9,3.2,7.2,1.9,6.8,NA,NA,0,0,143,NA,NA,NA,NA,NA,0.044,NA,NA,NA
2026-05-01 07:00:00,"SPF",6.7,5.4,8.3,NA,NA,82.2,8.1,3.9,938.1,NA,1025.3,NA,1547.7,0.8,135,0.3,1.1,2.9,0.8,2.9,NA,NA,0,0,345,NA,NA,NA,NA,NA,0.14,NA,NA,NA
2026-05-01 08:00:00,"SPF",10.6,9.3,12.2,NA,NA,68.1,8.7,4.9,938.1,NA,1025.3,NA,1559.4,2.9,39,0.7,2.5,10.4,2.8,10.1,NA,NA,0,0,529,NA,NA,NA,NA,NA,0.255,NA,NA,NA
2026-05-01 09:00:00,"SPF",14.2,12.4,15.7,NA,NA,56.7,9.1,5.7,938,NA,1025.2,NA,1569.7,4.7,12,2.5,9,16.9,4.6,16.6,NA,NA,0,0,692,NA,NA,NA,NA,NA,0.376,NA,NA,NA
2026-05-01 10:00:00,"SPF",16.5,16,16.7,NA,NA,48.8,9.2,5.7,938,NA,1025.2,NA,1576.3,7.5,32,4,14.4,27,7.2,25.9,NA,NA,0,0,815,NA,NA,NA,NA,NA,0.482,NA,NA,NA
2026-05-01 11:00:00,"SPF",17.4,16.9,17.8,NA,NA,46.9,9.3,6,938,NA,1025.2,NA,1578.9,7.5,38,4.9,17.6,27,7.2,25.9,NA,NA,0,0,856,NA,NA,NA,NA,NA,0.521,NA,NA,NA
2026-05-01 12:00:00,"SPF",18.1,17.5,18.7,NA,NA,46.9,9.7,6.5,937.8,NA,1025,NA,1579,7.3,40,4.8,17.3,26.3,7.2,25.9,NA,NA,0,0,845,NA,NA,NA,NA,NA,0.527,NA,NA,NA
2026-05-01 13:00:00,"SPF",19.1,18.9,19.4,NA,NA,44.3,9.8,6.7,937.5,NA,1024.7,NA,1580.2,7.2,39,4.5,16.2,25.9,7,25.2,NA,NA,0,0,881,NA,NA,NA,NA,NA,0.564,NA,NA,NA
2026-05-01 14:00:00,"SPF",19.4,19.2,19.5,NA,NA,42.7,9.6,6.4,937.2,NA,1024.4,NA,1578.2,7.4,31,4.4,15.8,26.6,7.2,25.9,NA,NA,0,0,788,NA,NA,NA,NA,NA,0.518,NA,NA,NA
2026-05-01 15:00:00,"SPF",19.6,19.5,19.7,NA,NA,39.9,9.1,5.6,936.9,NA,1024,NA,1575.6,7.7,23,4.5,16.2,27.7,7.3,26.3,NA,NA,0,0,652,NA,NA,NA,NA,NA,0.45,NA,NA,NA
2026-05-01 16:00:00,"SPF",19.7,19.5,19.8,NA,NA,38,8.7,5,936.5,NA,1023.6,NA,1572.8,7.6,10,5.1,18.4,27.4,7.4,26.6,NA,NA,0,0,491,NA,NA,NA,NA,NA,0.376,NA,NA,NA
2026-05-01 17:00:00,"SPF",19.2,19,19.3,NA,NA,35.8,8,3.7,936.4,NA,1023.5,NA,1569.9,7.4,10,4.8,17.3,26.6,7.3,26.3,NA,NA,0,0,304,NA,NA,NA,NA,NA,0.275,NA,NA,NA
2026-05-01 18:00:00,"SPF",18.2,17.4,18.8,NA,NA,39,8.2,4,936.4,NA,1023.5,NA,1566.9,5.2,6,2.7,9.7,18.7,5.1,18.4,NA,NA,0,0,119,NA,NA,NA,NA,NA,0.122,NA,NA,NA
2026-05-01 19:00:00,"SPF",14.3,12.7,16.6,NA,NA,56.4,9.1,5.5,936.8,NA,1023.9,NA,1559.1,3,203,1.3,4.7,10.8,2.9,10.4,NA,NA,0,0,7,NA,NA,NA,NA,NA,0.017,NA,NA,NA
2026-05-01 20:00:00,"SPF",12.3,11.9,12.9,NA,NA,65.8,9.4,6.1,937.3,NA,1024.5,NA,1557.7,4.8,180,1.1,4,17.3,4.7,16.9,NA,NA,0,0,0,NA,NA,NA,NA,NA,0.007,NA,NA,NA
2026-05-01 21:00:00,"SPF",10.5,9.2,11.8,NA,NA,72.3,9.1,5.7,937.6,NA,1024.8,NA,1554.5,3,194,1,3.6,10.8,2.9,10.4,NA,NA,0,0,0,NA,NA,NA,NA,NA,0.003,NA,NA,NA
2026-05-01 22:00:00,"SPF",8.5,7.9,9.1,NA,NA,80.8,9,5.4,937.6,NA,1024.8,NA,1549.1,2.8,201,1.4,5,10.1,2.8,10.1,NA,NA,0,0,0,NA,NA,NA,NA,NA,0.003,NA,NA,NA
2026-05-01 23:00:00,"SPF",8.2,7.8,8.6,NA,NA,83.7,9.1,5.6,937.5,NA,1024.7,NA,1547.5,3.4,194,1.7,6.1,12.2,3.4,12.2,NA,NA,0,0,0,NA,NA,NA,NA,NA,0.003,NA,NA,NA
2026-05-02,"SPF",7.8,7.5,8.1,NA,NA,87.1,9.2,5.8,937.5,NA,1024.7,NA,1546.4,3.6,197,1.7,6.1,13,3.5,12.6,NA,NA,0,0,0,NA,NA,NA,NA,NA,0.001,NA,NA,NA
2026-05-02 01:00:00,"SPF",7.4,6.8,7.7,NA,NA,90.5,9.3,6,937.5,NA,1024.7,NA,1544.9,3.3,205,1.5,5.4,11.9,3.2,11.5,NA,NA,0,0,0,NA,NA,NA,NA,NA,-0.002,NA,NA,NA
2026-05-02 02:00:00,"SPF",7.2,6.8,7.7,NA,NA,93.8,9.5,6.3,937.5,NA,1024.7,NA,1543.9,3,207,1.9,6.8,10.8,3,10.8,NA,NA,0,0,0,NA,NA,NA,NA,NA,-0.002,NA,NA,NA
2026-05-02 03:00:00,"SPF",7.8,6.7,8.8,NA,NA,91.8,9.7,6.6,937.4,NA,1024.6,NA,1545,4.1,210,2.2,7.9,14.8,4.1,14.8,NA,NA,0,0,0,NA,NA,NA,NA,NA,0,NA,NA,NA
2026-05-02 04:00:00,"SPF",8,7.4,9.1,NA,NA,92.1,9.8,6.8,937.3,NA,1024.5,NA,1544.4,4.3,205,2.3,8.3,15.5,4.3,15.5,NA,NA,0,0,0,NA,NA,NA,NA,NA,0,NA,NA,NA
2026-05-02 05:00:00,"SPF",8.6,7.8,9.4,NA,NA,88.9,9.9,6.9,937.3,NA,1024.5,NA,1546.7,4.5,211,2.4,8.6,16.2,4.4,15.8,NA,NA,0,0,21,NA,NA,NA,NA,NA,0.012,NA,NA,NA
2026-05-02 06:00:00,"SPF",9.9,8.6,10.8,NA,NA,85,10.4,7.5,937.4,NA,1024.6,NA,1551.1,4.1,219,1.9,6.8,14.8,4.1,14.8,NA,NA,0,0,123,NA,NA,NA,NA,NA,0.057,NA,NA,NA
2026-05-02 07:00:00,"SPF",12.6,11.3,13.6,NA,NA,75,10.9,8.3,937.3,NA,1024.5,NA,1558.6,2.3,198,1.4,5,8.3,2.2,7.9,NA,NA,0,0,313,NA,NA,NA,NA,NA,0.156,NA,NA,NA
2026-05-02 08:00:00,"SPF",15.8,14.1,17.2,NA,NA,64.7,11.6,9.2,937.1,NA,1024.3,NA,1566.5,2.6,190,1.2,4.3,9.4,2.5,9,NA,NA,0,0,475,NA,NA,NA,NA,NA,0.268,NA,NA,NA
2026-05-02 09:00:00,"SPF",18.2,17.3,18.8,NA,NA,55.2,11.5,9,936.7,NA,1023.8,NA,1570.1,2.9,144,1.4,5,10.4,2.9,10.4,NA,NA,0,0,639,NA,NA,NA,NA,NA,0.388,NA,NA,NA
2026-05-02 10:00:00,"SPF",19.4,19,19.7,NA,NA,49.8,11.2,8.7,936.3,NA,1023.4,NA,1570.3,6.2,40,3.2,11.5,22.3,6.1,22,NA,NA,0,0,785,NA,NA,NA,NA,NA,0.499,NA,NA,NA
2026-05-02 11:00:00,"SPF",20.1,19.8,20.4,NA,NA,49.2,11.6,9.1,935.8,NA,1022.8,NA,1567.4,6,40,3.9,14,21.6,5.8,20.9,NA,NA,0,0,862,NA,NA,NA,NA,NA,0.557,NA,NA,NA
2026-05-02 12:00:00,"SPF",20.7,20.4,20.8,NA,NA,48.9,11.9,9.6,935.1,NA,1022.1,NA,1562.5,7.4,41,4,14.4,26.6,7,25.2,NA,NA,0,0,884,NA,NA,NA,NA,NA,0.578,NA,NA,NA
2026-05-02 13:00:00,"SPF",21.5,21,21.9,NA,NA,45.8,11.8,9.4,934.4,NA,1021.3,NA,1558.7,6.6,35,3.5,12.6,23.8,6.6,23.8,NA,NA,0,0,845,NA,NA,NA,NA,NA,0.569,NA,NA,NA
2026-05-02 14:00:00,"SPF",22,21.8,22.2,NA,NA,44,11.6,9.2,933.8,NA,1020.7,NA,1554.5,7.1,30,3.7,13.3,25.6,6.7,24.1,NA,NA,0,0,725,NA,NA,NA,NA,NA,0.51,NA,NA,NA
2026-05-02 15:00:00,"SPF",22.2,22.1,22.2,NA,NA,42.2,11.2,8.7,933,NA,1019.8,NA,1547.6,6,15,3.6,13,21.6,5.9,21.2,NA,NA,0,0,651,NA,NA,NA,NA,NA,0.462,NA,NA,NA
2026-05-02 16:00:00,"SPF",21.9,21.5,22.3,NA,NA,41.7,10.9,8.3,932.4,NA,1019.2,NA,1542.3,6.3,14,3.5,12.6,22.7,6.2,22.3,NA,NA,0,0,386,NA,NA,NA,NA,NA,0.315,NA,NA,NA
2026-05-02 17:00:00,"SPF",21,20.6,21.3,NA,NA,44.1,10.9,8.3,932,NA,1018.8,NA,1535.8,4.8,10,2.5,9,17.3,4.7,16.9,NA,NA,0,0,94,NA,NA,NA,NA,NA,0.143,NA,NA,NA
2026-05-02 18:00:00,"SPF",17,14.8,19.5,NA,NA,73.4,14,11.9,932.1,NA,1018.9,NA,1525.1,6.5,211,2.7,9.7,23.4,6.4,23,NA,NA,0.5,0,15,NA,NA,NA,NA,NA,0.059,NA,NA,NA
2026-05-02 19:00:00,"SPF",14.2,13.5,14.5,NA,NA,94.4,15.2,13.3,932.5,NA,1019.3,NA,1520.2,5.1,207,2.5,9,18.4,5,18,NA,NA,0,0,6,NA,NA,NA,NA,NA,0,NA,NA,NA
2026-05-02 20:00:00,"SPF",13.2,12.7,13.6,NA,NA,98.4,15,13,932.5,NA,1019.3,NA,1518.2,3.7,199,1.9,6.8,13.3,3.6,13,NA,NA,0,0,0,NA,NA,NA,NA,NA,-0.005,NA,NA,NA
2026-05-02 21:00:00,"SPF",12.4,12.2,12.7,NA,NA,99.2,14.3,12.3,932.6,NA,1019.4,NA,1516.8,3.1,205,1.5,5.4,11.2,3,10.8,NA,NA,0,0,0,NA,NA,NA,NA,NA,-0.006,NA,NA,NA
2026-05-02 22:00:00,"SPF",11.7,11.4,12.2,NA,NA,99.3,13.7,11.6,932.6,NA,1019.4,NA,1514.5,3.7,198,1.7,6.1,13.3,3.6,13,NA,NA,0,0,0,NA,NA,NA,NA,NA,-0.006,NA,NA,NA
2026-05-02 23:00:00,"SPF",11.2,10.8,11.6,NA,NA,99.3,13.2,11.1,932.7,NA,1019.5,NA,1513.9,2.8,208,1.5,5.4,10.1,2.8,10.1,NA,NA,0,0,0,NA,NA,NA,NA,NA,-0.006,NA,NA,NA
2026-05-03,"SPF",10.1,10,10.2,NA,NA,99.3,12.3,10,932.5,NA,1019.3,NA,1509.4,2.3,203,1.5,5.4,8.3,2.3,8.3,NA,NA,0,0,0,NA,NA,NA,NA,NA,-0.006,NA,NA,NA
2026-05-03 01:00:00,"SPF",9.2,8.8,9.6,NA,NA,99.3,11.6,9.1,932.2,NA,1019,NA,1504.3,2.8,208,1.6,5.8,10.1,2.7,9.7,NA,NA,0,0,0,NA,NA,NA,NA,NA,-0.006,NA,NA,NA
2026-05-03 02:00:00,"SPF",8.7,8.4,9.1,NA,NA,99.3,11.1,8.6,931.8,NA,1018.6,NA,1499.2,3.8,209,1.9,6.8,13.7,3.7,13.3,NA,NA,0,0,0,NA,NA,NA,NA,NA,-0.005,NA,NA,NA
2026-05-03 03:00:00,"SPF",7.9,7.2,8.7,NA,NA,99.3,10.6,7.8,931.5,NA,1018.2,NA,1493.9,2.3,212,1.3,4.7,8.3,2.3,8.3,NA,NA,0,0,0,NA,NA,NA,NA,NA,-0.006,NA,NA,NA
2026-05-03 04:00:00,"SPF",7.4,6.9,7.9,NA,NA,99.3,10.3,7.3,931.1,NA,1017.8,NA,1489.4,2.9,207,1.4,5,10.4,2.9,10.4,NA,NA,0,0,0,NA,NA,NA,NA,NA,-0.006,NA,NA,NA
2026-05-03 05:00:00,"SPF",7.8,7.1,8.6,NA,NA,99.3,10.5,7.7,931.1,NA,1017.8,NA,1490.5,3.3,214,1.5,5.4,11.9,3.2,11.5,NA,NA,0,0,20,NA,NA,NA,NA,NA,0.005,NA,NA,NA
2026-05-03 06:00:00,"SPF",9.6,8.8,10.6,NA,NA,91.7,10.9,8.3,931.4,NA,1018.1,NA,1497.7,3.2,207,1.4,5,11.5,3.1,11.2,NA,NA,0,0,69,NA,NA,NA,NA,NA,0.039,NA,NA,NA
2026-05-03 07:00:00,"SPF",11.8,11,12.9,NA,NA,76.7,10.6,7.8,931.5,NA,1018.2,NA,1505,3.1,198,1.7,6.1,11.2,3,10.8,NA,NA,0,0,195,NA,NA,NA,NA,NA,0.109,NA,NA,NA
2026-05-03 08:00:00,"SPF",14.8,13.5,16.3,NA,NA,66.4,11.1,8.6,931.4,NA,1018.1,NA,1512.2,2.4,193,1.4,5,8.6,2.3,8.3,NA,NA,0,0,436,NA,NA,NA,NA,NA,0.244,NA,NA,NA
2026-05-03 09:00:00,"SPF",17.8,16.9,18.4,NA,NA,47.2,9.6,6.3,930.9,NA,1017.6,NA,1516.6,3.9,197,1.4,5,14,3.8,13.7,NA,NA,0,0,578,NA,NA,NA,NA,NA,0.358,NA,NA,NA
2026-05-03 10:00:00,"SPF",18.3,18,18.7,NA,NA,43.9,9.3,5.8,930.3,NA,1017,NA,1513,7.7,47,2.2,7.9,27.7,7.5,27,NA,NA,0,0,362,NA,NA,NA,NA,NA,0.276,NA,NA,NA
2026-05-03 11:00:00,"SPF",18.9,18.2,19.6,NA,NA,51.5,11.2,8.6,929.8,NA,1016.4,NA,1509.2,7.4,27,4.5,16.2,26.6,7.3,26.3,NA,NA,0,0,719,NA,NA,NA,NA,NA,0.47,NA,NA,NA
2026-05-03 12:00:00,"SPF",19.9,19.6,20.1,NA,NA,44.3,10.3,7.4,929.2,NA,1015.8,NA,1507,6.8,36,4.2,15.1,24.5,6.6,23.8,NA,NA,0,0,662,NA,NA,NA,NA,NA,0.469,NA,NA,NA
2026-05-03 13:00:00,"SPF",20.8,20.2,21.2,NA,NA,42.4,10.4,7.5,928.8,NA,1015.3,NA,1505.9,7,33,3.7,13.3,25.2,6.7,24.1,NA,NA,0,0,727,NA,NA,NA,NA,NA,0.507,NA,NA,NA
2026-05-03 14:00:00,"SPF",19.8,18.9,20.4,NA,NA,43.2,10,6.9,928.8,NA,1015.3,NA,1503.3,6.9,10,3.7,13.3,24.8,6.8,24.5,NA,NA,0,0,232,NA,NA,NA,NA,NA,0.25,NA,NA,NA
2026-05-03 15:00:00,"SPF",14.5,12.7,18.4,NA,NA,73.8,12,9.6,930.6,NA,1017.2,NA,1504.4,11.3,219,3.6,13,40.7,10.9,39.2,NA,NA,6.9,0,10,NA,NA,NA,NA,NA,0.065,NA,NA,NA
2026-05-03 16:00:00,"SPF",12.7,12.4,12.8,NA,NA,95.3,14,11.9,930.9,NA,1017.6,NA,1502.2,1.9,191,1.2,4.3,6.8,1.9,6.8,NA,NA,0.2,0,98,NA,NA,NA,NA,NA,0.064,NA,NA,NA
2026-05-03 17:00:00,"SPF",13,12.8,13.1,NA,NA,93.7,14,11.9,930.4,NA,1017,NA,1498.7,3.7,192,2,7.2,13.3,3.6,13,NA,NA,0,0,112,NA,NA,NA,NA,NA,0.064,NA,NA,NA
2026-05-03 18:00:00,"SPF",12.8,12.4,13.1,NA,NA,92.2,13.7,11.6,929.9,NA,1016.5,NA,1493.8,4,183,2.2,7.9,14.4,3.9,14,NA,NA,0,0,73,NA,NA,NA,NA,NA,0.038,NA,NA,NA
2026-05-03 19:00:00,"SPF",11.6,10.8,12.2,NA,NA,91,12.4,10.1,929.8,NA,1016.4,NA,1489.5,5.9,184,3.3,11.9,21.2,5.7,20.5,NA,NA,0,0,10,NA,NA,NA,NA,NA,-0.005,NA,NA,NA
2026-05-03 20:00:00,"SPF",10.3,9.8,10.9,NA,NA,94.2,11.8,9.4,930.3,NA,1016.9,NA,1490.3,4.9,197,2.2,7.9,17.6,4.8,17.3,NA,NA,0,0,0,NA,NA,NA,NA,NA,-0.002,NA,NA,NA
2026-05-03 21:00:00,"SPF",9.9,9.8,10,NA,NA,98.9,12.1,9.8,930.3,NA,1017,NA,1489.5,3.2,214,1,3.6,11.5,3.2,11.5,NA,NA,0,0,0,NA,NA,NA,NA,NA,-0.007,NA,NA,NA
2026-05-03 22:00:00,"SPF",9.8,9.4,10.3,NA,NA,98,11.8,9.5,930.2,NA,1016.8,NA,1488.4,2.8,191,0.9,3.2,10.1,2.7,9.7,NA,NA,0,0,0,NA,NA,NA,NA,NA,-0.007,NA,NA,NA
2026-05-03 23:00:00,"SPF",8.7,7.8,9.4,NA,NA,99.3,11.2,8.6,930.7,NA,1017.4,NA,1489.1,2.6,204,1.1,4,9.4,2.6,9.4,NA,NA,0,0,0,NA,NA,NA,NA,NA,-0.006,NA,NA,NA
2026-05-04,"SPF",8,7.6,8.2,NA,NA,99.3,10.6,7.9,930.7,NA,1017.4,NA,1487.2,2.4,204,1.2,4.3,8.6,2.4,8.6,NA,NA,0,0,0,NA,NA,NA,NA,NA,-0.006,NA,NA,NA
2026-05-04 01:00:00,"SPF",7,6.8,7.6,NA,NA,99.3,10,6.9,930.4,NA,1017,NA,1482.1,2.4,209,1.3,4.7,8.6,2.4,8.6,NA,NA,0,0,0,NA,NA,NA,NA,NA,-0.006,NA,NA,NA
2026-05-04 02:00:00,"SPF",7.2,7,7.3,NA,NA,99.3,10.1,7.1,930,NA,1016.6,NA,1479.3,2.6,200,1.3,4.7,9.4,2.6,9.4,NA,NA,0,0,0,NA,NA,NA,NA,NA,-0.006,NA,NA,NA
2026-05-04 03:00:00,"SPF",7.4,7,7.6,NA,NA,99.3,10.3,7.3,930,NA,1016.6,NA,1479.8,2.7,198,1,3.6,9.7,2.6,9.4,NA,NA,0,0,0,NA,NA,NA,NA,NA,-0.006,NA,NA,NA
2026-05-04 04:00:00,"SPF",7.5,7.3,7.7,NA,NA,99.3,10.3,7.4,929.8,NA,1016.4,NA,1478.5,2.2,214,0.9,3.2,7.9,2.2,7.9,NA,NA,0,0,0,NA,NA,NA,NA,NA,-0.007,NA,NA,NA
2026-05-04 05:00:00,"SPF",7.2,6.8,7.5,NA,NA,99.3,10.1,7.1,929.6,NA,1016.2,NA,1475.6,1.4,207,0.6,2.2,5,1.4,5,NA,NA,0,0,13,NA,NA,NA,NA,NA,0.01,NA,NA,NA
2026-05-04 06:00:00,"SPF",7.4,6.8,8.1,NA,NA,99.3,10.3,7.3,929.5,NA,1016.1,NA,1475.8,1.2,214,0.5,1.8,4.3,1.1,4,NA,NA,0,0,66,NA,NA,NA,NA,NA,0.033,NA,NA,NA
2026-05-04 07:00:00,"SPF",9,8.3,10.1,NA,NA,99,11.4,8.9,929.4,NA,1016,NA,1479,0.8,180,0.3,1.1,2.9,0.8,2.9,NA,NA,0,0,232,NA,NA,NA,NA,NA,0.108,NA,NA,NA
2026-05-04 08:00:00,"SPF",12,10.4,13.6,NA,NA,86,12,9.6,929.3,NA,1015.9,NA,1485.9,4.9,9,0.8,2.9,17.6,4.8,17.3,NA,NA,0,0,396,NA,NA,NA,NA,NA,0.203,NA,NA,NA
2026-05-04 09:00:00,"SPF",14.3,14.1,14.6,NA,NA,62.1,10.1,7.1,929,NA,1015.5,NA,1489.3,5.7,15,3.5,12.6,20.5,5.6,20.2,NA,NA,0,0,274,NA,NA,NA,NA,NA,0.196,NA,NA,NA
2026-05-04 10:00:00,"SPF",15.3,15,15.6,NA,NA,61.5,10.7,7.9,928.5,NA,1015,NA,1488.3,7.6,21,4.5,16.2,27.4,7.5,27,NA,NA,0,0,553,NA,NA,NA,NA,NA,0.332,NA,NA,NA
2026-05-04 11:00:00,"SPF",16.5,15.7,17.1,NA,NA,54.4,10.1,7.2,927.9,NA,1014.4,NA,1486.1,8.1,23,5.2,18.7,29.2,8,28.8,NA,NA,0,0,767,NA,NA,NA,NA,NA,0.455,NA,NA,NA
2026-05-04 12:00:00,"SPF",17.2,16.8,17.5,NA,NA,52,10.2,7.3,927.8,NA,1014.3,NA,1487.2,6.5,19,2.9,10.4,23.4,6.4,23,NA,NA,0,0,598,NA,NA,NA,NA,NA,0.387,NA,NA,NA
2026-05-04 13:00:00,"SPF",17.7,17.6,18.1,NA,NA,54.8,11.1,8.5,927.8,NA,1014.2,NA,1487.8,3.6,45,1.2,4.3,13,3.5,12.6,NA,NA,0,0,434,NA,NA,NA,NA,NA,0.288,NA,NA,NA
2026-05-04 14:00:00,"SPF",17.7,17.6,17.8,NA,NA,54.1,10.9,8.3,927.7,NA,1014.2,NA,1487.5,2.7,231,0.9,3.2,9.7,2.7,9.7,NA,NA,0,0,259,NA,NA,NA,NA,NA,0.187,NA,NA,NA
2026-05-04 15:00:00,"SPF",15,13.8,16.8,NA,NA,71.7,12.1,9.8,928.3,NA,1014.8,NA,1485,9.9,230,4.6,16.6,35.6,9.4,33.8,NA,NA,0,0,105,NA,NA,NA,NA,NA,0.118,NA,NA,NA
2026-05-04 16:00:00,"SPF",13.7,13.5,13.9,NA,NA,80,12.6,10.3,928.6,NA,1015.1,NA,1484.8,5.8,228,3,10.8,20.9,5.7,20.5,NA,NA,0,0,118,NA,NA,NA,NA,NA,0.093,NA,NA,NA
2026-05-04 17:00:00,"SPF",13,12.4,13.4,NA,NA,83.2,12.4,10.2,928.5,NA,1015,NA,1481.5,5.7,235,2.6,9.4,20.5,5.5,19.8,NA,NA,0,0,57,NA,NA,NA,NA,NA,0.057,NA,NA,NA
2026-05-04 18:00:00,"SPF",12.2,12.2,12.3,NA,NA,86.3,12.3,10,928.3,NA,1014.8,NA,1478.3,3.7,215,1.7,6.1,13.3,3.6,13,NA,NA,0,0,20,NA,NA,NA,NA,NA,0.032,NA,NA,NA
2026-05-04 19:00:00,"SPF",11.9,11.4,12.1,NA,NA,87.1,12.1,9.8,928.1,NA,1014.6,NA,1475.5,3.8,228,1.5,5.4,13.7,3.8,13.7,NA,NA,0,0,4,NA,NA,NA,NA,NA,-0.006,NA,NA,NA
2026-05-04 20:00:00,"SPF",10.7,10.2,11.1,NA,NA,92.7,11.9,9.6,928.1,NA,1014.6,NA,1472.5,1.8,202,0.6,2.2,6.5,1.8,6.5,NA,NA,0,0,0,NA,NA,NA,NA,NA,-0.006,NA,NA,NA
2026-05-04 21:00:00,"SPF",9.7,9.1,10.3,NA,NA,98.5,11.9,9.5,928.2,NA,1014.7,NA,1470.5,2.3,203,0.9,3.2,8.3,2.3,8.3,NA,NA,0,0,0,NA,NA,NA,NA,NA,-0.007,NA,NA,NA
2026-05-04 22:00:00,"SPF",7.8,7.4,8.5,NA,NA,99.3,10.5,7.7,927.7,NA,1014.2,NA,1461.2,1.5,194,0.8,2.9,5.4,1.5,5.4,NA,NA,0,0,0,NA,NA,NA,NA,NA,-0.007,NA,NA,NA
2026-05-04 23:00:00,"SPF",7,6.6,7.4,NA,NA,99.3,10,6.9,927.5,NA,1013.9,NA,1457.3,1.4,180,0.8,2.9,5,1.4,5,NA,NA,0,0,0,NA,NA,NA,NA,NA,-0.007,NA,NA,NA
2026-05-05,"SPF",8.1,7.4,8.6,NA,NA,99.3,10.7,8,927.3,NA,1013.7,NA,1458.4,1.9,214,0.8,2.9,6.8,1.8,6.5,NA,NA,0,0,0,NA,NA,NA,NA,NA,-0.007,NA,NA,NA
2026-05-05 01:00:00,"SPF",8.2,8,8.6,NA,NA,99.3,10.8,8.1,926.6,NA,1012.9,NA,1452.1,1.3,162,0.4,1.4,4.7,1.2,4.3,NA,NA,0,0,0,NA,NA,NA,NA,NA,-0.008,NA,NA,NA
2026-05-05 02:00:00,"SPF",7.4,6.9,7.9,NA,NA,99.3,10.2,7.3,925.9,NA,1012.2,NA,1443.8,1.3,225,0.5,1.8,4.7,1.3,4.7,NA,NA,0,0,0,NA,NA,NA,NA,NA,-0.007,NA,NA,NA
2026-05-05 03:00:00,"SPF",7.4,7.2,7.8,NA,NA,99.3,10.3,7.3,925.6,NA,1011.9,NA,1441.5,1.4,217,0.6,2.2,5,1.4,5,NA,NA,0,0,0,NA,NA,NA,NA,NA,-0.007,NA,NA,NA
2026-05-05 04:00:00,"SPF",7.1,6.5,7.7,NA,NA,99.3,10,7,925.3,NA,1011.6,NA,1437.8,1.6,225,0.8,2.9,5.8,1.6,5.8,NA,NA,0,0,0,NA,NA,NA,NA,NA,-0.007,NA,NA,NA
2026-05-05 05:00:00,"SPF",7.2,6.8,7.6,NA,NA,99.4,10.1,7.1,925.1,NA,1011.3,NA,1436,2,207,1.1,4,7.2,2,7.2,NA,NA,0,0,14,NA,NA,NA,NA,NA,0.01,NA,NA,NA
2026-05-05 06:00:00,"SPF",8.6,8,9,NA,NA,98.9,11,8.4,925.1,NA,1011.4,NA,1440.2,3.2,201,1.8,6.5,11.5,3.1,11.2,NA,NA,0,0,57,NA,NA,NA,NA,NA,0.03,NA,NA,NA
2026-05-05 07:00:00,"SPF",9.2,8.8,9.6,NA,NA,98.2,11.4,8.9,925,NA,1011.2,NA,1440.5,2.8,191,1.6,5.8,10.1,2.7,9.7,NA,NA,0,0,51,NA,NA,NA,NA,NA,0.035,NA,NA,NA
2026-05-05 08:00:00,"SPF",10.2,9.8,10.6,NA,NA,96.1,12,9.6,924.5,NA,1010.7,NA,1439.1,2.2,185,1.2,4.3,7.9,2.2,7.9,NA,NA,0,0,95,NA,NA,NA,NA,NA,0.059,NA,NA,NA
2026-05-05 09:00:00,"SPF",11,10.7,11.4,NA,NA,92.1,12,9.7,923.9,NA,1010.1,NA,1435.3,1.2,146,0.4,1.4,4.3,1.2,4.3,NA,NA,0,0,161,NA,NA,NA,NA,NA,0.097,NA,NA,NA
2026-05-05 10:00:00,"SPF",12.1,11.7,12.4,NA,NA,85.5,12,9.7,923.8,NA,1010,NA,1437.7,2.6,10,1.3,4.7,9.4,2.6,9.4,NA,NA,0,0,279,NA,NA,NA,NA,NA,0.16,NA,NA,NA
2026-05-05 11:00:00,"SPF",13.7,12.9,14.4,NA,NA,72.8,11.4,8.9,923.7,NA,1009.8,NA,1440.4,3.1,42,1.5,5.4,11.2,3,10.8,NA,NA,0,0,633,NA,NA,NA,NA,NA,0.351,NA,NA,NA
2026-05-05 12:00:00,"SPF",15.4,14.7,16,NA,NA,67,11.7,9.3,923.5,NA,1009.6,NA,1442.8,4.4,21,1.8,6.5,15.8,4.3,15.5,NA,NA,0,0,811,NA,NA,NA,NA,NA,0.46,NA,NA,NA
2026-05-05 13:00:00,"SPF",15.1,14.8,15.7,NA,NA,69.9,12,9.7,923.3,NA,1009.4,NA,1441.1,4.6,9,1.8,6.5,16.6,4.3,15.5,NA,NA,0,0,221,NA,NA,NA,NA,NA,0.158,NA,NA,NA
2026-05-05 14:00:00,"SPF",14,13.4,14.7,NA,NA,74.3,11.8,9.4,923.7,NA,1009.8,NA,1441.2,6.5,227,2.8,10.1,23.4,6.3,22.7,NA,NA,0.1,0,128,NA,NA,NA,NA,NA,0.11,NA,NA,NA
2026-05-05 15:00:00,"SPF",12.2,11.8,12.7,NA,NA,88.2,12.5,10.3,923.8,NA,1010,NA,1438.1,6.2,207,3.1,11.2,22.3,6,21.6,NA,NA,0.8,0,105,NA,NA,NA,NA,NA,0.075,NA,NA,NA
2026-05-05 16:00:00,"SPF",11.8,11.1,12.5,NA,NA,85.2,11.8,9.4,924.3,NA,1010.5,NA,1441.6,9.7,211,4,14.4,34.9,9.5,34.2,NA,NA,1.8,0,90,NA,NA,NA,NA,NA,0.072,NA,NA,NA
2026-05-05 17:00:00,"SPF",10.5,10,11,NA,NA,86,10.9,8.2,924.1,NA,1010.3,NA,1436.2,9.6,201,3.5,12.6,34.6,9.3,33.5,NA,NA,0.1,0,25,NA,NA,NA,NA,NA,0.043,NA,NA,NA
2026-05-05 18:00:00,"SPF",11,10.6,11.6,NA,NA,85.2,11.1,8.6,924.3,NA,1010.5,NA,1439,4.3,191,1.9,6.8,15.5,4.2,15.1,NA,NA,0,0,102,NA,NA,NA,NA,NA,0.047,NA,NA,NA
2026-05-05 19:00:00,"SPF",10.5,10.3,10.7,NA,NA,93.9,11.9,9.6,924.6,NA,1010.8,NA,1440.4,3.8,196,1.8,6.5,13.7,3.7,13.3,NA,NA,0,0,7,NA,NA,NA,NA,NA,-0.008,NA,NA,NA
2026-05-05 20:00:00,"SPF",10.3,10.1,10.5,NA,NA,98.4,12.3,10.1,924.7,NA,1010.9,NA,1441.3,4.6,202,2.5,9,16.6,4.5,16.2,NA,NA,0.4,0,0,NA,NA,NA,NA,NA,-0.004,NA,NA,NA
2026-05-05 21:00:00,"SPF",10.2,10,10.3,NA,NA,99.1,12.3,10.1,925.1,NA,1011.3,NA,1444,4.5,208,2,7.2,16.2,4.4,15.8,NA,NA,0.6,0,0,NA,NA,NA,NA,NA,-0.005,NA,NA,NA
2026-05-05 22:00:00,"SPF",9.9,9.6,10.2,NA,NA,99.3,12.1,9.8,925.1,NA,1011.3,NA,1443.1,3,214,1.6,5.8,10.8,2.9,10.4,NA,NA,0.4,0,0,NA,NA,NA,NA,NA,-0.006,NA,NA,NA
2026-05-05 23:00:00,"SPF",9.8,9.6,10,NA,NA,99.2,12,9.7,924.8,NA,1011,NA,1440.3,4.9,227,2.4,8.6,17.6,4.8,17.3,NA,NA,0,0,0,NA,NA,NA,NA,NA,-0.005,NA,NA,NA
2026-05-06,"SPF",9.5,9.3,9.7,NA,NA,97.3,11.5,9.1,924.6,NA,1010.8,NA,1437.9,5.9,208,3.1,11.2,21.2,5.8,20.9,NA,NA,0.1,0,0,NA,NA,NA,NA,NA,-0.003,NA,NA,NA
2026-05-06 01:00:00,"SPF",9.3,9,9.6,NA,NA,95.7,11.2,8.7,923.9,NA,1010.1,NA,1431.7,6.3,212,2.8,10.1,22.7,6.1,22,NA,NA,0.2,0,0,NA,NA,NA,NA,NA,-0.002,NA,NA,NA
2026-05-06 02:00:00,"SPF",8.7,8.4,9,NA,NA,98.4,11.1,8.5,923.2,NA,1009.3,NA,1423.9,4.5,228,2.5,9,16.2,4.4,15.8,NA,NA,0,0,0,NA,NA,NA,NA,NA,-0.004,NA,NA,NA
2026-05-06 03:00:00,"SPF",8.3,7.9,8.5,NA,NA,99.2,10.8,8.2,922.7,NA,1008.8,NA,1417.7,5,223,2.3,8.3,18,4.9,17.6,NA,NA,0,0,0,NA,NA,NA,NA,NA,-0.005,NA,NA,NA
2026-05-06 04:00:00,"SPF",7.3,6.7,7.9,NA,NA,99.3,10.2,7.2,922.2,NA,1008.2,NA,1411.2,1.1,180,0.6,2.2,4,1.1,4,NA,NA,0,0,0,NA,NA,NA,NA,NA,-0.007,NA,NA,NA
2026-05-06 05:00:00,"SPF",6.3,6,6.5,NA,NA,99.3,9.5,6.2,921.9,NA,1007.9,NA,1406,1.5,196,0.9,3.2,5.4,1.4,5,NA,NA,0,0,15,NA,NA,NA,NA,NA,0.01,NA,NA,NA
2026-05-06 06:00:00,"SPF",6.7,6.2,7.3,NA,NA,99.3,9.7,6.6,921.9,NA,1007.9,NA,1407.5,1.8,203,0.8,2.9,6.5,1.8,6.5,NA,NA,0,0,86,NA,NA,NA,NA,NA,0.037,NA,NA,NA
2026-05-06 07:00:00,"SPF",8.2,7.5,8.9,NA,NA,99.3,10.8,8.1,921.8,NA,1007.8,NA,1409.9,1.2,233,0.6,2.2,4.3,1.1,4,NA,NA,0,0,158,NA,NA,NA,NA,NA,0.076,NA,NA,NA
2026-05-06 08:00:00,"SPF",9.2,8.9,9.4,NA,NA,95.5,11.1,8.5,921.7,NA,1007.7,NA,1411.6,0.7,270,0.2,0.7,2.5,0.7,2.5,NA,NA,0,0,91,NA,NA,NA,NA,NA,0.059,NA,NA,NA
2026-05-06 09:00:00,"SPF",10.1,9.7,10.6,NA,NA,96.4,11.9,9.6,921.7,NA,1007.7,NA,1413.6,2,360,0.4,1.4,7.2,1.9,6.8,NA,NA,0.4,0,204,NA,NA,NA,NA,NA,0.115,NA,NA,NA
2026-05-06 10:00:00,"SPF",11,10.7,11.1,NA,NA,87.8,11.5,9,921.8,NA,1007.8,NA,1416.8,3.4,10,1.8,6.5,12.2,3.3,11.9,NA,NA,0,0,154,NA,NA,NA,NA,NA,0.096,NA,NA,NA
2026-05-06 11:00:00,"SPF",10.6,10.1,10.9,NA,NA,93.1,11.9,9.6,922.2,NA,1008.3,NA,1420,8.8,257,1.8,6.5,31.7,8.5,30.6,NA,NA,2.4,0,107,NA,NA,NA,NA,NA,0.07,NA,NA,NA
2026-05-06 12:00:00,"SPF",9.1,8.9,9.4,NA,NA,95.6,11,8.4,923.2,NA,1009.3,NA,1424.2,7.5,212,3.1,11.2,27,7.3,26.3,NA,NA,3,0,81,NA,NA,NA,NA,NA,0.052,NA,NA,NA
2026-05-06 13:00:00,"SPF",9,8.9,9.1,NA,NA,92.2,10.6,7.8,923.6,NA,1009.8,NA,1428.2,8.1,198,4.2,15.1,29.2,7.9,28.4,NA,NA,0.3,0,170,NA,NA,NA,NA,NA,0.088,NA,NA,NA
2026-05-06 14:00:00,"SPF",9.3,9,9.6,NA,NA,90.7,10.6,7.8,923.8,NA,1009.9,NA,1430.3,7.2,235,3.5,12.6,25.9,7,25.2,NA,NA,0.1,0,154,NA,NA,NA,NA,NA,0.085,NA,NA,NA
2026-05-06 15:00:00,"SPF",9,8.9,9.1,NA,NA,90.2,10.4,7.5,924.1,NA,1010.3,NA,1432.1,5.8,193,3.2,11.5,20.9,5.6,20.2,NA,NA,0,0,81,NA,NA,NA,NA,NA,0.057,NA,NA,NA
2026-05-06 16:00:00,"SPF",9.5,8.9,10.1,NA,NA,88.6,10.5,7.7,924.2,NA,1010.4,NA,1434.5,7.5,192,3.4,12.2,27,7,25.2,NA,NA,0,0,174,NA,NA,NA,NA,NA,0.09,NA,NA,NA
2026-05-06 17:00:00,"SPF",10.3,10.1,10.7,NA,NA,80.9,10.1,7.2,924,NA,1010.2,NA,1435,5.7,197,3,10.8,20.5,5.4,19.4,NA,NA,0,0,201,NA,NA,NA,NA,NA,0.102,NA,NA,NA
2026-05-06 18:00:00,"SPF",9.8,9.5,9.9,NA,NA,87.4,10.6,7.8,924.2,NA,1010.4,NA,1434.8,3.6,213,2.2,7.9,13,3.5,12.6,NA,NA,0,0,54,NA,NA,NA,NA,NA,0.037,NA,NA,NA
2026-05-06 19:00:00,"SPF",9.2,9.1,9.4,NA,NA,91.7,10.7,8,924.8,NA,1011,NA,1438.9,3.6,192,2,7.2,13,3.6,13,NA,NA,0.1,0,2,NA,NA,NA,NA,NA,0.014,NA,NA,NA
2026-05-06 20:00:00,"SPF",8.7,8.1,9.4,NA,NA,92.8,10.4,7.6,925.3,NA,1011.6,NA,1441.9,4.7,214,1.3,4.7,16.9,4.6,16.6,NA,NA,0,0,0,NA,NA,NA,NA,NA,-0.003,NA,NA,NA
2026-05-06 21:00:00,"SPF",7.2,6.6,7.8,NA,NA,99.3,10,7.1,925.8,NA,1012.1,NA,1442.9,1.9,210,0.9,3.2,6.8,1.9,6.8,NA,NA,0,0,0,NA,NA,NA,NA,NA,-0.007,NA,NA,NA
2026-05-06 22:00:00,"SPF",6.5,6.4,6.8,NA,NA,99.3,9.6,6.4,926.1,NA,1012.4,NA,1443.6,2.5,215,1.2,4.3,9,2.4,8.6,NA,NA,0,0,0,NA,NA,NA,NA,NA,-0.006,NA,NA,NA
2026-05-06 23:00:00,"SPF",6.3,6,6.8,NA,NA,99.3,9.5,6.2,926.3,NA,1012.6,NA,1444.3,4.6,198,1.6,5.8,16.6,4.5,16.2,NA,NA,0,0,0,NA,NA,NA,NA,NA,-0.005,NA,NA,NA
2026-05-07,"SPF",7,6.3,7.3,NA,NA,97.5,9.8,6.6,926.5,NA,1012.8,NA,1447.8,5.6,186,2.8,10.1,20.2,5.5,19.8,NA,NA,0,0,0,NA,NA,NA,NA,NA,-0.003,NA,NA,NA
2026-05-07 01:00:00,"SPF",7.3,6.9,7.9,NA,NA,95,9.7,6.5,926.4,NA,1012.8,NA,1448.5,7.9,192,2.9,10.4,28.4,7.5,27,NA,NA,0,0,0,NA,NA,NA,NA,NA,-0.001,NA,NA,NA
2026-05-07 02:00:00,"SPF",7.3,7.2,7.4,NA,NA,99,10.1,7.2,926.7,NA,1013.1,NA,1451.2,3.4,208,1.6,5.8,12.2,3.4,12.2,NA,NA,0.5,0,0,NA,NA,NA,NA,NA,-0.005,NA,NA,NA
2026-05-07 03:00:00,"SPF",6.9,6.6,7.2,NA,NA,99.3,9.9,6.8,926.8,NA,1013.2,NA,1450.4,2.5,189,1.3,4.7,9,2.4,8.6,NA,NA,0.1,0,0,NA,NA,NA,NA,NA,-0.006,NA,NA,NA
2026-05-07 04:00:00,"SPF",6.8,6.4,7,NA,NA,99.3,9.8,6.7,927,NA,1013.4,NA,1451.8,2.3,207,1.2,4.3,8.3,2.2,7.9,NA,NA,0,0,0,NA,NA,NA,NA,NA,-0.006,NA,NA,NA
2026-05-07 05:00:00,"SPF",7.1,6.9,7.2,NA,NA,99.3,10,7,927.2,NA,1013.6,NA,1454.8,1.7,225,0.6,2.2,6.1,1.7,6.1,NA,NA,0,0,3,NA,NA,NA,NA,NA,0.015,NA,NA,NA
2026-05-07 06:00:00,"SPF",7.5,7.2,7.7,NA,NA,99.3,10.3,7.4,927.7,NA,1014.2,NA,1460.1,0.9,225,0.4,1.4,3.2,0.9,3.2,NA,NA,0,0,33,NA,NA,NA,NA,NA,0.026,NA,NA,NA
2026-05-07 07:00:00,"SPF",8.1,7.8,8.5,NA,NA,98.9,10.7,8,928.2,NA,1014.7,NA,1465.7,1.3,225,0.6,2.2,4.7,1.3,4.7,NA,NA,0.1,0,104,NA,NA,NA,NA,NA,0.056,NA,NA,NA
2026-05-07 08:00:00,"SPF",9.6,8.8,10.4,NA,NA,88.3,10.6,7.7,928.4,NA,1014.9,NA,1471.7,1.6,146,0.6,2.2,5.8,1.6,5.8,NA,NA,0,0,289,NA,NA,NA,NA,NA,0.146,NA,NA,NA
2026-05-07 09:00:00,"SPF",10.8,10.6,11,NA,NA,75.9,9.9,6.7,928.5,NA,1015,NA,1476,4.2,235,1.8,6.5,15.1,4.2,15.1,NA,NA,0,0,382,NA,NA,NA,NA,NA,0.201,NA,NA,NA
2026-05-07 10:00:00,"SPF",11.7,11.1,12.2,NA,NA,70.9,9.7,6.6,928.7,NA,1015.2,NA,1479.8,5.5,196,2.6,9.4,19.8,5.4,19.4,NA,NA,0,0,530,NA,NA,NA,NA,NA,0.278,NA,NA,NA
2026-05-07 11:00:00,"SPF",13,12.5,13.7,NA,NA,62.8,9.4,6.1,928.5,NA,1015,NA,1481.6,5.4,215,2.1,7.6,19.4,5.3,19.1,NA,NA,0,0,745,NA,NA,NA,NA,NA,0.4,NA,NA,NA
2026-05-07 12:00:00,"SPF",13.4,13,13.8,NA,NA,58.6,9,5.5,928.2,NA,1014.7,NA,1480.6,4.3,209,1.9,6.8,15.5,4.2,15.1,NA,NA,0,0,422,NA,NA,NA,NA,NA,0.258,NA,NA,NA
2026-05-07 13:00:00,"SPF",14.2,13.6,14.9,NA,NA,58.2,9.4,6.1,928.2,NA,1014.7,NA,1482.6,6.2,17,2.2,7.9,22.3,6,21.6,NA,NA,0,0,553,NA,NA,NA,NA,NA,0.326,NA,NA,NA
2026-05-07 14:00:00,"SPF",14.1,13.6,14.9,NA,NA,60.2,9.7,6.5,928.2,NA,1014.7,NA,1481.8,6.1,41,3.3,11.9,22,6,21.6,NA,NA,0,0,539,NA,NA,NA,NA,NA,0.314,NA,NA,NA
2026-05-07 15:00:00,"SPF",14.3,13.6,14.8,NA,NA,59.6,9.7,6.6,927.9,NA,1014.4,NA,1480.1,7,13,3.8,13.7,25.2,6.8,24.5,NA,NA,0,0,357,NA,NA,NA,NA,NA,0.235,NA,NA,NA
2026-05-07 16:00:00,"SPF",13.2,12.9,13.6,NA,NA,68.7,10.4,7.6,928.1,NA,1014.6,NA,1479,7.1,14,4.3,15.5,25.6,6.9,24.8,NA,NA,0,0,259,NA,NA,NA,NA,NA,0.169,NA,NA,NA
2026-05-07 17:00:00,"SPF",13.1,12.9,13.4,NA,NA,70.4,10.6,7.9,928,NA,1014.5,NA,1477.9,7.1,10,4.1,14.8,25.6,7,25.2,NA,NA,0,0,217,NA,NA,NA,NA,NA,0.137,NA,NA,NA
2026-05-07 18:00:00,"SPF",12.7,12.4,13.2,NA,NA,71.5,10.5,7.7,928.2,NA,1014.7,NA,1478.1,5.8,11,3.2,11.5,20.9,5.7,20.5,NA,NA,0,0,75,NA,NA,NA,NA,NA,0.07,NA,NA,NA
2026-05-07 19:00:00,"SPF",11.9,11.5,12.2,NA,NA,76.4,10.7,7.9,928.5,NA,1015,NA,1479.1,3.8,18,2,7.2,13.7,3.7,13.3,NA,NA,0,0,7,NA,NA,NA,NA,NA,0.013,NA,NA,NA
2026-05-07 20:00:00,"SPF",11.5,11.1,11.6,NA,NA,78.2,10.6,7.8,928.9,NA,1015.4,NA,1480.8,3.9,18,2.2,7.9,14,3.9,14,NA,NA,0,0,0,NA,NA,NA,NA,NA,0.009,NA,NA,NA
2026-05-07 21:00:00,"SPF",9.5,8.5,10.7,NA,NA,86.7,10.3,7.4,929.3,NA,1015.9,NA,1479.3,2.4,59,0.9,3.2,8.6,2.3,8.3,NA,NA,0,0,0,NA,NA,NA,NA,NA,-0.003,NA,NA,NA
2026-05-07 22:00:00,"SPF",8.1,7.5,8.7,NA,NA,96.1,10.4,7.5,929.6,NA,1016.2,NA,1477.9,1.1,214,0.4,1.4,4,1.1,4,NA,NA,0,0,0,NA,NA,NA,NA,NA,-0.007,NA,NA,NA
2026-05-07 23:00:00,"SPF",6.7,6.3,7.4,NA,NA,99.3,9.7,6.6,929.5,NA,1016.1,NA,1473.1,0.9,207,0.2,0.7,3.2,0.9,3.2,NA,NA,0,0,0,NA,NA,NA,NA,NA,-0.008,NA,NA,NA
2026-05-08,"SPF",5.3,4.6,6.4,NA,NA,99.3,8.8,5.2,929.2,NA,1015.8,NA,1467.3,1.3,207,0.6,2.2,4.7,1.3,4.7,NA,NA,0,0,0,NA,NA,NA,NA,NA,-0.007,NA,NA,NA
2026-05-08 01:00:00,"SPF",4.4,4.2,4.8,NA,NA,99.3,8.3,4.3,929,NA,1015.6,NA,1463.4,1.9,204,1,3.6,6.8,1.8,6.5,NA,NA,0,0,0,NA,NA,NA,NA,NA,-0.006,NA,NA,NA
2026-05-08 02:00:00,"SPF",4.4,4.2,4.6,NA,NA,99.3,8.3,4.3,929,NA,1015.5,NA,1462.9,1.4,214,0.8,2.9,5,1.3,4.7,NA,NA,0,0,0,NA,NA,NA,NA,NA,-0.006,NA,NA,NA
2026-05-08 03:00:00,"SPF",4,3.4,4.5,NA,NA,99.3,8.1,3.9,929,NA,1015.6,NA,1462.4,2,196,0.8,2.9,7.2,2,7.2,NA,NA,0,0,0,NA,NA,NA,NA,NA,-0.006,NA,NA,NA
2026-05-08 04:00:00,"SPF",3.7,3.3,4,NA,NA,99.4,7.9,3.6,929,NA,1015.6,NA,1461.6,2,212,1,3.6,7.2,1.9,6.8,NA,NA,0,0,0,NA,NA,NA,NA,NA,-0.006,NA,NA,NA
2026-05-08 05:00:00,"SPF",4.5,4,4.9,NA,NA,99.4,8.3,4.4,929.3,NA,1015.9,NA,1465.6,1.9,207,1.1,4,6.8,1.9,6.8,NA,NA,0,0,18,NA,NA,NA,NA,NA,0.01,NA,NA,NA
2026-05-08 06:00:00,"SPF",5.8,4.6,7.2,NA,NA,99.3,9.2,5.7,929.4,NA,1016,NA,1470.6,1.8,187,0.9,3.2,6.5,1.7,6.1,NA,NA,0,0,170,NA,NA,NA,NA,NA,0.057,NA,NA,NA
2026-05-08 07:00:00,"SPF",9,7.7,10.4,NA,NA,92.5,10.6,7.8,929.4,NA,1016,NA,1479.3,1.4,180,0.5,1.8,5,1.4,5,NA,NA,0,0,360,NA,NA,NA,NA,NA,0.158,NA,NA,NA
2026-05-08 08:00:00,"SPF",11.5,10.6,12.6,NA,NA,75.4,10.2,7.3,929.6,NA,1016.2,NA,1487.4,2.3,13,1,3.6,8.3,2.2,7.9,NA,NA,0,0,431,NA,NA,NA,NA,NA,0.219,NA,NA,NA
2026-05-08 09:00:00,"SPF",13.9,13.2,14.3,NA,NA,65.7,10.4,7.6,929.5,NA,1016.1,NA,1493.3,5.7,24,3.5,12.6,20.5,5.4,19.4,NA,NA,0,0,734,NA,NA,NA,NA,NA,0.383,NA,NA,NA
2026-05-08 10:00:00,"SPF",15,14.5,15.6,NA,NA,65.1,11.1,8.5,929.6,NA,1016.2,NA,1497,6.2,36,4,14.4,22.3,6,21.6,NA,NA,0,0,729,NA,NA,NA,NA,NA,0.399,NA,NA,NA
2026-05-08 11:00:00,"SPF",15.5,15.1,16.6,NA,NA,64,11.3,8.8,929.4,NA,1016,NA,1496.7,5.3,38,3.5,12.6,19.1,5.2,18.7,NA,NA,0,0,622,NA,NA,NA,NA,NA,0.365,NA,NA,NA
2026-05-08 12:00:00,"SPF",16.6,16,17.4,NA,NA,59.4,11.2,8.6,929.1,NA,1015.6,NA,1496.5,7,34,3.9,14,25.2,6.8,24.5,NA,NA,0,0,612,NA,NA,NA,NA,NA,0.379,NA,NA,NA
2026-05-08 13:00:00,"SPF",16.7,16.1,17.5,NA,NA,58.8,11.2,8.6,928.9,NA,1015.4,NA,1495.8,7.5,29,3.7,13.3,27,7.1,25.6,NA,NA,0,0,477,NA,NA,NA,NA,NA,0.317,NA,NA,NA
2026-05-08 14:00:00,"SPF",18.1,17.4,18.6,NA,NA,52.3,10.8,8.2,928.4,NA,1014.9,NA,1494.6,8.6,11,4.8,17.3,31,8.4,30.2,NA,NA,0,0,833,NA,NA,NA,NA,NA,0.508,NA,NA,NA
2026-05-08 15:00:00,"SPF",17.9,17.3,18.6,NA,NA,49.6,10.2,7.2,928.1,NA,1014.6,NA,1491,8.4,20,3.6,13,30.2,8.1,29.2,NA,NA,0,0,348,NA,NA,NA,NA,NA,0.273,NA,NA,NA
2026-05-08 16:00:00,"SPF",14.9,13.7,17.1,NA,NA,71.8,12,9.6,928.2,NA,1014.7,NA,1484.6,4.7,55,2,7.2,16.9,4.6,16.6,NA,NA,0.5,0,47,NA,NA,NA,NA,NA,0.069,NA,NA,NA
2026-05-08 17:00:00,"SPF",14.6,13.8,15.1,NA,NA,75.4,12.5,10.3,928.4,NA,1014.9,NA,1484.9,5.9,23,2,7.2,21.2,5.7,20.5,NA,NA,0,0,255,NA,NA,NA,NA,NA,0.14,NA,NA,NA
2026-05-08 18:00:00,"SPF",14.3,13.6,14.8,NA,NA,77.6,12.6,10.3,928.6,NA,1015.1,NA,1486.3,2.8,11,1.3,4.7,10.1,2.8,10.1,NA,NA,0,0,67,NA,NA,NA,NA,NA,0.048,NA,NA,NA
2026-05-08 19:00:00,"SPF",13.1,12.7,13.5,NA,NA,89,13.4,11.3,929.4,NA,1016,NA,1490.1,1.5,90,0.6,2.2,5.4,1.5,5.4,NA,NA,0,0,2,NA,NA,NA,NA,NA,0.016,NA,NA,NA
2026-05-08 20:00:00,"SPF",12.5,12.3,12.8,NA,NA,94.7,13.7,11.7,930.5,NA,1017.1,NA,1498,3.4,149,1.2,4.3,12.2,3.4,12.2,NA,NA,0.1,0,0,NA,NA,NA,NA,NA,-0.005,NA,NA,NA
2026-05-08 21:00:00,"SPF",12.5,12.2,13.1,NA,NA,89.2,12.9,10.7,931.3,NA,1018,NA,1505,3.8,11,2,7.2,13.7,3.8,13.7,NA,NA,0,0,0,NA,NA,NA,NA,NA,0.001,NA,NA,NA
2026-05-08 22:00:00,"SPF",11.3,10.8,12.1,NA,NA,86,11.5,9,931.5,NA,1018.2,NA,1504.1,3.4,32,1.5,5.4,12.2,3.3,11.9,NA,NA,0,0,0,NA,NA,NA,NA,NA,0.001,NA,NA,NA
2026-05-08 23:00:00,"SPF",9.8,9.2,10.2,NA,NA,94.3,11.5,8.9,931.2,NA,1017.9,NA,1496.9,1.8,180,0.6,2.2,6.5,1.8,6.5,NA,NA,0,0,0,NA,NA,NA,NA,NA,-0.006,NA,NA,NA
2026-05-09,"SPF",9.6,9.3,9.7,NA,NA,98.3,11.7,9.3,931,NA,1017.7,NA,1494.4,2.2,190,1.2,4.3,7.9,2.2,7.9,NA,NA,0,0,0,NA,NA,NA,NA,NA,-0.006,NA,NA,NA
2026-05-09 01:00:00,"SPF",8.9,8.6,9.3,NA,NA,98.7,11.3,8.8,931,NA,1017.7,NA,1492.4,2.6,197,1.4,5,9.4,2.6,9.4,NA,NA,0,0,0,NA,NA,NA,NA,NA,-0.006,NA,NA,NA
2026-05-09 02:00:00,"SPF",8.7,8.4,8.9,NA,NA,98.9,11.1,8.5,931,NA,1017.7,NA,1492,2.8,201,1.5,5.4,10.1,2.7,9.7,NA,NA,0,0,0,NA,NA,NA,NA,NA,-0.006,NA,NA,NA
2026-05-09 03:00:00,"SPF",8.9,8.8,9.1,NA,NA,99.1,11.3,8.8,931.1,NA,1017.8,NA,1493.2,1.6,0,0.5,1.8,5.8,1.6,5.8,NA,NA,0,0,0,NA,NA,NA,NA,NA,-0.008,NA,NA,NA
2026-05-09 04:00:00,"SPF",7.8,7.5,8.4,NA,NA,99.3,10.5,7.7,930.9,NA,1017.6,NA,1489.2,1.6,207,0.7,2.5,5.8,1.6,5.8,NA,NA,0,0,0,NA,NA,NA,NA,NA,-0.007,NA,NA,NA
2026-05-09 05:00:00,"SPF",7.7,7.5,8.1,NA,NA,99.3,10.4,7.6,931,NA,1017.7,NA,1489.1,3.3,203,0.9,3.2,11.9,3.2,11.5,NA,NA,0,0,23,NA,NA,NA,NA,NA,0.01,NA,NA,NA
2026-05-09 06:00:00,"SPF",8.7,8,9.2,NA,NA,99.2,11.1,8.6,931.5,NA,1018.2,NA,1496.3,3.8,180,1.3,4.7,13.7,3.7,13.3,NA,NA,0,0,89,NA,NA,NA,NA,NA,0.04,NA,NA,NA
2026-05-09 07:00:00,"SPF",10.6,9.5,11.9,NA,NA,91.1,11.6,9.2,931.7,NA,1018.5,NA,1503.8,1.9,217,1,3.6,6.8,1.9,6.8,NA,NA,0,0,264,NA,NA,NA,NA,NA,0.125,NA,NA,NA
2026-05-09 08:00:00,"SPF",13.6,12.2,14.9,NA,NA,72,11.1,8.6,931.6,NA,1018.3,NA,1510.6,1.7,34,0.6,2.2,6.1,1.7,6.1,NA,NA,0,0,523,NA,NA,NA,NA,NA,0.277,NA,NA,NA
2026-05-09 09:00:00,"SPF",15.8,14.6,16.8,NA,NA,61.1,10.9,8.2,931.3,NA,1018,NA,1514.5,5.1,57,2,7.2,18.4,4.9,17.6,NA,NA,0,0,604,NA,NA,NA,NA,NA,0.35,NA,NA,NA
2026-05-09 10:00:00,"SPF",17.3,16.8,17.9,NA,NA,52,10.3,7.3,931,NA,1017.7,NA,1516.3,7.6,30,4.4,15.8,27.4,7.4,26.6,NA,NA,0,0,838,NA,NA,NA,NA,NA,0.501,NA,NA,NA
2026-05-09 11:00:00,"SPF",18.3,17.9,18.7,NA,NA,52.5,11,8.4,930.6,NA,1017.2,NA,1514.8,7.8,26,4.7,16.9,28.1,7.6,27.4,NA,NA,0,0,931,NA,NA,NA,NA,NA,0.564,NA,NA,NA
2026-05-09 12:00:00,"SPF",18.6,18.3,18.9,NA,NA,54.4,11.6,9.2,930,NA,1016.6,NA,1510.8,8.6,26,5.1,18.4,31,8.3,29.9,NA,NA,0,0,881,NA,NA,NA,NA,NA,0.538,NA,NA,NA
2026-05-09 13:00:00,"SPF",19.2,18.9,19.5,NA,NA,49,10.9,8.2,929.5,NA,1016.1,NA,1507.7,8.3,36,4.4,15.8,29.9,8.2,29.5,NA,NA,0,0,890,NA,NA,NA,NA,NA,0.562,NA,NA,NA
2026-05-09 14:00:00,"SPF",19.7,19.5,19.9,NA,NA,43.8,10.1,7.1,929,NA,1015.5,NA,1504.4,7.8,27,4.8,17.3,28.1,7.6,27.4,NA,NA,0,0,810,NA,NA,NA,NA,NA,0.537,NA,NA,NA
2026-05-09 15:00:00,"SPF",19.9,19.8,20,NA,NA,45.9,10.7,7.9,928,NA,1014.5,NA,1496.3,9.7,16,5.6,20.2,34.9,9.6,34.6,NA,NA,0,0,645,NA,NA,NA,NA,NA,0.453,NA,NA,NA
2026-05-09 16:00:00,"SPF",19.9,19.5,20.1,NA,NA,48.1,11.2,8.6,927.8,NA,1014.3,NA,1494.1,8.6,11,5.3,19.1,31,8.5,30.6,NA,NA,0,0,457,NA,NA,NA,NA,NA,0.348,NA,NA,NA
2026-05-09 17:00:00,"SPF",19.8,19.4,20.1,NA,NA,46.2,10.7,7.9,927.5,NA,1013.9,NA,1490.9,8.2,13,5.2,18.7,29.5,8,28.8,NA,NA,0,0,305,NA,NA,NA,NA,NA,0.269,NA,NA,NA
2026-05-09 18:00:00,"SPF",18.8,18.3,19.3,NA,NA,48.9,10.6,7.8,927.4,NA,1013.8,NA,1487.2,6.2,23,2.9,10.4,22.3,6,21.6,NA,NA,0,0,103,NA,NA,NA,NA,NA,0.121,NA,NA,NA
2026-05-09 19:00:00,"SPF",16.4,14.9,17.9,NA,NA,59,11,8.3,927.6,NA,1014,NA,1482.9,2.4,315,0.5,1.8,8.6,2.4,8.6,NA,NA,0,0,8,NA,NA,NA,NA,NA,0.01,NA,NA,NA
2026-05-09 20:00:00,"SPF",14,13.6,14.4,NA,NA,72.5,11.6,9.1,927.7,NA,1014.2,NA,1477.8,1.2,225,0.4,1.4,4.3,1.2,4.3,NA,NA,0,0,0,NA,NA,NA,NA,NA,-0.004,NA,NA,NA
2026-05-09 21:00:00,"SPF",12.6,12.3,12.8,NA,NA,79.9,11.6,9.2,927.8,NA,1014.3,NA,1474.4,3.1,196,0.8,2.9,11.2,3.1,11.2,NA,NA,0,0,0,NA,NA,NA,NA,NA,-0.001,NA,NA,NA
2026-05-09 22:00:00,"SPF",11.6,10.6,12.1,NA,NA,84.8,11.6,9.2,927.8,NA,1014.3,NA,1471.8,2.1,201,0.9,3.2,7.6,2.1,7.6,NA,NA,0,0,0,NA,NA,NA,NA,NA,-0.002,NA,NA,NA
2026-05-09 23:00:00,"SPF",10.5,9.8,11,NA,NA,92.8,11.7,9.4,927.4,NA,1013.8,NA,1465.5,2.3,212,1,3.6,8.3,2.2,7.9,NA,NA,0,0,0,NA,NA,NA,NA,NA,-0.004,NA,NA,NA
2026-05-10,"SPF",10.1,9.9,10.4,NA,NA,94.5,11.7,9.2,927.3,NA,1013.7,NA,1463.4,2.6,218,1.2,4.3,9.4,2.6,9.4,NA,NA,0,0,0,NA,NA,NA,NA,NA,-0.004,NA,NA,NA
2026-05-10 01:00:00,"SPF",9.5,8.9,9.8,NA,NA,98.1,11.6,9.2,926.8,NA,1013.2,NA,1457.6,1.6,220,0.8,2.9,5.8,1.5,5.4,NA,NA,0,0,0,NA,NA,NA,NA,NA,-0.007,NA,NA,NA
2026-05-10 02:00:00,"SPF",9.3,8.8,9.6,NA,NA,98.7,11.5,9.1,926.6,NA,1013,NA,1455.1,1.7,212,1,3.6,6.1,1.7,6.1,NA,NA,0,0,0,NA,NA,NA,NA,NA,-0.006,NA,NA,NA
2026-05-10 03:00:00,"SPF",9,8.3,9.4,NA,NA,98.2,11.2,8.7,926.4,NA,1012.7,NA,1452.3,1.9,207,1,3.6,6.8,1.8,6.5,NA,NA,0,0,0,NA,NA,NA,NA,NA,-0.006,NA,NA,NA
2026-05-10 04:00:00,"SPF",8.3,7.3,8.5,NA,NA,99.3,10.8,8.2,926,NA,1012.3,NA,1447.2,1.6,211,0.6,2.2,5.8,1.6,5.8,NA,NA,0,0,0,NA,NA,NA,NA,NA,-0.007,NA,NA,NA
2026-05-10 05:00:00,"SPF",7.5,7.3,7.7,NA,NA,99.2,10.3,7.4,925.7,NA,1012,NA,1442.4,2.1,215,1.3,4.7,7.6,2.1,7.6,NA,NA,0,0,27,NA,NA,NA,NA,NA,0.01,NA,NA,NA
2026-05-10 06:00:00,"SPF",9.2,7.7,10.4,NA,NA,86.8,10.1,7.1,925.6,NA,1011.9,NA,1445.8,2.9,195,1.5,5.4,10.4,2.9,10.4,NA,NA,0,0,149,NA,NA,NA,NA,NA,0.064,NA,NA,NA
2026-05-10 07:00:00,"SPF",12,10.9,13,NA,NA,74.2,10.3,7.5,925.3,NA,1011.6,NA,1450.9,2,216,1,3.6,7.2,1.9,6.8,NA,NA,0,0,242,NA,NA,NA,NA,NA,0.128,NA,NA,NA
2026-05-10 08:00:00,"SPF",14.3,13.1,15.8,NA,NA,65.1,10.6,7.8,925.4,NA,1011.7,NA,1457.4,2.9,180,1.1,4,10.4,2.8,10.1,NA,NA,0,0,253,NA,NA,NA,NA,NA,0.159,NA,NA,NA
2026-05-10 09:00:00,"SPF",17.1,16.5,17.3,NA,NA,57.6,11.2,8.6,925.3,NA,1011.6,NA,1464.1,6.2,222,2.9,10.4,22.3,6,21.6,NA,NA,0,0,453,NA,NA,NA,NA,NA,0.298,NA,NA,NA
2026-05-10 10:00:00,"SPF",17.4,17.1,17.7,NA,NA,52,10.3,7.5,925.1,NA,1011.3,NA,1462.7,5.6,218,2.9,10.4,20.2,5.4,19.4,NA,NA,0,0,457,NA,NA,NA,NA,NA,0.316,NA,NA,NA
2026-05-10 11:00:00,"SPF",18.1,17.5,18.7,NA,NA,51.3,10.6,7.8,924.6,NA,1010.8,NA,1460,4,189,2.1,7.6,14.4,4,14.4,NA,NA,0,0,550,NA,NA,NA,NA,NA,0.365,NA,NA,NA
2026-05-10 12:00:00,"SPF",18.4,18.2,18.6,NA,NA,54.3,11.5,9,924.1,NA,1010.3,NA,1456.3,5.9,39,3.1,11.2,21.2,5.7,20.5,NA,NA,0,0,484,NA,NA,NA,NA,NA,0.34,NA,NA,NA
2026-05-10 13:00:00,"SPF",17.7,17.6,18,NA,NA,59.8,12.1,9.8,923.9,NA,1010.1,NA,1452.9,5.9,37,3.3,11.9,21.2,5.6,20.2,NA,NA,0,0,300,NA,NA,NA,NA,NA,0.236,NA,NA,NA
2026-05-10 14:00:00,"SPF",16.4,14.9,17.4,NA,NA,68.5,12.7,10.5,924,NA,1010.2,NA,1450.3,4.5,3,2.2,7.9,16.2,4.4,15.8,NA,NA,0.3,0,88,NA,NA,NA,NA,NA,0.1,NA,NA,NA
2026-05-10 15:00:00,"SPF",14.2,13.9,14.5,NA,NA,88.1,14.2,12.2,924.5,NA,1010.7,NA,1449,4.7,177,1.9,6.8,16.9,4.7,16.9,NA,NA,1.4,0,104,NA,NA,NA,NA,NA,0.078,NA,NA,NA
2026-05-10 16:00:00,"SPF",13.5,13.2,13.8,NA,NA,91.5,14.1,12.1,924.6,NA,1010.8,NA,1448.1,4.8,193,2.9,10.4,17.3,4.7,16.9,NA,NA,0.2,0,44,NA,NA,NA,NA,NA,0.046,NA,NA,NA
2026-05-10 17:00:00,"SPF",13.7,13.2,13.9,NA,NA,83.4,13,10.9,924.4,NA,1010.6,NA,1446.7,4.7,196,2.2,7.9,16.9,4.6,16.6,NA,NA,0.1,0,182,NA,NA,NA,NA,NA,0.103,NA,NA,NA
2026-05-10 18:00:00,"SPF",13.4,13.2,13.7,NA,NA,88,13.5,11.5,924,NA,1010.2,NA,1443.1,3,215,1.6,5.8,10.8,2.9,10.4,NA,NA,0,0,71,NA,NA,NA,NA,NA,0.043,NA,NA,NA
2026-05-10 19:00:00,"SPF",13,12.8,13.1,NA,NA,87.7,13.2,11,924,NA,1010.2,NA,1441.8,8,187,2.6,9.4,28.8,7.9,28.4,NA,NA,0.3,0,11,NA,NA,NA,NA,NA,0.009,NA,NA,NA
2026-05-10 20:00:00,"SPF",11.9,11.4,12.6,NA,NA,92.9,13,10.8,923.9,NA,1010.1,NA,1438.2,4.5,204,2,7.2,16.2,4.4,15.8,NA,NA,0,0,0,NA,NA,NA,NA,NA,-0.001,NA,NA,NA
2026-05-10 21:00:00,"SPF",10.6,9.8,11.6,NA,NA,98,12.5,10.3,923.9,NA,1010.1,NA,1434.8,3.5,200,1.5,5.4,12.6,3.4,12.2,NA,NA,0,0,0,NA,NA,NA,NA,NA,-0.005,NA,NA,NA
2026-05-10 22:00:00,"SPF",9.4,9.1,9.7,NA,NA,99.3,11.7,9.3,923.9,NA,1010.1,NA,1431.7,3.3,202,2,7.2,11.9,3.2,11.5,NA,NA,0,0,0,NA,NA,NA,NA,NA,-0.005,NA,NA,NA
2026-05-10 23:00:00,"SPF",9.9,9.6,10.1,NA,NA,99.2,12.1,9.8,923.5,NA,1009.6,NA,1428.9,3.7,201,1.7,6.1,13.3,3.6,13,NA,NA,0,0,0,NA,NA,NA,NA,NA,-0.006,NA,NA,NA
2026-05-11,"SPF",9.9,9.6,10.1,NA,NA,99.1,12.1,9.8,922.8,NA,1008.9,NA,1423.1,4.4,200,1.8,6.5,15.8,4.3,15.5,NA,NA,0.1,0,0,NA,NA,NA,NA,NA,-0.005,NA,NA,NA
2026-05-11 01:00:00,"SPF",9.8,9.4,10.4,NA,NA,99.2,12.1,9.7,922.8,NA,1008.9,NA,1423,4,214,1.8,6.5,14.4,3.9,14,NA,NA,0.3,0,0,NA,NA,NA,NA,NA,-0.005,NA,NA,NA
2026-05-11 02:00:00,"SPF",10.7,10.5,11,NA,NA,91,11.7,9.3,922.6,NA,1008.7,NA,1423.2,8.2,215,3,10.8,29.5,7.7,27.7,NA,NA,2.4,0,0,NA,NA,NA,NA,NA,0.002,NA,NA,NA
2026-05-11 03:00:00,"SPF",10,9.8,10.2,NA,NA,96.5,11.8,9.4,922.2,NA,1008.2,NA,1418.3,5.5,198,2.1,7.6,19.8,5.4,19.4,NA,NA,0.9,0,0,NA,NA,NA,NA,NA,-0.003,NA,NA,NA
2026-05-11 04:00:00,"SPF",9.7,9.5,9.8,NA,NA,98.4,11.8,9.4,922.2,NA,1008.2,NA,1417.1,3.4,204,1.8,6.5,12.2,3.4,12.2,NA,NA,0.4,0,0,NA,NA,NA,NA,NA,-0.005,NA,NA,NA
2026-05-11 05:00:00,"SPF",9.6,9.6,9.7,NA,NA,99.2,11.9,9.5,921.6,NA,1007.6,NA,1412.2,3.7,211,1.8,6.5,13.3,3.6,13,NA,NA,0,0,9,NA,NA,NA,NA,NA,0.015,NA,NA,NA
2026-05-11 06:00:00,"SPF",10.1,9.7,10.5,NA,NA,98.9,12.2,9.9,921.6,NA,1007.6,NA,1413.1,3.8,215,1.6,5.8,13.7,3.7,13.3,NA,NA,0.1,0,63,NA,NA,NA,NA,NA,0.035,NA,NA,NA
2026-05-11 07:00:00,"SPF",10.5,10.4,10.6,NA,NA,97.2,12.3,10.1,921.8,NA,1007.8,NA,1415.9,3.4,197,1.8,6.5,12.2,3.3,11.9,NA,NA,0.6,0,67,NA,NA,NA,NA,NA,0.044,NA,NA,NA
2026-05-11 08:00:00,"SPF",10.7,10.5,10.8,NA,NA,90.1,11.6,9.2,921.8,NA,1007.8,NA,1416.5,4.7,207,2.3,8.3,16.9,4.4,15.8,NA,NA,0.6,0,123,NA,NA,NA,NA,NA,0.076,NA,NA,NA
2026-05-11 09:00:00,"SPF",10.9,10.7,11.2,NA,NA,93.4,12.2,9.9,921.7,NA,1007.7,NA,1415.8,4.2,215,2.2,7.9,15.1,4.1,14.8,NA,NA,0,0,153,NA,NA,NA,NA,NA,0.088,NA,NA,NA
2026-05-11 10:00:00,"SPF",11.5,11.1,11.9,NA,NA,85.5,11.6,9.1,921.9,NA,1007.9,NA,1419.4,12.3,225,4.1,14.8,44.3,12,43.2,NA,NA,0.2,0,210,NA,NA,NA,NA,NA,0.123,NA,NA,NA
2026-05-11 11:00:00,"SPF",11.1,10.6,11.4,NA,NA,81.4,10.7,8,922.2,NA,1008.2,NA,1420.8,13.1,209,5.7,20.5,47.2,12,43.2,NA,NA,0.5,0,257,NA,NA,NA,NA,NA,0.146,NA,NA,NA
2026-05-11 12:00:00,"SPF",10.5,10.1,10.8,NA,NA,81.9,10.4,7.5,922.4,NA,1008.5,NA,1421.4,11.2,215,5.6,20.2,40.3,10.7,38.5,NA,NA,0.3,0,380,NA,NA,NA,NA,NA,0.186,NA,NA,NA
2026-05-11 13:00:00,"SPF",12,11.4,12.8,NA,NA,73.3,10.3,7.4,921.9,NA,1007.9,NA,1420.4,10,201,4.5,16.2,36,9.9,35.6,NA,NA,0,0,604,NA,NA,NA,NA,NA,0.303,NA,NA,NA
2026-05-11 14:00:00,"SPF",12.5,11.3,13,NA,NA,69.8,10.1,7.1,921.6,NA,1007.6,NA,1418.5,13.7,221,5.5,19.8,49.3,13.3,47.9,NA,NA,0.9,0,388,NA,NA,NA,NA,NA,0.226,NA,NA,NA
2026-05-11 15:00:00,"SPF",10.8,10.2,11.3,NA,NA,80.4,10.4,7.5,921.7,NA,1007.7,NA,1415.7,9.8,224,4.2,15.1,35.3,9.4,33.8,NA,NA,1.2,0,250,NA,NA,NA,NA,NA,0.14,NA,NA,NA
2026-05-11 16:00:00,"SPF",12.3,11.8,12.6,NA,NA,68.5,9.8,6.7,921,NA,1007,NA,1413.3,8.9,205,4.5,16.2,32,8.6,31,NA,NA,0,0,286,NA,NA,NA,NA,NA,0.176,NA,NA,NA
2026-05-11 17:00:00,"SPF",12.8,12.6,12.9,NA,NA,60.7,9,5.4,920.7,NA,1006.6,NA,1411.4,8.1,218,4.2,15.1,29.2,7.9,28.4,NA,NA,0,0,204,NA,NA,NA,NA,NA,0.151,NA,NA,NA
2026-05-11 18:00:00,"SPF",9.8,9.1,12.4,NA,NA,80.3,9.7,6.5,921.6,NA,1007.6,NA,1412.6,12.5,213,5,18,45,11.9,42.8,NA,NA,1.7,0,7,NA,NA,NA,NA,NA,0.051,NA,NA,NA
2026-05-11 19:00:00,"SPF",8.6,8.4,8.8,NA,NA,88.7,9.9,6.9,921.9,NA,1007.9,NA,1411.8,8.5,204,4.3,15.5,30.6,8.1,29.2,NA,NA,3.3,0,1,NA,NA,NA,NA,NA,0.03,NA,NA,NA
2026-05-11 20:00:00,"SPF",8.4,8.1,8.6,NA,NA,90.3,9.9,6.9,922.2,NA,1008.2,NA,1413.9,10.5,213,3.8,13.7,37.8,10.2,36.7,NA,NA,3,0,0,NA,NA,NA,NA,NA,0.004,NA,NA,NA
2026-05-11 21:00:00,"SPF",7.9,7.6,8.2,NA,NA,90.3,9.6,6.4,923.6,NA,1009.7,NA,1425,8.7,241,3,10.8,31.3,8.5,30.6,NA,NA,4.1,0,0,NA,NA,NA,NA,NA,0.002,NA,NA,NA
2026-05-11 22:00:00,"SPF",6.7,6.3,7.3,NA,NA,89.6,8.8,5.2,924.6,NA,1010.8,NA,1431.3,6.1,202,2.5,9,22,6,21.6,NA,NA,2.3,0,0,NA,NA,NA,NA,NA,0.002,NA,NA,NA
2026-05-11 23:00:00,"SPF",5.3,4.4,6,NA,NA,92.4,8.2,4.1,925.7,NA,1012,NA,1436.5,6.1,217,2.3,8.3,22,6.1,22,NA,NA,2.5,0,0,NA,NA,NA,NA,NA,-0.001,NA,NA,NA
2026-05-12,"SPF",3.7,3.4,4.1,NA,NA,94.2,7.5,2.8,926,NA,1012.3,NA,1435,4.7,209,1.9,6.8,16.9,4.5,16.2,NA,NA,0.7,0,0,NA,NA,NA,NA,NA,-0.002,NA,NA,NA
2026-05-12 01:00:00,"SPF",3.5,3.4,3.8,NA,NA,93.8,7.4,2.6,925.9,NA,1012.2,NA,1434,5,216,2.7,9.7,18,4.9,17.6,NA,NA,0,0,0,NA,NA,NA,NA,NA,-0.001,NA,NA,NA
2026-05-12 02:00:00,"SPF",3.7,3.7,3.7,NA,NA,93.5,7.4,2.8,925.9,NA,1012.2,NA,1434.4,4.8,211,2.4,8.6,17.3,4.8,17.3,NA,NA,0,0,0,NA,NA,NA,NA,NA,-0.001,NA,NA,NA
2026-05-12 03:00:00,"SPF",3.9,3.8,4,NA,NA,93.9,7.6,3,926,NA,1012.3,NA,1435.7,3.6,210,2,7.2,13,3.5,12.6,NA,NA,0,0,0,NA,NA,NA,NA,NA,-0.002,NA,NA,NA
2026-05-12 04:00:00,"SPF",4.1,4,4.2,NA,NA,91.8,7.5,2.9,926.3,NA,1012.6,NA,1438.6,4.5,201,2.3,8.3,16.2,4.5,16.2,NA,NA,0,0,0,NA,NA,NA,NA,NA,0,NA,NA,NA
2026-05-12 05:00:00,"SPF",4.3,4.2,4.4,NA,NA,93.1,7.7,3.3,927,NA,1013.3,NA,1445.1,2.6,225,0.9,3.2,9.4,2.6,9.4,NA,NA,1,0,0,NA,NA,NA,NA,NA,0.018,NA,NA,NA
2026-05-12 06:00:00,"SPF",3.5,2.6,4,NA,NA,94.9,7.5,2.8,928,NA,1014.5,NA,1452.4,7.2,346,2.2,7.9,25.9,7.1,25.6,NA,NA,0.8,0,12,NA,NA,NA,NA,NA,0.02,NA,NA,NA
2026-05-12 07:00:00,"SPF",2.7,2.4,3,NA,NA,98.2,7.3,2.5,928.9,NA,1015.4,NA,1457.4,5.5,14,1.5,5.4,19.8,5.3,19.1,NA,NA,0.1,0,40,NA,NA,NA,NA,NA,0.026,NA,NA,NA
2026-05-12 08:00:00,"SPF",3.8,3.1,4.3,NA,NA,90.5,7.2,2.4,929.2,NA,1015.8,NA,1463.1,5.4,202,1.8,6.5,19.4,5.3,19.1,NA,NA,0.1,0,151,NA,NA,NA,NA,NA,0.069,NA,NA,NA
2026-05-12 09:00:00,"SPF",4.7,4.3,5.2,NA,NA,76.7,6.6,0.9,929.7,NA,1016.3,NA,1469.4,6.3,213,2.5,9,22.7,6.2,22.3,NA,NA,0,0,258,NA,NA,NA,NA,NA,0.121,NA,NA,NA
2026-05-12 10:00:00,"SPF",5.4,5.2,5.8,NA,NA,73.5,6.6,1.1,929.8,NA,1016.4,NA,1472.8,5,207,1.6,5.8,18,4.8,17.3,NA,NA,0,0,244,NA,NA,NA,NA,NA,0.123,NA,NA,NA
2026-05-12 11:00:00,"SPF",6.8,5.8,7.8,NA,NA,68.1,6.7,1.3,929.6,NA,1016.2,NA,1474.9,6.7,209,2.8,10.1,24.1,6.5,23.4,NA,NA,0.1,0,544,NA,NA,NA,NA,NA,0.246,NA,NA,NA
2026-05-12 12:00:00,"SPF",8.1,7.9,8.2,NA,NA,60.3,6.5,0.9,929.1,NA,1015.7,NA,1474.3,7,220,3.2,11.5,25.2,6.9,24.8,NA,NA,0,0,562,NA,NA,NA,NA,NA,0.272,NA,NA,NA
2026-05-12 13:00:00,"SPF",9.1,8.8,9.8,NA,NA,60.1,7,1.8,928.8,NA,1015.3,NA,1474.4,6.8,208,3,10.8,24.5,6.6,23.8,NA,NA,0,0,728,NA,NA,NA,NA,NA,0.345,NA,NA,NA
2026-05-12 14:00:00,"SPF",10,9.4,11.2,NA,NA,53.9,6.6,1.1,928.3,NA,1014.8,NA,1472.2,6.5,233,1.9,6.8,23.4,6.3,22.7,NA,NA,0,0,654,NA,NA,NA,NA,NA,0.33,NA,NA,NA
2026-05-12 15:00:00,"SPF",11.1,10.8,11.3,NA,NA,44.9,5.9,-0.5,927.8,NA,1014.3,NA,1470.6,7.4,247,3.4,12.2,26.6,7.3,26.3,NA,NA,0,0,733,NA,NA,NA,NA,NA,0.376,NA,NA,NA
2026-05-12 16:00:00,"SPF",11.3,11.1,11.5,NA,NA,43.6,5.8,-0.7,927.7,NA,1014.1,NA,1470,6.5,249,3.1,11.2,23.4,6.3,22.7,NA,NA,0,0,586,NA,NA,NA,NA,NA,0.307,NA,NA,NA
2026-05-12 17:00:00,"SPF",11.1,10.9,11.3,NA,NA,39.7,5.2,-2.2,927.5,NA,1013.9,NA,1468.1,6.6,246,2.7,9.7,23.8,6.3,22.7,NA,NA,0,0,391,NA,NA,NA,NA,NA,0.209,NA,NA,NA
2026-05-12 18:00:00,"SPF",10.7,10.2,11,NA,NA,39.8,5.1,-2.4,927.4,NA,1013.8,NA,1466,3.9,266,1.7,6.1,14,3.7,13.3,NA,NA,0,0,214,NA,NA,NA,NA,NA,0.1,NA,NA,NA
2026-05-12 19:00:00,"SPF",7.9,6.4,9.8,NA,NA,62.8,6.6,0.9,927.4,NA,1013.8,NA,1458,5.4,200,1.7,6.1,19.4,5.1,18.4,NA,NA,0,0,15,NA,NA,NA,NA,NA,0.017,NA,NA,NA
2026-05-12 20:00:00,"SPF",6,5.4,6.4,NA,NA,75,7,1.9,927.7,NA,1014.1,NA,1455.8,6,177,2,7.2,21.6,5.8,20.9,NA,NA,0,0,0,NA,NA,NA,NA,NA,0.008,NA,NA,NA
2026-05-12 21:00:00,"SPF",3.6,2.9,4.4,NA,NA,85.7,6.8,1.5,927.5,NA,1013.9,NA,1447.9,2.3,194,0.9,3.2,8.3,2.3,8.3,NA,NA,0,0,0,NA,NA,NA,NA,NA,-0.002,NA,NA,NA
2026-05-12 22:00:00,"SPF",2.6,1.6,3.2,NA,NA,91.6,6.7,1.4,926.7,NA,1013.1,NA,1438.8,2.2,225,0.7,2.5,7.9,2.1,7.6,NA,NA,0,0,0,NA,NA,NA,NA,NA,-0.005,NA,NA,NA
2026-05-12 23:00:00,"SPF",1.9,1.6,2.1,NA,NA,94.6,6.6,1.1,926.5,NA,1012.9,NA,1435.2,2.1,207,0.9,3.2,7.6,2,7.2,NA,NA,0,0,0,NA,NA,NA,NA,NA,-0.004,NA,NA,NA
2026-05-13,"SPF",2,1.8,2.2,NA,NA,97.6,6.9,1.7,926.1,NA,1012.4,NA,1431.8,1.7,210,0.9,3.2,6.1,1.7,6.1,NA,NA,0,0,0,NA,NA,NA,NA,NA,-0.005,NA,NA,NA
2026-05-13 01:00:00,"SPF",2.4,2.1,2.5,NA,NA,98,7.1,2.1,925.7,NA,1012,NA,1428.9,1.5,210,0.9,3.2,5.4,1.5,5.4,NA,NA,0,0,0,NA,NA,NA,NA,NA,-0.005,NA,NA,NA
2026-05-13 02:00:00,"SPF",1.6,1.2,1.8,NA,NA,99.2,6.8,1.5,925.5,NA,1011.8,NA,1425.4,1.9,209,1.1,4,6.8,1.9,6.8,NA,NA,0,0,0,NA,NA,NA,NA,NA,-0.005,NA,NA,NA
2026-05-13 03:00:00,"SPF",0.9,0.8,1.2,NA,NA,99.2,6.5,0.8,925.4,NA,1011.7,NA,1422.6,2.4,207,1.4,5,8.6,2.4,8.6,NA,NA,0,0,0,NA,NA,NA,NA,NA,-0.005,NA,NA,NA
2026-05-13 04:00:00,"SPF",0.7,0.5,0.8,NA,NA,99.1,6.4,0.6,925.2,NA,1011.5,NA,1420.4,2.5,200,1.6,5.8,9,2.5,9,NA,NA,0,0,0,NA,NA,NA,NA,NA,-0.004,NA,NA,NA
2026-05-13 05:00:00,"SPF",0.8,0.4,1.3,NA,NA,99.2,6.4,0.7,925,NA,1011.2,NA,1419.5,2.8,212,1.6,5.8,10.1,2.7,9.7,NA,NA,0,0,30,NA,NA,NA,NA,NA,0.009,NA,NA,NA
2026-05-13 06:00:00,"SPF",2.7,1.7,4.2,NA,NA,96,7.1,2.1,925.1,NA,1011.4,NA,1425.3,2.1,218,1.2,4.3,7.6,2.1,7.6,NA,NA,0,0,179,NA,NA,NA,NA,NA,0.055,NA,NA,NA
2026-05-13 07:00:00,"SPF",5.5,4.4,7.8,NA,NA,81.3,7.3,2.4,925.1,NA,1011.4,NA,1432.3,5,187,1.1,4,18,4.9,17.6,NA,NA,0,0,284,NA,NA,NA,NA,NA,0.117,NA,NA,NA
2026-05-13 08:00:00,"SPF",8.9,8.4,9.3,NA,NA,54.7,6.2,0.3,925,NA,1011.2,NA,1440.1,10.1,224,4,14.4,36.4,9.4,33.8,NA,NA,0,0,578,NA,NA,NA,NA,NA,0.272,NA,NA,NA
2026-05-13 09:00:00,"SPF",9.8,8.9,10.4,NA,NA,53.4,6.5,0.8,924.6,NA,1010.8,NA,1438.5,6.8,218,3.4,12.2,24.5,6.6,23.8,NA,NA,0,0,694,NA,NA,NA,NA,NA,0.337,NA,NA,NA
2026-05-13 10:00:00,"SPF",10.4,10,11,NA,NA,52.9,6.7,1.3,924.3,NA,1010.5,NA,1438.1,8.4,236,4.1,14.8,30.2,8.2,29.5,NA,NA,0,0,551,NA,NA,NA,NA,NA,0.298,NA,NA,NA
2026-05-13 11:00:00,"SPF",11.2,10.7,11.9,NA,NA,51.3,6.8,1.5,923.8,NA,1009.9,NA,1435.1,8.3,220,3.9,14,29.9,8,28.8,NA,NA,0,0,594,NA,NA,NA,NA,NA,0.327,NA,NA,NA
2026-05-13 12:00:00,"SPF",12.3,11.5,12.8,NA,NA,49.3,7.1,2,923.1,NA,1009.2,NA,1431.7,10.1,228,4.6,16.6,36.4,9.8,35.3,NA,NA,0,0,799,NA,NA,NA,NA,NA,0.425,NA,NA,NA
2026-05-13 13:00:00,"SPF",12.3,12.1,12.7,NA,NA,48.4,6.9,1.7,922.8,NA,1008.9,NA,1428.8,9.4,218,5,18,33.8,9.3,33.5,NA,NA,0,0,538,NA,NA,NA,NA,NA,0.325,NA,NA,NA
2026-05-13 14:00:00,"SPF",12,11.8,12.3,NA,NA,49.5,6.9,1.7,922.3,NA,1008.4,NA,1424.2,9.2,214,4.3,15.5,33.1,9,32.4,NA,NA,0,0,243,NA,NA,NA,NA,NA,0.2,NA,NA,NA
2026-05-13 15:00:00,"SPF",12.2,12,12.4,NA,NA,45.1,6.4,0.7,921.9,NA,1007.9,NA,1420.6,11.8,220,5.2,18.7,42.5,11.8,42.5,NA,NA,0,0,198,NA,NA,NA,NA,NA,0.201,NA,NA,NA
2026-05-13 16:00:00,"SPF",11.9,11.8,12.1,NA,NA,48.4,6.7,1.3,921.6,NA,1007.6,NA,1417.6,11.4,213,5.1,18.4,41,11.1,40,NA,NA,0,0,174,NA,NA,NA,NA,NA,0.178,NA,NA,NA
2026-05-13 17:00:00,"SPF",11.7,11.5,11.9,NA,NA,49.5,6.8,1.5,921.4,NA,1007.4,NA,1415.1,11.4,207,4.9,17.6,41,10.8,38.9,NA,NA,0,0,147,NA,NA,NA,NA,NA,0.156,NA,NA,NA
2026-05-13 18:00:00,"SPF",11.2,11,11.4,NA,NA,47.7,6.4,0.6,921.3,NA,1007.3,NA,1413,10.6,203,5.2,18.7,38.2,10.2,36.7,NA,NA,0,0,73,NA,NA,NA,NA,NA,0.131,NA,NA,NA
2026-05-13 19:00:00,"SPF",10.9,10.7,11,NA,NA,44.8,5.8,-0.7,921.3,NA,1007.3,NA,1412.1,9.9,200,5.1,18.4,35.6,9.5,34.2,NA,NA,0,0,10,NA,NA,NA,NA,NA,0.11,NA,NA,NA
2026-05-13 20:00:00,"SPF",10.7,10.4,11,NA,NA,44.6,5.7,-0.9,920.8,NA,1006.7,NA,1407.6,8.4,214,4.3,15.5,30.2,8.1,29.2,NA,NA,0,0,0,NA,NA,NA,NA,NA,0.049,NA,NA,NA
2026-05-13 21:00:00,"SPF",10.7,10.1,11.1,NA,NA,45,5.7,-0.8,920.8,NA,1006.7,NA,1407.1,19.1,232,5.3,19.1,68.8,18.3,65.9,NA,NA,0,0,0,NA,NA,NA,NA,NA,0.054,NA,NA,NA
2026-05-13 22:00:00,"SPF",8.2,7.6,8.8,NA,NA,67,7.3,2.4,921.6,NA,1007.6,NA,1407.9,16.9,225,6.6,23.8,60.8,16.7,60.1,NA,NA,0.2,0,0,NA,NA,NA,NA,NA,0.03,NA,NA,NA
2026-05-13 23:00:00,"SPF",6.6,6.4,7.1,NA,NA,82.7,8.1,3.9,921.3,NA,1007.3,NA,1402.1,11.3,202,6.2,22.3,40.7,11.1,40,NA,NA,1.2,0,0,NA,NA,NA,NA,NA,0.013,NA,NA,NA
2026-05-14,"SPF",6.2,5.8,6.6,NA,NA,88.6,8.4,4.4,921.2,NA,1007.1,NA,1399.6,9,208,4.2,15.1,32.4,8.5,30.6,NA,NA,2.9,0,0,NA,NA,NA,NA,NA,0.005,NA,NA,NA
2026-05-14 01:00:00,"SPF",5.4,5.1,5.7,NA,NA,84.9,7.6,3,920.8,NA,1006.7,NA,1394.2,12.2,208,6.2,22.3,43.9,12.1,43.6,NA,NA,2.6,0,0,NA,NA,NA,NA,NA,0.01,NA,NA,NA
2026-05-14 02:00:00,"SPF",5.5,5.3,5.6,NA,NA,92,8.3,4.3,920.1,NA,1006,NA,1388.3,6.7,220,4,14.4,24.1,6.5,23.4,NA,NA,1.5,0,0,NA,NA,NA,NA,NA,0.002,NA,NA,NA
2026-05-14 03:00:00,"SPF",5.4,5.2,5.6,NA,NA,94,8.5,4.6,919.4,NA,1005.2,NA,1381.9,6.9,221,4,14.4,24.8,6.8,24.5,NA,NA,0.3,0,0,NA,NA,NA,NA,NA,0.001,NA,NA,NA
2026-05-14 04:00:00,"SPF",5.8,5.3,6.4,NA,NA,89.3,8.2,4.1,918.8,NA,1004.6,NA,1377.8,12.6,215,5.3,19.1,45.4,12,43.2,NA,NA,0.1,0,0,NA,NA,NA,NA,NA,0.006,NA,NA,NA
2026-05-14 05:00:00,"SPF",6.1,5.6,6.6,NA,NA,80.2,7.6,3,918.6,NA,1004.4,NA,1376.8,10.6,210,4.9,17.6,38.2,10.4,37.4,NA,NA,0,0,23,NA,NA,NA,NA,NA,0.041,NA,NA,NA
2026-05-14 06:00:00,"SPF",6.5,6.1,7.1,NA,NA,83.5,8.1,3.9,918.4,NA,1004.2,NA,1376.2,8,220,3.6,13,28.8,7.6,27.4,NA,NA,0,0,127,NA,NA,NA,NA,NA,0.061,NA,NA,NA
2026-05-14 07:00:00,"SPF",7.1,6.8,7.4,NA,NA,72.6,7.3,2.5,918.2,NA,1003.9,NA,1375.7,11.3,203,5.6,20.2,40.7,10.7,38.5,NA,NA,0,0,175,NA,NA,NA,NA,NA,0.106,NA,NA,NA
2026-05-14 08:00:00,"SPF",8.4,8,8.7,NA,NA,69.1,7.6,3,917.7,NA,1003.4,NA,1373.8,6.1,216,3.2,11.5,22,6,21.6,NA,NA,0,0,382,NA,NA,NA,NA,NA,0.185,NA,NA,NA
2026-05-14 09:00:00,"SPF",9.3,8.6,9.8,NA,NA,65.3,7.6,3.1,916.9,NA,1002.5,NA,1369.4,8.9,214,3.7,13.3,32,8.5,30.6,NA,NA,0,0,422,NA,NA,NA,NA,NA,0.218,NA,NA,NA
2026-05-14 10:00:00,"SPF",7,6.5,7.3,NA,NA,83.3,8.3,4.3,917.4,NA,1003.1,NA,1367.9,7.1,243,3.6,13,25.6,7.1,25.6,NA,NA,0.5,0,254,NA,NA,NA,NA,NA,0.124,NA,NA,NA
2026-05-14 11:00:00,"SPF",6.6,6.4,6.7,NA,NA,83.2,8.1,4,917.2,NA,1002.8,NA,1365.3,8.5,234,3.9,14,30.6,8.4,30.2,NA,NA,0.1,0,332,NA,NA,NA,NA,NA,0.149,NA,NA,NA
2026-05-14 12:00:00,"SPF",5.3,4.6,5.8,NA,NA,86,7.6,3.1,917.3,NA,1003,NA,1363.4,7.7,218,3.9,14,27.7,7.6,27.4,NA,NA,0.5,0,205,NA,NA,NA,NA,NA,0.097,NA,NA,NA
2026-05-14 13:00:00,"SPF",6.4,5.2,7.1,NA,NA,80.2,7.7,3.2,916.5,NA,1002.1,NA,1359.3,7.7,219,3.8,13.7,27.7,7.5,27,NA,NA,0.1,0,527,NA,NA,NA,NA,NA,0.218,NA,NA,NA
2026-05-14 14:00:00,"SPF",7.4,7.1,7.6,NA,NA,76,7.8,3.4,915.9,NA,1001.5,NA,1356,6.5,225,3,10.8,23.4,6.4,23,NA,NA,0.2,0,311,NA,NA,NA,NA,NA,0.155,NA,NA,NA
2026-05-14 15:00:00,"SPF",7,6.3,7.5,NA,NA,81.1,8.1,4,915.6,NA,1001.2,NA,1352.8,8.6,218,3.7,13.3,31,8.4,30.2,NA,NA,0.4,0,235,NA,NA,NA,NA,NA,0.117,NA,NA,NA
2026-05-14 16:00:00,"SPF",6.8,6.5,7.4,NA,NA,79.5,7.9,3.5,915.5,NA,1001,NA,1351.2,8.2,199,4.4,15.8,29.5,7.9,28.4,NA,NA,0,0,336,NA,NA,NA,NA,NA,0.143,NA,NA,NA
2026-05-14 17:00:00,"SPF",7.6,7.4,7.7,NA,NA,70.7,7.3,2.6,915.2,NA,1000.7,NA,1350.3,9.8,200,4.6,16.6,35.3,9.3,33.5,NA,NA,0,0,171,NA,NA,NA,NA,NA,0.104,NA,NA,NA
2026-05-14 18:00:00,"SPF",7.3,7,7.5,NA,NA,67.7,6.9,1.7,915,NA,1000.5,NA,1347.5,8.6,200,3.9,14,31,8.1,29.2,NA,NA,0,0,119,NA,NA,NA,NA,NA,0.076,NA,NA,NA
2026-05-14 19:00:00,"SPF",6.9,6.6,7,NA,NA,71.8,7.1,2.1,915.2,NA,1000.7,NA,1348.9,6.1,210,1.7,6.1,22,6,21.6,NA,NA,0,0,26,NA,NA,NA,NA,NA,0.009,NA,NA,NA
2026-05-14 20:00:00,"SPF",5.2,4.3,6.2,NA,NA,87.4,7.7,3.3,915.4,NA,1000.9,NA,1346.3,3.4,188,1.6,5.8,12.2,3.4,12.2,NA,NA,0,0,0,NA,NA,NA,NA,NA,0,NA,NA,NA
2026-05-14 21:00:00,"SPF",3.9,3.5,4.2,NA,NA,93.9,7.6,3,915.5,NA,1001,NA,1344.3,3.2,192,1.6,5.8,11.5,3.2,11.5,NA,NA,0,0,0,NA,NA,NA,NA,NA,-0.003,NA,NA,NA
2026-05-14 22:00:00,"SPF",3.6,3.3,3.8,NA,NA,95,7.5,2.9,915.8,NA,1001.4,NA,1346.3,3,188,0.9,3.2,10.8,3,10.8,NA,NA,0,0,0,NA,NA,NA,NA,NA,-0.005,NA,NA,NA
2026-05-14 23:00:00,"SPF",3.9,3.6,4.2,NA,NA,96.6,7.8,3.5,915.8,NA,1001.4,NA,1347.3,2.4,198,1.1,4,8.6,2.4,8.6,NA,NA,0,0,0,NA,NA,NA,NA,NA,-0.005,NA,NA,NA
2026-05-15,"SPF",3.3,2.4,4.1,NA,NA,95.3,7.4,2.6,915.5,NA,1001,NA,1342.8,3.2,197,1.4,5,11.5,3.2,11.5,NA,NA,0,0,0,NA,NA,NA,NA,NA,-0.004,NA,NA,NA
2026-05-15 01:00:00,"SPF",2.7,2.4,3.1,NA,NA,99.2,7.4,2.6,915.2,NA,1000.7,NA,1339.3,2.9,198,1.6,5.8,10.4,2.9,10.4,NA,NA,0,0,0,NA,NA,NA,NA,NA,-0.005,NA,NA,NA
2026-05-15 02:00:00,"SPF",3.5,3.3,3.6,NA,NA,94.3,7.4,2.7,914.9,NA,1000.4,NA,1338.7,5.1,187,2.6,9.4,18.4,5,18,NA,NA,0,0,0,NA,NA,NA,NA,NA,-0.001,NA,NA,NA
2026-05-15 03:00:00,"SPF",3.2,2.8,3.4,NA,NA,93.9,7.2,2.3,914.5,NA,1000,NA,1334.5,3.4,196,1.9,6.8,12.2,3.3,11.9,NA,NA,0,0,0,NA,NA,NA,NA,NA,-0.002,NA,NA,NA
2026-05-15 04:00:00,"SPF",3.3,3,3.6,NA,NA,98.5,7.6,3.1,914.6,NA,1000.1,NA,1335.3,2.4,207,0.8,2.9,8.6,2.4,8.6,NA,NA,0,0,0,NA,NA,NA,NA,NA,-0.006,NA,NA,NA
2026-05-15 05:00:00,"SPF",3.6,3.5,3.8,NA,NA,99.2,7.9,3.5,914.9,NA,1000.4,NA,1338.8,1,270,0.3,1.1,3.6,1,3.6,NA,NA,0.2,0,7,NA,NA,NA,NA,NA,0.015,NA,NA,NA
2026-05-15 06:00:00,"SPF",4,3.8,4.3,NA,NA,98.6,8,3.9,915.2,NA,1000.7,NA,1342.6,1.3,236,0.5,1.8,4.7,1.3,4.7,NA,NA,0.4,0,49,NA,NA,NA,NA,NA,0.028,NA,NA,NA
2026-05-15 07:00:00,"SPF",4.6,4.3,4.9,NA,NA,95.9,8.1,4,915.4,NA,1000.9,NA,1345.5,1.3,14,0.4,1.4,4.7,1.3,4.7,NA,NA,0.2,0,115,NA,NA,NA,NA,NA,0.056,NA,NA,NA
2026-05-15 08:00:00,"SPF",5.4,5,5.8,NA,NA,89.9,8.1,3.9,915.6,NA,1001.1,NA,1348.8,3.1,14,1.8,6.5,11.2,3.1,11.2,NA,NA,0,0,273,NA,NA,NA,NA,NA,0.117,NA,NA,NA
2026-05-15 09:00:00,"SPF",6,5.6,6.6,NA,NA,88,8.3,4.2,915.7,NA,1001.3,NA,1351.3,6,35,3.4,12.2,21.6,5.9,21.2,NA,NA,0,0,395,NA,NA,NA,NA,NA,0.16,NA,NA,NA
2026-05-15 10:00:00,"SPF",5.2,3.9,5.8,NA,NA,90.3,8,3.7,916.2,NA,1001.8,NA,1353.4,5.8,28,2.5,9,20.9,5.6,20.2,NA,NA,0.6,0,153,NA,NA,NA,NA,NA,0.077,NA,NA,NA
2026-05-15 11:00:00,"SPF",4,3.8,4.4,NA,NA,94.2,7.6,3.1,916.9,NA,1002.5,NA,1356.9,5.5,225,2.2,7.9,19.8,5.4,19.4,NA,NA,1.7,0,187,NA,NA,NA,NA,NA,0.084,NA,NA,NA
2026-05-15 12:00:00,"SPF",4.9,4.6,5.1,NA,NA,90.3,7.8,3.4,917.2,NA,1002.9,NA,1362,1.9,315,0.7,2.5,6.8,1.9,6.8,NA,NA,0.7,0,292,NA,NA,NA,NA,NA,0.138,NA,NA,NA
2026-05-15 13:00:00,"SPF",5.6,5.1,6.5,NA,NA,89,8.1,3.9,917.4,NA,1003.1,NA,1364.8,3.5,232,1.3,4.7,12.6,3.3,11.9,NA,NA,0.4,0,400,NA,NA,NA,NA,NA,0.18,NA,NA,NA
2026-05-15 14:00:00,"SPF",5.7,4.3,6.3,NA,NA,88.3,8,3.9,917.7,NA,1003.4,NA,1368.2,6.2,287,2.2,7.9,22.3,6.1,22,NA,NA,1.7,0,129,NA,NA,NA,NA,NA,0.071,NA,NA,NA
2026-05-15 15:00:00,"SPF",4,3.7,4.3,NA,NA,95,7.7,3.2,918.6,NA,1004.4,NA,1371.8,3.3,169,1.8,6.5,11.9,3.3,11.9,NA,NA,2.7,0,108,NA,NA,NA,NA,NA,0.054,NA,NA,NA
2026-05-15 16:00:00,"SPF",4.9,4.6,5.1,NA,NA,90.1,7.8,3.4,918.8,NA,1004.6,NA,1375.8,4.4,189,1.9,6.8,15.8,4.3,15.5,NA,NA,0,0,181,NA,NA,NA,NA,NA,0.081,NA,NA,NA
2026-05-15 17:00:00,"SPF",4.9,4.2,5.3,NA,NA,91.3,7.9,3.6,919.3,NA,1005.1,NA,1380,5.1,201,1.7,6.1,18.4,4.9,17.6,NA,NA,2,0,26,NA,NA,NA,NA,NA,0.028,NA,NA,NA
2026-05-15 18:00:00,"SPF",3.9,3.8,4,NA,NA,92.9,7.5,2.8,919.8,NA,1005.7,NA,1382.2,6.7,173,3.5,12.6,24.1,6.6,23.8,NA,NA,1.8,0,26,NA,NA,NA,NA,NA,0.024,NA,NA,NA
2026-05-15 19:00:00,"SPF",3.6,3.2,4,NA,NA,94.5,7.5,2.8,920.3,NA,1006.2,NA,1385.4,4.8,210,2.3,8.3,17.3,4.7,16.9,NA,NA,0.1,0,18,NA,NA,NA,NA,NA,0.002,NA,NA,NA
2026-05-15 20:00:00,"SPF",3.5,3.4,3.6,NA,NA,95.7,7.5,2.9,920.8,NA,1006.7,NA,1389.5,4.1,199,2,7.2,14.8,4,14.4,NA,NA,0,0,0,NA,NA,NA,NA,NA,-0.003,NA,NA,NA
2026-05-15 21:00:00,"SPF",3.7,3.5,3.9,NA,NA,98.2,7.8,3.4,921.1,NA,1007.1,NA,1393,2.4,195,1.1,4,8.6,2.4,8.6,NA,NA,0.2,0,0,NA,NA,NA,NA,NA,-0.005,NA,NA,NA
2026-05-15 22:00:00,"SPF",3.7,3.6,3.8,NA,NA,99.2,7.9,3.6,921.2,NA,1007.2,NA,1393.9,2.7,184,1.4,5,9.7,2.7,9.7,NA,NA,0,0,0,NA,NA,NA,NA,NA,-0.005,NA,NA,NA
2026-05-15 23:00:00,"SPF",3.7,3.6,3.8,NA,NA,99.2,7.9,3.6,921.3,NA,1007.3,NA,1394.8,1.9,198,0.9,3.2,6.8,1.9,6.8,NA,NA,0,0,0,NA,NA,NA,NA,NA,-0.006,NA,NA,NA
2026-05-16,"SPF",3.9,3.8,4,NA,NA,99.2,8,3.8,921.5,NA,1007.5,NA,1397.1,1.3,214,0.5,1.8,4.7,1.3,4.7,NA,NA,0.1,0,0,NA,NA,NA,NA,NA,-0.007,NA,NA,NA
2026-05-16 01:00:00,"SPF",3.3,2.7,3.8,NA,NA,98.5,7.6,3.1,921.6,NA,1007.6,NA,1396.6,4.3,230,1.8,6.5,15.5,4.2,15.1,NA,NA,0.1,0,0,NA,NA,NA,NA,NA,-0.004,NA,NA,NA
2026-05-16 02:00:00,"SPF",2.6,2.5,2.7,NA,NA,98.9,7.3,2.4,921.7,NA,1007.7,NA,1395.2,3.8,207,2.1,7.6,13.7,3.7,13.3,NA,NA,0.1,0,0,NA,NA,NA,NA,NA,-0.004,NA,NA,NA
2026-05-16 03:00:00,"SPF",2.5,2.4,2.5,NA,NA,98.6,7.2,2.3,921.8,NA,1007.8,NA,1396,3.3,207,1.8,6.5,11.9,3.2,11.5,NA,NA,0,0,0,NA,NA,NA,NA,NA,-0.004,NA,NA,NA
2026-05-16 04:00:00,"SPF",2.6,2.4,2.6,NA,NA,99,7.3,2.4,921.9,NA,1007.9,NA,1397.3,3,205,1.9,6.8,10.8,2.9,10.4,NA,NA,0,0,0,NA,NA,NA,NA,NA,-0.004,NA,NA,NA
2026-05-16 05:00:00,"SPF",2.6,2.4,2.8,NA,NA,99.1,7.3,2.5,922.2,NA,1008.3,NA,1400.1,4,195,2.1,7.6,14.4,3.9,14,NA,NA,0,0,14,NA,NA,NA,NA,NA,0.012,NA,NA,NA
2026-05-16 06:00:00,"SPF",3.4,2.9,4,NA,NA,97.3,7.6,3,922.6,NA,1008.7,NA,1404.9,2.4,204,1.3,4.7,8.6,2.4,8.6,NA,NA,0,0,175,NA,NA,NA,NA,NA,0.056,NA,NA,NA
2026-05-16 07:00:00,"SPF",5.4,4.2,6.7,NA,NA,84.7,7.6,3,922.9,NA,1009,NA,1412.9,2.8,180,1.5,5.4,10.1,2.7,9.7,NA,NA,0,0,423,NA,NA,NA,NA,NA,0.16,NA,NA,NA
2026-05-16 08:00:00,"SPF",6.7,6.5,7.1,NA,NA,74.8,7.3,2.5,923.2,NA,1009.3,NA,1418.5,4.3,214,1.7,6.1,15.5,4.2,15.1,NA,NA,0,0,256,NA,NA,NA,NA,NA,0.126,NA,NA,NA
2026-05-16 09:00:00,"SPF",6.9,6.4,7.3,NA,NA,72.4,7.2,2.3,923.5,NA,1009.6,NA,1421.5,7,250,1.7,6.1,25.2,6.9,24.8,NA,NA,0,0,221,NA,NA,NA,NA,NA,0.12,NA,NA,NA
2026-05-16 10:00:00,"SPF",5.8,4.4,7.1,NA,NA,79.8,7.4,2.6,924.2,NA,1010.4,NA,1425.5,8.5,229,4.6,16.6,30.6,8,28.8,NA,NA,0,0,320,NA,NA,NA,NA,NA,0.142,NA,NA,NA
2026-05-16 11:00:00,"SPF",5.9,4.7,7.4,NA,NA,85.1,7.9,3.6,924.8,NA,1011,NA,1430.8,4.3,214,1.4,5,15.5,4.1,14.8,NA,NA,0.2,0,552,NA,NA,NA,NA,NA,0.242,NA,NA,NA
2026-05-16 12:00:00,"SPF",4.4,3.8,5.8,NA,NA,88.4,7.4,2.7,925.5,NA,1011.8,NA,1433.2,6.9,198,3,10.8,24.8,6.8,24.5,NA,NA,3.2,0,84,NA,NA,NA,NA,NA,0.053,NA,NA,NA
2026-05-16 13:00:00,"SPF",5.2,4.6,5.7,NA,NA,89.9,7.9,3.6,925.9,NA,1012.2,NA,1438.5,5,196,2.4,8.6,18,4.9,17.6,NA,NA,0.3,0,240,NA,NA,NA,NA,NA,0.108,NA,NA,NA
2026-05-16 14:00:00,"SPF",6.2,5,7.8,NA,NA,80.8,7.7,3.2,926.1,NA,1012.4,NA,1442.6,10.2,245,2.3,8.3,36.7,10,36,NA,NA,0.4,0,382,NA,NA,NA,NA,NA,0.171,NA,NA,NA
2026-05-16 15:00:00,"SPF",6.8,5.4,7.7,NA,NA,78.8,7.8,3.3,926.3,NA,1012.6,NA,1446.3,2.2,297,1,3.6,7.9,2.1,7.6,NA,NA,0,0,464,NA,NA,NA,NA,NA,0.21,NA,NA,NA
2026-05-16 16:00:00,"SPF",7.7,7.3,8,NA,NA,76.4,8.1,3.8,926.4,NA,1012.7,NA,1448.8,8.5,181,4.2,15.1,30.6,8.3,29.9,NA,NA,0,0,338,NA,NA,NA,NA,NA,0.154,NA,NA,NA
2026-05-16 17:00:00,"SPF",7.3,7.1,7.4,NA,NA,75.1,7.6,3.2,926.6,NA,1013,NA,1450.1,8.5,175,5.4,19.4,30.6,8.3,29.9,NA,NA,0,0,116,NA,NA,NA,NA,NA,0.085,NA,NA,NA
2026-05-16 18:00:00,"SPF",7.2,6.9,7.5,NA,NA,77.7,7.9,3.6,927.1,NA,1013.5,NA,1454.1,5.3,200,3,10.8,19.1,5.1,18.4,NA,NA,0,0,83,NA,NA,NA,NA,NA,0.054,NA,NA,NA
2026-05-16 19:00:00,"SPF",6.7,6.1,7.2,NA,NA,81.3,8,3.7,927.7,NA,1014.1,NA,1458.1,6.2,190,3,10.8,22.3,6.1,22,NA,NA,0,0,10,NA,NA,NA,NA,NA,0.027,NA,NA,NA
2026-05-16 20:00:00,"SPF",5.7,5.4,5.9,NA,NA,92.6,8.5,4.6,928.5,NA,1015,NA,1462.2,4.5,191,1.6,5.8,16.2,4.3,15.5,NA,NA,0,0,0,NA,NA,NA,NA,NA,-0.002,NA,NA,NA
2026-05-16 21:00:00,"SPF",5.3,4.8,5.7,NA,NA,92.5,8.3,4.2,929.3,NA,1015.9,NA,1468,4,193,1.9,6.8,14.4,4,14.4,NA,NA,0,0,0,NA,NA,NA,NA,NA,-0.001,NA,NA,NA
2026-05-16 22:00:00,"SPF",4.7,4.6,4.8,NA,NA,97.2,8.3,4.3,929.6,NA,1016.2,NA,1468.9,2.7,203,1.6,5.8,9.7,2.6,9.4,NA,NA,0,0,0,NA,NA,NA,NA,NA,-0.004,NA,NA,NA
2026-05-16 23:00:00,"SPF",4.5,4.4,4.6,NA,NA,96.9,8.2,4.1,929.4,NA,1016,NA,1467.2,2.2,209,1.1,4,7.9,2.2,7.9,NA,NA,0,0,0,NA,NA,NA,NA,NA,-0.005,NA,NA,NA
2026-05-17,"SPF",4.3,4.1,4.5,NA,NA,97.7,8.1,4,929.3,NA,1015.9,NA,1465.7,3.3,205,1.5,5.4,11.9,3.2,11.5,NA,NA,0,0,0,NA,NA,NA,NA,NA,-0.004,NA,NA,NA
2026-05-17 01:00:00,"SPF",3.6,2.6,4.3,NA,NA,98.6,7.8,3.4,929.1,NA,1015.7,NA,1461.9,3,203,1.4,5,10.8,3,10.8,NA,NA,0,0,0,NA,NA,NA,NA,NA,-0.005,NA,NA,NA
2026-05-17 02:00:00,"SPF",2,1.5,2.8,NA,NA,99.2,7,1.9,929.1,NA,1015.7,NA,1457.4,3.3,204,1.3,4.7,11.9,3.3,11.9,NA,NA,0,0,0,NA,NA,NA,NA,NA,-0.005,NA,NA,NA
2026-05-17 03:00:00,"SPF",1.5,1,1.8,NA,NA,99.2,6.8,1.4,929.2,NA,1015.8,NA,1457,2.4,190,1.2,4.3,8.6,2.3,8.3,NA,NA,0,0,0,NA,NA,NA,NA,NA,-0.005,NA,NA,NA
2026-05-17 04:00:00,"SPF",0.8,0.7,1.1,NA,NA,99.3,6.4,0.7,929.3,NA,1015.9,NA,1455.9,2.2,186,0.9,3.2,7.9,2.2,7.9,NA,NA,0,0,0,NA,NA,NA,NA,NA,-0.005,NA,NA,NA
2026-05-17 05:00:00,"SPF",0.6,0.3,0.9,NA,NA,99.3,6.3,0.5,929.6,NA,1016.2,NA,1458.3,2.5,198,1.3,4.7,9,2.4,8.6,NA,NA,0,0,39,NA,NA,NA,NA,NA,0.01,NA,NA,NA
2026-05-17 06:00:00,"SPF",2.4,1.2,3.4,NA,NA,96.1,7,1.8,929.7,NA,1016.3,NA,1463.7,2.1,193,1,3.6,7.6,2,7.2,NA,NA,0,0,225,NA,NA,NA,NA,NA,0.067,NA,NA,NA
2026-05-17 07:00:00,"SPF",5,3.8,6.3,NA,NA,82.6,7.2,2.3,929.8,NA,1016.4,NA,1471.5,1.9,180,1,3.6,6.8,1.8,6.5,NA,NA,0,0,412,NA,NA,NA,NA,NA,0.157,NA,NA,NA
2026-05-17 08:00:00,"SPF",8.3,6.9,9.9,NA,NA,66.8,7.3,2.5,929.8,NA,1016.4,NA,1480.6,3.2,117,0.7,2.5,11.5,3.1,11.2,NA,NA,0,0,605,NA,NA,NA,NA,NA,0.275,NA,NA,NA
2026-05-17 09:00:00,"SPF",10.4,9.6,10.9,NA,NA,55.3,7,1.8,929.7,NA,1016.3,NA,1485.5,3.7,48,1.4,5,13.3,3.6,13,NA,NA,0,0,732,NA,NA,NA,NA,NA,0.362,NA,NA,NA
2026-05-17 10:00:00,"SPF",11,10.2,11.4,NA,NA,56.1,7.4,2.6,929.6,NA,1016.2,NA,1486.6,4.6,63,2.4,8.6,16.6,4.5,16.2,NA,NA,0,0,644,NA,NA,NA,NA,NA,0.336,NA,NA,NA
2026-05-17 11:00:00,"SPF",11.7,11.2,12.1,NA,NA,55.4,7.6,3.1,929.4,NA,1016,NA,1486.7,6,41,3.3,11.9,21.6,5.8,20.9,NA,NA,0,0,743,NA,NA,NA,NA,NA,0.387,NA,NA,NA
2026-05-17 12:00:00,"SPF",12.8,12.3,13.2,NA,NA,50.4,7.4,2.7,929.3,NA,1015.9,NA,1487.9,4.7,21,2.2,7.9,16.9,4.6,16.6,NA,NA,0,0,835,NA,NA,NA,NA,NA,0.45,NA,NA,NA
2026-05-17 13:00:00,"SPF",13,12.7,13.4,NA,NA,51.3,7.7,3.2,929.2,NA,1015.8,NA,1487.9,5.8,15,2.3,8.3,20.9,5.8,20.9,NA,NA,0,0,669,NA,NA,NA,NA,NA,0.375,NA,NA,NA
2026-05-17 14:00:00,"SPF",13.6,13.4,13.9,NA,NA,50,7.8,3.3,929,NA,1015.5,NA,1487.5,5.4,17,3,10.8,19.4,5.2,18.7,NA,NA,0,0,690,NA,NA,NA,NA,NA,0.388,NA,NA,NA
2026-05-17 15:00:00,"SPF",13.7,13.5,14,NA,NA,49.6,7.8,3.4,928.7,NA,1015.2,NA,1485.4,5.9,19,2.4,8.6,21.2,5.8,20.9,NA,NA,0,0,569,NA,NA,NA,NA,NA,0.325,NA,NA,NA
2026-05-17 16:00:00,"SPF",13.7,13.5,13.7,NA,NA,50.2,7.8,3.5,928.4,NA,1014.9,NA,1482.8,6.1,13,2.9,10.4,22,5.8,20.9,NA,NA,0,0,433,NA,NA,NA,NA,NA,0.257,NA,NA,NA
2026-05-17 17:00:00,"SPF",13.3,13.1,13.5,NA,NA,50.4,7.7,3.2,928.3,NA,1014.8,NA,1480.9,4.8,6,2.8,10.1,17.3,4.8,17.3,NA,NA,0,0,284,NA,NA,NA,NA,NA,0.18,NA,NA,NA
2026-05-17 18:00:00,"SPF",12.6,12.4,12.8,NA,NA,53.3,7.8,3.3,928.4,NA,1014.9,NA,1479.7,3.5,6,2.1,7.6,12.6,3.4,12.2,NA,NA,0,0,129,NA,NA,NA,NA,NA,0.091,NA,NA,NA
2026-05-17 19:00:00,"SPF",10.1,8,11.8,NA,NA,67.9,8.3,4.3,928.6,NA,1015.1,NA,1475,2.4,259,1,3.6,8.6,2.3,8.3,NA,NA,0,0,22,NA,NA,NA,NA,NA,0.012,NA,NA,NA
2026-05-17 20:00:00,"SPF",7.2,6.3,8.1,NA,NA,85.9,8.7,5,929,NA,1015.6,NA,1470.7,2.6,210,1.5,5.4,9.4,2.5,9,NA,NA,0,0,0,NA,NA,NA,NA,NA,0,NA,NA,NA
2026-05-17 21:00:00,"SPF",6.1,5.2,6.9,NA,NA,88,8.3,4.3,929.6,NA,1016.2,NA,1472.5,3.3,212,1.4,5,11.9,3.2,11.5,NA,NA,0,0,0,NA,NA,NA,NA,NA,-0.001,NA,NA,NA
2026-05-17 22:00:00,"SPF",4.9,4.5,5.5,NA,NA,93.4,8.1,3.9,929.7,NA,1016.3,NA,1470.4,2.4,202,1.2,4.3,8.6,2.4,8.6,NA,NA,0,0,0,NA,NA,NA,NA,NA,-0.004,NA,NA,NA
2026-05-17 23:00:00,"SPF",4.7,4.4,4.9,NA,NA,95.2,8.1,4,929.6,NA,1016.2,NA,1469,2,186,0.9,3.2,7.2,2,7.2,NA,NA,0,0,0,NA,NA,NA,NA,NA,-0.005,NA,NA,NA
2026-05-18,"SPF",3.9,3.5,4.3,NA,NA,98.7,8,3.7,929.3,NA,1015.9,NA,1464.4,2.7,198,1,3.6,9.7,2.6,9.4,NA,NA,0,0,0,NA,NA,NA,NA,NA,-0.006,NA,NA,NA
2026-05-18 01:00:00,"SPF",4,3.3,4.5,NA,NA,98.1,8,3.7,929.3,NA,1015.9,NA,1464.1,2.9,207,1.6,5.8,10.4,2.8,10.1,NA,NA,0,0,0,NA,NA,NA,NA,NA,-0.004,NA,NA,NA
2026-05-18 02:00:00,"SPF",4,3.7,4.3,NA,NA,98.5,8,3.8,929,NA,1015.6,NA,1462.4,2.6,205,1.4,5,9.4,2.5,9,NA,NA,0,0,0,NA,NA,NA,NA,NA,-0.005,NA,NA,NA
2026-05-18 03:00:00,"SPF",3.9,3.7,4.4,NA,NA,98.8,8,3.8,928.7,NA,1015.2,NA,1459,2.8,196,1.5,5.4,10.1,2.7,9.7,NA,NA,0,0,0,NA,NA,NA,NA,NA,-0.005,NA,NA,NA
2026-05-18 04:00:00,"SPF",3.8,3.6,4.1,NA,NA,99.2,7.9,3.7,928.8,NA,1015.3,NA,1459.4,2.6,211,1.2,4.3,9.4,2.5,9,NA,NA,0,0,1,NA,NA,NA,NA,NA,-0.005,NA,NA,NA
2026-05-18 05:00:00,"SPF",4.8,4.1,5.5,NA,NA,98.8,8.5,4.7,929,NA,1015.5,NA,1463.8,2.4,219,1.3,4.7,8.6,2.4,8.6,NA,NA,0,0,33,NA,NA,NA,NA,NA,0.013,NA,NA,NA
2026-05-18 06:00:00,"SPF",6.7,5.9,7.7,NA,NA,94.1,9.2,5.8,929.2,NA,1015.8,NA,1471,1.9,214,1.2,4.3,6.8,1.8,6.5,NA,NA,0,0,75,NA,NA,NA,NA,NA,0.039,NA,NA,NA
2026-05-18 07:00:00,"SPF",8.9,7.9,10.2,NA,NA,82.5,9.4,6.1,929.5,NA,1016.1,NA,1479.7,2.9,203,1.3,4.7,10.4,2.9,10.4,NA,NA,0,0,213,NA,NA,NA,NA,NA,0.105,NA,NA,NA
2026-05-18 08:00:00,"SPF",10.7,10.6,11,NA,NA,72,9.3,5.9,929.7,NA,1016.3,NA,1486.4,4.2,255,1.4,5,15.1,4,14.4,NA,NA,0,0,223,NA,NA,NA,NA,NA,0.13,NA,NA,NA
2026-05-18 09:00:00,"SPF",10.5,10.3,11,NA,NA,72.6,9.2,5.8,930,NA,1016.6,NA,1488.3,4,15,2.2,7.9,14.4,3.9,14,NA,NA,0,0,170,NA,NA,NA,NA,NA,0.115,NA,NA,NA
2026-05-18 10:00:00,"SPF",10,9.4,10.5,NA,NA,77.1,9.5,6.2,930.4,NA,1017,NA,1490.3,5.2,297,1.9,6.8,18.7,5.1,18.4,NA,NA,0,0,70,NA,NA,NA,NA,NA,0.067,NA,NA,NA
2026-05-18 11:00:00,"SPF",9.3,8.9,9.5,NA,NA,79.8,9.3,5.9,930.8,NA,1017.5,NA,1491.8,6.2,212,2.6,9.4,22.3,6.1,22,NA,NA,0.1,0,84,NA,NA,NA,NA,NA,0.072,NA,NA,NA
2026-05-18 12:00:00,"SPF",8.4,7.8,8.9,NA,NA,85.6,9.4,6.1,931.2,NA,1017.9,NA,1492.8,7.1,206,3.3,11.9,25.6,6.8,24.5,NA,NA,2.5,0,157,NA,NA,NA,NA,NA,0.092,NA,NA,NA
2026-05-18 13:00:00,"SPF",9.3,8.5,9.8,NA,NA,82.7,9.7,6.5,930.9,NA,1017.6,NA,1492.5,3.6,229,1.9,6.8,13,3.5,12.6,NA,NA,0,0,395,NA,NA,NA,NA,NA,0.198,NA,NA,NA
2026-05-18 14:00:00,"SPF",10.5,9.9,11.1,NA,NA,74.3,9.4,6.1,930.7,NA,1017.4,NA,1494.1,3.2,202,1.8,6.5,11.5,3.1,11.2,NA,NA,0,0,452,NA,NA,NA,NA,NA,0.235,NA,NA,NA
2026-05-18 15:00:00,"SPF",11.2,10.8,11.4,NA,NA,70.3,9.4,6.1,930.4,NA,1017.1,NA,1494.2,4.1,225,1.8,6.5,14.8,4,14.4,NA,NA,0.1,0,269,NA,NA,NA,NA,NA,0.158,NA,NA,NA
2026-05-18 16:00:00,"SPF",11.3,10.5,11.9,NA,NA,73.8,9.9,6.8,930.3,NA,1016.9,NA,1493.3,3.4,246,1.2,4.3,12.2,3.3,11.9,NA,NA,0.1,0,461,NA,NA,NA,NA,NA,0.228,NA,NA,NA
2026-05-18 17:00:00,"SPF",11.9,11.7,12.1,NA,NA,67.7,9.4,6.1,930.4,NA,1017,NA,1495.8,2.1,166,1,3.6,7.6,2,7.2,NA,NA,0,0,218,NA,NA,NA,NA,NA,0.117,NA,NA,NA
2026-05-18 18:00:00,"SPF",11.4,10.7,12,NA,NA,73.4,9.8,6.8,930.7,NA,1017.4,NA,1496.7,6.6,215,1.5,5.4,23.8,6.3,22.7,NA,NA,0,0,67,NA,NA,NA,NA,NA,0.052,NA,NA,NA
2026-05-18 19:00:00,"SPF",8.3,7.4,9.3,NA,NA,86.8,9.5,6.2,931.6,NA,1018.4,NA,1496.5,8.7,297,1.5,5.4,31.3,8.4,30.2,NA,NA,1.1,0,4,NA,NA,NA,NA,NA,0.022,NA,NA,NA
2026-05-18 20:00:00,"SPF",7,6.8,7.3,NA,NA,98.5,9.8,6.7,932.2,NA,1019,NA,1497.8,2,188,0.9,3.2,7.2,2,7.2,NA,NA,0,0,0,NA,NA,NA,NA,NA,-0.006,NA,NA,NA
2026-05-18 21:00:00,"SPF",6.8,6.4,7.1,NA,NA,99.3,9.8,6.7,932.5,NA,1019.3,NA,1500.1,1.2,225,0.6,2.2,4.3,1.2,4.3,NA,NA,0,0,0,NA,NA,NA,NA,NA,-0.007,NA,NA,NA
2026-05-18 22:00:00,"SPF",6.4,6.2,6.6,NA,NA,99.3,9.5,6.3,932.9,NA,1019.7,NA,1501.9,3.1,186,1.2,4.3,11.2,3.1,11.2,NA,NA,0,0,0,NA,NA,NA,NA,NA,-0.006,NA,NA,NA
2026-05-18 23:00:00,"SPF",6.7,6.4,7.1,NA,NA,99.3,9.7,6.6,932.8,NA,1019.6,NA,1502.1,3.1,210,1,3.6,11.2,3.1,11.2,NA,NA,0,0,0,NA,NA,NA,NA,NA,-0.006,NA,NA,NA
2026-05-19,"SPF",6,5.6,6.6,NA,NA,99.3,9.3,5.9,932.8,NA,1019.6,NA,1499.9,2.5,198,0.7,2.5,9,2.4,8.6,NA,NA,0,0,0,NA,NA,NA,NA,NA,-0.007,NA,NA,NA
2026-05-19 01:00:00,"SPF",4.7,4,5.3,NA,NA,99.3,8.4,4.6,932.7,NA,1019.5,NA,1495.5,2.3,204,1.2,4.3,8.3,2.3,8.3,NA,NA,0,0,0,NA,NA,NA,NA,NA,-0.006,NA,NA,NA
2026-05-19 02:00:00,"SPF",3.8,3.6,4.1,NA,NA,99.3,7.9,3.7,932.8,NA,1019.6,NA,1493.6,2.9,200,1.5,5.4,10.4,2.8,10.1,NA,NA,0,0,0,NA,NA,NA,NA,NA,-0.005,NA,NA,NA
2026-05-19 03:00:00,"SPF",3.1,2.7,3.5,NA,NA,99.3,7.6,3,932.6,NA,1019.4,NA,1490.5,2.4,197,1.4,5,8.6,2.4,8.6,NA,NA,0,0,0,NA,NA,NA,NA,NA,-0.005,NA,NA,NA
2026-05-19 04:00:00,"SPF",2.2,1.8,2.9,NA,NA,99.3,7.2,2.1,932.6,NA,1019.4,NA,1488,2.2,200,1.2,4.3,7.9,2.2,7.9,NA,NA,0,0,1,NA,NA,NA,NA,NA,-0.005,NA,NA,NA
2026-05-19 05:00:00,"SPF",2.2,1.9,2.6,NA,NA,99.3,7.1,2.1,932.8,NA,1019.6,NA,1489.4,2,200,1.2,4.3,7.2,2,7.2,NA,NA,0,0,60,NA,NA,NA,NA,NA,0.011,NA,NA,NA
2026-05-19 06:00:00,"SPF",4.9,3.3,6.2,NA,NA,98.8,8.6,4.7,933,NA,1019.9,NA,1499.2,2,198,1,3.6,7.2,1.9,6.8,NA,NA,0,0,237,NA,NA,NA,NA,NA,0.076,NA,NA,NA
2026-05-19 07:00:00,"SPF",7.6,6.7,8.7,NA,NA,88.2,9.2,5.8,933.2,NA,1020.1,NA,1507.9,1.3,194,0.5,1.8,4.7,1.3,4.7,NA,NA,0,0,377,NA,NA,NA,NA,NA,0.161,NA,NA,NA
2026-05-19 08:00:00,"SPF",10.4,9,11.9,NA,NA,74.5,9.4,6,933.2,NA,1020.1,NA,1516.2,2.1,135,0.5,1.8,7.6,2,7.2,NA,NA,0,0,559,NA,NA,NA,NA,NA,0.273,NA,NA,NA
2026-05-19 09:00:00,"SPF",12.9,12.2,13.5,NA,NA,61.7,9.2,5.7,933.2,NA,1020.1,NA,1523.4,2.6,16,1,3.6,9.4,2.5,9,NA,NA,0,0,737,NA,NA,NA,NA,NA,0.39,NA,NA,NA
2026-05-19 10:00:00,"SPF",14.4,13.9,15,NA,NA,47.8,7.8,3.5,933.2,NA,1020.1,NA,1527.6,5.6,225,1.1,4,20.2,5.5,19.8,NA,NA,0,0,834,NA,NA,NA,NA,NA,0.465,NA,NA,NA
2026-05-19 11:00:00,"SPF",14.2,13.9,14.3,NA,NA,59.2,9.6,6.4,933.3,NA,1020.2,NA,1527.4,6.1,34,3.6,13,22,5.9,21.2,NA,NA,0,0,530,NA,NA,NA,NA,NA,0.319,NA,NA,NA
2026-05-19 12:00:00,"SPF",15.1,14.7,15.7,NA,NA,58.5,10,7,933.3,NA,1020.2,NA,1530,4.6,39,2.4,8.6,16.6,4.5,16.2,NA,NA,0,0,666,NA,NA,NA,NA,NA,0.39,NA,NA,NA
2026-05-19 13:00:00,"SPF",15,14.6,15.4,NA,NA,59.2,10.1,7.1,933.2,NA,1020.1,NA,1529.5,4.9,40,2.7,9.7,17.6,4.8,17.3,NA,NA,0,0,542,NA,NA,NA,NA,NA,0.329,NA,NA,NA
2026-05-19 14:00:00,"SPF",14.7,14.2,15.2,NA,NA,61.6,10.3,7.4,933.3,NA,1020.2,NA,1529,5.8,27,3.2,11.5,20.9,5.7,20.5,NA,NA,0,0,264,NA,NA,NA,NA,NA,0.196,NA,NA,NA
2026-05-19 15:00:00,"SPF",13.2,12.7,14.1,NA,NA,75,11.4,8.9,933.6,NA,1020.5,NA,1527.3,5.2,28,2.7,9.7,18.7,5.1,18.4,NA,NA,0.6,0,159,NA,NA,NA,NA,NA,0.118,NA,NA,NA
2026-05-19 16:00:00,"SPF",12.8,12.8,12.9,NA,NA,79,11.7,9.3,933.8,NA,1020.7,NA,1528.7,1.9,344,0.8,2.9,6.8,1.8,6.5,NA,NA,0,0,112,NA,NA,NA,NA,NA,0.079,NA,NA,NA
2026-05-19 17:00:00,"SPF",13.1,13,13.1,NA,NA,77,11.6,9.1,933.9,NA,1020.8,NA,1529.8,1.3,333,0.5,1.8,4.7,1.3,4.7,NA,NA,0,0,116,NA,NA,NA,NA,NA,0.074,NA,NA,NA
2026-05-19 18:00:00,"SPF",13.4,13.1,13.6,NA,NA,68.4,10.5,7.6,934,NA,1020.9,NA,1531.6,1,297,0.3,1.1,3.6,1,3.6,NA,NA,0,0,123,NA,NA,NA,NA,NA,0.057,NA,NA,NA
2026-05-19 19:00:00,"SPF",12.4,11.2,13.4,NA,NA,74.5,10.6,7.8,934.5,NA,1021.4,NA,1532.8,2,198,0.7,2.5,7.2,1.9,6.8,NA,NA,0,0,23,NA,NA,NA,NA,NA,0.011,NA,NA,NA
2026-05-19 20:00:00,"SPF",9.8,9.3,10.6,NA,NA,91.3,11,8.4,935,NA,1022,NA,1530.3,3.2,203,1.6,5.8,11.5,3.1,11.2,NA,NA,0,0,0,NA,NA,NA,NA,NA,-0.002,NA,NA,NA
2026-05-19 21:00:00,"SPF",8.7,8.3,9.1,NA,NA,88.4,9.9,6.9,935.5,NA,1022.5,NA,1531.4,3.5,213,2,7.2,12.6,3.5,12.6,NA,NA,0,0,0,NA,NA,NA,NA,NA,0.001,NA,NA,NA
2026-05-19 22:00:00,"SPF",8.3,8.1,8.7,NA,NA,91.4,10,7,935.9,NA,1023,NA,1533.8,3.8,215,1.6,5.8,13.7,3.7,13.3,NA,NA,0,0,0,NA,NA,NA,NA,NA,-0.002,NA,NA,NA
2026-05-19 23:00:00,"SPF",9,8.7,9.3,NA,NA,90.8,10.4,7.5,935.9,NA,1022.9,NA,1535.1,3.7,204,1.8,6.5,13.3,3.6,13,NA,NA,0,0,0,NA,NA,NA,NA,NA,-0.001,NA,NA,NA
2026-05-20,"SPF",10.1,9.9,10.5,NA,NA,83.9,10.4,7.5,935.6,NA,1022.7,NA,1536.6,4,210,2.3,8.3,14.4,3.9,14,NA,NA,0,0,0,NA,NA,NA,NA,NA,0.006,NA,NA,NA
2026-05-20 01:00:00,"SPF",10.8,10.5,11.1,NA,NA,80.5,10.4,7.5,935.8,NA,1022.9,NA,1540.1,4.7,198,3,10.8,16.9,4.6,16.6,NA,NA,0.1,0,0,NA,NA,NA,NA,NA,0.011,NA,NA,NA
2026-05-20 02:00:00,"SPF",10.2,9.7,10.8,NA,NA,90.6,11.3,8.7,936.2,NA,1023.3,NA,1541.5,4.5,203,2.4,8.6,16.2,4.4,15.8,NA,NA,0.5,0,0,NA,NA,NA,NA,NA,0.001,NA,NA,NA
2026-05-20 03:00:00,"SPF",9.7,9.6,9.8,NA,NA,99.1,11.9,9.6,936.4,NA,1023.5,NA,1541.8,4.4,207,2.5,9,15.8,4.3,15.5,NA,NA,0.6,0,0,NA,NA,NA,NA,NA,-0.004,NA,NA,NA
2026-05-20 04:00:00,"SPF",9.7,9.7,9.8,NA,NA,99.2,11.9,9.6,936.7,NA,1023.8,NA,1545.1,3.1,219,1.5,5.4,11.2,3,10.8,NA,NA,0.6,0,0,NA,NA,NA,NA,NA,-0.006,NA,NA,NA
2026-05-20 05:00:00,"SPF",9.7,9.6,9.8,NA,NA,99.3,11.9,9.6,937.4,NA,1024.6,NA,1550.7,2.3,194,0.9,3.2,8.3,2.3,8.3,NA,NA,0.4,0,2,NA,NA,NA,NA,NA,0.017,NA,NA,NA
2026-05-20 06:00:00,"SPF",10,9.8,10.2,NA,NA,99.3,12.2,9.9,938.1,NA,1025.3,NA,1558,2.1,204,1.1,4,7.6,2,7.2,NA,NA,0.2,0,11,NA,NA,NA,NA,NA,0.02,NA,NA,NA
2026-05-20 07:00:00,"SPF",10.6,10.3,10.9,NA,NA,99.2,12.7,10.5,938.7,NA,1026,NA,1564.7,1.1,225,0.5,1.8,4,1.1,4,NA,NA,0,0,55,NA,NA,NA,NA,NA,0.041,NA,NA,NA
2026-05-20 08:00:00,"SPF",11.8,11.1,12.5,NA,NA,93.5,12.9,10.8,938.9,NA,1026.2,NA,1570.1,4.1,194,2.1,7.6,14.8,3.9,14,NA,NA,0,0,140,NA,NA,NA,NA,NA,0.082,NA,NA,NA
2026-05-20 09:00:00,"SPF",13.2,12.8,13.3,NA,NA,82,12.4,10.1,939.3,NA,1026.6,NA,1577.5,6,198,2.7,9.7,21.6,5.6,20.2,NA,NA,0,0,228,NA,NA,NA,NA,NA,0.14,NA,NA,NA
2026-05-20 10:00:00,"SPF",14.4,13.5,15.1,NA,NA,76,12.5,10.2,939.3,NA,1026.6,NA,1581.5,6,206,3.2,11.5,21.6,5.8,20.9,NA,NA,0,0,487,NA,NA,NA,NA,NA,0.273,NA,NA,NA
2026-05-20 11:00:00,"SPF",15.7,15,16.3,NA,NA,70.1,12.5,10.3,939.3,NA,1026.6,NA,1585.7,5.4,210,3.2,11.5,19.4,5.3,19.1,NA,NA,0,0,624,NA,NA,NA,NA,NA,0.359,NA,NA,NA
2026-05-20 12:00:00,"SPF",17,16.5,17.7,NA,NA,62.6,12.2,9.8,939.2,NA,1026.5,NA,1588.5,7.4,221,3.4,12.2,26.6,7.2,25.9,NA,NA,0,0,688,NA,NA,NA,NA,NA,0.415,NA,NA,NA
2026-05-20 13:00:00,"SPF",17.6,17.4,17.7,NA,NA,58.8,11.8,9.4,939.2,NA,1026.5,NA,1590.7,8.3,250,3.4,12.2,29.9,7.8,28.1,NA,NA,0,0,535,NA,NA,NA,NA,NA,0.351,NA,NA,NA
2026-05-20 14:00:00,"SPF",18.5,17.8,19,NA,NA,52.6,11.2,8.6,939.3,NA,1026.6,NA,1593.9,7.9,227,3.9,14,28.4,7.7,27.7,NA,NA,0,0,757,NA,NA,NA,NA,NA,0.474,NA,NA,NA
2026-05-20 15:00:00,"SPF",18.3,17.7,18.9,NA,NA,51.7,10.9,8.2,939.3,NA,1026.6,NA,1593.9,6.2,258,2.3,8.3,22.3,5.8,20.9,NA,NA,0,0,464,NA,NA,NA,NA,NA,0.312,NA,NA,NA
2026-05-20 16:00:00,"SPF",19,18.5,19.4,NA,NA,48.2,10.6,7.8,939.3,NA,1026.6,NA,1595.3,8.1,247,2.8,10.1,29.2,7.6,27.4,NA,NA,0,0,561,NA,NA,NA,NA,NA,0.357,NA,NA,NA
2026-05-20 17:00:00,"SPF",18.6,18.4,18.9,NA,NA,50.4,10.8,8.1,939.3,NA,1026.6,NA,1594.8,5.8,279,2.3,8.3,20.9,5.6,20.2,NA,NA,0,0,338,NA,NA,NA,NA,NA,0.222,NA,NA,NA
2026-05-20 18:00:00,"SPF",17.9,16.9,18.5,NA,NA,55.9,11.4,8.9,939.7,NA,1027.1,NA,1595.8,7,26,3.2,11.5,25.2,6.8,24.5,NA,NA,0,0,199,NA,NA,NA,NA,NA,0.142,NA,NA,NA
2026-05-20 19:00:00,"SPF",16.1,15.5,16.8,NA,NA,65.2,12,9.6,940.5,NA,1027.9,NA,1597.7,6.4,41,3.3,11.9,23,6.2,22.3,NA,NA,0,0,50,NA,NA,NA,NA,NA,0.033,NA,NA,NA
2026-05-20 20:00:00,"SPF",14.8,14.5,15.5,NA,NA,71.2,12,9.6,941.4,NA,1028.8,NA,1600.9,4.9,27,2.3,8.3,17.6,4.8,17.3,NA,NA,0,0,0,NA,NA,NA,NA,NA,0.018,NA,NA,NA
2026-05-20 21:00:00,"SPF",13.5,13.1,14.2,NA,NA,78,12.1,9.8,942,NA,1029.5,NA,1602.9,3,8,1.4,5,10.8,3,10.8,NA,NA,0,0,0,NA,NA,NA,NA,NA,0.005,NA,NA,NA
2026-05-20 22:00:00,"SPF",11.8,11.3,12.4,NA,NA,88,12.2,9.9,942.4,NA,1030,NA,1601,1.1,217,0.6,2.2,4,1.1,4,NA,NA,0,0,0,NA,NA,NA,NA,NA,-0.005,NA,NA,NA
2026-05-20 23:00:00,"SPF",10.5,10.1,10.9,NA,NA,95.4,12.1,9.8,942.5,NA,1030.1,NA,1597.3,1,207,0.3,1.1,3.6,1,3.6,NA,NA,0,0,0,NA,NA,NA,NA,NA,-0.008,NA,NA,NA
2026-05-21,"SPF",9.2,8.7,9.6,NA,NA,98.8,11.5,9.1,942.5,NA,1030.1,NA,1593.4,1.5,198,0.6,2.2,5.4,1.5,5.4,NA,NA,0,0,0,NA,NA,NA,NA,NA,-0.007,NA,NA,NA
2026-05-21 01:00:00,"SPF",9.1,8.8,9.3,NA,NA,99.2,11.4,9,942.5,NA,1030.1,NA,1593.1,1.1,214,0.4,1.4,4,1.1,4,NA,NA,0,0,0,NA,NA,NA,NA,NA,-0.008,NA,NA,NA
2026-05-21 02:00:00,"SPF",8.2,7.8,8.6,NA,NA,99.3,10.8,8.1,942.4,NA,1030,NA,1589.7,1.2,214,0.5,1.8,4.3,1.2,4.3,NA,NA,0,0,0,NA,NA,NA,NA,NA,-0.008,NA,NA,NA
2026-05-21 03:00:00,"SPF",7.1,6.7,7.8,NA,NA,99.3,10,7,942.4,NA,1030,NA,1586.4,1,211,0.6,2.2,3.6,1,3.6,NA,NA,0,0,0,NA,NA,NA,NA,NA,-0.007,NA,NA,NA
2026-05-21 04:00:00,"SPF",6.4,6.1,6.6,NA,NA,99.3,9.5,6.3,942.5,NA,1030,NA,1584.1,1.8,214,0.7,2.5,6.5,1.7,6.1,NA,NA,0,0,1,NA,NA,NA,NA,NA,-0.007,NA,NA,NA
2026-05-21 05:00:00,"SPF",6.4,5.9,6.9,NA,NA,99.3,9.5,6.3,942.6,NA,1030.2,NA,1585,1.8,216,0.9,3.2,6.5,1.8,6.5,NA,NA,0,0,48,NA,NA,NA,NA,NA,0.015,NA,NA,NA
2026-05-21 06:00:00,"SPF",8.7,7.4,10.3,NA,NA,98.5,11.1,8.5,942.5,NA,1030.1,NA,1592,1.5,194,0.5,1.8,5.4,1.5,5.4,NA,NA,0,0,226,NA,NA,NA,NA,NA,0.087,NA,NA,NA
2026-05-21 07:00:00,"SPF",11.6,10.4,12.8,NA,NA,85.5,11.7,9.2,942.6,NA,1030.1,NA,1601.5,1.1,180,0.4,1.4,4,1.1,4,NA,NA,0,0,411,NA,NA,NA,NA,NA,0.197,NA,NA,NA
2026-05-21 08:00:00,"SPF",14.6,13.1,15.6,NA,NA,74.1,12.3,10,942.4,NA,1030,NA,1609.8,4.2,54,1.8,6.5,15.1,4.1,14.8,NA,NA,0,0,578,NA,NA,NA,NA,NA,0.307,NA,NA,NA
2026-05-21 09:00:00,"SPF",16.2,15.7,16.6,NA,NA,68.3,12.6,10.4,942.2,NA,1029.7,NA,1612.5,5.7,43,3.4,12.2,20.5,5.5,19.8,NA,NA,0,0,728,NA,NA,NA,NA,NA,0.403,NA,NA,NA
2026-05-21 10:00:00,"SPF",17.4,16.9,18.1,NA,NA,65.4,13,10.9,941.9,NA,1029.4,NA,1613.8,6.1,47,3.6,13,22,5.9,21.2,NA,NA,0,0,825,NA,NA,NA,NA,NA,0.474,NA,NA,NA
2026-05-21 11:00:00,"SPF",18.5,18.2,18.8,NA,NA,59.2,12.6,10.4,941.7,NA,1029.2,NA,1615.5,7.6,35,4.4,15.8,27.4,7.4,26.6,NA,NA,0,0,869,NA,NA,NA,NA,NA,0.522,NA,NA,NA
2026-05-21 12:00:00,"SPF",19.4,18.8,19.7,NA,NA,55.6,12.5,10.2,941.4,NA,1028.9,NA,1615.8,7.6,33,4.4,15.8,27.4,7.5,27,NA,NA,0,0,912,NA,NA,NA,NA,NA,0.563,NA,NA,NA
2026-05-21 13:00:00,"SPF",20.3,19.9,20.8,NA,NA,51.9,12.4,10.1,941,NA,1028.5,NA,1615.4,7.2,30,4.2,15.1,25.9,7.1,25.6,NA,NA,0,0,915,NA,NA,NA,NA,NA,0.586,NA,NA,NA
2026-05-21 14:00:00,"SPF",20.6,20.4,20.8,NA,NA,49,11.9,9.5,940.8,NA,1028.2,NA,1614.1,7.6,21,4.5,16.2,27.4,7.5,27,NA,NA,0,0,748,NA,NA,NA,NA,NA,0.505,NA,NA,NA
2026-05-21 15:00:00,"SPF",20.7,20.5,20.8,NA,NA,47.1,11.5,9,940.6,NA,1028,NA,1612.8,8.2,17,5.1,18.4,29.5,8.1,29.2,NA,NA,0,0,649,NA,NA,NA,NA,NA,0.458,NA,NA,NA
2026-05-21 16:00:00,"SPF",20.8,20.6,21,NA,NA,45.5,11.2,8.6,940.6,NA,1028,NA,1612.5,8.3,17,5,18,29.9,8,28.8,NA,NA,0,0,510,NA,NA,NA,NA,NA,0.385,NA,NA,NA
2026-05-21 17:00:00,"SPF",20.4,19.9,20.9,NA,NA,47,11.3,8.7,940.5,NA,1027.9,NA,1610.5,7.9,18,4.8,17.3,28.4,7.7,27.7,NA,NA,0,0,306,NA,NA,NA,NA,NA,0.27,NA,NA,NA
2026-05-21 18:00:00,"SPF",19.6,19.5,19.8,NA,NA,50,11.4,8.9,940.4,NA,1027.8,NA,1607.4,6.5,18,4.2,15.1,23.4,6.3,22.7,NA,NA,0,0,175,NA,NA,NA,NA,NA,0.173,NA,NA,NA
2026-05-21 19:00:00,"SPF",18.4,17.4,19.4,NA,NA,53.9,11.4,8.9,940.5,NA,1027.9,NA,1604.8,5.2,21,2.6,9.4,18.7,5.1,18.4,NA,NA,0,0,47,NA,NA,NA,NA,NA,0.043,NA,NA,NA
2026-05-21 20:00:00,"SPF",15.4,14.3,17.1,NA,NA,68.4,11.9,9.5,940.9,NA,1028.3,NA,1598.9,1.6,225,0.7,2.5,5.8,1.6,5.8,NA,NA,0,0,0,NA,NA,NA,NA,NA,0.002,NA,NA,NA
2026-05-21 21:00:00,"SPF",13.6,12.7,14.3,NA,NA,76.1,11.8,9.5,941.2,NA,1028.6,NA,1595.4,1.7,90,0.2,0.7,6.1,1.7,6.1,NA,NA,0,0,0,NA,NA,NA,NA,NA,-0.007,NA,NA,NA
2026-05-21 22:00:00,"SPF",10.7,10.3,11.5,NA,NA,88.6,11.4,8.9,941.3,NA,1028.8,NA,1588,1.9,216,0.9,3.2,6.8,1.8,6.5,NA,NA,0,0,0,NA,NA,NA,NA,NA,-0.003,NA,NA,NA
2026-05-21 23:00:00,"SPF",9.6,9.4,9.9,NA,NA,93.1,11.1,8.5,941.4,NA,1028.9,NA,1584.7,2.7,217,1,3.6,9.7,2.6,9.4,NA,NA,0,0,0,NA,NA,NA,NA,NA,-0.004,NA,NA,NA
2026-05-22,"SPF",8.7,8.5,9,NA,NA,98.1,11.1,8.5,941.1,NA,1028.5,NA,1579.8,1.8,225,0.7,2.5,6.5,1.8,6.5,NA,NA,0,0,0,NA,NA,NA,NA,NA,-0.007,NA,NA,NA
2026-05-22 01:00:00,"SPF",7.7,7.4,8.3,NA,NA,99.1,10.5,7.6,941,NA,1028.4,NA,1575.7,2.3,215,1.3,4.7,8.3,2.2,7.9,NA,NA,0,0,0,NA,NA,NA,NA,NA,-0.006,NA,NA,NA
2026-05-22 02:00:00,"SPF",7.6,7.5,7.9,NA,NA,99.3,10.4,7.5,941,NA,1028.4,NA,1575.2,3,214,1.2,4.3,10.8,2.9,10.4,NA,NA,0,0,0,NA,NA,NA,NA,NA,-0.006,NA,NA,NA
2026-05-22 03:00:00,"SPF",7.4,6.9,7.9,NA,NA,99.3,10.3,7.3,941,NA,1028.4,NA,1574.7,2.5,212,1.3,4.7,9,2.4,8.6,NA,NA,0,0,0,NA,NA,NA,NA,NA,-0.006,NA,NA,NA
2026-05-22 04:00:00,"SPF",7.2,7,7.5,NA,NA,99.3,10.1,7.1,941.2,NA,1028.7,NA,1575.9,1.6,214,0.8,2.9,5.8,1.6,5.8,NA,NA,0,0,1,NA,NA,NA,NA,NA,-0.006,NA,NA,NA
2026-05-22 05:00:00,"SPF",7.2,6.7,8.2,NA,NA,99.3,10.1,7.1,941.4,NA,1028.9,NA,1577.7,2.1,214,1.1,4,7.6,2.1,7.6,NA,NA,0,0,53,NA,NA,NA,NA,NA,0.015,NA,NA,NA
2026-05-22 06:00:00,"SPF",10.3,8.9,12.2,NA,NA,94.4,11.8,9.5,941.5,NA,1029,NA,1588.6,2.1,198,1,3.6,7.6,2.1,7.6,NA,NA,0,0,232,NA,NA,NA,NA,NA,0.093,NA,NA,NA
2026-05-22 07:00:00,"SPF",13.6,12.4,14.9,NA,NA,78.6,12.2,10,941.7,NA,1029.2,NA,1599.9,1.7,189,0.7,2.5,6.1,1.7,6.1,NA,NA,0,0,413,NA,NA,NA,NA,NA,0.208,NA,NA,NA
2026-05-22 08:00:00,"SPF",16.9,15.5,18.4,NA,NA,65.4,12.5,10.4,941.5,NA,1029,NA,1609,2.7,14,0.7,2.5,9.7,2.7,9.7,NA,NA,0,0,588,NA,NA,NA,NA,NA,0.335,NA,NA,NA
2026-05-22 09:00:00,"SPF",19.6,18.8,20.1,NA,NA,57.1,13,10.8,941.3,NA,1028.8,NA,1615.1,5.3,22,2.8,10.1,19.1,5.2,18.7,NA,NA,0,0,739,NA,NA,NA,NA,NA,0.461,NA,NA,NA
2026-05-22 10:00:00,"SPF",20.6,20.3,20.9,NA,NA,55.5,13.5,11.4,941.4,NA,1028.9,NA,1619.6,7,36,4.3,15.5,25.2,6.8,24.5,NA,NA,0,0,856,NA,NA,NA,NA,NA,0.549,NA,NA,NA
2026-05-22 11:00:00,"SPF",21.7,21.2,22.2,NA,NA,52,13.5,11.4,941.3,NA,1028.8,NA,1622.1,6.7,38,4.4,15.8,24.1,6.6,23.8,NA,NA,0,0,929,NA,NA,NA,NA,NA,0.615,NA,NA,NA
2026-05-22 12:00:00,"SPF",22.4,22,22.6,NA,NA,51.5,13.9,11.9,941.1,NA,1028.5,NA,1622.5,6.5,36,4.3,15.5,23.4,6.4,23,NA,NA,0,0,947,NA,NA,NA,NA,NA,0.636,NA,NA,NA
2026-05-22 13:00:00,"SPF",23.2,22.9,23.4,NA,NA,49.4,14.1,12,941,NA,1028.4,NA,1623.9,7.2,26,3.9,14,25.9,7.1,25.6,NA,NA,0,0,914,NA,NA,NA,NA,NA,0.631,NA,NA,NA
2026-05-22 14:00:00,"SPF",23.6,23.4,23.8,NA,NA,45.5,13.3,11.2,940.9,NA,1028.3,NA,1624.3,8.1,22,4.2,15.1,29.2,7.9,28.4,NA,NA,0,0,809,NA,NA,NA,NA,NA,0.58,NA,NA,NA
2026-05-22 15:00:00,"SPF",23.7,23.5,23.9,NA,NA,42.6,12.5,10.2,940.8,NA,1028.2,NA,1624,7.1,14,4.2,15.1,25.6,6.9,24.8,NA,NA,0,0,663,NA,NA,NA,NA,NA,0.5,NA,NA,NA
2026-05-22 16:00:00,"SPF",23.8,23.6,24,NA,NA,39.2,11.6,9.1,940.6,NA,1028,NA,1622.6,7,13,4.5,16.2,25.2,6.9,24.8,NA,NA,0,0,539,NA,NA,NA,NA,NA,0.434,NA,NA,NA
2026-05-22 17:00:00,"SPF",23.5,23.4,23.7,NA,NA,35.9,10.4,7.5,940.5,NA,1027.9,NA,1620.7,6.9,14,4.4,15.8,24.8,6.8,24.5,NA,NA,0,0,355,NA,NA,NA,NA,NA,0.328,NA,NA,NA
2026-05-22 18:00:00,"SPF",22.6,21.9,23.2,NA,NA,37.8,10.3,7.4,940.5,NA,1027.9,NA,1617.4,5.7,12,3.3,11.9,20.5,5.7,20.5,NA,NA,0,0,171,NA,NA,NA,NA,NA,0.186,NA,NA,NA
2026-05-22 19:00:00,"SPF",19.4,17.1,21.4,NA,NA,48.9,10.9,8.3,940.7,NA,1028.1,NA,1609.2,3.1,329,1.2,4.3,11.2,3.1,11.2,NA,NA,0,0,31,NA,NA,NA,NA,NA,0.031,NA,NA,NA
2026-05-22 20:00:00,"SPF",16,15.3,16.8,NA,NA,65,11.8,9.4,941,NA,1028.5,NA,1601.9,2.8,200,1.2,4.3,10.1,2.7,9.7,NA,NA,0,0,0,NA,NA,NA,NA,NA,0.011,NA,NA,NA
2026-05-22 21:00:00,"SPF",14,12.6,15.4,NA,NA,72.4,11.5,9.1,941.3,NA,1028.8,NA,1597.6,1.4,194,0.5,1.8,5,1.4,5,NA,NA,0,0,0,NA,NA,NA,NA,NA,-0.003,NA,NA,NA
2026-05-22 22:00:00,"SPF",11.9,11.5,12.7,NA,NA,83.2,11.5,9.1,941.2,NA,1028.6,NA,1590,2.1,214,1.1,4,7.6,2.1,7.6,NA,NA,0,0,0,NA,NA,NA,NA,NA,0,NA,NA,NA
2026-05-22 23:00:00,"SPF",11.2,10.7,11.6,NA,NA,86.4,11.5,9,941.1,NA,1028.5,NA,1587.2,2.4,218,1.2,4.3,8.6,2.4,8.6,NA,NA,0,0,0,NA,NA,NA,NA,NA,-0.001,NA,NA,NA
2026-05-23,"SPF",10.3,10.1,10.6,NA,NA,90.9,11.4,8.9,940.8,NA,1028.2,NA,1582.4,2.3,215,1.2,4.3,8.3,2.3,8.3,NA,NA,0,0,0,NA,NA,NA,NA,NA,-0.003,NA,NA,NA
2026-05-23 01:00:00,"SPF",9.8,9.5,10.1,NA,NA,92.9,11.3,8.7,940.9,NA,1028.3,NA,1581.1,2.1,222,1.2,4.3,7.6,2,7.2,NA,NA,0,0,0,NA,NA,NA,NA,NA,-0.004,NA,NA,NA
2026-05-23 02:00:00,"SPF",9.3,8.9,9.6,NA,NA,96.3,11.2,8.7,940.9,NA,1028.3,NA,1579.8,2.8,214,1.6,5.8,10.1,2.8,10.1,NA,NA,0,0,0,NA,NA,NA,NA,NA,-0.004,NA,NA,NA
2026-05-23 03:00:00,"SPF",9.2,8.9,9.6,NA,NA,97.1,11.3,8.7,941,NA,1028.4,NA,1580.7,2.2,225,1,3.6,7.9,2.1,7.6,NA,NA,0,0,0,NA,NA,NA,NA,NA,-0.006,NA,NA,NA
2026-05-23 04:00:00,"SPF",8.6,8,8.8,NA,NA,99,11,8.4,941.2,NA,1028.7,NA,1580.1,1.9,214,1.1,4,6.8,1.8,6.5,NA,NA,0,0,2,NA,NA,NA,NA,NA,-0.006,NA,NA,NA
2026-05-23 05:00:00,"SPF",9.1,8.6,10,NA,NA,98.6,11.4,8.9,941.4,NA,1028.9,NA,1583.9,2.1,216,1.4,5,7.6,2.1,7.6,NA,NA,0,0,58,NA,NA,NA,NA,NA,0.017,NA,NA,NA
2026-05-23 06:00:00,"SPF",12.2,10.3,13.9,NA,NA,89.2,12.6,10.5,941.6,NA,1029.1,NA,1594.7,2.4,201,1.4,5,8.6,2.4,8.6,NA,NA,0,0,220,NA,NA,NA,NA,NA,0.096,NA,NA,NA
2026-05-23 07:00:00,"SPF",15.8,14.3,17.1,NA,NA,73,13.1,11,941.6,NA,1029.1,NA,1606.4,1.7,198,0.6,2.2,6.1,1.7,6.1,NA,NA,0,0,403,NA,NA,NA,NA,NA,0.216,NA,NA,NA
2026-05-23 08:00:00,"SPF",19.2,17.7,20.4,NA,NA,59.2,13.1,11,941.6,NA,1029.1,NA,1616.8,3,37,0.6,2.2,10.8,2.9,10.4,NA,NA,0,0,584,NA,NA,NA,NA,NA,0.35,NA,NA,NA
2026-05-23 09:00:00,"SPF",21.3,20.7,22,NA,NA,48.1,12.2,9.8,941.6,NA,1029.1,NA,1623.7,4.3,26,2.8,10.1,15.5,4.2,15.1,NA,NA,0,0,718,NA,NA,NA,NA,NA,0.48,NA,NA,NA
2026-05-23 10:00:00,"SPF",22.6,22.2,23,NA,NA,43.9,12,9.6,941.5,NA,1029,NA,1626.7,6.2,36,3.8,13.7,22.3,5.9,21.2,NA,NA,0,0,853,NA,NA,NA,NA,NA,0.592,NA,NA,NA
2026-05-23 11:00:00,"SPF",23.3,22.9,23.5,NA,NA,45.4,13,10.8,941.5,NA,1029,NA,1629.2,6.5,40,4.3,15.5,23.4,6.4,23,NA,NA,0,0,921,NA,NA,NA,NA,NA,0.646,NA,NA,NA
2026-05-23 12:00:00,"SPF",24,23.6,24.4,NA,NA,45.4,13.5,11.5,941.6,NA,1029.1,NA,1631.9,7.4,34,4.6,16.6,26.6,7.3,26.3,NA,NA,0,0,936,NA,NA,NA,NA,NA,0.667,NA,NA,NA
2026-05-23 13:00:00,"SPF",24.6,24.3,25,NA,NA,42.7,13.2,11.1,941.5,NA,1029,NA,1633.5,8,16,4.7,16.9,28.8,7.8,28.1,NA,NA,0,0,904,NA,NA,NA,NA,NA,0.663,NA,NA,NA
2026-05-23 14:00:00,"SPF",25.1,25,25.3,NA,NA,41.1,13.1,11,941.5,NA,1029,NA,1634.6,8.1,24,4.5,16.2,29.2,7.9,28.4,NA,NA,0,0,826,NA,NA,NA,NA,NA,0.622,NA,NA,NA
2026-05-23 15:00:00,"SPF",25.4,25.3,25.4,NA,NA,39.7,12.9,10.7,941.4,NA,1028.9,NA,1634.6,7.3,27,4.1,14.8,26.3,7.1,25.6,NA,NA,0,0,701,NA,NA,NA,NA,NA,0.543,NA,NA,NA
2026-05-23 16:00:00,"SPF",25.3,25.2,25.4,NA,NA,37.7,12.1,9.8,941.2,NA,1028.6,NA,1632.5,7.7,14,4.7,16.9,27.7,7.6,27.4,NA,NA,0,0,551,NA,NA,NA,NA,NA,0.461,NA,NA,NA
2026-05-23 17:00:00,"SPF",25.1,24.8,25.2,NA,NA,36,11.5,9,941.1,NA,1028.5,NA,1630.9,7.4,18,4.4,15.8,26.6,7.2,25.9,NA,NA,0,0,379,NA,NA,NA,NA,NA,0.351,NA,NA,NA
2026-05-23 18:00:00,"SPF",24.2,23.4,24.7,NA,NA,37.8,11.4,8.9,941.1,NA,1028.5,NA,1628.3,8,13,3.5,12.6,28.8,7.9,28.4,NA,NA,0,0,201,NA,NA,NA,NA,NA,0.209,NA,NA,NA
2026-05-23 19:00:00,"SPF",20.8,18.1,22.9,NA,NA,47.4,11.5,9.1,941.4,NA,1028.9,NA,1619.8,3.6,352,1.4,5,13,3.5,12.6,NA,NA,0,0,29,NA,NA,NA,NA,NA,0.049,NA,NA,NA
2026-05-23 20:00:00,"SPF",17,16.4,17.2,NA,NA,64.6,12.5,10.3,941.8,NA,1029.3,NA,1611.8,3.2,207,1.4,5,11.5,3.1,11.2,NA,NA,0,0,0,NA,NA,NA,NA,NA,0.014,NA,NA,NA
2026-05-23 21:00:00,"SPF",14.9,13.7,15.9,NA,NA,71.7,12.1,9.8,942.2,NA,1029.7,NA,1608.9,2.5,194,0.9,3.2,9,2.4,8.6,NA,NA,0,0,0,NA,NA,NA,NA,NA,0.003,NA,NA,NA
2026-05-23 22:00:00,"SPF",12.6,12.3,12.8,NA,NA,80.6,11.8,9.4,942.3,NA,1029.8,NA,1602,2.1,204,1,3.6,7.6,2.1,7.6,NA,NA,0,0,0,NA,NA,NA,NA,NA,0.001,NA,NA,NA
2026-05-23 23:00:00,"SPF",11.7,11.3,12.3,NA,NA,84.4,11.6,9.1,942.4,NA,1029.9,NA,1600.1,1.4,211,0.7,2.5,5,1.4,5,NA,NA,0,0,0,NA,NA,NA,NA,NA,-0.003,NA,NA,NA
2026-05-24,"SPF",10.7,10.4,11,NA,NA,87.5,11.3,8.7,942.2,NA,1029.7,NA,1595.9,2.6,217,1.1,4,9.4,2.6,9.4,NA,NA,0,0,0,NA,NA,NA,NA,NA,-0.002,NA,NA,NA
2026-05-24 01:00:00,"SPF",10.2,9.8,10.7,NA,NA,88.1,11,8.4,942.1,NA,1029.6,NA,1592.9,2.4,222,1.3,4.7,8.6,2.3,8.3,NA,NA,0,0,0,NA,NA,NA,NA,NA,-0.001,NA,NA,NA
2026-05-24 02:00:00,"SPF",9.8,9.5,10.4,NA,NA,89.8,10.9,8.2,942.1,NA,1029.6,NA,1591.9,2.1,212,1,3.6,7.6,2.1,7.6,NA,NA,0,0,0,NA,NA,NA,NA,NA,-0.003,NA,NA,NA
2026-05-24 03:00:00,"SPF",9.2,8.9,9.4,NA,NA,92.4,10.7,8,942.1,NA,1029.6,NA,1590,1.9,214,1.1,4,6.8,1.9,6.8,NA,NA,0,0,0,NA,NA,NA,NA,NA,-0.004,NA,NA,NA
2026-05-24 04:00:00,"SPF",9,8.7,9.3,NA,NA,94.3,10.8,8.1,942.3,NA,1029.8,NA,1590.8,2.6,209,1.1,4,9.4,2.6,9.4,NA,NA,0,0,1,NA,NA,NA,NA,NA,-0.004,NA,NA,NA
2026-05-24 05:00:00,"SPF",9.2,8.8,9.7,NA,NA,94,11,8.3,942.7,NA,1030.3,NA,1594.8,1.9,214,0.7,2.5,6.8,1.9,6.8,NA,NA,0,0,57,NA,NA,NA,NA,NA,0.02,NA,NA,NA
2026-05-24 06:00:00,"SPF",11.7,9.9,13.4,NA,NA,87.3,12,9.6,942.8,NA,1030.4,NA,1604,1.8,198,0.5,1.8,6.5,1.8,6.5,NA,NA,0,0,235,NA,NA,NA,NA,NA,0.101,NA,NA,NA
2026-05-24 07:00:00,"SPF",15.8,14.1,17.7,NA,NA,70.9,12.7,10.5,942.9,NA,1030.5,NA,1617.8,1.3,135,0.5,1.8,4.7,1.3,4.7,NA,NA,0,0,418,NA,NA,NA,NA,NA,0.223,NA,NA,NA
2026-05-24 08:00:00,"SPF",19.6,18.4,20.5,NA,NA,56.6,12.9,10.7,943.1,NA,1030.7,NA,1631.7,5.6,28,2,7.2,20.2,5.5,19.8,NA,NA,0,0,592,NA,NA,NA,NA,NA,0.369,NA,NA,NA
2026-05-24 09:00:00,"SPF",21.1,20.5,22,NA,NA,51.3,12.8,10.7,943.2,NA,1030.8,NA,1637,6.6,34,4.1,14.8,23.8,6.2,22.3,NA,NA,0,0,748,NA,NA,NA,NA,NA,0.498,NA,NA,NA
2026-05-24 10:00:00,"SPF",23,22.3,23.4,NA,NA,45.9,12.8,10.7,943.2,NA,1030.8,NA,1643.4,9.6,35,4.7,16.9,34.6,9.4,33.8,NA,NA,0,0,866,NA,NA,NA,NA,NA,0.608,NA,NA,NA
2026-05-24 11:00:00,"SPF",23.9,23.5,24.3,NA,NA,45.3,13.4,11.3,943.2,NA,1030.8,NA,1646.3,9.5,26,5.5,19.8,34.2,9.2,33.1,NA,NA,0,0,936,NA,NA,NA,NA,NA,0.672,NA,NA,NA
2026-05-24 12:00:00,"SPF",24.7,24.4,24.9,NA,NA,41.4,12.9,10.7,943.2,NA,1030.8,NA,1649.1,10.7,32,6.2,22.3,38.5,10,36,NA,NA,0,0,951,NA,NA,NA,NA,NA,0.711,NA,NA,NA
2026-05-24 13:00:00,"SPF",25.6,25.1,26,NA,NA,37.9,12.4,10.2,943.1,NA,1030.7,NA,1650.7,11.3,26,6.3,22.7,40.7,10.8,38.9,NA,NA,0,0,922,NA,NA,NA,NA,NA,0.718,NA,NA,NA
2026-05-24 14:00:00,"SPF",26.2,26.1,26.2,NA,NA,36.9,12.5,10.3,942.8,NA,1030.4,NA,1650.4,10.5,19,6.4,23,37.8,10.2,36.7,NA,NA,0,0,839,NA,NA,NA,NA,NA,0.682,NA,NA,NA
2026-05-24 15:00:00,"SPF",26.4,26.3,26.5,NA,NA,34.1,11.7,9.4,942.7,NA,1030.3,NA,1650.3,10.9,18,6.1,22,39.2,10.7,38.5,NA,NA,0,0,710,NA,NA,NA,NA,NA,0.609,NA,NA,NA
2026-05-24 16:00:00,"SPF",26.4,26.4,26.5,NA,NA,33.7,11.6,9.2,942.7,NA,1030.3,NA,1649.7,9.6,17,5.4,19.4,34.6,9.4,33.8,NA,NA,0,0,551,NA,NA,NA,NA,NA,0.5,NA,NA,NA
2026-05-24 17:00:00,"SPF",26.1,25.8,26.3,NA,NA,34.6,11.7,9.2,942.5,NA,1030,NA,1646.7,8.7,12,5.2,18.7,31.3,8.6,31,NA,NA,0,0,367,NA,NA,NA,NA,NA,0.38,NA,NA,NA
2026-05-24 18:00:00,"SPF",25.2,24.7,25.6,NA,NA,36.4,11.6,9.2,942.6,NA,1030.2,NA,1645,7,15,4,14.4,25.2,6.9,24.8,NA,NA,0,0,189,NA,NA,NA,NA,NA,0.229,NA,NA,NA
2026-05-24 19:00:00,"SPF",23.5,22.3,24.5,NA,NA,43,12.4,10.2,942.6,NA,1030.2,NA,1640,3.6,15,1.2,4.3,13,3.6,13,NA,NA,0,0,33,NA,NA,NA,NA,NA,0.048,NA,NA,NA
2026-05-24 20:00:00,"SPF",19.4,17.8,21.4,NA,NA,60.6,13.6,11.5,943,NA,1030.6,NA,1629.9,1.4,207,0.7,2.5,5,1.4,5,NA,NA,0,0,0,NA,NA,NA,NA,NA,0.005,NA,NA,NA
2026-05-24 21:00:00,"SPF",16.4,15.5,17.4,NA,NA,72.8,13.6,11.5,943.5,NA,1031.1,NA,1625.3,2.4,216,0.9,3.2,8.6,2.3,8.3,NA,NA,0,0,0,NA,NA,NA,NA,NA,0.003,NA,NA,NA
2026-05-24 22:00:00,"SPF",14.8,13.8,15.4,NA,NA,79.6,13.4,11.3,943.9,NA,1031.6,NA,1623.5,1.6,211,0.6,2.2,5.8,1.6,5.8,NA,NA,0,0,0,NA,NA,NA,NA,NA,-0.003,NA,NA,NA
2026-05-24 23:00:00,"SPF",13.6,13.1,14,NA,NA,84.3,13.1,11,944.1,NA,1031.8,NA,1621,1.8,225,0.7,2.5,6.5,1.8,6.5,NA,NA,0,0,0,NA,NA,NA,NA,NA,-0.003,NA,NA,NA
2026-05-25,"SPF",13,12.1,14.2,NA,NA,85.4,12.8,10.6,944.1,NA,1031.8,NA,1618.8,2.4,207,1,3.6,8.6,2.3,8.3,NA,NA,0,0,0,NA,NA,NA,NA,NA,-0.001,NA,NA,NA
2026-05-25 01:00:00,"SPF",12.2,11,12.9,NA,NA,88.1,12.5,10.3,944,NA,1031.7,NA,1615.4,1.9,207,0.6,2.2,6.8,1.9,6.8,NA,NA,0,0,0,NA,NA,NA,NA,NA,-0.005,NA,NA,NA
2026-05-25 02:00:00,"SPF",11.3,10.7,11.9,NA,NA,91.8,12.3,10,944,NA,1031.7,NA,1612.9,2.1,216,0.9,3.2,7.6,2.1,7.6,NA,NA,0,0,0,NA,NA,NA,NA,NA,-0.004,NA,NA,NA
2026-05-25 03:00:00,"SPF",10.6,10.2,11.2,NA,NA,95,12.2,9.9,944.2,NA,1031.9,NA,1612.5,1.8,214,1.1,4,6.5,1.8,6.5,NA,NA,0,0,0,NA,NA,NA,NA,NA,-0.005,NA,NA,NA
2026-05-25 04:00:00,"SPF",10.3,9.9,10.8,NA,NA,97.4,12.2,9.9,944.4,NA,1032.1,NA,1613.1,2,225,1.2,4.3,7.2,2,7.2,NA,NA,0,0,2,NA,NA,NA,NA,NA,-0.005,NA,NA,NA
2026-05-25 05:00:00,"SPF",10.6,10.3,11.3,NA,NA,96.6,12.3,10.1,944.6,NA,1032.3,NA,1616.2,1.8,214,0.8,2.9,6.5,1.8,6.5,NA,NA,0,0,58,NA,NA,NA,NA,NA,0.02,NA,NA,NA
2026-05-25 06:00:00,"SPF",13.3,11.9,14.8,NA,NA,88.8,13.5,11.5,944.8,NA,1032.5,NA,1626.7,1.7,225,0.6,2.2,6.1,1.6,5.8,NA,NA,0,0,206,NA,NA,NA,NA,NA,0.096,NA,NA,NA
2026-05-25 07:00:00,"SPF",16.7,15.2,18.2,NA,NA,73.1,13.8,11.8,944.9,NA,1032.6,NA,1638.5,1.5,189,0.7,2.5,5.4,1.5,5.4,NA,NA,0,0,389,NA,NA,NA,NA,NA,0.215,NA,NA,NA
2026-05-25 08:00:00,"SPF",20.1,18.9,21.1,NA,NA,59.1,13.9,11.9,945,NA,1032.7,NA,1649.9,2,360,0.5,1.8,7.2,2,7.2,NA,NA,0,0,568,NA,NA,NA,NA,NA,0.347,NA,NA,NA
2026-05-25 09:00:00,"SPF",22.3,21.5,22.7,NA,NA,54.4,14.7,12.7,944.8,NA,1032.5,NA,1655.9,5.5,38,2.8,10.1,19.8,5.4,19.4,NA,NA,0,0,720,NA,NA,NA,NA,NA,0.485,NA,NA,NA
2026-05-25 10:00:00,"SPF",23.5,22.9,24.2,NA,NA,52.8,15.3,13.4,944.8,NA,1032.5,NA,1659.8,5.8,41,3.5,12.6,20.9,5.6,20.2,NA,NA,0,0,842,NA,NA,NA,NA,NA,0.581,NA,NA,NA
2026-05-25 11:00:00,"SPF",25,24.4,25.5,NA,NA,48.5,15.3,13.3,944.7,NA,1032.4,NA,1663.1,7,32,3.9,14,25.2,6.8,24.5,NA,NA,0,0,916,NA,NA,NA,NA,NA,0.658,NA,NA,NA
2026-05-25 12:00:00,"SPF",25.7,25.5,25.9,NA,NA,45.7,15.1,13.1,944.5,NA,1032.2,NA,1664.3,8.2,10,4.8,17.3,29.5,7.9,28.4,NA,NA,0,0,929,NA,NA,NA,NA,NA,0.69,NA,NA,NA
2026-05-25 13:00:00,"SPF",26.5,26.1,26.7,NA,NA,44,15.2,13.2,944.3,NA,1032,NA,1664.4,7.1,20,4.3,15.5,25.6,6.8,24.5,NA,NA,0,0,901,NA,NA,NA,NA,NA,0.681,NA,NA,NA
2026-05-25 14:00:00,"SPF",26.9,26.7,27.1,NA,NA,39.2,13.9,11.9,944,NA,1031.7,NA,1663.7,8,31,4.7,16.9,28.8,7.8,28.1,NA,NA,0,0,817,NA,NA,NA,NA,NA,0.648,NA,NA,NA
2026-05-25 15:00:00,"SPF",27.2,27,27.3,NA,NA,38.8,13.9,11.9,943.7,NA,1031.3,NA,1662,8,19,4.5,16.2,28.8,7.9,28.4,NA,NA,0,0,686,NA,NA,NA,NA,NA,0.564,NA,NA,NA
2026-05-25 16:00:00,"SPF",27.2,27,27.4,NA,NA,35.7,12.9,10.7,943.6,NA,1031.2,NA,1660.4,7.4,16,4.7,16.9,26.6,7.3,26.3,NA,NA,0,0,531,NA,NA,NA,NA,NA,0.478,NA,NA,NA
2026-05-25 17:00:00,"SPF",26.9,26.7,27.1,NA,NA,33.9,12,9.7,943.3,NA,1030.9,NA,1657.4,6.8,16,4.1,14.8,24.5,6.7,24.1,NA,NA,0,0,356,NA,NA,NA,NA,NA,0.352,NA,NA,NA
2026-05-25 18:00:00,"SPF",25.9,25,26.6,NA,NA,36.1,12,9.7,943.3,NA,1030.9,NA,1653.8,5.3,12,2.9,10.4,19.1,5.2,18.7,NA,NA,0,0,183,NA,NA,NA,NA,NA,0.197,NA,NA,NA
2026-05-25 19:00:00,"SPF",22.4,20.1,24.5,NA,NA,49.9,13.4,11.2,943.4,NA,1031,NA,1643.5,2.2,288,0.9,3.2,7.9,2.2,7.9,NA,NA,0,0,36,NA,NA,NA,NA,NA,0.033,NA,NA,NA
2026-05-25 20:00:00,"SPF",18.8,18.2,19.4,NA,NA,64.6,14,11.9,943.8,NA,1031.5,NA,1635.2,3.1,203,1.6,5.8,11.2,3,10.8,NA,NA,0,0,0,NA,NA,NA,NA,NA,0.019,NA,NA,NA
2026-05-25 21:00:00,"SPF",16.9,16.4,17.5,NA,NA,70.2,13.5,11.4,944.2,NA,1031.9,NA,1632.8,2.5,207,1,3.6,9,2.5,9,NA,NA,0,0,0,NA,NA,NA,NA,NA,0.006,NA,NA,NA
2026-05-25 22:00:00,"SPF",15,13.9,15.8,NA,NA,77,13.1,11,944.4,NA,1032.1,NA,1628.5,2.3,214,1.1,4,8.3,2.2,7.9,NA,NA,0,0,0,NA,NA,NA,NA,NA,0.003,NA,NA,NA
2026-05-25 23:00:00,"SPF",13.8,13.4,14.1,NA,NA,80.4,12.7,10.5,944.4,NA,1032.1,NA,1624.4,2.5,214,1.5,5.4,9,2.5,9,NA,NA,0,0,0,NA,NA,NA,NA,NA,0.005,NA,NA,NA
2026-05-26,"SPF",13.2,12.4,13.7,NA,NA,82.9,12.6,10.4,944.2,NA,1031.9,NA,1620.4,2.3,218,1.2,4.3,8.3,2.3,8.3,NA,NA,0,0,0,NA,NA,NA,NA,NA,0.001,NA,NA,NA
2026-05-26 01:00:00,"SPF",12.6,12.1,13,NA,NA,86.6,12.6,10.4,943.7,NA,1031.3,NA,1614.6,2.4,218,1.2,4.3,8.6,2.3,8.3,NA,NA,0,0,0,NA,NA,NA,NA,NA,-0.001,NA,NA,NA
2026-05-26 02:00:00,"SPF",12.3,12,12.6,NA,NA,88.6,12.6,10.4,943.6,NA,1031.2,NA,1612.2,2.5,215,1.2,4.3,9,2.4,8.6,NA,NA,0,0,0,NA,NA,NA,NA,NA,-0.002,NA,NA,NA
2026-05-26 03:00:00,"SPF",11.9,11.7,12.3,NA,NA,89.2,12.4,10.2,943.3,NA,1030.9,NA,1608.8,2.6,219,1.3,4.7,9.4,2.5,9,NA,NA,0,0,0,NA,NA,NA,NA,NA,-0.001,NA,NA,NA
2026-05-26 04:00:00,"SPF",11.7,11.3,12.3,NA,NA,89,12.2,10,943.2,NA,1030.8,NA,1607.4,2.6,216,1.4,5,9.4,2.5,9,NA,NA,0,0,2,NA,NA,NA,NA,NA,0,NA,NA,NA
2026-05-26 05:00:00,"SPF",12,11.3,12.9,NA,NA,90,12.6,10.4,943.4,NA,1031,NA,1609.8,2.6,214,1.4,5,9.4,2.6,9.4,NA,NA,0,0,58,NA,NA,NA,NA,NA,0.026,NA,NA,NA
2026-05-26 06:00:00,"SPF",15.3,13.5,16.8,NA,NA,78.2,13.6,11.5,943.5,NA,1031.1,NA,1621.8,2.7,208,1.5,5.4,9.7,2.6,9.4,NA,NA,0,0,214,NA,NA,NA,NA,NA,0.112,NA,NA,NA
2026-05-26 07:00:00,"SPF",18.5,17.1,19.8,NA,NA,66.1,14,12,943.6,NA,1031.2,NA,1632.1,2.4,198,1,3.6,8.6,2.3,8.3,NA,NA,0,0,390,NA,NA,NA,NA,NA,0.228,NA,NA,NA
2026-05-26 08:00:00,"SPF",21.7,20.3,22.9,NA,NA,56.8,14.7,12.8,943.3,NA,1030.9,NA,1640,2.2,40,0.9,3.2,7.9,2.1,7.6,NA,NA,0,0,563,NA,NA,NA,NA,NA,0.36,NA,NA,NA
2026-05-26 09:00:00,"SPF",24.2,23.5,24.9,NA,NA,48.7,14.7,12.7,943.1,NA,1030.7,NA,1646.6,4.2,13,2.3,8.3,15.1,4.1,14.8,NA,NA,0,0,714,NA,NA,NA,NA,NA,0.502,NA,NA,NA
2026-05-26 10:00:00,"SPF",25.5,25.1,25.8,NA,NA,44.8,14.6,12.6,943,NA,1030.6,NA,1649.9,4.6,36,2.8,10.1,16.6,4.4,15.8,NA,NA,0,0,829,NA,NA,NA,NA,NA,0.603,NA,NA,NA
2026-05-26 11:00:00,"SPF",26.2,25.8,26.5,NA,NA,42.5,14.5,12.5,942.7,NA,1030.3,NA,1649.5,6.3,38,3.6,13,22.7,6.1,22,NA,NA,0,0,899,NA,NA,NA,NA,NA,0.672,NA,NA,NA
2026-05-26 12:00:00,"SPF",26.8,26.5,27.1,NA,NA,43.9,15.4,13.5,942.2,NA,1029.7,NA,1646.5,5.9,36,3.6,13,21.2,5.8,20.9,NA,NA,0,0,918,NA,NA,NA,NA,NA,0.689,NA,NA,NA
2026-05-26 13:00:00,"SPF",27.5,27.3,27.7,NA,NA,43.9,16.1,14.1,941.7,NA,1029.2,NA,1644.1,5.7,41,3.2,11.5,20.5,5.6,20.2,NA,NA,0,0,893,NA,NA,NA,NA,NA,0.676,NA,NA,NA
2026-05-26 14:00:00,"SPF",27.9,27.7,28,NA,NA,42.9,16.1,14.1,941.3,NA,1028.8,NA,1641.8,6,44,3.2,11.5,21.6,5.9,21.2,NA,NA,0,0,822,NA,NA,NA,NA,NA,0.633,NA,NA,NA
2026-05-26 15:00:00,"SPF",28,27.9,28.1,NA,NA,42.1,15.9,13.9,940.9,NA,1028.3,NA,1638.1,6.2,33,3.2,11.5,22.3,6.1,22,NA,NA,0,0,639,NA,NA,NA,NA,NA,0.516,NA,NA,NA
2026-05-26 16:00:00,"SPF",28,27.7,28.2,NA,NA,41.6,15.7,13.7,940.4,NA,1027.8,NA,1634.2,5.5,16,2.7,9.7,19.8,5.3,19.1,NA,NA,0,0,493,NA,NA,NA,NA,NA,0.404,NA,NA,NA
2026-05-26 17:00:00,"SPF",27.4,27.2,27.7,NA,NA,40.4,14.7,12.8,940.2,NA,1027.6,NA,1630.1,4.1,6,2.2,7.9,14.8,3.9,14,NA,NA,0,0,277,NA,NA,NA,NA,NA,0.25,NA,NA,NA
2026-05-26 18:00:00,"SPF",25.6,24.1,26.6,NA,NA,52.7,17.2,15.1,940.1,NA,1027.5,NA,1623.2,1.8,309,1,3.6,6.5,1.7,6.1,NA,NA,0,0,136,NA,NA,NA,NA,NA,0.106,NA,NA,NA
2026-05-26 19:00:00,"SPF",22.3,21.4,23.7,NA,NA,67.1,18,15.9,940,NA,1027.4,NA,1612.5,2.5,209,1.1,4,9,2.5,9,NA,NA,0,0,27,NA,NA,NA,NA,NA,0.035,NA,NA,NA
2026-05-26 20:00:00,"SPF",20.5,20,20.9,NA,NA,73.5,17.7,15.6,940.4,NA,1027.8,NA,1610.2,2.2,212,1,3.6,7.9,2.1,7.6,NA,NA,0,0,1,NA,NA,NA,NA,NA,0.006,NA,NA,NA
2026-05-26 21:00:00,"SPF",18.9,18.1,20,NA,NA,76.5,16.6,14.6,940.5,NA,1027.9,NA,1606,3.7,214,1.3,4.7,13.3,3.6,13,NA,NA,0,0,0,NA,NA,NA,NA,NA,0.007,NA,NA,NA
2026-05-26 22:00:00,"SPF",17.2,16.6,18.3,NA,NA,78.2,15.3,13.4,940.4,NA,1027.8,NA,1600,2.8,204,1.3,4.7,10.1,2.8,10.1,NA,NA,0,0,0,NA,NA,NA,NA,NA,0.005,NA,NA,NA
2026-05-26 23:00:00,"SPF",15.8,15.4,16.5,NA,NA,84.5,15.1,13.1,940.3,NA,1027.7,NA,1594.7,2.4,215,1.3,4.7,8.6,2.4,8.6,NA,NA,0,0,0,NA,NA,NA,NA,NA,0.001,NA,NA,NA
2026-05-27,"SPF",15.3,14.7,16.2,NA,NA,86.5,15,13.1,940.1,NA,1027.5,NA,1591.2,3.1,218,1.6,5.8,11.2,3.1,11.2,NA,NA,0,0,0,NA,NA,NA,NA,NA,0.002,NA,NA,NA
2026-05-27 01:00:00,"SPF",14.7,14.2,15.5,NA,NA,87.5,14.7,12.7,939.9,NA,1027.3,NA,1588.2,2.4,216,1.4,5,8.6,2.4,8.6,NA,NA,0,0,0,NA,NA,NA,NA,NA,0,NA,NA,NA
2026-05-27 02:00:00,"SPF",13.9,13.6,14.3,NA,NA,90.5,14.4,12.4,939.8,NA,1027.1,NA,1584.2,2.4,208,1.5,5.4,8.6,2.3,8.3,NA,NA,0,0,0,NA,NA,NA,NA,NA,-0.001,NA,NA,NA
2026-05-27 03:00:00,"SPF",13.6,13.1,14,NA,NA,89.9,14,12,939.6,NA,1026.9,NA,1581.5,3.1,218,1.8,6.5,11.2,3.1,11.2,NA,NA,0,0,0,NA,NA,NA,NA,NA,0,NA,NA,NA
2026-05-27 04:00:00,"SPF",13.5,12.9,14.1,NA,NA,89.1,13.8,11.7,939.4,NA,1026.7,NA,1579.7,2.7,218,1.6,5.8,9.7,2.6,9.4,NA,NA,0,0,2,NA,NA,NA,NA,NA,0.001,NA,NA,NA
2026-05-27 05:00:00,"SPF",14.1,13.7,14.6,NA,NA,87.1,14,12,939.5,NA,1026.8,NA,1582.1,2.8,214,1.6,5.8,10.1,2.7,9.7,NA,NA,0,0,49,NA,NA,NA,NA,NA,0.031,NA,NA,NA
2026-05-27 06:00:00,"SPF",16.8,15.6,18.1,NA,NA,78.9,15,13.1,939.4,NA,1026.7,NA,1589.4,2.5,205,1.5,5.4,9,2.5,9,NA,NA,0,0,172,NA,NA,NA,NA,NA,0.101,NA,NA,NA
2026-05-27 07:00:00,"SPF",18.6,18.2,19.5,NA,NA,72.3,15.5,13.5,939.3,NA,1026.6,NA,1594.6,2.1,211,1.2,4.3,7.6,2.1,7.6,NA,NA,0,0,274,NA,NA,NA,NA,NA,0.173,NA,NA,NA
2026-05-27 08:00:00,"SPF",21.7,20.1,23.2,NA,NA,61.9,16,14,939.1,NA,1026.4,NA,1602,2.3,203,0.8,2.9,8.3,2.2,7.9,NA,NA,0,0,539,NA,NA,NA,NA,NA,0.346,NA,NA,NA
2026-05-27 09:00:00,"SPF",24.7,23.7,25.3,NA,NA,49.8,15.4,13.5,938.7,NA,1026,NA,1607.8,2.4,150,0.9,3.2,8.6,2.3,8.3,NA,NA,0,0,733,NA,NA,NA,NA,NA,0.499,NA,NA,NA
2026-05-27 10:00:00,"SPF",26,25.5,26.4,NA,NA,44.1,14.8,12.9,938.3,NA,1025.6,NA,1608.6,6.7,31,2.6,9.4,24.1,6.5,23.4,NA,NA,0,0,834,NA,NA,NA,NA,NA,0.61,NA,NA,NA
2026-05-27 11:00:00,"SPF",26.5,26,26.8,NA,NA,44.5,15.5,13.5,938.1,NA,1025.3,NA,1608.1,6.5,17,3,10.8,23.4,6.4,23,NA,NA,0,0,959,NA,NA,NA,NA,NA,0.707,NA,NA,NA
2026-05-27 12:00:00,"SPF",26.7,26.6,27,NA,NA,42.5,14.9,13,937.8,NA,1025,NA,1605.5,6.4,45,2.9,10.4,23,6.3,22.7,NA,NA,0,0,990,NA,NA,NA,NA,NA,0.732,NA,NA,NA
2026-05-27 13:00:00,"SPF",27.1,26.8,27.2,NA,NA,40.9,14.6,12.7,937.4,NA,1024.6,NA,1603,7.9,41,3.3,11.9,28.4,7.8,28.1,NA,NA,0,0,901,NA,NA,NA,NA,NA,0.682,NA,NA,NA
2026-05-27 14:00:00,"SPF",27.1,26.1,27.5,NA,NA,40.1,14.4,12.4,937,NA,1024.2,NA,1599.9,6.3,47,2.5,9,22.7,6.1,22,NA,NA,0,0,729,NA,NA,NA,NA,NA,0.56,NA,NA,NA
2026-05-27 15:00:00,"SPF",27.1,26.5,27.6,NA,NA,37.7,13.5,11.4,936.6,NA,1023.7,NA,1595.7,8.6,27,3.2,11.5,31,8.4,30.2,NA,NA,0,0,531,NA,NA,NA,NA,NA,0.453,NA,NA,NA
2026-05-27 16:00:00,"SPF",26.7,26.2,27.3,NA,NA,35.8,12.5,10.3,936.2,NA,1023.3,NA,1591,6.3,27,3.5,12.6,22.7,6,21.6,NA,NA,0,0,256,NA,NA,NA,NA,NA,0.303,NA,NA,NA
2026-05-27 17:00:00,"SPF",26,25.6,26.4,NA,NA,38.3,12.9,10.7,936,NA,1023.1,NA,1587.1,7.2,23,3.4,12.2,25.9,7.1,25.6,NA,NA,0,0,152,NA,NA,NA,NA,NA,0.229,NA,NA,NA
2026-05-27 18:00:00,"SPF",25.9,25.3,26.3,NA,NA,40.2,13.4,11.3,936,NA,1023.1,NA,1586.5,6.7,16,4,14.4,24.1,6.6,23.8,NA,NA,0,0,187,NA,NA,NA,NA,NA,0.227,NA,NA,NA
2026-05-27 19:00:00,"SPF",23.7,21.2,25.2,NA,NA,47.4,13.7,11.7,936.3,NA,1023.4,NA,1582.9,5.4,14,1.5,5.4,19.4,5.3,19.1,NA,NA,0,0,36,NA,NA,NA,NA,NA,0.058,NA,NA,NA
2026-05-27 20:00:00,"SPF",19,18.2,20.4,NA,NA,71.8,15.7,13.7,936.7,NA,1023.8,NA,1572.5,2.3,207,1.4,5,8.3,2.3,8.3,NA,NA,0,0,0,NA,NA,NA,NA,NA,0.011,NA,NA,NA
2026-05-27 21:00:00,"SPF",17.6,16.3,18.5,NA,NA,73.2,14.7,12.7,937.1,NA,1024.3,NA,1572.1,2.3,221,1.1,4,8.3,2.3,8.3,NA,NA,0,0,0,NA,NA,NA,NA,NA,0.006,NA,NA,NA
2026-05-27 22:00:00,"SPF",16.4,15.9,16.6,NA,NA,76.9,14.3,12.3,937.3,NA,1024.5,NA,1570.1,1.6,225,0.5,1.8,5.8,1.6,5.8,NA,NA,0,0,0,NA,NA,NA,NA,NA,-0.003,NA,NA,NA
2026-05-27 23:00:00,"SPF",15,14.8,15.1,NA,NA,83.7,14.2,12.2,937.3,NA,1024.5,NA,1565.8,1.4,217,0.5,1.8,5,1.4,5,NA,NA,0,0,0,NA,NA,NA,NA,NA,-0.005,NA,NA,NA
2026-05-28,"SPF",14.3,13.9,15.1,NA,NA,85.8,14,12,937.2,NA,1024.4,NA,1563.2,1.2,217,0.5,1.8,4.3,1.2,4.3,NA,NA,0,0,0,NA,NA,NA,NA,NA,-0.005,NA,NA,NA
2026-05-28 01:00:00,"SPF",14.1,13.3,14.6,NA,NA,86.1,13.8,11.8,937.1,NA,1024.2,NA,1560.9,1.4,360,0.4,1.4,5,1.4,5,NA,NA,0,0,0,NA,NA,NA,NA,NA,-0.006,NA,NA,NA
2026-05-28 02:00:00,"SPF",13.3,12.7,13.6,NA,NA,90.4,13.8,11.7,936.9,NA,1024,NA,1557.1,1.2,225,0.4,1.4,4.3,1.2,4.3,NA,NA,0,0,0,NA,NA,NA,NA,NA,-0.007,NA,NA,NA
2026-05-28 03:00:00,"SPF",12.5,12.1,12.8,NA,NA,92.7,13.5,11.4,937,NA,1024.1,NA,1555.3,0.9,225,0.4,1.4,3.2,0.9,3.2,NA,NA,0,0,0,NA,NA,NA,NA,NA,-0.007,NA,NA,NA
2026-05-28 04:00:00,"SPF",11.8,11.7,12.1,NA,NA,97.6,13.5,11.5,937,NA,1024.1,NA,1553.3,1.4,198,0.6,2.2,5,1.4,5,NA,NA,0,0,2,NA,NA,NA,NA,NA,-0.007,NA,NA,NA
2026-05-28 05:00:00,"SPF",11.8,11.4,12.3,NA,NA,98.4,13.6,11.6,937.3,NA,1024.5,NA,1556.4,1,217,0.6,2.2,3.6,1,3.6,NA,NA,0,0,62,NA,NA,NA,NA,NA,0.022,NA,NA,NA
2026-05-28 06:00:00,"SPF",14.2,13.1,15.4,NA,NA,89.2,14.5,12.5,937.5,NA,1024.7,NA,1564.8,1.5,198,0.4,1.4,5.4,1.4,5,NA,NA,0,0,222,NA,NA,NA,NA,NA,0.106,NA,NA,NA
2026-05-28 07:00:00,"SPF",17.2,15.8,19,NA,NA,76.3,15,13,937.6,NA,1024.8,NA,1574.7,1.7,90,0.5,1.8,6.1,1.7,6.1,NA,NA,0,0,398,NA,NA,NA,NA,NA,0.222,NA,NA,NA
2026-05-28 08:00:00,"SPF",20.3,19.8,21.2,NA,NA,63.3,15.1,13.1,937.6,NA,1024.8,NA,1584.1,6.8,40,3.3,11.9,24.5,6.5,23.4,NA,NA,0,0,572,NA,NA,NA,NA,NA,0.367,NA,NA,NA
2026-05-28 09:00:00,"SPF",21.8,21.6,22,NA,NA,56.8,14.8,12.8,937.6,NA,1024.8,NA,1588.6,9.3,34,5.7,20.5,33.5,8.9,32,NA,NA,0,0,733,NA,NA,NA,NA,NA,0.496,NA,NA,NA
2026-05-28 10:00:00,"SPF",22.8,22.4,23.2,NA,NA,55.7,15.5,13.5,937.7,NA,1024.9,NA,1592.5,8.5,28,5.2,18.7,30.6,8.4,30.2,NA,NA,0,0,840,NA,NA,NA,NA,NA,0.573,NA,NA,NA
2026-05-28 11:00:00,"SPF",23.7,23.2,24,NA,NA,51.8,15.1,13.2,937.6,NA,1024.8,NA,1595,8.7,32,5.4,19.4,31.3,8.6,31,NA,NA,0,0,918,NA,NA,NA,NA,NA,0.641,NA,NA,NA
2026-05-28 12:00:00,"SPF",24.5,24.1,24.8,NA,NA,43.6,13.4,11.3,937.3,NA,1024.4,NA,1594.2,10,35,5.6,20.2,36,9.2,33.1,NA,NA,0,0,936,NA,NA,NA,NA,NA,0.687,NA,NA,NA
2026-05-28 13:00:00,"SPF",25.1,24.9,25.4,NA,NA,39.1,12.5,10.3,937,NA,1024.1,NA,1593.8,9.9,34,5.7,20.5,35.6,9.7,34.9,NA,NA,0,0,917,NA,NA,NA,NA,NA,0.699,NA,NA,NA
2026-05-28 14:00:00,"SPF",25.5,25.4,25.8,NA,NA,36.1,11.8,9.4,936.7,NA,1023.8,NA,1592.1,9.9,35,5.3,19.1,35.6,9.3,33.5,NA,NA,0,0,842,NA,NA,NA,NA,NA,0.661,NA,NA,NA
2026-05-28 15:00:00,"SPF",25.9,25.7,26,NA,NA,34.6,11.5,9.1,936.5,NA,1023.6,NA,1590.8,8.6,24,4.9,17.6,31,8.4,30.2,NA,NA,0,0,721,NA,NA,NA,NA,NA,0.585,NA,NA,NA
2026-05-28 16:00:00,"SPF",25.7,25.7,25.9,NA,NA,33.2,11,8.4,936.2,NA,1023.3,NA,1588,9,12,4.9,17.6,32.4,8.7,31.3,NA,NA,0,0,564,NA,NA,NA,NA,NA,0.489,NA,NA,NA
2026-05-28 17:00:00,"SPF",25.1,24.3,25.7,NA,NA,34.3,10.9,8.2,936.3,NA,1023.4,NA,1586.6,9.5,10,5.3,19.1,34.2,9.3,33.5,NA,NA,0,0,307,NA,NA,NA,NA,NA,0.351,NA,NA,NA
2026-05-28 18:00:00,"SPF",23.2,22.5,23.8,NA,NA,42.7,12.1,9.8,936.5,NA,1023.6,NA,1583.1,7.9,22,3.2,11.5,28.4,7.7,27.7,NA,NA,0,0,83,NA,NA,NA,NA,NA,0.159,NA,NA,NA
2026-05-28 19:00:00,"SPF",21.1,20.3,22.1,NA,NA,50.8,12.7,10.5,936.9,NA,1024,NA,1580.6,2.9,10,1.1,4,10.4,2.8,10.1,NA,NA,0,0,30,NA,NA,NA,NA,NA,0.044,NA,NA,NA
2026-05-28 20:00:00,"SPF",18.4,17.1,20,NA,NA,64.8,13.7,11.7,937.4,NA,1024.6,NA,1577,1.7,243,0.7,2.5,6.1,1.6,5.8,NA,NA,0,0,2,NA,NA,NA,NA,NA,0.004,NA,NA,NA
2026-05-28 21:00:00,"SPF",16.8,16.6,17.1,NA,NA,73,14,11.9,938,NA,1025.2,NA,1577.5,1.6,217,0.5,1.8,5.8,1.6,5.8,NA,NA,0,0,0,NA,NA,NA,NA,NA,-0.002,NA,NA,NA
2026-05-28 22:00:00,"SPF",15.6,14.7,16.5,NA,NA,79.2,14,12,938.4,NA,1025.6,NA,1577.1,1,225,0.4,1.4,3.6,1,3.6,NA,NA,0,0,0,NA,NA,NA,NA,NA,-0.005,NA,NA,NA
2026-05-28 23:00:00,"SPF",14.2,13.5,14.9,NA,NA,85.7,13.9,11.9,938.5,NA,1025.8,NA,1573.9,1.6,214,0.5,1.8,5.8,1.6,5.8,NA,NA,0,0,0,NA,NA,NA,NA,NA,-0.005,NA,NA,NA
2026-05-29,"SPF",13.3,12.9,13.6,NA,NA,88.9,13.5,11.5,938.4,NA,1025.6,NA,1570.1,1.4,225,0.5,1.8,5,1.3,4.7,NA,NA,0,0,0,NA,NA,NA,NA,NA,-0.006,NA,NA,NA
2026-05-29 01:00:00,"SPF",12.5,12,13.1,NA,NA,91.9,13.3,11.2,938.1,NA,1025.3,NA,1565.4,0.8,207,0.3,1.1,2.9,0.8,2.9,NA,NA,0,0,0,NA,NA,NA,NA,NA,-0.008,NA,NA,NA
2026-05-29 02:00:00,"SPF",11.7,11.1,12.1,NA,NA,94.4,13,10.9,937.9,NA,1025.1,NA,1561.3,1.4,198,0.4,1.4,5,1.3,4.7,NA,NA,0,0,0,NA,NA,NA,NA,NA,-0.007,NA,NA,NA
2026-05-29 03:00:00,"SPF",10.9,10.3,11.6,NA,NA,98.3,12.9,10.7,937.9,NA,1025.1,NA,1558.9,1.1,211,0.6,2.2,4,1.1,4,NA,NA,0,0,0,NA,NA,NA,NA,NA,-0.007,NA,NA,NA
2026-05-29 04:00:00,"SPF",10,9.6,10.6,NA,NA,99.2,12.2,9.9,938,NA,1025.2,NA,1556.9,1.6,211,0.7,2.5,5.8,1.5,5.4,NA,NA,0,0,2,NA,NA,NA,NA,NA,-0.007,NA,NA,NA
2026-05-29 05:00:00,"SPF",10.1,9.9,10.5,NA,NA,99.2,12.3,10,938.2,NA,1025.4,NA,1558.7,2.3,217,0.6,2.2,8.3,2.1,7.6,NA,NA,0,0,65,NA,NA,NA,NA,NA,0.021,NA,NA,NA
2026-05-29 06:00:00,"SPF",12.7,11.1,14.1,NA,NA,91.4,13.4,11.3,938.5,NA,1025.7,NA,1569,1.5,169,0.6,2.2,5.4,1.5,5.4,NA,NA,0,0,239,NA,NA,NA,NA,NA,0.107,NA,NA,NA
2026-05-29 07:00:00,"SPF",15.8,14.6,17.5,NA,NA,72.8,13.1,10.9,938.6,NA,1025.9,NA,1579.5,2.3,90,0.4,1.4,8.3,2.2,7.9,NA,NA,0,0,419,NA,NA,NA,NA,NA,0.225,NA,NA,NA
2026-05-29 08:00:00,"SPF",19.5,18.4,20.4,NA,NA,58.2,13.2,11,938.6,NA,1025.9,NA,1590.8,7.7,33,2.8,10.1,27.7,7.6,27.4,NA,NA,0,0,596,NA,NA,NA,NA,NA,0.375,NA,NA,NA
2026-05-29 09:00:00,"SPF",21.2,20.9,21.4,NA,NA,50,12.6,10.3,938.7,NA,1026,NA,1597.2,9.2,34,4.9,17.6,33.1,9,32.4,NA,NA,0,0,749,NA,NA,NA,NA,NA,0.508,NA,NA,NA
2026-05-29 10:00:00,"SPF",22.1,21.6,22.7,NA,NA,46.2,12.3,10,938.7,NA,1026,NA,1600.1,9.7,20,6,21.6,34.9,9.6,34.6,NA,NA,0,0,856,NA,NA,NA,NA,NA,0.598,NA,NA,NA
2026-05-29 11:00:00,"SPF",23.3,22.8,23.9,NA,NA,42.6,12.2,9.9,938.6,NA,1025.9,NA,1602.7,10.2,26,6.1,22,36.7,10,36,NA,NA,0,0,933,NA,NA,NA,NA,NA,0.672,NA,NA,NA
2026-05-29 12:00:00,"SPF",24.3,23.8,24.7,NA,NA,39.5,12,9.6,938.4,NA,1025.6,NA,1603.5,9.5,20,6,21.6,34.2,9.4,33.8,NA,NA,0,0,951,NA,NA,NA,NA,NA,0.707,NA,NA,NA
2026-05-29 13:00:00,"SPF",25.4,25.1,25.8,NA,NA,33.8,10.9,8.3,938.2,NA,1025.4,NA,1605,8.7,26,5.6,20.2,31.3,8.5,30.6,NA,NA,0,0,927,NA,NA,NA,NA,NA,0.72,NA,NA,NA
2026-05-29 14:00:00,"SPF",26.2,26.1,26.3,NA,NA,25.8,8.8,5.1,937.8,NA,1025,NA,1604.1,10.7,22,6.2,22.3,38.5,10.5,37.8,NA,NA,0,0,858,NA,NA,NA,NA,NA,0.724,NA,NA,NA
2026-05-29 15:00:00,"SPF",26.5,26.3,26.6,NA,NA,24.9,8.6,4.8,937.6,NA,1024.8,NA,1603.1,10.4,27,5.4,19.4,37.4,10.2,36.7,NA,NA,0,0,736,NA,NA,NA,NA,NA,0.636,NA,NA,NA
2026-05-29 16:00:00,"SPF",26.4,26.3,26.6,NA,NA,24.9,8.6,4.7,937.4,NA,1024.6,NA,1601,9.5,27,5.4,19.4,34.2,9.2,33.1,NA,NA,0,0,578,NA,NA,NA,NA,NA,0.536,NA,NA,NA
2026-05-29 17:00:00,"SPF",26,25.7,26.3,NA,NA,23.9,8,3.8,937.1,NA,1024.3,NA,1597.4,7.9,22,4.8,17.3,28.4,7.8,28.1,NA,NA,0,0,401,NA,NA,NA,NA,NA,0.405,NA,NA,NA
2026-05-29 18:00:00,"SPF",24.9,24.2,25.6,NA,NA,26.6,8.4,4.4,937,NA,1024.1,NA,1592.7,7.3,15,4.2,15.1,26.3,7.1,25.6,NA,NA,0,0,218,NA,NA,NA,NA,NA,0.264,NA,NA,NA
2026-05-29 19:00:00,"SPF",22,19,23.8,NA,NA,35.4,9.3,5.9,937,NA,1024.1,NA,1584.1,5.2,14,2,7.2,18.7,5.1,18.4,NA,NA,0,0,39,NA,NA,NA,NA,NA,0.085,NA,NA,NA
2026-05-29 20:00:00,"SPF",17.7,16.9,18.7,NA,NA,51.2,10.3,7.5,937.2,NA,1024.4,NA,1573,1.8,207,0.8,2.9,6.5,1.7,6.1,NA,NA,0,0,0,NA,NA,NA,NA,NA,0.01,NA,NA,NA
2026-05-29 21:00:00,"SPF",14.7,13.8,15.6,NA,NA,63.1,10.5,7.8,937.8,NA,1025,NA,1568.9,2.7,207,1.1,4,9.7,2.6,9.4,NA,NA,0,0,0,NA,NA,NA,NA,NA,0.01,NA,NA,NA
2026-05-29 22:00:00,"SPF",13,12.6,13.9,NA,NA,68,10.2,7.3,937.9,NA,1025.1,NA,1565.2,2.6,214,1.2,4.3,9.4,2.5,9,NA,NA,0,0,0,NA,NA,NA,NA,NA,0.008,NA,NA,NA
2026-05-29 23:00:00,"SPF",11.8,11.3,12.4,NA,NA,72.8,10.1,7.1,938.3,NA,1025.5,NA,1565.1,1.7,219,0.8,2.9,6.1,1.6,5.8,NA,NA,0,0,0,NA,NA,NA,NA,NA,0.001,NA,NA,NA
2026-05-30,"SPF",10.5,10.2,11.3,NA,NA,77.3,9.8,6.7,938.1,NA,1025.3,NA,1559,1.8,203,0.8,2.9,6.5,1.8,6.5,NA,NA,0,0,0,NA,NA,NA,NA,NA,0,NA,NA,NA
2026-05-30 01:00:00,"SPF",9.4,8.9,10,NA,NA,81.2,9.6,6.4,937.9,NA,1025.1,NA,1553.9,2,219,1.3,4.7,7.2,2,7.2,NA,NA,0,0,0,NA,NA,NA,NA,NA,0.002,NA,NA,NA
2026-05-30 02:00:00,"SPF",9.3,9,9.6,NA,NA,81.4,9.5,6.2,937.6,NA,1024.8,NA,1551.1,1.7,203,0.8,2.9,6.1,1.6,5.8,NA,NA,0,0,0,NA,NA,NA,NA,NA,-0.002,NA,NA,NA
2026-05-30 03:00:00,"SPF",8.9,8.3,9.5,NA,NA,82.2,9.4,6,937.3,NA,1024.4,NA,1547.3,2.5,219,1.3,4.7,9,2.5,9,NA,NA,0,0,0,NA,NA,NA,NA,NA,0.001,NA,NA,NA
2026-05-30 04:00:00,"SPF",8.5,8.2,8.6,NA,NA,83.5,9.2,5.8,937,NA,1024.1,NA,1544,2,211,1.2,4.3,7.2,2,7.2,NA,NA,0,0,2,NA,NA,NA,NA,NA,0.001,NA,NA,NA
2026-05-30 05:00:00,"SPF",9.1,8.5,9.9,NA,NA,82.7,9.6,6.3,937,NA,1024.1,NA,1545.3,2.4,218,1.2,4.3,8.6,2.4,8.6,NA,NA,0,0,49,NA,NA,NA,NA,NA,0.028,NA,NA,NA
2026-05-30 06:00:00,"SPF",11.7,10.2,13.5,NA,NA,77.3,10.6,7.8,936.9,NA,1024,NA,1551.8,2.3,214,1.2,4.3,8.3,2.2,7.9,NA,NA,0,0,181,NA,NA,NA,NA,NA,0.09,NA,NA,NA
2026-05-30 07:00:00,"SPF",15.4,14.4,16.5,NA,NA,63.8,11.1,8.6,936.7,NA,1023.8,NA,1561.9,1.3,315,0.5,1.8,4.7,1.3,4.7,NA,NA,0,0,331,NA,NA,NA,NA,NA,0.183,NA,NA,NA
2026-05-30 08:00:00,"SPF",17.9,16.9,19.1,NA,NA,54.4,11.1,8.5,937,NA,1024.1,NA,1571.2,1.9,7,0.9,3.2,6.8,1.8,6.5,NA,NA,0,0,407,NA,NA,NA,NA,NA,0.255,NA,NA,NA
2026-05-30 09:00:00,"SPF",19.7,19.1,20.7,NA,NA,50.4,11.6,9.1,936.9,NA,1024,NA,1576.4,1.7,162,0.7,2.5,6.1,1.6,5.8,NA,NA,0,0,586,NA,NA,NA,NA,NA,0.373,NA,NA,NA
2026-05-30 10:00:00,"SPF",22,20.6,23.5,NA,NA,44.8,11.8,9.5,936.7,NA,1023.8,NA,1581,3,51,1,3.6,10.8,2.9,10.4,NA,NA,0,0,777,NA,NA,NA,NA,NA,0.514,NA,NA,NA
2026-05-30 11:00:00,"SPF",24.6,23.8,25.3,NA,NA,35.1,10.9,8.2,936.3,NA,1023.4,NA,1585.7,6.1,24,2.2,7.9,22,5.9,21.2,NA,NA,0,0,867,NA,NA,NA,NA,NA,0.622,NA,NA,NA
2026-05-30 12:00:00,"SPF",25.6,25,26.2,NA,NA,31.3,10.2,7.2,936,NA,1023.1,NA,1586,6.5,39,3.6,13,23.4,6.4,23,NA,NA,0,0,934,NA,NA,NA,NA,NA,0.702,NA,NA,NA
2026-05-30 13:00:00,"SPF",26.4,26.1,26.8,NA,NA,26.3,9.1,5.5,935.4,NA,1022.4,NA,1582.8,5.7,39,3.4,12.2,20.5,5.6,20.2,NA,NA,0,0,915,NA,NA,NA,NA,NA,0.705,NA,NA,NA
2026-05-30 14:00:00,"SPF",27,26.6,27.3,NA,NA,28,10,7,934.9,NA,1021.9,NA,1579.9,6.9,46,3.3,11.9,24.8,6.7,24.1,NA,NA,0,0,884,NA,NA,NA,NA,NA,0.687,NA,NA,NA
2026-05-30 15:00:00,"SPF",26.9,26.8,26.9,NA,NA,28.2,10,6.9,934.5,NA,1021.5,NA,1575.9,7.5,28,4.4,15.8,27,7.3,26.3,NA,NA,0,0,706,NA,NA,NA,NA,NA,0.591,NA,NA,NA
2026-05-30 16:00:00,"SPF",26.9,26.7,27,NA,NA,28.1,9.9,6.9,934.1,NA,1021,NA,1572.2,6.1,16,3.7,13.3,22,6,21.6,NA,NA,0,0,543,NA,NA,NA,NA,NA,0.467,NA,NA,NA
2026-05-30 17:00:00,"SPF",26.3,26.1,26.7,NA,NA,26.4,9,5.5,933.8,NA,1020.7,NA,1567.8,6.3,15,3.5,12.6,22.7,6.1,22,NA,NA,0,0,318,NA,NA,NA,NA,NA,0.326,NA,NA,NA
2026-05-30 18:00:00,"SPF",25.4,24.1,26,NA,NA,29.7,9.6,6.3,933.7,NA,1020.6,NA,1564,5,11,2.7,9.7,18,4.9,17.6,NA,NA,0,0,175,NA,NA,NA,NA,NA,0.196,NA,NA,NA
2026-05-30 19:00:00,"SPF",21.5,18.6,23.6,NA,NA,46.4,11.7,9.2,933.9,NA,1020.8,NA,1554.6,2.3,243,0.9,3.2,8.3,2.2,7.9,NA,NA,0,0,49,NA,NA,NA,NA,NA,0.033,NA,NA,NA
2026-05-30 20:00:00,"SPF",17.9,16,18.6,NA,NA,60.1,12.3,10,934.2,NA,1021.1,NA,1546.5,2.7,210,1.5,5.4,9.7,2.6,9.4,NA,NA,0,0,1,NA,NA,NA,NA,NA,0.019,NA,NA,NA
2026-05-30 21:00:00,"SPF",15.9,14.1,16.8,NA,NA,62.9,11.3,8.8,934.5,NA,1021.5,NA,1543.5,2.5,214,1.2,4.3,9,2.4,8.6,NA,NA,0,0,0,NA,NA,NA,NA,NA,0.012,NA,NA,NA
2026-05-30 22:00:00,"SPF",14.1,13.7,14.7,NA,NA,69.2,11.1,8.6,934.6,NA,1021.6,NA,1538.9,2.7,208,1.5,5.4,9.7,2.7,9.7,NA,NA,0,0,0,NA,NA,NA,NA,NA,0.011,NA,NA,NA
2026-05-30 23:00:00,"SPF",13.5,12.7,14.1,NA,NA,72.4,11.1,8.6,934.4,NA,1021.4,NA,1535.7,2.7,207,1.6,5.8,9.7,2.6,9.4,NA,NA,0,0,0,NA,NA,NA,NA,NA,0.01,NA,NA,NA
2026-05-31,"SPF",12.4,12,12.8,NA,NA,78.2,11.3,8.7,934.2,NA,1021.1,NA,1530.7,2.9,214,1.5,5.4,10.4,2.8,10.1,NA,NA,0,0,0,NA,NA,NA,NA,NA,0.005,NA,NA,NA
2026-05-31 01:00:00,"SPF",12.7,12.2,13.3,NA,NA,75.9,11.1,8.6,933.9,NA,1020.8,NA,1528.6,3.4,205,1.9,6.8,12.2,3.3,11.9,NA,NA,0,0,0,NA,NA,NA,NA,NA,0.01,NA,NA,NA
2026-05-31 02:00:00,"SPF",12.4,11.8,12.8,NA,NA,76.6,11,8.4,933.4,NA,1020.3,NA,1523.9,3.1,207,2.1,7.6,11.2,3.1,11.2,NA,NA,0,0,0,NA,NA,NA,NA,NA,0.01,NA,NA,NA
2026-05-31 03:00:00,"SPF",12.4,12.1,12.6,NA,NA,75.8,10.9,8.2,933.3,NA,1020.2,NA,1522.7,3.2,208,2.2,7.9,11.5,3.1,11.2,NA,NA,0,0,0,NA,NA,NA,NA,NA,0.012,NA,NA,NA
2026-05-31 04:00:00,"SPF",11.6,10.8,12.1,NA,NA,79.8,10.9,8.2,933.2,NA,1020.1,NA,1519.8,3.1,214,1.8,6.5,11.2,3.1,11.2,NA,NA,0,0,2,NA,NA,NA,NA,NA,0.007,NA,NA,NA
2026-05-31 05:00:00,"SPF",12.2,11.2,13.3,NA,NA,79.4,11.3,8.8,933.1,NA,1019.9,NA,1520.1,2.9,213,1.7,6.1,10.4,2.7,9.7,NA,NA,0,0,79,NA,NA,NA,NA,NA,0.038,NA,NA,NA
2026-05-31 06:00:00,"SPF",16,14.5,17,NA,NA,66,12,9.6,933.2,NA,1020.1,NA,1532.1,4.4,204,2.3,8.3,15.8,4.3,15.5,NA,NA,0,0,215,NA,NA,NA,NA,NA,0.132,NA,NA,NA
2026-05-31 07:00:00,"SPF",18.3,17.2,20,NA,NA,61,12.8,10.6,933.3,NA,1020.2,NA,1539.9,3.7,198,2.3,8.3,13.3,3.6,13,NA,NA,0,0,312,NA,NA,NA,NA,NA,0.209,NA,NA,NA
2026-05-31 08:00:00,"SPF",22.6,20.6,23.8,NA,NA,48.3,13.1,11,933.1,NA,1019.9,NA,1549.7,6.9,207,3,10.8,24.8,6.5,23.4,NA,NA,0,0,556,NA,NA,NA,NA,NA,0.397,NA,NA,NA
2026-05-31 09:00:00,"SPF",24.3,24,24.6,NA,NA,43,13.1,10.9,932.9,NA,1019.7,NA,1553,6.6,208,3.7,13.3,23.8,6.5,23.4,NA,NA,0,0,678,NA,NA,NA,NA,NA,0.512,NA,NA,NA
2026-05-31 10:00:00,"SPF",25.3,25,25.8,NA,NA,40.5,13.1,11,932.5,NA,1019.3,NA,1553,8.2,225,4.2,15.1,29.5,8,28.8,NA,NA,0,0,826,NA,NA,NA,NA,NA,0.626,NA,NA,NA
2026-05-31 11:00:00,"SPF",25.9,25.6,26.3,NA,NA,39.2,13.1,11,932.2,NA,1019,NA,1551.5,7.5,250,3.3,11.9,27,7.4,26.6,NA,NA,0,0,858,NA,NA,NA,NA,NA,0.646,NA,NA,NA
2026-05-31 12:00:00,"SPF",26.1,25.8,26.4,NA,NA,36.2,12.2,9.9,931.7,NA,1018.4,NA,1546.9,7.1,239,2.8,10.1,25.6,6.6,23.8,NA,NA,0,0,782,NA,NA,NA,NA,NA,0.601,NA,NA,NA
2026-05-31 13:00:00,"SPF",26.5,26,26.8,NA,NA,33.8,11.7,9.3,931.1,NA,1017.8,NA,1542.9,7.4,273,2.6,9.4,26.6,7.3,26.3,NA,NA,0,0,795,NA,NA,NA,NA,NA,0.609,NA,NA,NA
2026-05-31 14:00:00,"SPF",24.9,24,25.5,NA,NA,37.8,11.9,9.5,930.9,NA,1017.6,NA,1536.4,5.9,275,2.7,9.7,21.2,5.8,20.9,NA,NA,0,0,158,NA,NA,NA,NA,NA,0.224,NA,NA,NA
2026-05-31 15:00:00,"SPF",23.8,23.3,24.4,NA,NA,49.9,14.7,12.7,931,NA,1017.7,NA,1534.7,7.8,252,2.6,9.4,28.1,7.7,27.7,NA,NA,0,0,371,NA,NA,NA,NA,NA,0.31,NA,NA,NA
2026-05-31 16:00:00,"SPF",23.1,22,24.2,NA,NA,54.1,15.2,13.3,931.2,NA,1017.9,NA,1534.4,7.7,326,3.2,11.5,27.7,7.6,27.4,NA,NA,0,0,141,NA,NA,NA,NA,NA,0.182,NA,NA,NA
2026-05-31 17:00:00,"SPF",20.6,20,21.7,NA,NA,66,16,14.1,931.8,NA,1018.6,NA,1533.1,6.7,336,2.9,10.4,24.1,6.6,23.8,NA,NA,0,0,63,NA,NA,NA,NA,NA,0.105,NA,NA,NA
2026-05-31 18:00:00,"SPF",19.9,19.8,20.1,NA,NA,70.1,16.3,14.3,932.2,NA,1019,NA,1534.1,5.6,53,3.1,11.2,20.2,5.5,19.8,NA,NA,0,0,144,NA,NA,NA,NA,NA,0.118,NA,NA,NA
2026-05-31 19:00:00,"SPF",19.2,18.7,19.9,NA,NA,71.6,16,14,932.5,NA,1019.3,NA,1535.3,5.7,7,2.8,10.1,20.5,5.6,20.2,NA,NA,0,0,19,NA,NA,NA,NA,NA,0.06,NA,NA,NA
2026-05-31 20:00:00,"SPF",17.3,15.9,18.3,NA,NA,77.1,15.2,13.2,933.1,NA,1020,NA,1535.1,7.5,41,3.9,14,27,7.2,25.9,NA,NA,1.7,0,0,NA,NA,NA,NA,NA,0.023,NA,NA,NA
2026-05-31 21:00:00,"SPF",15.3,15.1,15.6,NA,NA,96.4,16.7,14.7,933.9,NA,1020.8,NA,1536.1,4.3,288,1.6,5.8,15.5,4.2,15.1,NA,NA,1,0,0,NA,NA,NA,NA,NA,-0.004,NA,NA,NA
2026-05-31 22:00:00,"SPF",14.8,14.7,14.9,NA,NA,98.8,16.6,14.6,934.2,NA,1021.1,NA,1537.3,3.9,184,1.6,5.8,14,3.9,14,NA,NA,0.2,0,0,NA,NA,NA,NA,NA,-0.006,NA,NA,NA
2026-05-31 23:00:00,"SPF",14.2,14,14.5,NA,NA,98.5,16,14,933.9,NA,1020.8,NA,1533.2,3.6,197,1.4,5,13,3.5,12.6,NA,NA,0,0,0,NA,NA,NA,NA,NA,-0.006,NA,NA,NA
2026-06-01,"SPF",14.1,14,14.2,NA,NA,99.2,15.9,14,933.6,NA,1020.5,NA,1529.8,1.6,221,0.9,3.2,5.8,1.6,5.8,NA,NA,0,0,0,NA,NA,NA,NA,NA,-0.007,NA,NA,NA
2026-06-01 01:00:00,"SPF",13.9,13.8,14.1,NA,NA,99.3,15.7,13.8,933.2,NA,1020.1,NA,1526.2,1.5,220,0.8,2.9,5.4,1.4,5,NA,NA,0,0,0,NA,NA,NA,NA,NA,-0.008,NA,NA,NA
2026-06-01 02:00:00,"SPF",13.8,13.8,13.9,NA,NA,99.3,15.7,13.7,933.1,NA,1020,NA,1525,1.6,207,0.7,2.5,5.8,1.6,5.8,NA,NA,0,0,0,NA,NA,NA,NA,NA,-0.008,NA,NA,NA
2026-06-01 03:00:00,"SPF",13.9,13.8,14,NA,NA,99.3,15.8,13.8,933,NA,1019.8,NA,1524.5,1.7,297,0.9,3.2,6.1,1.7,6.1,NA,NA,0.6,0,0,NA,NA,NA,NA,NA,-0.007,NA,NA,NA
2026-06-01 04:00:00,"SPF",13.8,13.7,13.9,NA,NA,99.3,15.7,13.7,933.1,NA,1019.9,NA,1524.5,1.1,225,0.6,2.2,4,1.1,4,NA,NA,0,0,2,NA,NA,NA,NA,NA,-0.007,NA,NA,NA
2026-06-01 05:00:00,"SPF",13.9,13.8,13.9,NA,NA,99.3,15.8,13.8,933.4,NA,1020.3,NA,1527.4,2,193,1,3.6,7.2,2,7.2,NA,NA,0,0,17,NA,NA,NA,NA,NA,0.019,NA,NA,NA
2026-06-01 06:00:00,"SPF",14.3,14,14.4,NA,NA,96.5,15.7,13.7,933.6,NA,1020.5,NA,1530.7,2,207,0.7,2.5,7.2,1.9,6.8,NA,NA,0,0,78,NA,NA,NA,NA,NA,0.049,NA,NA,NA
2026-06-01 07:00:00,"SPF",14.9,14.6,15.3,NA,NA,89.4,15.1,13.1,933.7,NA,1020.6,NA,1533.4,2.3,196,0.8,2.9,8.3,2.2,7.9,NA,NA,0,0,175,NA,NA,NA,NA,NA,0.105,NA,NA,NA
2026-06-01 08:00:00,"SPF",16.2,15.3,17.2,NA,NA,76.9,14.1,12.1,933.7,NA,1020.6,NA,1536.9,3,130,1,3.6,10.8,2.9,10.4,NA,NA,0,0,447,NA,NA,NA,NA,NA,0.259,NA,NA,NA
2026-06-01 09:00:00,"SPF",17.5,17.2,17.7,NA,NA,63.5,12.7,10.5,933.6,NA,1020.5,NA,1540,4.6,243,1.8,6.5,16.6,4.4,15.8,NA,NA,0,0,550,NA,NA,NA,NA,NA,0.339,NA,NA,NA
2026-06-01 10:00:00,"SPF",18.4,17.7,19,NA,NA,61.1,12.9,10.7,933.4,NA,1020.3,NA,1540.5,3.8,131,1.6,5.8,13.7,3.8,13.7,NA,NA,0,0,709,NA,NA,NA,NA,NA,0.439,NA,NA,NA
2026-06-01 11:00:00,"SPF",19.6,19.2,19.9,NA,NA,55.9,12.7,10.6,933.1,NA,1019.9,NA,1541.2,3.3,315,1.2,4.3,11.9,3.3,11.9,NA,NA,0,0,964,NA,NA,NA,NA,NA,0.607,NA,NA,NA
2026-06-01 12:00:00,"SPF",20,19.6,20.9,NA,NA,55.7,13,10.9,932.7,NA,1019.5,NA,1539.3,5.9,34,2.1,7.6,21.2,5.7,20.5,NA,NA,0,0,615,NA,NA,NA,NA,NA,0.415,NA,NA,NA
2026-06-01 13:00:00,"SPF",20.6,20,21.3,NA,NA,53.6,13,10.9,932.3,NA,1019.1,NA,1536.9,6.8,25,3.1,11.2,24.5,6.6,23.8,NA,NA,0,0,744,NA,NA,NA,NA,NA,0.496,NA,NA,NA
2026-06-01 14:00:00,"SPF",21.6,21.4,21.8,NA,NA,49.6,12.8,10.6,931.8,NA,1018.6,NA,1535.6,7.3,23,3.3,11.9,26.3,7,25.2,NA,NA,0,0,934,NA,NA,NA,NA,NA,0.619,NA,NA,NA
2026-06-01 15:00:00,"SPF",21.8,21.6,22,NA,NA,48.4,12.6,10.5,931.4,NA,1018.1,NA,1532,6.8,19,3,10.8,24.5,6.6,23.8,NA,NA,0,0,759,NA,NA,NA,NA,NA,0.511,NA,NA,NA
2026-06-01 16:00:00,"SPF",21.6,21.3,21.9,NA,NA,48,12.4,10.1,930.8,NA,1017.5,NA,1526.3,7.2,11,3.2,11.5,25.9,7.1,25.6,NA,NA,0,0,510,NA,NA,NA,NA,NA,0.365,NA,NA,NA
2026-06-01 17:00:00,"SPF",21.3,21.1,21.6,NA,NA,48.9,12.4,10.1,930.3,NA,1016.9,NA,1520.7,6.3,15,4,14.4,22.7,6.1,22,NA,NA,0,0,403,NA,NA,NA,NA,NA,0.301,NA,NA,NA
2026-06-01 18:00:00,"SPF",20.9,20.6,21.1,NA,NA,50.5,12.5,10.2,930,NA,1016.6,NA,1517,5.6,14,3.5,12.6,20.2,5.4,19.4,NA,NA,0,0,234,NA,NA,NA,NA,NA,0.187,NA,NA,NA
2026-06-01 19:00:00,"SPF",19.2,18.6,20.1,NA,NA,57.2,12.7,10.5,929.8,NA,1016.4,NA,1510.7,4.4,8,2.3,8.3,15.8,4.3,15.5,NA,NA,0,0,41,NA,NA,NA,NA,NA,0.066,NA,NA,NA
2026-06-01 20:00:00,"SPF",16.8,15.6,18.5,NA,NA,70.8,13.5,11.4,929.9,NA,1016.5,NA,1505.2,1.8,214,0.8,2.9,6.5,1.7,6.1,NA,NA,0,0,1,NA,NA,NA,NA,NA,0.003,NA,NA,NA
2026-06-01 21:00:00,"SPF",14.9,13.9,15.6,NA,NA,80.9,13.7,11.6,930.3,NA,1016.9,NA,1502.7,1.9,217,0.7,2.5,6.8,1.9,6.8,NA,NA,0,0,0,NA,NA,NA,NA,NA,-0.002,NA,NA,NA
2026-06-01 22:00:00,"SPF",14.1,14,14.3,NA,NA,84.8,13.7,11.6,930.2,NA,1016.8,NA,1499.7,1.3,207,0.7,2.5,4.7,1.3,4.7,NA,NA,0,0,0,NA,NA,NA,NA,NA,-0.003,NA,NA,NA
2026-06-01 23:00:00,"SPF",13.5,13.3,13.7,NA,NA,89.4,13.8,11.7,929.8,NA,1016.4,NA,1494.3,1.5,211,0.6,2.2,5.4,1.5,5.4,NA,NA,0,0,0,NA,NA,NA,NA,NA,-0.005,NA,NA,NA
2026-06-02,"SPF",12.5,11.9,12.8,NA,NA,92.5,13.4,11.3,929.3,NA,1015.9,NA,1487.9,1.9,207,1.2,4.3,6.8,1.9,6.8,NA,NA,0,0,0,NA,NA,NA,NA,NA,-0.004,NA,NA,NA
2026-06-02 01:00:00,"SPF",11.5,11.4,11.8,NA,NA,96.5,13.1,11,928.9,NA,1015.4,NA,1481,2.3,222,1.4,5,8.3,2.2,7.9,NA,NA,0,0,0,NA,NA,NA,NA,NA,-0.005,NA,NA,NA
2026-06-02 02:00:00,"SPF",11.3,11.2,11.4,NA,NA,97.7,13.1,11,928.4,NA,1014.9,NA,1476,2.4,212,1.4,5,8.6,2.4,8.6,NA,NA,0,0,0,NA,NA,NA,NA,NA,-0.005,NA,NA,NA
2026-06-02 03:00:00,"SPF",11,10.8,11.1,NA,NA,99.2,13,10.9,927.9,NA,1014.4,NA,1471.3,1.7,214,1.1,4,6.1,1.7,6.1,NA,NA,0,0,0,NA,NA,NA,NA,NA,-0.007,NA,NA,NA
2026-06-02 04:00:00,"SPF",10.6,10.3,11,NA,NA,99.2,12.7,10.5,927.5,NA,1013.9,NA,1466.3,2.6,210,1.4,5,9.4,2.5,9,NA,NA,0,0,2,NA,NA,NA,NA,NA,-0.006,NA,NA,NA
2026-06-02 05:00:00,"SPF",11.6,11.1,12,NA,NA,97.6,13.3,11.2,927.5,NA,1013.9,NA,1469.1,3.2,214,1.6,5.8,11.5,3.2,11.5,NA,NA,0,0,40,NA,NA,NA,NA,NA,0.022,NA,NA,NA
2026-06-02 06:00:00,"SPF",12.8,12.1,13.3,NA,NA,94.9,14,12,927.2,NA,1013.6,NA,1469.7,1.8,214,1.1,4,6.5,1.8,6.5,NA,NA,0,0,108,NA,NA,NA,NA,NA,0.059,NA,NA,NA
2026-06-02 07:00:00,"SPF",15.5,13.9,17.3,NA,NA,82.1,14.4,12.4,926.9,NA,1013.3,NA,1474.5,2.9,204,1.4,5,10.4,2.9,10.4,NA,NA,0,0,365,NA,NA,NA,NA,NA,0.197,NA,NA,NA
2026-06-02 08:00:00,"SPF",18.6,18.4,18.7,NA,NA,64.7,13.8,11.8,926.8,NA,1013.2,NA,1481.3,3.2,201,1.4,5,11.5,3.1,11.2,NA,NA,0,0,271,NA,NA,NA,NA,NA,0.19,NA,NA,NA
2026-06-02 09:00:00,"SPF",18.3,17.9,18.8,NA,NA,66.6,14,12,927,NA,1013.4,NA,1482.4,4.4,205,2.4,8.6,15.8,4.3,15.5,NA,NA,0,0,199,NA,NA,NA,NA,NA,0.166,NA,NA,NA
2026-06-02 10:00:00,"SPF",18.6,18.1,18.9,NA,NA,65,13.9,11.9,926.6,NA,1012.9,NA,1479.6,6,196,2.8,10.1,21.6,5.8,20.9,NA,NA,0.1,0,323,NA,NA,NA,NA,NA,0.24,NA,NA,NA
2026-06-02 11:00:00,"SPF",21,19.8,21.9,NA,NA,56.9,14.1,12.1,925.6,NA,1011.9,NA,1477.1,7.2,209,2.8,10.1,25.9,7,25.2,NA,NA,0,0,973,NA,NA,NA,NA,NA,0.627,NA,NA,NA
2026-06-02 12:00:00,"SPF",22.7,22.5,22.8,NA,NA,48.5,13.3,11.2,924.9,NA,1011.2,NA,1475,8.5,235,3.7,13.3,30.6,8.3,29.9,NA,NA,0,0,914,NA,NA,NA,NA,NA,0.626,NA,NA,NA
2026-06-02 13:00:00,"SPF",20.6,18.1,21.9,NA,NA,56.9,13.7,11.6,924.2,NA,1010.4,NA,1463.4,9.2,234,4.1,14.8,33.1,8.8,31.7,NA,NA,0.8,4,209,NA,NA,NA,NA,NA,0.223,NA,NA,NA
2026-06-02 14:00:00,"SPF",15.9,14.1,17.8,NA,NA,83.1,15,13,925.3,NA,1011.6,NA,1460.8,17.1,207,4.5,16.2,61.6,16.1,58,NA,NA,4.4,7,47,NA,NA,NA,NA,NA,0.072,NA,NA,NA
2026-06-02 15:00:00,"SPF",14.2,14,14.5,NA,NA,92.6,15,13.1,926.1,NA,1012.4,NA,1463.7,8.4,212,3.1,11.2,30.2,8,28.8,NA,NA,2.4,0,63,NA,NA,NA,NA,NA,0.055,NA,NA,NA
2026-06-02 16:00:00,"SPF",14.4,14.3,14.7,NA,NA,98.9,16.3,14.3,925.9,NA,1012.2,NA,1462.1,2.5,225,1,3.6,9,2.5,9,NA,NA,1.1,0,65,NA,NA,NA,NA,NA,0.05,NA,NA,NA
2026-06-02 17:00:00,"SPF",13.9,13,14.5,NA,NA,94.5,15.1,13,926.9,NA,1013.2,NA,1469.8,11.9,205,4.2,15.1,42.8,11.6,41.8,NA,NA,7.3,2,21,NA,NA,NA,NA,NA,0.033,NA,NA,NA
2026-06-02 18:00:00,"SPF",12.7,12.2,13,NA,NA,84.9,12.4,10.2,927.3,NA,1013.7,NA,1470.3,10.2,220,4.4,15.8,36.7,10.2,36.7,NA,NA,1.4,0,28,NA,NA,NA,NA,NA,0.05,NA,NA,NA
2026-06-02 19:00:00,"SPF",12.2,11.8,12.4,NA,NA,89.1,12.6,10.4,927.5,NA,1013.9,NA,1471,7.1,226,3.2,11.5,25.6,6.6,23.8,NA,NA,0,0,16,NA,NA,NA,NA,NA,0.029,NA,NA,NA
2026-06-02 20:00:00,"SPF",11.9,11.7,13,NA,NA,91.3,12.7,10.5,927.8,NA,1014.2,NA,1472.5,8.7,236,2.9,10.4,31.3,8.4,30.2,NA,NA,0,0,1,NA,NA,NA,NA,NA,0.002,NA,NA,NA
2026-06-02 21:00:00,"SPF",11.8,11,12.8,NA,NA,85.6,11.8,9.4,928.3,NA,1014.8,NA,1476.4,7.6,211,2.6,9.4,27.4,7.2,25.9,NA,NA,0,0,0,NA,NA,NA,NA,NA,0.006,NA,NA,NA
2026-06-02 22:00:00,"SPF",10.7,10.4,11.3,NA,NA,97.8,12.6,10.4,928.1,NA,1014.6,NA,1472.4,3.2,203,1.7,6.1,11.5,3.2,11.5,NA,NA,0,0,0,NA,NA,NA,NA,NA,-0.005,NA,NA,NA
2026-06-02 23:00:00,"SPF",11.1,10.3,11.5,NA,NA,97.2,12.8,10.6,927.9,NA,1014.4,NA,1470.9,3.9,198,1.9,6.8,14,3.9,14,NA,NA,0.1,5,0,NA,NA,NA,NA,NA,-0.004,NA,NA,NA
2026-06-03,"SPF",11.2,10.6,12.1,NA,NA,87.4,11.6,9.2,929,NA,1015.6,NA,1481.6,9,210,4,14.4,32.4,8.9,32,NA,NA,4.7,2,0,NA,NA,NA,NA,NA,0.008,NA,NA,NA
2026-06-03 01:00:00,"SPF",10.1,9.8,10.4,NA,NA,96.9,11.9,9.6,929,NA,1015.5,NA,1477.9,3.7,230,1.8,6.5,13.3,3.6,13,NA,NA,3.6,0,0,NA,NA,NA,NA,NA,-0.004,NA,NA,NA
2026-06-03 02:00:00,"SPF",9.9,9.8,10.2,NA,NA,99.1,12.1,9.8,928.8,NA,1015.3,NA,1476.1,4.9,180,1.5,5.4,17.6,4.7,16.9,NA,NA,3.2,0,0,NA,NA,NA,NA,NA,-0.006,NA,NA,NA
2026-06-03 03:00:00,"SPF",10.2,10.1,10.3,NA,NA,98,12.2,9.9,928.9,NA,1015.4,NA,1477.8,4.2,231,1.7,6.1,15.1,4.2,15.1,NA,NA,1.2,0,0,NA,NA,NA,NA,NA,-0.005,NA,NA,NA
2026-06-03 04:00:00,"SPF",10.2,10,10.4,NA,NA,95.7,11.9,9.6,929,NA,1015.6,NA,1478.9,4.3,195,2.3,8.3,15.5,4.1,14.8,NA,NA,0.2,0,0,NA,NA,NA,NA,NA,-0.002,NA,NA,NA
2026-06-03 05:00:00,"SPF",10.2,10,10.4,NA,NA,96.7,12,9.7,929.3,NA,1015.9,NA,1481.5,3.6,207,1.4,5,13,3.5,12.6,NA,NA,0.6,0,4,NA,NA,NA,NA,NA,0.019,NA,NA,NA
2026-06-03 06:00:00,"SPF",10.7,10.4,10.9,NA,NA,96.4,12.4,10.1,929.6,NA,1016.2,NA,1485,3.8,209,1.4,5,13.7,3.7,13.3,NA,NA,0,0,37,NA,NA,NA,NA,NA,0.031,NA,NA,NA
2026-06-03 07:00:00,"SPF",11.3,11.1,11.6,NA,NA,92.7,12.4,10.2,929.7,NA,1016.3,NA,1487.7,7.2,208,1.8,6.5,25.9,7.1,25.6,NA,NA,2.7,0,71,NA,NA,NA,NA,NA,0.051,NA,NA,NA
2026-06-03 08:00:00,"SPF",11.4,11,11.7,NA,NA,86.1,11.6,9.2,930.1,NA,1016.7,NA,1491.3,6.9,201,3.3,11.9,24.8,6.6,23.8,NA,NA,0.2,0,83,NA,NA,NA,NA,NA,0.068,NA,NA,NA
2026-06-03 09:00:00,"SPF",12.3,11.7,12.8,NA,NA,78,11.2,8.6,930.1,NA,1016.7,NA,1494.1,8.5,196,4.1,14.8,30.6,8,28.8,NA,NA,0,0,214,NA,NA,NA,NA,NA,0.139,NA,NA,NA
2026-06-03 10:00:00,"SPF",12.6,11.8,13.7,NA,NA,79.6,11.6,9.2,930.4,NA,1017.1,NA,1497.9,8.8,199,4.1,14.8,31.7,8.4,30.2,NA,NA,0.2,0,375,NA,NA,NA,NA,NA,0.205,NA,NA,NA
2026-06-03 11:00:00,"SPF",13.6,13,14.7,NA,NA,77.1,12,9.6,930.4,NA,1017,NA,1499.9,6.6,194,3.7,13.3,23.8,6.4,23,NA,NA,0,0,569,NA,NA,NA,NA,NA,0.303,NA,NA,NA
2026-06-03 12:00:00,"SPF",15.6,15.1,16.4,NA,NA,69.7,12.3,10.1,930,NA,1016.6,NA,1502.5,8.5,202,4.1,14.8,30.6,8.2,29.5,NA,NA,0,0,984,NA,NA,NA,NA,NA,0.524,NA,NA,NA
2026-06-03 13:00:00,"SPF",17,16.7,17.4,NA,NA,60.6,11.7,9.3,929.7,NA,1016.3,NA,1503.5,8.7,230,4.3,15.5,31.3,8.4,30.2,NA,NA,0,0,912,NA,NA,NA,NA,NA,0.521,NA,NA,NA
2026-06-03 14:00:00,"SPF",17,16.2,17.6,NA,NA,59.1,11.5,8.9,929.5,NA,1016.1,NA,1501.7,7,233,3.5,12.6,25.2,6.8,24.5,NA,NA,0,1,633,NA,NA,NA,NA,NA,0.39,NA,NA,NA
2026-06-03 15:00:00,"SPF",17.4,17.1,17.8,NA,NA,53.6,10.7,7.9,929.1,NA,1015.6,NA,1499,7.8,249,3.7,13.3,28.1,7.7,27.7,NA,NA,0,0,502,NA,NA,NA,NA,NA,0.335,NA,NA,NA
2026-06-03 16:00:00,"SPF",17.6,17.4,17.9,NA,NA,52.9,10.6,7.8,928.9,NA,1015.5,NA,1498.1,8.9,243,3.5,12.6,32,8.7,31.3,NA,NA,0,2,476,NA,NA,NA,NA,NA,0.312,NA,NA,NA
2026-06-03 17:00:00,"SPF",17.7,17.6,17.9,NA,NA,51.3,10.4,7.5,928.8,NA,1015.3,NA,1497.5,7.5,234,3.3,11.9,27,7.3,26.3,NA,NA,0,0,429,NA,NA,NA,NA,NA,0.272,NA,NA,NA
2026-06-03 18:00:00,"SPF",17.1,16.9,17.4,NA,NA,52.1,10.2,7.2,928.8,NA,1015.3,NA,1495.9,7.3,232,3,10.8,26.3,7.2,25.9,NA,NA,0,0,240,NA,NA,NA,NA,NA,0.16,NA,NA,NA
2026-06-03 19:00:00,"SPF",14.7,12.9,16.5,NA,NA,67.7,11.2,8.6,928.8,NA,1015.3,NA,1489,5.8,202,2.3,8.3,20.9,5.7,20.5,NA,NA,0,0,43,NA,NA,NA,NA,NA,0.047,NA,NA,NA
2026-06-03 20:00:00,"SPF",12.6,12.4,12.8,NA,NA,80.3,11.7,9.3,928.9,NA,1015.4,NA,1484.4,5.7,186,3.2,11.5,20.5,5.5,19.8,NA,NA,0,0,1,NA,NA,NA,NA,NA,0.013,NA,NA,NA
2026-06-03 21:00:00,"SPF",11.9,11.6,12.4,NA,NA,80.1,11.2,8.6,929.1,NA,1015.7,NA,1484.5,6.3,186,3.7,13.3,22.7,6.2,22.3,NA,NA,0,0,0,NA,NA,NA,NA,NA,0.015,NA,NA,NA
2026-06-03 22:00:00,"SPF",11.3,11,11.6,NA,NA,81.8,11,8.3,929.1,NA,1015.6,NA,1482.2,7.2,202,3.3,11.9,25.9,7.1,25.6,NA,NA,0,0,0,NA,NA,NA,NA,NA,0.011,NA,NA,NA
2026-06-03 23:00:00,"SPF",11.5,11.1,11.9,NA,NA,78.3,10.6,7.9,928.6,NA,1015.1,NA,1479,8.2,202,3.9,14,29.5,8.1,29.2,NA,NA,0,0,0,NA,NA,NA,NA,NA,0.016,NA,NA,NA
2026-06-04,"SPF",11,10.4,11.5,NA,NA,82.1,10.8,8.1,927.8,NA,1014.3,NA,1470.4,4.8,219,2.3,8.3,17.3,4.7,16.9,NA,NA,0,0,0,NA,NA,NA,NA,NA,0.007,NA,NA,NA
2026-06-04 01:00:00,"SPF",9.5,9.2,10.2,NA,NA,90.7,10.7,8.1,927.3,NA,1013.7,NA,1462.1,3.4,212,1.4,5,12.2,3.3,11.9,NA,NA,0,0,0,NA,NA,NA,NA,NA,-0.002,NA,NA,NA
2026-06-04 02:00:00,"SPF",8.7,8,9.2,NA,NA,94.1,10.6,7.8,927.1,NA,1013.5,NA,1458,1.7,225,0.8,2.9,6.1,1.7,6.1,NA,NA,0,0,0,NA,NA,NA,NA,NA,-0.005,NA,NA,NA
2026-06-04 03:00:00,"SPF",8.3,8.1,8.6,NA,NA,98.6,10.8,8.1,926.7,NA,1013.1,NA,1453.1,2,219,0.8,2.9,7.2,2,7.2,NA,NA,0,0,0,NA,NA,NA,NA,NA,-0.007,NA,NA,NA
2026-06-04 04:00:00,"SPF",8.4,8.1,8.6,NA,NA,97.5,10.7,8,926.5,NA,1012.8,NA,1451.4,2.2,225,0.8,2.9,7.9,2.1,7.6,NA,NA,0,0,4,NA,NA,NA,NA,NA,-0.005,NA,NA,NA
2026-06-04 05:00:00,"SPF",9,8.1,9.8,NA,NA,97.9,11.2,8.7,926.6,NA,1012.9,NA,1453.9,2.6,209,1.2,4.3,9.4,2.6,9.4,NA,NA,0,0,71,NA,NA,NA,NA,NA,0.023,NA,NA,NA
2026-06-04 06:00:00,"SPF",11,10.3,11.8,NA,NA,88.9,11.7,9.3,926.3,NA,1012.6,NA,1457,3.6,222,1.3,4.7,13,3.5,12.6,NA,NA,0,0,137,NA,NA,NA,NA,NA,0.069,NA,NA,NA
2026-06-04 07:00:00,"SPF",13.6,12.1,15.1,NA,NA,76.8,12,9.6,926.5,NA,1012.8,NA,1465.4,4.8,207,1.8,6.5,17.3,4.7,16.9,NA,NA,0,0,296,NA,NA,NA,NA,NA,0.162,NA,NA,NA
2026-06-04 08:00:00,"SPF",16.7,15.4,17.4,NA,NA,59.2,11.2,8.6,925.8,NA,1012.1,NA,1467.3,3.3,228,1.4,5,11.9,3.2,11.5,NA,NA,0,0,434,NA,NA,NA,NA,NA,0.266,NA,NA,NA
2026-06-04 09:00:00,"SPF",17.8,17.3,18.2,NA,NA,54.6,11.1,8.5,925,NA,1011.2,NA,1462.9,3.8,212,1.6,5.8,13.7,3.7,13.3,NA,NA,0,0,448,NA,NA,NA,NA,NA,0.295,NA,NA,NA
2026-06-04 10:00:00,"SPF",18.9,18.6,19.1,NA,NA,54.3,11.8,9.4,925.1,NA,1011.4,NA,1466.7,6.5,249,2.6,9.4,23.4,6.3,22.7,NA,NA,0,0,649,NA,NA,NA,NA,NA,0.422,NA,NA,NA
2026-06-04 11:00:00,"SPF",18.7,18.5,19,NA,NA,55.2,11.9,9.5,924.9,NA,1011.1,NA,1464.3,6.7,243,3.3,11.9,24.1,6.6,23.8,NA,NA,0,0,495,NA,NA,NA,NA,NA,0.349,NA,NA,NA
2026-06-04 12:00:00,"SPF",18.2,18.1,18.3,NA,NA,58.5,12.2,9.9,925.2,NA,1011.5,NA,1466.1,8.6,232,3.9,14,31,8.2,29.5,NA,NA,0,0,385,NA,NA,NA,NA,NA,0.29,NA,NA,NA
2026-06-04 13:00:00,"SPF",17.7,16.4,18.3,NA,NA,60.7,12.3,10,925.6,NA,1011.9,NA,1467.9,10.4,232,5.5,19.8,37.4,10.2,36.7,NA,NA,0,2,318,NA,NA,NA,NA,NA,0.262,NA,NA,NA
2026-06-04 14:00:00,"SPF",14.8,13.5,16.1,NA,NA,73.7,12.3,10.1,926.4,NA,1012.7,NA,1467.7,14.4,204,5.1,18.4,51.8,13.8,49.7,NA,NA,1.6,10,141,NA,NA,NA,NA,NA,0.133,NA,NA,NA
2026-06-04 15:00:00,"SPF",11.7,11.4,12.2,NA,NA,85.9,11.8,9.4,927.5,NA,1013.9,NA,1469,12.8,198,6.3,22.7,46.1,12.2,43.9,NA,NA,0.7,1,109,NA,NA,NA,NA,NA,0.084,NA,NA,NA
2026-06-04 16:00:00,"SPF",11.3,11.2,11.5,NA,NA,85.1,11.4,8.9,927.8,NA,1014.3,NA,1471.1,10.9,197,6.4,23,39.2,10.8,38.9,NA,NA,1.4,1,76,NA,NA,NA,NA,NA,0.072,NA,NA,NA
2026-06-04 17:00:00,"SPF",11.2,11,11.3,NA,NA,83.5,11.1,8.5,927.9,NA,1014.4,NA,1471.3,9.8,203,5,18,35.3,9.3,33.5,NA,NA,1.6,2,41,NA,NA,NA,NA,NA,0.059,NA,NA,NA
2026-06-04 18:00:00,"SPF",11,10.9,11.1,NA,NA,82.2,10.8,8.1,928.2,NA,1014.7,NA,1473.5,8.6,207,4.5,16.2,31,8.5,30.6,NA,NA,1.6,1,15,NA,NA,NA,NA,NA,0.05,NA,NA,NA
2026-06-04 19:00:00,"SPF",10.6,10.3,11,NA,NA,86,11,8.4,928.3,NA,1014.8,NA,1473.8,10.2,212,3.6,13,36.7,9.7,34.9,NA,NA,1.6,0,2,NA,NA,NA,NA,NA,0.036,NA,NA,NA
2026-06-04 20:00:00,"SPF",10.1,10,10.2,NA,NA,94,11.6,9.2,928.6,NA,1015.1,NA,1474.7,4.2,220,2.5,9,15.1,4,14.4,NA,NA,1.4,0,0,NA,NA,NA,NA,NA,-0.001,NA,NA,NA
2026-06-04 21:00:00,"SPF",10.1,9.9,10.2,NA,NA,88.7,10.9,8.3,928.6,NA,1015.1,NA,1474.6,8.6,207,3,10.8,31,8.2,29.5,NA,NA,1.1,3,0,NA,NA,NA,NA,NA,0.004,NA,NA,NA
2026-06-04 22:00:00,"SPF",9.9,9.4,10.2,NA,NA,86.4,10.6,7.8,928,NA,1014.5,NA,1469.2,10.4,209,3.3,11.9,37.4,10,36,NA,NA,0.2,0,0,NA,NA,NA,NA,NA,0.007,NA,NA,NA
2026-06-04 23:00:00,"SPF",9.2,9.1,9.3,NA,NA,98.9,11.5,9.1,928.1,NA,1014.6,NA,1468.3,3.5,218,1.8,6.5,12.6,3.4,12.2,NA,NA,0.1,0,0,NA,NA,NA,NA,NA,-0.005,NA,NA,NA
2026-06-05,"SPF",9.2,9.1,9.3,NA,NA,98.4,11.5,9,928.5,NA,1015,NA,1471.6,3.5,196,2.2,7.9,12.6,3.5,12.6,NA,NA,0,0,0,NA,NA,NA,NA,NA,-0.004,NA,NA,NA
2026-06-05 01:00:00,"SPF",9.3,9.2,9.4,NA,NA,97.5,11.4,8.9,928.9,NA,1015.4,NA,1475.2,4.2,208,1.8,6.5,15.1,4.1,14.8,NA,NA,0.3,0,0,NA,NA,NA,NA,NA,-0.004,NA,NA,NA
2026-06-05 02:00:00,"SPF",9.3,9.2,9.4,NA,NA,96.1,11.2,8.7,928.8,NA,1015.3,NA,1474.4,4.7,202,2.2,7.9,16.9,4.6,16.6,NA,NA,0,0,0,NA,NA,NA,NA,NA,-0.003,NA,NA,NA
2026-06-05 03:00:00,"SPF",9.3,9.2,9.3,NA,NA,96.9,11.3,8.8,928.9,NA,1015.4,NA,1475.4,2.3,198,1.3,4.7,8.3,2.3,8.3,NA,NA,0,0,0,NA,NA,NA,NA,NA,-0.005,NA,NA,NA
2026-06-05 04:00:00,"SPF",9.3,9.2,9.4,NA,NA,97.2,11.4,8.9,929.1,NA,1015.6,NA,1476.9,2.9,202,1.8,6.5,10.4,2.8,10.1,NA,NA,0,0,0,NA,NA,NA,NA,NA,-0.004,NA,NA,NA
2026-06-05 05:00:00,"SPF",9.5,9.4,9.5,NA,NA,94.4,11.2,8.6,929.4,NA,1016,NA,1480.6,3.2,191,1.7,6.1,11.5,3.1,11.2,NA,NA,0.1,0,28,NA,NA,NA,NA,NA,0.022,NA,NA,NA
2026-06-05 06:00:00,"SPF",9.7,9.6,10,NA,NA,95.9,11.5,9.1,929.9,NA,1016.5,NA,1485.5,2.3,197,1,3.6,8.3,2.2,7.9,NA,NA,0.2,0,59,NA,NA,NA,NA,NA,0.038,NA,NA,NA
2026-06-05 07:00:00,"SPF",10.5,10.1,10.7,NA,NA,90.4,11.5,9,930.3,NA,1016.9,NA,1490.5,1.8,220,0.9,3.2,6.5,1.8,6.5,NA,NA,0,0,130,NA,NA,NA,NA,NA,0.075,NA,NA,NA
2026-06-05 08:00:00,"SPF",10.9,10.7,11.3,NA,NA,86.7,11.3,8.8,930.6,NA,1017.3,NA,1494.9,2.3,219,0.8,2.9,8.3,2.2,7.9,NA,NA,0.3,0,220,NA,NA,NA,NA,NA,0.122,NA,NA,NA
2026-06-05 09:00:00,"SPF",12.3,11.4,13.1,NA,NA,75.5,10.8,8.1,930.7,NA,1017.4,NA,1499.8,5.2,248,1.3,4.7,18.7,5.1,18.4,NA,NA,0.9,0,555,NA,NA,NA,NA,NA,0.294,NA,NA,NA
2026-06-05 10:00:00,"SPF",12,11.3,12.7,NA,NA,80.1,11.2,8.7,931,NA,1017.7,NA,1501.1,3.3,360,1.1,4,11.9,3.2,11.5,NA,NA,0.2,0,394,NA,NA,NA,NA,NA,0.219,NA,NA,NA
2026-06-05 11:00:00,"SPF",11.6,11.3,11.9,NA,NA,84,11.5,9,931.4,NA,1018.1,NA,1503.3,5.1,8,1.6,5.8,18.4,5,18,NA,NA,0.2,0,162,NA,NA,NA,NA,NA,0.105,NA,NA,NA
2026-06-05 12:00:00,"SPF",12.2,11.5,12.7,NA,NA,84.2,12,9.6,931.4,NA,1018.1,NA,1505.2,4.6,8,2.9,10.4,16.6,4.6,16.6,NA,NA,0,0,447,NA,NA,NA,NA,NA,0.234,NA,NA,NA
2026-06-05 13:00:00,"SPF",13.5,12.9,13.9,NA,NA,70.6,10.9,8.2,931.2,NA,1017.9,NA,1506.7,3.4,360,1.3,4.7,12.2,3.3,11.9,NA,NA,0,0,553,NA,NA,NA,NA,NA,0.313,NA,NA,NA
2026-06-05 14:00:00,"SPF",14.1,13.6,14.6,NA,NA,66.9,10.8,8.1,930.9,NA,1017.6,NA,1506.2,2.3,214,0.6,2.2,8.3,2.2,7.9,NA,NA,0,0,382,NA,NA,NA,NA,NA,0.229,NA,NA,NA
2026-06-05 15:00:00,"SPF",14.7,14.4,14.8,NA,NA,61.9,10.3,7.4,930.5,NA,1017.2,NA,1504.5,3.1,354,1.2,4.3,11.2,3,10.8,NA,NA,0,0,349,NA,NA,NA,NA,NA,0.216,NA,NA,NA
2026-06-05 16:00:00,"SPF",14.9,14.6,15.4,NA,NA,61.6,10.4,7.6,930.4,NA,1017,NA,1503.9,4.1,6,2,7.2,14.8,4,14.4,NA,NA,0,0,314,NA,NA,NA,NA,NA,0.199,NA,NA,NA
2026-06-05 17:00:00,"SPF",15.6,15.4,15.9,NA,NA,60.2,10.7,7.9,930.1,NA,1016.7,NA,1503.6,5.2,358,3.1,11.2,18.7,5.1,18.4,NA,NA,0,0,492,NA,NA,NA,NA,NA,0.278,NA,NA,NA
2026-06-05 18:00:00,"SPF",15.3,14.7,15.9,NA,NA,60,10.4,7.6,930.2,NA,1016.8,NA,1503.7,6.4,23,3.6,13,23,6.3,22.7,NA,NA,0,0,228,NA,NA,NA,NA,NA,0.147,NA,NA,NA
2026-06-05 19:00:00,"SPF",14.3,13.9,14.6,NA,NA,66.9,10.9,8.2,930.3,NA,1016.9,NA,1501.8,5,17,2.8,10.1,18,5,18,NA,NA,0,0,24,NA,NA,NA,NA,NA,0.059,NA,NA,NA
2026-06-05 20:00:00,"SPF",13.5,13.1,13.8,NA,NA,72.6,11.2,8.7,930.5,NA,1017.2,NA,1501.3,3.3,13,1.8,6.5,11.9,3.3,11.9,NA,NA,0,0,1,NA,NA,NA,NA,NA,0.012,NA,NA,NA
2026-06-05 21:00:00,"SPF",12.3,11.9,12.9,NA,NA,77.5,11.1,8.5,930.7,NA,1017.4,NA,1499.5,1.6,79,0.6,2.2,5.8,1.6,5.8,NA,NA,0,0,0,NA,NA,NA,NA,NA,-0.003,NA,NA,NA
2026-06-05 22:00:00,"SPF",11.3,10.9,11.8,NA,NA,83.3,11.1,8.6,930.6,NA,1017.3,NA,1495.9,1.3,18,0.4,1.4,4.7,1.3,4.7,NA,NA,0,0,0,NA,NA,NA,NA,NA,-0.006,NA,NA,NA
2026-06-05 23:00:00,"SPF",10,9.2,10.6,NA,NA,89.7,11,8.4,930.5,NA,1017.2,NA,1491.6,0.8,18,0.4,1.4,2.9,0.8,2.9,NA,NA,0,0,0,NA,NA,NA,NA,NA,-0.007,NA,NA,NA
2026-06-06,"SPF",8.4,8.1,8.8,NA,NA,98.6,10.9,8.3,930.4,NA,1017,NA,1485.9,1.6,194,0.8,2.9,5.8,1.5,5.4,NA,NA,0,0,0,NA,NA,NA,NA,NA,-0.007,NA,NA,NA
2026-06-06 01:00:00,"SPF",7.8,7.4,8.1,NA,NA,99.2,10.5,7.7,930.3,NA,1016.9,NA,1483.7,1.8,216,0.9,3.2,6.5,1.8,6.5,NA,NA,0,0,0,NA,NA,NA,NA,NA,-0.007,NA,NA,NA
2026-06-06 02:00:00,"SPF",7.2,6.6,7.5,NA,NA,99.2,10,7.1,930,NA,1016.6,NA,1479,1.3,194,0.5,1.8,4.7,1.2,4.3,NA,NA,0,0,0,NA,NA,NA,NA,NA,-0.007,NA,NA,NA
2026-06-06 03:00:00,"SPF",7.1,6.6,7.4,NA,NA,99.3,10,7,930.1,NA,1016.7,NA,1480.2,2.3,204,1.3,4.7,8.3,2.2,7.9,NA,NA,0,0,0,NA,NA,NA,NA,NA,-0.006,NA,NA,NA
2026-06-06 04:00:00,"SPF",7,6.6,7.2,NA,NA,99.3,9.9,6.9,930.5,NA,1017.2,NA,1482.9,2.1,215,1.2,4.3,7.6,2,7.2,NA,NA,0,0,4,NA,NA,NA,NA,NA,-0.005,NA,NA,NA
2026-06-06 05:00:00,"SPF",7.6,7.1,7.9,NA,NA,99.3,10.4,7.5,930.5,NA,1017.2,NA,1485,2.4,209,1.2,4.3,8.6,2.4,8.6,NA,NA,0,0,48,NA,NA,NA,NA,NA,0.02,NA,NA,NA
2026-06-06 06:00:00,"SPF",9.3,8.3,10,NA,NA,96.7,11.3,8.8,930.5,NA,1017.1,NA,1489.1,3.1,195,1.2,4.3,11.2,3,10.8,NA,NA,0,0,154,NA,NA,NA,NA,NA,0.067,NA,NA,NA
2026-06-06 07:00:00,"SPF",11.3,10.5,12.3,NA,NA,86.3,11.5,9.1,930.8,NA,1017.5,NA,1497.9,2.1,191,1.1,4,7.6,2.1,7.6,NA,NA,0,0,260,NA,NA,NA,NA,NA,0.132,NA,NA,NA
2026-06-06 08:00:00,"SPF",13.5,12.6,14.4,NA,NA,76.2,11.8,9.4,931.2,NA,1017.9,NA,1507.7,4,184,1.6,5.8,14.4,4,14.4,NA,NA,0,0,327,NA,NA,NA,NA,NA,0.187,NA,NA,NA
2026-06-06 09:00:00,"SPF",15.3,14.9,15.7,NA,NA,67.5,11.7,9.3,931.4,NA,1018.1,NA,1514,4.9,225,2.4,8.6,17.6,4.7,16.9,NA,NA,0,0,382,NA,NA,NA,NA,NA,0.239,NA,NA,NA
2026-06-06 10:00:00,"SPF",15.9,15.3,16.4,NA,NA,63.8,11.5,9,931.5,NA,1018.2,NA,1516.7,5.2,242,2.3,8.3,18.7,5,18,NA,NA,0,0,521,NA,NA,NA,NA,NA,0.319,NA,NA,NA
2026-06-06 11:00:00,"SPF",16.9,16.3,17.3,NA,NA,61.8,11.9,9.5,931.9,NA,1018.7,NA,1522.9,5.4,208,3.3,11.9,19.4,5.3,19.1,NA,NA,0,0,632,NA,NA,NA,NA,NA,0.389,NA,NA,NA
2026-06-06 12:00:00,"SPF",18.3,17.3,19.1,NA,NA,59.6,12.6,10.3,931.9,NA,1018.7,NA,1527.3,6,223,2.9,10.4,21.6,5.9,21.2,NA,NA,0,0,953,NA,NA,NA,NA,NA,0.573,NA,NA,NA
2026-06-06 13:00:00,"SPF",19.5,19.1,20,NA,NA,57,12.9,10.8,931.7,NA,1018.4,NA,1528.6,6.1,233,3.3,11.9,22,6,21.6,NA,NA,0,0,947,NA,NA,NA,NA,NA,0.587,NA,NA,NA
2026-06-06 14:00:00,"SPF",20.3,20,20.7,NA,NA,54.3,13,10.8,931.8,NA,1018.6,NA,1532.1,7,245,3.4,12.2,25.2,6.9,24.8,NA,NA,0,0,844,NA,NA,NA,NA,NA,0.54,NA,NA,NA
2026-06-06 15:00:00,"SPF",20.8,20.5,21.1,NA,NA,50.6,12.4,10.2,931.9,NA,1018.7,NA,1534.3,8.4,221,4.1,14.8,30.2,8.2,29.5,NA,NA,0,0,691,NA,NA,NA,NA,NA,0.466,NA,NA,NA
2026-06-06 16:00:00,"SPF",20.5,20.2,20.9,NA,NA,46.2,11.2,8.6,932.2,NA,1019,NA,1535.9,7.4,241,3.3,11.9,26.6,7.3,26.3,NA,NA,0,0,422,NA,NA,NA,NA,NA,0.32,NA,NA,NA
2026-06-06 17:00:00,"SPF",20.1,19.8,20.5,NA,NA,44.5,10.5,7.7,932.6,NA,1019.4,NA,1538.2,6.3,232,3.1,11.2,22.7,6,21.6,NA,NA,0,0,245,NA,NA,NA,NA,NA,0.221,NA,NA,NA
2026-06-06 18:00:00,"SPF",19.4,19.1,19.6,NA,NA,49.4,11.1,8.5,933,NA,1019.8,NA,1539.8,5.6,204,2,7.2,20.2,5.5,19.8,NA,NA,0,0,125,NA,NA,NA,NA,NA,0.12,NA,NA,NA
2026-06-06 19:00:00,"SPF",18.1,17.5,18.6,NA,NA,60.4,12.5,10.3,933.6,NA,1020.5,NA,1541.2,4,187,1.8,6.5,14.4,3.9,14,NA,NA,0,0,31,NA,NA,NA,NA,NA,0.056,NA,NA,NA
2026-06-06 20:00:00,"SPF",16.5,15.5,17.4,NA,NA,67,12.5,10.3,934.1,NA,1021,NA,1541.1,2.7,203,1.4,5,9.7,2.7,9.7,NA,NA,0,0,1,NA,NA,NA,NA,NA,0.013,NA,NA,NA
2026-06-06 21:00:00,"SPF",14.2,13.2,15.3,NA,NA,74.1,12,9.6,934.7,NA,1021.7,NA,1540.1,2.9,214,1.2,4.3,10.4,2.9,10.4,NA,NA,0,0,0,NA,NA,NA,NA,NA,0.006,NA,NA,NA
2026-06-06 22:00:00,"SPF",12.8,12.4,13.1,NA,NA,78,11.5,9,935.4,NA,1022.4,NA,1542.3,2.5,217,1.5,5.4,9,2.5,9,NA,NA,0,0,0,NA,NA,NA,NA,NA,0.006,NA,NA,NA
2026-06-06 23:00:00,"SPF",12.9,12.5,13.2,NA,NA,77.6,11.5,9,935.9,NA,1023,NA,1546.8,2.5,208,1.6,5.8,9,2.5,9,NA,NA,0,0,0,NA,NA,NA,NA,NA,0.007,NA,NA,NA
2026-06-07,"SPF",13.2,13,13.8,NA,NA,76.2,11.6,9.1,936.2,NA,1023.3,NA,1551.1,3.1,203,1.5,5.4,11.2,3,10.8,NA,NA,0,0,0,NA,NA,NA,NA,NA,0.007,NA,NA,NA
2026-06-07 01:00:00,"SPF",13.7,13.6,13.9,NA,NA,74,11.6,9.2,936.6,NA,1023.7,NA,1555.4,3.1,197,1.7,6.1,11.2,3.1,11.2,NA,NA,0,0,0,NA,NA,NA,NA,NA,0.01,NA,NA,NA
2026-06-07 02:00:00,"SPF",13.8,13.7,14,NA,NA,76.7,12.1,9.8,936.8,NA,1023.9,NA,1557.3,3.2,193,1.8,6.5,11.5,3.1,11.2,NA,NA,0,0,0,NA,NA,NA,NA,NA,0.009,NA,NA,NA
2026-06-07 03:00:00,"SPF",13.9,13.7,14,NA,NA,76.3,12.1,9.8,936.9,NA,1024,NA,1558.8,4,196,1.5,5.4,14.4,4,14.4,NA,NA,0,0,0,NA,NA,NA,NA,NA,0.007,NA,NA,NA
2026-06-07 04:00:00,"SPF",13.7,13.5,13.8,NA,NA,76.1,11.9,9.6,937.4,NA,1024.6,NA,1562.4,3.7,186,2.1,7.6,13.3,3.6,13,NA,NA,0,0,0,NA,NA,NA,NA,NA,0.012,NA,NA,NA
2026-06-07 05:00:00,"SPF",13.7,13.5,13.8,NA,NA,79.4,12.4,10.2,938,NA,1025.2,NA,1567.6,1.7,225,0.7,2.5,6.1,1.7,6.1,NA,NA,0,0,7,NA,NA,NA,NA,NA,0.028,NA,NA,NA
2026-06-07 06:00:00,"SPF",13.9,13.6,14.1,NA,NA,79.7,12.7,10.5,938.4,NA,1025.7,NA,1572.5,4,11,2.2,7.9,14.4,3.9,14,NA,NA,0,0,26,NA,NA,NA,NA,NA,0.049,NA,NA,NA
2026-06-07 07:00:00,"SPF",14.3,14.1,14.6,NA,NA,73.2,11.9,9.6,938.6,NA,1025.9,NA,1575.5,4.7,22,2.9,10.4,16.9,4.7,16.9,NA,NA,0,0,127,NA,NA,NA,NA,NA,0.106,NA,NA,NA
2026-06-07 08:00:00,"SPF",15.4,14.9,15.6,NA,NA,67.6,11.8,9.4,938.6,NA,1025.9,NA,1578.3,3.8,15,2.4,8.6,13.7,3.7,13.3,NA,NA,0,0,346,NA,NA,NA,NA,NA,0.215,NA,NA,NA
2026-06-07 09:00:00,"SPF",16.6,15.6,17.4,NA,NA,64.6,12.3,9.9,938.5,NA,1025.8,NA,1581.4,4.5,53,2.6,9.4,16.2,4.5,16.2,NA,NA,0,0,620,NA,NA,NA,NA,NA,0.366,NA,NA,NA
2026-06-07 10:00:00,"SPF",18,17,18.5,NA,NA,62.6,12.9,10.7,938.4,NA,1025.7,NA,1584.9,5.7,36,2.9,10.4,20.5,5.5,19.8,NA,NA,0,0,799,NA,NA,NA,NA,NA,0.477,NA,NA,NA
2026-06-07 11:00:00,"SPF",18.8,18.5,19.2,NA,NA,60.2,13.1,10.9,938.3,NA,1025.5,NA,1585.8,5.7,35,2.4,8.6,20.5,5.6,20.2,NA,NA,0,0,905,NA,NA,NA,NA,NA,0.552,NA,NA,NA
2026-06-07 12:00:00,"SPF",19.6,19.2,19.8,NA,NA,58.4,13.3,11.2,938,NA,1025.2,NA,1585.9,6.8,36,3.2,11.5,24.5,6.7,24.1,NA,NA,0,0,951,NA,NA,NA,NA,NA,0.588,NA,NA,NA
2026-06-07 13:00:00,"SPF",19.7,19.4,20,NA,NA,57.7,13.3,11.1,937.8,NA,1025,NA,1584.6,7.8,30,3.7,13.3,28.1,7.6,27.4,NA,NA,0,0,662,NA,NA,NA,NA,NA,0.44,NA,NA,NA
2026-06-07 14:00:00,"SPF",20,19.4,20.5,NA,NA,57.4,13.4,11.3,937.6,NA,1024.8,NA,1583.7,7.3,30,3.5,12.6,26.3,7.1,25.6,NA,NA,0,0,719,NA,NA,NA,NA,NA,0.466,NA,NA,NA
2026-06-07 15:00:00,"SPF",20.5,20,20.8,NA,NA,55.8,13.4,11.4,937.6,NA,1024.8,NA,1584.5,6.1,37,2.7,9.7,22,6,21.6,NA,NA,0,0,707,NA,NA,NA,NA,NA,0.454,NA,NA,NA
2026-06-07 16:00:00,"SPF",20.6,20.1,20.9,NA,NA,54.4,13.2,11.1,937.1,NA,1024.2,NA,1580.6,5.5,7,2.7,9.7,19.8,5.4,19.4,NA,NA,0,0,593,NA,NA,NA,NA,NA,0.384,NA,NA,NA
2026-06-07 17:00:00,"SPF",20.7,20.4,21.2,NA,NA,53.7,13.1,11,936.7,NA,1023.8,NA,1577.2,3.5,360,1.5,5.4,12.6,3.4,12.2,NA,NA,0,0,368,NA,NA,NA,NA,NA,0.236,NA,NA,NA
2026-06-07 18:00:00,"SPF",19.9,19.7,20.5,NA,NA,57.5,13.4,11.2,936.6,NA,1023.7,NA,1573.8,3.4,340,1.6,5.8,12.2,3.3,11.9,NA,NA,0,0,181,NA,NA,NA,NA,NA,0.124,NA,NA,NA
2026-06-07 19:00:00,"SPF",18.6,16.8,19.9,NA,NA,65.4,14,12,936.6,NA,1023.7,NA,1570.6,2,321,1.1,4,7.2,2,7.2,NA,NA,0,0,63,NA,NA,NA,NA,NA,0.034,NA,NA,NA
2026-06-07 20:00:00,"SPF",16,15.4,16.8,NA,NA,79.7,14.5,12.5,936.9,NA,1024,NA,1565,2.8,207,1.3,4.7,10.1,2.7,9.7,NA,NA,0,0,1,NA,NA,NA,NA,NA,0.004,NA,NA,NA
2026-06-07 21:00:00,"SPF",13.9,13.2,14.9,NA,NA,88.8,14.1,12,937.2,NA,1024.3,NA,1561.1,1.3,203,0.8,2.9,4.7,1.3,4.7,NA,NA,0,0,0,NA,NA,NA,NA,NA,-0.004,NA,NA,NA
2026-06-07 22:00:00,"SPF",12.6,12.4,12.8,NA,NA,93.8,13.7,11.6,936.9,NA,1024,NA,1555.1,1.3,202,0.6,2.2,4.7,1.3,4.7,NA,NA,0,0,0,NA,NA,NA,NA,NA,-0.006,NA,NA,NA
2026-06-07 23:00:00,"SPF",11.3,11.1,11.9,NA,NA,97.9,13.1,11,936.6,NA,1023.7,NA,1548.2,2.2,212,1,3.6,7.9,2.2,7.9,NA,NA,0,0,0,NA,NA,NA,NA,NA,-0.006,NA,NA,NA
2026-06-08,"SPF",10.9,10.4,11.2,NA,NA,99,12.9,10.7,936.2,NA,1023.3,NA,1544.1,2.4,218,1.2,4.3,8.6,2.3,8.3,NA,NA,0,0,0,NA,NA,NA,NA,NA,-0.006,NA,NA,NA
2026-06-08 01:00:00,"SPF",10.3,10.1,10.5,NA,NA,99.2,12.4,10.2,935.8,NA,1022.9,NA,1538.9,2.3,210,1.4,5,8.3,2.3,8.3,NA,NA,0,0,0,NA,NA,NA,NA,NA,-0.006,NA,NA,NA
2026-06-08 02:00:00,"SPF",10,9.6,10.4,NA,NA,99.2,12.2,9.9,935.6,NA,1022.6,NA,1535.6,2.6,208,1.6,5.8,9.4,2.6,9.4,NA,NA,0,0,0,NA,NA,NA,NA,NA,-0.006,NA,NA,NA
2026-06-08 03:00:00,"SPF",9.7,9.6,9.9,NA,NA,99.3,12,9.6,935.3,NA,1022.3,NA,1532.7,2.2,212,1.5,5.4,7.9,2.1,7.6,NA,NA,0,0,0,NA,NA,NA,NA,NA,-0.006,NA,NA,NA
2026-06-08 04:00:00,"SPF",9.9,9.2,10.4,NA,NA,99.3,12.1,9.8,935.4,NA,1022.4,NA,1534.2,2.9,208,1.9,6.8,10.4,2.9,10.4,NA,NA,0,0,4,NA,NA,NA,NA,NA,-0.005,NA,NA,NA
2026-06-08 05:00:00,"SPF",10.4,9.9,11.1,NA,NA,99.2,12.5,10.3,935.5,NA,1022.5,NA,1536.1,3.4,201,1.4,5,12.2,3.4,12.2,NA,NA,0,0,61,NA,NA,NA,NA,NA,0.023,NA,NA,NA
2026-06-08 06:00:00,"SPF",12.9,11.5,14.4,NA,NA,93.9,14,11.9,935.5,NA,1022.5,NA,1543.6,2.3,211,1.3,4.7,8.3,2.2,7.9,NA,NA,0,0,235,NA,NA,NA,NA,NA,0.105,NA,NA,NA
2026-06-08 07:00:00,"SPF",15.7,14.7,16.7,NA,NA,79,14.1,12,935.2,NA,1022.2,NA,1548.9,2.5,185,1.1,4,9,2.5,9,NA,NA,0,0,401,NA,NA,NA,NA,NA,0.217,NA,NA,NA
2026-06-08 08:00:00,"SPF",18.6,17.3,19.7,NA,NA,64.1,13.8,11.7,934.8,NA,1021.8,NA,1554.5,1.5,169,0.6,2.2,5.4,1.4,5,NA,NA,0,0,572,NA,NA,NA,NA,NA,0.343,NA,NA,NA
2026-06-08 09:00:00,"SPF",21.6,20.4,22.5,NA,NA,54.2,13.9,11.9,934.4,NA,1021.3,NA,1559,2.8,45,0.9,3.2,10.1,2.7,9.7,NA,NA,0,0,704,NA,NA,NA,NA,NA,0.457,NA,NA,NA
2026-06-08 10:00:00,"SPF",23.5,22.9,24.1,NA,NA,45.9,13.3,11.2,933.9,NA,1020.8,NA,1560.2,5,207,1.7,6.1,18,4.6,16.6,NA,NA,0,0,817,NA,NA,NA,NA,NA,0.562,NA,NA,NA
2026-06-08 11:00:00,"SPF",24.6,24.3,24.9,NA,NA,42.8,13.2,11.1,933.6,NA,1020.5,NA,1561.1,6.4,257,2.4,8.6,23,6.3,22.7,NA,NA,0,0,927,NA,NA,NA,NA,NA,0.656,NA,NA,NA
2026-06-08 12:00:00,"SPF",24.9,24.7,25,NA,NA,41.1,12.9,10.8,933,NA,1019.8,NA,1556,6.9,246,2.6,9.4,24.8,6.8,24.5,NA,NA,0,0,842,NA,NA,NA,NA,NA,0.614,NA,NA,NA
2026-06-08 13:00:00,"SPF",24.7,24.5,24.8,NA,NA,41.8,13,10.8,932.4,NA,1019.2,NA,1550,8,247,2.8,10.1,28.8,7.7,27.7,NA,NA,0,0,676,NA,NA,NA,NA,NA,0.516,NA,NA,NA
2026-06-08 14:00:00,"SPF",23.9,23.6,24.3,NA,NA,44.2,13.1,11,932.1,NA,1018.9,NA,1545.2,6.5,250,2.9,10.4,23.4,6.3,22.7,NA,NA,0,0,408,NA,NA,NA,NA,NA,0.352,NA,NA,NA
2026-06-08 15:00:00,"SPF",23.5,23.2,23.9,NA,NA,47.8,13.9,11.8,932.3,NA,1019.1,NA,1546,5.2,240,2.2,7.9,18.7,5.1,18.4,NA,NA,0,0,335,NA,NA,NA,NA,NA,0.284,NA,NA,NA
2026-06-08 16:00:00,"SPF",22.4,21.7,23.4,NA,NA,52.5,14.2,12.2,932.4,NA,1019.2,NA,1542.8,6.4,283,2.9,10.4,23,6.2,22.3,NA,NA,0,0,235,NA,NA,NA,NA,NA,0.224,NA,NA,NA
2026-06-08 17:00:00,"SPF",21,20.6,21.5,NA,NA,53.8,13.4,11.3,932.7,NA,1019.5,NA,1542,5.4,274,1.8,6.5,19.4,5.3,19.1,NA,NA,0,0,89,NA,NA,NA,NA,NA,0.115,NA,NA,NA
2026-06-08 18:00:00,"SPF",17.5,16.7,19.5,NA,NA,81.4,16.2,14.2,933.3,NA,1020.2,NA,1537.1,4.6,197,1.6,5.8,16.6,4.5,16.2,NA,NA,1.5,0,16,NA,NA,NA,NA,NA,0.041,NA,NA,NA
2026-06-08 19:00:00,"SPF",16.4,16.1,16.6,NA,NA,96.5,18,15.8,933.2,NA,1020.1,NA,1533.6,4.5,204,1.2,4.3,16.2,4.3,15.5,NA,NA,0.5,0,11,NA,NA,NA,NA,NA,0.019,NA,NA,NA
2026-06-08 20:00:00,"SPF",16.2,15.8,16.4,NA,NA,94.8,17.4,15.3,932.8,NA,1019.6,NA,1529.2,5.7,213,1.8,6.5,20.5,5.6,20.2,NA,NA,0.9,0,0,NA,NA,NA,NA,NA,-0.003,NA,NA,NA
2026-06-08 21:00:00,"SPF",15.8,15.7,15.9,NA,NA,96.9,17.4,15.3,932.8,NA,1019.6,NA,1527.6,4.5,211,2.5,9,16.2,4.4,15.8,NA,NA,0,0,0,NA,NA,NA,NA,NA,-0.003,NA,NA,NA
2026-06-08 22:00:00,"SPF",15.6,15.4,15.7,NA,NA,94.3,16.7,14.7,932.7,NA,1019.5,NA,1526.2,5.1,198,2.5,9,18.4,5,18,NA,NA,0,0,0,NA,NA,NA,NA,NA,-0.001,NA,NA,NA
2026-06-08 23:00:00,"SPF",15.1,14.8,15.4,NA,NA,95.8,16.4,14.4,932,NA,1018.8,NA,1518.9,4.8,180,1.8,6.5,17.3,4.7,16.9,NA,NA,0,0,0,NA,NA,NA,NA,NA,-0.004,NA,NA,NA
2026-06-09,"SPF",14.6,14.3,14.9,NA,NA,97.4,16.2,14.2,931.7,NA,1018.4,NA,1514.5,4.5,189,1.6,5.8,16.2,4.4,15.8,NA,NA,0,0,0,NA,NA,NA,NA,NA,-0.005,NA,NA,NA
2026-06-09 01:00:00,"SPF",15.1,14.9,15.3,NA,NA,94.4,16.2,14.2,932.1,NA,1018.9,NA,1519.4,2.8,198,1.4,5,10.1,2.8,10.1,NA,NA,0.2,0,0,NA,NA,NA,NA,NA,-0.004,NA,NA,NA
2026-06-09 02:00:00,"SPF",14.9,14.8,15.4,NA,NA,97.9,16.6,14.6,931.8,NA,1018.5,NA,1516.2,5,198,2,7.2,18,4.9,17.6,NA,NA,1.1,0,0,NA,NA,NA,NA,NA,-0.005,NA,NA,NA
2026-06-09 03:00:00,"SPF",15,14.5,15.3,NA,NA,93.5,15.9,13.9,931.7,NA,1018.5,NA,1515.9,5.3,203,2.6,9.4,19.1,5.1,18.4,NA,NA,1.3,0,0,NA,NA,NA,NA,NA,0,NA,NA,NA
2026-06-09 04:00:00,"SPF",13.8,13.3,14.3,NA,NA,92.3,14.6,12.6,932.3,NA,1019.1,NA,1517.6,5.1,221,2.1,7.6,18.4,4.9,17.6,NA,NA,2.9,0,0,NA,NA,NA,NA,NA,0,NA,NA,NA
2026-06-09 05:00:00,"SPF",13.1,13,13.4,NA,NA,93.3,14.1,12.1,932.6,NA,1019.4,NA,1518.8,3.4,211,1.3,4.7,12.2,3.3,11.9,NA,NA,1.1,0,6,NA,NA,NA,NA,NA,0.022,NA,NA,NA
2026-06-09 06:00:00,"SPF",13.1,13.1,13.1,NA,NA,97.6,14.7,12.7,932.6,NA,1019.4,NA,1518.3,2.1,207,1.2,4.3,7.6,2,7.2,NA,NA,0.2,0,20,NA,NA,NA,NA,NA,0.026,NA,NA,NA
2026-06-09 07:00:00,"SPF",13.2,13,13.3,NA,NA,97.5,14.8,12.8,932.9,NA,1019.7,NA,1521.2,3,210,0.9,3.2,10.8,2.9,10.4,NA,NA,0.8,0,16,NA,NA,NA,NA,NA,0.026,NA,NA,NA
2026-06-09 08:00:00,"SPF",13.2,13,13.4,NA,NA,97.6,14.8,12.8,933.2,NA,1020.1,NA,1524.3,2.6,195,1.2,4.3,9.4,2.6,9.4,NA,NA,0.7,0,43,NA,NA,NA,NA,NA,0.039,NA,NA,NA
2026-06-09 09:00:00,"SPF",13.5,13.4,13.6,NA,NA,88.3,13.7,11.6,933.4,NA,1020.3,NA,1526.7,6.3,201,2.3,8.3,22.7,5.8,20.9,NA,NA,0,0,47,NA,NA,NA,NA,NA,0.052,NA,NA,NA
2026-06-09 10:00:00,"SPF",13.7,13.5,13.9,NA,NA,83.3,13.1,10.9,933.5,NA,1020.4,NA,1528.3,5.5,205,2.2,7.9,19.8,5.3,19.1,NA,NA,0,0,109,NA,NA,NA,NA,NA,0.087,NA,NA,NA
2026-06-09 11:00:00,"SPF",14.1,14,14.2,NA,NA,80.9,13,10.9,933.5,NA,1020.4,NA,1529.2,5.2,216,1.8,6.5,18.7,5,18,NA,NA,0,0,104,NA,NA,NA,NA,NA,0.087,NA,NA,NA
2026-06-09 12:00:00,"SPF",13.4,12.2,14.1,NA,NA,85.6,13.2,11,933.5,NA,1020.4,NA,1527.5,7.8,23,2.6,9.4,28.1,7.7,27.7,NA,NA,0,0,49,NA,NA,NA,NA,NA,0.058,NA,NA,NA
2026-06-09 13:00:00,"SPF",12,11.9,12.1,NA,NA,91,12.8,10.6,933.8,NA,1020.7,NA,1525.9,7.4,35,3.1,11.2,26.6,7.2,25.9,NA,NA,0,0,31,NA,NA,NA,NA,NA,0.041,NA,NA,NA
2026-06-09 14:00:00,"SPF",12.1,11.9,12.1,NA,NA,91.7,12.9,10.8,933.8,NA,1020.7,NA,1526.4,3.6,21,1.9,6.8,13,3.5,12.6,NA,NA,0,0,43,NA,NA,NA,NA,NA,0.044,NA,NA,NA
2026-06-09 15:00:00,"SPF",12.1,12,12.3,NA,NA,92.1,13,10.9,933.7,NA,1020.6,NA,1525.3,4.1,27,2.5,9,14.8,4,14.4,NA,NA,0,0,71,NA,NA,NA,NA,NA,0.056,NA,NA,NA
2026-06-09 16:00:00,"SPF",12.1,12,12.2,NA,NA,90.2,12.7,10.5,933.6,NA,1020.5,NA,1524.6,4.4,32,2.6,9.4,15.8,4.3,15.5,NA,NA,0,0,32,NA,NA,NA,NA,NA,0.041,NA,NA,NA
2026-06-09 17:00:00,"SPF",11.9,11.8,12,NA,NA,93,13,10.8,933.6,NA,1020.5,NA,1524.4,3.7,11,1.7,6.1,13.3,3.6,13,NA,NA,0.2,0,13,NA,NA,NA,NA,NA,0.028,NA,NA,NA
2026-06-09 18:00:00,"SPF",11.7,11.7,11.8,NA,NA,96.6,13.3,11.2,933.7,NA,1020.6,NA,1523.9,2.1,333,0.6,2.2,7.6,2,7.2,NA,NA,0.4,0,6,NA,NA,NA,NA,NA,0.021,NA,NA,NA
2026-06-09 19:00:00,"SPF",11.6,11.6,11.7,NA,NA,99.2,13.5,11.5,933.5,NA,1020.4,NA,1522.2,1.1,207,0.4,1.4,4,1.1,4,NA,NA,0,0,1,NA,NA,NA,NA,NA,0.018,NA,NA,NA
2026-06-09 20:00:00,"SPF",11.5,11.5,11.6,NA,NA,99.2,13.5,11.4,933.5,NA,1020.4,NA,1522,1.1,198,0.4,1.4,4,1.1,4,NA,NA,0,0,0,NA,NA,NA,NA,NA,-0.008,NA,NA,NA
2026-06-09 21:00:00,"SPF",11.4,11.3,11.4,NA,NA,98.9,13.3,11.2,933.6,NA,1020.5,NA,1522.2,0.8,72,0.4,1.4,2.9,0.8,2.9,NA,NA,0,0,0,NA,NA,NA,NA,NA,-0.008,NA,NA,NA
2026-06-09 22:00:00,"SPF",11.3,11.3,11.3,NA,NA,99.2,13.3,11.2,933.5,NA,1020.4,NA,1521.1,0.7,117,0.2,0.7,2.5,0.7,2.5,NA,NA,0.1,0,0,NA,NA,NA,NA,NA,-0.009,NA,NA,NA
2026-06-09 23:00:00,"SPF",11.2,11.1,11.3,NA,NA,99.2,13.2,11.1,933.2,NA,1020.1,NA,1518.3,0.7,72,0.3,1.1,2.5,0.7,2.5,NA,NA,0.2,0,0,NA,NA,NA,NA,NA,-0.008,NA,NA,NA
2026-06-10,"SPF",11.1,10.9,11.2,NA,NA,99.2,13.1,11,932.9,NA,1019.7,NA,1515.7,2.1,24,1,3.6,7.6,2.1,7.6,NA,NA,1.1,0,0,NA,NA,NA,NA,NA,-0.007,NA,NA,NA
2026-06-10 01:00:00,"SPF",10.8,10.6,10.9,NA,NA,99.2,12.8,10.7,932.8,NA,1019.6,NA,1513.8,2.1,11,1,3.6,7.6,2.1,7.6,NA,NA,1.2,0,0,NA,NA,NA,NA,NA,-0.007,NA,NA,NA
2026-06-10 02:00:00,"SPF",10.4,10.2,10.6,NA,NA,99.2,12.5,10.3,932.7,NA,1019.5,NA,1511.4,1.9,323,0.5,1.8,6.8,1.9,6.8,NA,NA,0.9,0,0,NA,NA,NA,NA,NA,-0.008,NA,NA,NA
2026-06-10 03:00:00,"SPF",9.7,9.4,10.1,NA,NA,96.5,11.7,9.2,932.5,NA,1019.3,NA,1508,2.6,360,0.9,3.2,9.4,2.5,9,NA,NA,1.7,0,0,NA,NA,NA,NA,NA,-0.006,NA,NA,NA
2026-06-10 04:00:00,"SPF",9.1,8.9,9.4,NA,NA,98.4,11.3,8.8,932.2,NA,1019,NA,1503.7,2.4,225,0.8,2.9,8.6,2.4,8.6,NA,NA,0.5,0,0,NA,NA,NA,NA,NA,-0.007,NA,NA,NA
2026-06-10 05:00:00,"SPF",9.1,8.9,9.3,NA,NA,98.4,11.4,8.8,931.9,NA,1018.7,NA,1501.2,2.6,217,0.9,3.2,9.4,2.5,9,NA,NA,0.2,0,12,NA,NA,NA,NA,NA,0.018,NA,NA,NA
2026-06-10 06:00:00,"SPF",9.5,9.1,9.7,NA,NA,98.2,11.6,9.2,932.2,NA,1019,NA,1504.3,1.3,198,0.5,1.8,4.7,1.3,4.7,NA,NA,0,0,65,NA,NA,NA,NA,NA,0.04,NA,NA,NA
2026-06-10 07:00:00,"SPF",10,9.7,10.2,NA,NA,93.8,11.5,9,932.2,NA,1019,NA,1506,1.1,180,0.5,1.8,4,1.1,4,NA,NA,0,0,101,NA,NA,NA,NA,NA,0.061,NA,NA,NA
2026-06-10 08:00:00,"SPF",10.4,10.2,10.9,NA,NA,87.6,11.1,8.5,932.2,NA,1019,NA,1507.7,1,198,0.4,1.4,3.6,1,3.6,NA,NA,0,0,131,NA,NA,NA,NA,NA,0.081,NA,NA,NA
2026-06-10 09:00:00,"SPF",11.1,11,11.2,NA,NA,85.7,11.3,8.8,932.3,NA,1019.1,NA,1510.3,1,225,0.4,1.4,3.6,0.9,3.2,NA,NA,0,0,100,NA,NA,NA,NA,NA,0.07,NA,NA,NA
2026-06-10 10:00:00,"SPF",11.3,11.1,11.4,NA,NA,87.8,11.8,9.3,932.4,NA,1019.2,NA,1511.2,1.6,360,0.4,1.4,5.8,1.5,5.4,NA,NA,0,0,74,NA,NA,NA,NA,NA,0.058,NA,NA,NA
2026-06-10 11:00:00,"SPF",11.1,10.9,11.2,NA,NA,91.3,12,9.7,932.6,NA,1019.4,NA,1512.9,1.8,344,0.8,2.9,6.5,1.7,6.1,NA,NA,1.2,0,83,NA,NA,NA,NA,NA,0.062,NA,NA,NA
2026-06-10 12:00:00,"SPF",11,10.6,11.1,NA,NA,87.6,11.5,9,933.1,NA,1019.9,NA,1516.4,3.1,194,1,3.6,11.2,3.1,11.2,NA,NA,0.5,0,74,NA,NA,NA,NA,NA,0.059,NA,NA,NA
2026-06-10 13:00:00,"SPF",10,9.7,10.3,NA,NA,85.5,10.5,7.7,933.7,NA,1020.6,NA,1519.3,7.4,180,2.9,10.4,26.6,7.3,26.3,NA,NA,1.1,0,114,NA,NA,NA,NA,NA,0.08,NA,NA,NA
2026-06-10 14:00:00,"SPF",9.6,9.4,9.9,NA,NA,88.4,10.6,7.8,934.6,NA,1021.6,NA,1525.8,4.8,173,2.6,9.4,17.3,4.7,16.9,NA,NA,1.6,0,112,NA,NA,NA,NA,NA,0.074,NA,NA,NA
2026-06-10 15:00:00,"SPF",10.7,10.4,11.1,NA,NA,83,10.7,8,934.5,NA,1021.4,NA,1528.2,3.9,209,1.6,5.8,14,3.7,13.3,NA,NA,0.2,0,247,NA,NA,NA,NA,NA,0.138,NA,NA,NA
2026-06-10 16:00:00,"SPF",9.9,9.4,10.2,NA,NA,90.8,11,8.4,934.5,NA,1021.5,NA,1526.1,3.9,195,1.6,5.8,14,3.8,13.7,NA,NA,1.4,0,97,NA,NA,NA,NA,NA,0.063,NA,NA,NA
2026-06-10 17:00:00,"SPF",10.5,10.4,10.8,NA,NA,82.7,10.5,7.7,934.7,NA,1021.7,NA,1529.3,5.1,220,2.5,9,18.4,4.9,17.6,NA,NA,0,0,225,NA,NA,NA,NA,NA,0.114,NA,NA,NA
2026-06-10 18:00:00,"SPF",11.3,10.9,11.4,NA,NA,76.8,10.3,7.4,934.9,NA,1021.9,NA,1533.3,4.1,234,2.3,8.3,14.8,4,14.4,NA,NA,0,0,280,NA,NA,NA,NA,NA,0.119,NA,NA,NA
2026-06-10 19:00:00,"SPF",9.7,7.9,11.2,NA,NA,80.7,9.7,6.5,935.1,NA,1022.1,NA,1530.6,3.9,201,2.1,7.6,14,3.8,13.7,NA,NA,0,0,35,NA,NA,NA,NA,NA,0.03,NA,NA,NA
2026-06-10 20:00:00,"SPF",8.1,8,8.3,NA,NA,95.3,10.3,7.4,935.5,NA,1022.5,NA,1529.4,2.8,207,1.7,6.1,10.1,2.8,10.1,NA,NA,0,0,1,NA,NA,NA,NA,NA,-0.003,NA,NA,NA
2026-06-10 21:00:00,"SPF",8.3,7.8,8.6,NA,NA,92.7,10.1,7.1,935.9,NA,1023,NA,1533.2,4.9,193,1.8,6.5,17.6,4.8,17.3,NA,NA,0,0,0,NA,NA,NA,NA,NA,-0.002,NA,NA,NA
2026-06-10 22:00:00,"SPF",7,6.7,7.3,NA,NA,96.4,9.6,6.5,936,NA,1023.1,NA,1530.2,4.5,199,1.9,6.8,16.2,4.4,15.8,NA,NA,0,0,0,NA,NA,NA,NA,NA,-0.003,NA,NA,NA
2026-06-10 23:00:00,"SPF",7.1,7,7.2,NA,NA,97.9,9.8,6.8,936,NA,1023.1,NA,1530.6,2.5,207,1.3,4.7,9,2.5,9,NA,NA,0,0,0,NA,NA,NA,NA,NA,-0.005,NA,NA,NA
2026-06-11,"SPF",7.2,7.1,7.4,NA,NA,99,10.1,7.1,935.8,NA,1022.9,NA,1529.8,3.3,198,1.3,4.7,11.9,3.2,11.5,NA,NA,0,0,0,NA,NA,NA,NA,NA,-0.006,NA,NA,NA
2026-06-11 01:00:00,"SPF",7.3,6.9,7.7,NA,NA,98,10,7,935.7,NA,1022.7,NA,1528.5,3.2,209,1.1,4,11.5,3.2,11.5,NA,NA,0,0,0,NA,NA,NA,NA,NA,-0.006,NA,NA,NA
2026-06-11 02:00:00,"SPF",7.5,7.2,7.6,NA,NA,97.9,10.1,7.1,935.6,NA,1022.6,NA,1528.6,2.2,207,1.2,4.3,7.9,2.1,7.6,NA,NA,0,0,0,NA,NA,NA,NA,NA,-0.005,NA,NA,NA
2026-06-11 03:00:00,"SPF",6.8,6.3,7.4,NA,NA,97.7,9.7,6.5,935.6,NA,1022.6,NA,1526.7,2.3,209,1,3.6,8.3,2.3,8.3,NA,NA,0,0,0,NA,NA,NA,NA,NA,-0.006,NA,NA,NA
2026-06-11 04:00:00,"SPF",7.3,6.8,7.8,NA,NA,98.7,10.1,7.1,935.9,NA,1023,NA,1530.8,2.9,207,1.4,5,10.4,2.8,10.1,NA,NA,0.1,0,0,NA,NA,NA,NA,NA,-0.005,NA,NA,NA
2026-06-11 05:00:00,"SPF",8.6,8,8.8,NA,NA,92.7,10.3,7.5,936.5,NA,1023.6,NA,1539.6,3.2,210,1.4,5,11.5,3.1,11.2,NA,NA,0.1,0,13,NA,NA,NA,NA,NA,0.022,NA,NA,NA
2026-06-11 06:00:00,"SPF",8.9,8.6,9,NA,NA,88.7,10.1,7.2,936.9,NA,1024.1,NA,1544.4,4.3,196,2,7.2,15.5,4.3,15.5,NA,NA,0.1,0,56,NA,NA,NA,NA,NA,0.042,NA,NA,NA
2026-06-11 07:00:00,"SPF",8.9,8.7,9,NA,NA,79.4,9,5.5,937.6,NA,1024.8,NA,1549.6,7.1,194,3.5,12.6,25.6,6.9,24.8,NA,NA,0,0,104,NA,NA,NA,NA,NA,0.076,NA,NA,NA
2026-06-11 08:00:00,"SPF",9.7,9.3,10.3,NA,NA,76.1,9.1,5.6,938,NA,1025.2,NA,1555.7,5.4,211,2.5,9,19.4,5.3,19.1,NA,NA,0,0,278,NA,NA,NA,NA,NA,0.147,NA,NA,NA
2026-06-11 09:00:00,"SPF",11.5,10.8,11.9,NA,NA,62.1,8.4,4.5,938.1,NA,1025.3,NA,1562,5.4,195,2.6,9.4,19.4,5.3,19.1,NA,NA,0,0,478,NA,NA,NA,NA,NA,0.26,NA,NA,NA
2026-06-11 10:00:00,"SPF",12.4,11.9,13.3,NA,NA,56.4,8.1,4,938.1,NA,1025.3,NA,1564.7,6.5,221,2.3,8.3,23.4,6.2,22.3,NA,NA,0,0,480,NA,NA,NA,NA,NA,0.278,NA,NA,NA
2026-06-11 11:00:00,"SPF",13.4,12.6,14.4,NA,NA,52.1,8,3.8,938,NA,1025.2,NA,1566.9,8.1,210,2.6,9.4,29.2,7.7,27.7,NA,NA,0,0,617,NA,NA,NA,NA,NA,0.357,NA,NA,NA
2026-06-11 12:00:00,"SPF",14.1,13.7,14.9,NA,NA,49.6,8,3.7,937.9,NA,1025.1,NA,1568.6,7.2,252,2.8,10.1,25.9,7.1,25.6,NA,NA,0,0,502,NA,NA,NA,NA,NA,0.316,NA,NA,NA
2026-06-11 13:00:00,"SPF",15.1,14.2,16,NA,NA,47.1,8.1,3.9,938,NA,1025.2,NA,1572.1,7,235,2.7,9.7,25.2,6.7,24.1,NA,NA,0,0,757,NA,NA,NA,NA,NA,0.444,NA,NA,NA
2026-06-11 14:00:00,"SPF",15.9,15.4,16.3,NA,NA,41.2,7.5,2.7,937.7,NA,1024.9,NA,1572.4,7.7,232,3.3,11.9,27.7,7.4,26.6,NA,NA,0,0,689,NA,NA,NA,NA,NA,0.428,NA,NA,NA
2026-06-11 15:00:00,"SPF",16.4,15.5,17,NA,NA,41.4,7.7,3.2,937.9,NA,1025.1,NA,1575.3,7.4,273,2.6,9.4,26.6,7.1,25.6,NA,NA,0,0,635,NA,NA,NA,NA,NA,0.392,NA,NA,NA
2026-06-11 16:00:00,"SPF",16,15.8,16.7,NA,NA,39.8,7.3,2.4,937.7,NA,1024.9,NA,1572.3,6.9,262,2.3,8.3,24.8,6.7,24.1,NA,NA,0,0,371,NA,NA,NA,NA,NA,0.257,NA,NA,NA
2026-06-11 17:00:00,"SPF",15.7,15.5,16.2,NA,NA,40.9,7.3,2.5,937.7,NA,1024.9,NA,1571.8,5.6,252,2.1,7.6,20.2,5.5,19.8,NA,NA,0,0,205,NA,NA,NA,NA,NA,0.167,NA,NA,NA
2026-06-11 18:00:00,"SPF",14.9,14.3,15.3,NA,NA,49.3,8.3,4.3,937.8,NA,1025,NA,1570.2,3.3,222,1.3,4.7,11.9,3.2,11.5,NA,NA,0,0,80,NA,NA,NA,NA,NA,0.081,NA,NA,NA
2026-06-11 19:00:00,"SPF",13.7,13.1,14.1,NA,NA,60.6,9.4,6.1,938.3,NA,1025.5,NA,1570.4,2.4,203,1.4,5,8.6,2.3,8.3,NA,NA,0,0,18,NA,NA,NA,NA,NA,0.046,NA,NA,NA
2026-06-11 20:00:00,"SPF",12.4,11.9,12.9,NA,NA,70.1,10.1,7.1,938.7,NA,1026,NA,1570.6,3.2,201,1.4,5,11.5,3.1,11.2,NA,NA,0,0,1,NA,NA,NA,NA,NA,0.009,NA,NA,NA
2026-06-11 21:00:00,"SPF",12.1,11.8,12.3,NA,NA,68,9.6,6.4,939.2,NA,1026.5,NA,1573.5,3.3,199,2.1,7.6,11.9,3.3,11.9,NA,NA,0,0,0,NA,NA,NA,NA,NA,0.016,NA,NA,NA
2026-06-11 22:00:00,"SPF",11.8,11.5,12.2,NA,NA,70.2,9.8,6.6,939.4,NA,1026.7,NA,1574.4,3.8,201,1.8,6.5,13.7,3.7,13.3,NA,NA,0,0,0,NA,NA,NA,NA,NA,0.012,NA,NA,NA
2026-06-11 23:00:00,"SPF",11.8,11.7,12,NA,NA,69.6,9.6,6.4,939.5,NA,1026.8,NA,1575.6,4.1,205,2.4,8.6,14.8,4,14.4,NA,NA,0,0,0,NA,NA,NA,NA,NA,0.017,NA,NA,NA
2026-06-12,"SPF",11.9,11.7,12,NA,NA,69.6,9.7,6.5,939.4,NA,1026.7,NA,1575.1,4,221,2.3,8.3,14.4,3.9,14,NA,NA,0,0,0,NA,NA,NA,NA,NA,0.017,NA,NA,NA
2026-06-12 01:00:00,"SPF",12,11.9,12.1,NA,NA,68.3,9.6,6.4,939.3,NA,1026.6,NA,1574.1,3.8,225,2.2,7.9,13.7,3.7,13.3,NA,NA,0,0,0,NA,NA,NA,NA,NA,0.017,NA,NA,NA
2026-06-12 02:00:00,"SPF",12.3,12.1,12.4,NA,NA,65.6,9.3,6,939.2,NA,1026.5,NA,1573.8,5,227,2.7,9.7,18,4.7,16.9,NA,NA,0,0,0,NA,NA,NA,NA,NA,0.023,NA,NA,NA
2026-06-12 03:00:00,"SPF",12.3,11.9,12.5,NA,NA,66.3,9.5,6.2,939.3,NA,1026.6,NA,1575,4.4,227,2.2,7.9,15.8,4.3,15.5,NA,NA,0,0,0,NA,NA,NA,NA,NA,0.019,NA,NA,NA
2026-06-12 04:00:00,"SPF",13.2,12.5,13.8,NA,NA,58.6,8.9,5.2,939.1,NA,1026.4,NA,1576.2,7,217,3.3,11.9,25.2,6.8,24.5,NA,NA,0,0,0,NA,NA,NA,NA,NA,0.035,NA,NA,NA
2026-06-12 05:00:00,"SPF",13.8,13.5,14,NA,NA,55.1,8.7,4.9,939.4,NA,1026.7,NA,1580.5,8.9,207,3.7,13.3,32,8.7,31.3,NA,NA,0,0,8,NA,NA,NA,NA,NA,0.096,NA,NA,NA
2026-06-12 06:00:00,"SPF",14.1,13.9,14.3,NA,NA,55.3,8.9,5.3,939.5,NA,1026.8,NA,1582.1,9.1,202,4.7,16.9,32.8,9,32.4,NA,NA,0,0,44,NA,NA,NA,NA,NA,0.122,NA,NA,NA
2026-06-12 07:00:00,"SPF",14.4,14.2,14.6,NA,NA,55.6,9.1,5.6,939.5,NA,1026.8,NA,1583.5,9.1,208,4.2,15.1,32.8,8.9,32,NA,NA,0,5,111,NA,NA,NA,NA,NA,0.143,NA,NA,NA
2026-06-12 08:00:00,"SPF",14.5,14.4,14.6,NA,NA,60.4,10,7,939.8,NA,1027.2,NA,1586.5,7.4,222,4.3,15.5,26.6,7.3,26.3,NA,NA,0,0,119,NA,NA,NA,NA,NA,0.142,NA,NA,NA
2026-06-12 09:00:00,"SPF",15.1,14.6,15.4,NA,NA,61.9,10.6,7.8,940.1,NA,1027.5,NA,1590.7,10.7,223,5.2,18.7,38.5,10,36,NA,NA,0,3,215,NA,NA,NA,NA,NA,0.191,NA,NA,NA
2026-06-12 10:00:00,"SPF",15.3,15.1,15.6,NA,NA,62.6,10.9,8.2,940.5,NA,1027.9,NA,1595.2,9.8,221,5.2,18.7,35.3,9.5,34.2,NA,NA,0,0,285,NA,NA,NA,NA,NA,0.222,NA,NA,NA
2026-06-12 11:00:00,"SPF",15.7,15.4,16.2,NA,NA,66.3,11.8,9.5,940.8,NA,1028.2,NA,1598.5,10,200,5.1,18.4,36,9.7,34.9,NA,NA,0,0,425,NA,NA,NA,NA,NA,0.276,NA,NA,NA
2026-06-12 12:00:00,"SPF",16.2,16.1,16.3,NA,NA,64.2,11.8,9.4,940.9,NA,1028.3,NA,1601.2,8.8,212,4.8,17.3,31.7,8.5,30.6,NA,NA,0,0,405,NA,NA,NA,NA,NA,0.276,NA,NA,NA
2026-06-12 13:00:00,"SPF",17.5,17,18,NA,NA,60.9,12.2,9.9,940.6,NA,1028,NA,1603.1,6.2,223,3.3,11.9,22.3,6.1,22,NA,NA,0,0,495,NA,NA,NA,NA,NA,0.328,NA,NA,NA
2026-06-12 14:00:00,"SPF",17.8,17.2,18.1,NA,NA,60.7,12.3,10.1,940.6,NA,1028,NA,1603.7,7,223,2.8,10.1,25.2,6.9,24.8,NA,NA,0,0,378,NA,NA,NA,NA,NA,0.267,NA,NA,NA
2026-06-12 15:00:00,"SPF",17.7,17.5,17.8,NA,NA,66,13.4,11.3,940.5,NA,1027.9,NA,1602.8,3.7,194,1.4,5,13.3,3.6,13,NA,NA,0,0,285,NA,NA,NA,NA,NA,0.197,NA,NA,NA
2026-06-12 16:00:00,"SPF",18.1,17.8,18.5,NA,NA,64.8,13.5,11.4,940.4,NA,1027.8,NA,1602.8,4.8,183,2.4,8.6,17.3,4.7,16.9,NA,NA,0,0,248,NA,NA,NA,NA,NA,0.185,NA,NA,NA
2026-06-12 17:00:00,"SPF",18.5,18.4,18.9,NA,NA,62.5,13.3,11.3,940.3,NA,1027.7,NA,1603.3,5.7,211,2.9,10.4,20.5,5.6,20.2,NA,NA,0,0,191,NA,NA,NA,NA,NA,0.16,NA,NA,NA
2026-06-12 18:00:00,"SPF",18.6,18,19,NA,NA,63.8,13.7,11.6,940.5,NA,1027.9,NA,1605.1,4.4,231,2.3,8.3,15.8,4.3,15.5,NA,NA,0,0,182,NA,NA,NA,NA,NA,0.128,NA,NA,NA
2026-06-12 19:00:00,"SPF",17.6,16.7,18.4,NA,NA,71.3,14.3,12.3,940.7,NA,1028.1,NA,1604.1,3.7,210,1.7,6.1,13.3,3.7,13.3,NA,NA,0,0,61,NA,NA,NA,NA,NA,0.043,NA,NA,NA
2026-06-12 20:00:00,"SPF",15.7,15.3,16.2,NA,NA,81.4,14.5,12.5,941,NA,1028.4,NA,1600.3,2.9,202,1.6,5.8,10.4,2.8,10.1,NA,NA,0,0,3,NA,NA,NA,NA,NA,0.006,NA,NA,NA
2026-06-12 21:00:00,"SPF",14.6,13.9,15.4,NA,NA,84.3,14,12,941.2,NA,1028.7,NA,1599,2.8,204,1.7,6.1,10.1,2.7,9.7,NA,NA,0,0,0,NA,NA,NA,NA,NA,0.004,NA,NA,NA
2026-06-12 22:00:00,"SPF",13.4,12.7,14,NA,NA,88.4,13.6,11.5,940.9,NA,1028.3,NA,1592.9,3,208,1.7,6.1,10.8,2.9,10.4,NA,NA,0,0,0,NA,NA,NA,NA,NA,0.001,NA,NA,NA
2026-06-12 23:00:00,"SPF",12.7,12.6,12.9,NA,NA,89.5,13.2,11.1,940.6,NA,1028,NA,1588.2,3.4,205,1.8,6.5,12.2,3.3,11.9,NA,NA,0,0,0,NA,NA,NA,NA,NA,0.001,NA,NA,NA
2026-06-13,"SPF",12.2,12,12.6,NA,NA,90.4,12.9,10.7,940.6,NA,1028,NA,1586.6,2.3,222,1.2,4.3,8.3,2.3,8.3,NA,NA,0,0,0,NA,NA,NA,NA,NA,-0.002,NA,NA,NA
2026-06-13 01:00:00,"SPF",11.9,11.5,12.3,NA,NA,91.8,12.7,10.5,940.5,NA,1027.9,NA,1584.2,3.1,207,1.4,5,11.2,3,10.8,NA,NA,0,0,0,NA,NA,NA,NA,NA,-0.002,NA,NA,NA
2026-06-13 02:00:00,"SPF",10.8,10.4,11.5,NA,NA,96.1,12.5,10.2,940.4,NA,1027.8,NA,1580.1,2.4,216,1.4,5,8.6,2.3,8.3,NA,NA,0,0,0,NA,NA,NA,NA,NA,-0.005,NA,NA,NA
2026-06-13 03:00:00,"SPF",10.3,9.9,10.8,NA,NA,98.1,12.3,10,940.3,NA,1027.7,NA,1578,2.4,219,1.3,4.7,8.6,2.3,8.3,NA,NA,0,0,0,NA,NA,NA,NA,NA,-0.006,NA,NA,NA
2026-06-13 04:00:00,"SPF",10.2,10,10.7,NA,NA,98.7,12.3,10,940.2,NA,1027.6,NA,1577,3.1,208,1.7,6.1,11.2,3.1,11.2,NA,NA,0,0,3,NA,NA,NA,NA,NA,-0.005,NA,NA,NA
2026-06-13 05:00:00,"SPF",12.1,11.2,12.6,NA,NA,91.8,12.9,10.8,940.2,NA,1027.6,NA,1582.4,4.5,210,2.1,7.6,16.2,4.4,15.8,NA,NA,0,0,66,NA,NA,NA,NA,NA,0.031,NA,NA,NA
2026-06-13 06:00:00,"SPF",14.5,13.4,15.5,NA,NA,81.3,13.4,11.3,940.1,NA,1027.5,NA,1589.1,5.6,195,3.1,11.2,20.2,5.3,19.1,NA,NA,0,0,249,NA,NA,NA,NA,NA,0.126,NA,NA,NA
2026-06-13 07:00:00,"SPF",17.6,15.8,18.8,NA,NA,68.8,13.8,11.7,940.2,NA,1027.6,NA,1599,7,203,3.8,13.7,25.2,6.8,24.5,NA,NA,0,0,427,NA,NA,NA,NA,NA,0.254,NA,NA,NA
2026-06-13 08:00:00,"SPF",19.4,18.9,19.9,NA,NA,61.4,13.8,11.8,940,NA,1027.4,NA,1603.3,7.7,226,4.4,15.8,27.7,7.6,27.4,NA,NA,0,0,599,NA,NA,NA,NA,NA,0.378,NA,NA,NA
2026-06-13 09:00:00,"SPF",20.6,20,21.3,NA,NA,58.6,14.2,12.2,939.7,NA,1027,NA,1604.2,7.6,229,4.4,15.8,27.4,7.3,26.3,NA,NA,0,0,757,NA,NA,NA,NA,NA,0.485,NA,NA,NA
2026-06-13 10:00:00,"SPF",22.1,21.5,22.6,NA,NA,50.9,13.5,11.4,939.3,NA,1026.6,NA,1605.3,7,228,4.2,15.1,25.2,6.7,24.1,NA,NA,0,0,877,NA,NA,NA,NA,NA,0.591,NA,NA,NA
2026-06-13 11:00:00,"SPF",23.5,22.9,24,NA,NA,43.1,12.5,10.2,938.8,NA,1026.1,NA,1604.8,7.5,232,3.8,13.7,27,7.2,25.9,NA,NA,0,0,948,NA,NA,NA,NA,NA,0.667,NA,NA,NA
2026-06-13 12:00:00,"SPF",24.3,24,24.6,NA,NA,42,12.8,10.6,938.4,NA,1025.6,NA,1603.6,7.6,244,3.4,12.2,27.4,7.5,27,NA,NA,0,0,965,NA,NA,NA,NA,NA,0.688,NA,NA,NA
2026-06-13 13:00:00,"SPF",24.8,24.5,25,NA,NA,39.3,12.3,10,937.7,NA,1024.9,NA,1599.3,8.2,238,3.8,13.7,29.5,8.1,29.2,NA,NA,0,0,930,NA,NA,NA,NA,NA,0.68,NA,NA,NA
2026-06-13 14:00:00,"SPF",25.3,25.1,25.4,NA,NA,35.2,11.3,8.7,937.2,NA,1024.3,NA,1595.6,7.8,226,4.1,14.8,28.1,7.7,27.7,NA,NA,0,0,857,NA,NA,NA,NA,NA,0.65,NA,NA,NA
2026-06-13 15:00:00,"SPF",25.5,25.4,25.5,NA,NA,32.9,10.7,8,936.6,NA,1023.7,NA,1590.8,7.9,234,3.5,12.6,28.4,7.8,28.1,NA,NA,0,0,732,NA,NA,NA,NA,NA,0.563,NA,NA,NA
2026-06-13 16:00:00,"SPF",25.2,24.9,25.6,NA,NA,29.3,9.4,6.1,936,NA,1023.1,NA,1584.3,7.3,235,3.7,13.3,26.3,7.2,25.9,NA,NA,0,0,503,NA,NA,NA,NA,NA,0.435,NA,NA,NA
2026-06-13 17:00:00,"SPF",24.2,23.9,24.8,NA,NA,35.1,10.6,7.8,935.8,NA,1022.9,NA,1579.9,7.9,225,2.7,9.7,28.4,7.8,28.1,NA,NA,0,0,300,NA,NA,NA,NA,NA,0.271,NA,NA,NA
2026-06-13 18:00:00,"SPF",22.4,20.4,23.8,NA,NA,46.6,12.5,10.3,935.8,NA,1022.9,NA,1574.4,4.5,208,2.3,8.3,16.2,4.4,15.8,NA,NA,0,0,137,NA,NA,NA,NA,NA,0.145,NA,NA,NA
2026-06-13 19:00:00,"SPF",19.7,18.7,20.9,NA,NA,56.4,12.9,10.8,935.7,NA,1022.8,NA,1565.7,5,199,2.3,8.3,18,4.9,17.6,NA,NA,0,0,39,NA,NA,NA,NA,NA,0.075,NA,NA,NA
2026-06-13 20:00:00,"SPF",17.8,17.6,18,NA,NA,65,13.2,11.1,935.9,NA,1023,NA,1561.8,4.5,203,2.3,8.3,16.2,4.4,15.8,NA,NA,0,0,2,NA,NA,NA,NA,NA,0.026,NA,NA,NA
2026-06-13 21:00:00,"SPF",16.3,15.6,17.2,NA,NA,71.3,13.2,11,936.2,NA,1023.3,NA,1559.7,3.7,202,1.8,6.5,13.3,3.6,13,NA,NA,0,0,0,NA,NA,NA,NA,NA,0.014,NA,NA,NA
2026-06-13 22:00:00,"SPF",15.4,15.1,15.9,NA,NA,71.1,12.4,10.2,936.2,NA,1023.3,NA,1557.2,4.5,201,2.3,8.3,16.2,4.4,15.8,NA,NA,0,0,0,NA,NA,NA,NA,NA,0.018,NA,NA,NA
2026-06-13 23:00:00,"SPF",14.8,14.1,15.2,NA,NA,72,12.1,9.8,935.8,NA,1022.9,NA,1551.9,4.4,213,1.7,6.1,15.8,4.3,15.5,NA,NA,0,0,0,NA,NA,NA,NA,NA,0.012,NA,NA,NA
2026-06-14,"SPF",14.5,13.4,14.9,NA,NA,73.5,12.1,9.8,935.5,NA,1022.5,NA,1548.2,6.7,199,2.9,10.4,24.1,6.6,23.8,NA,NA,0,0,0,NA,NA,NA,NA,NA,0.019,NA,NA,NA
2026-06-14 01:00:00,"SPF",14.5,14,15,NA,NA,72.1,11.9,9.6,935.1,NA,1022.1,NA,1544.9,4.9,204,2.4,8.6,17.6,4.8,17.3,NA,NA,0,0,0,NA,NA,NA,NA,NA,0.017,NA,NA,NA
2026-06-14 02:00:00,"SPF",14.5,13.9,14.7,NA,NA,70.7,11.7,9.2,934.8,NA,1021.8,NA,1542.2,5.3,207,2.3,8.3,19.1,5.1,18.4,NA,NA,0,0,0,NA,NA,NA,NA,NA,0.018,NA,NA,NA
2026-06-14 03:00:00,"SPF",13,12.7,13.3,NA,NA,79,11.8,9.5,934.4,NA,1021.3,NA,1534.1,2.6,225,0.9,3.2,9.4,2.5,9,NA,NA,0,0,0,NA,NA,NA,NA,NA,0,NA,NA,NA
2026-06-14 04:00:00,"SPF",12.3,11.7,12.7,NA,NA,83.1,11.8,9.5,934,NA,1020.9,NA,1528.7,2.2,221,1.1,4,7.9,2.1,7.6,NA,NA,0,0,5,NA,NA,NA,NA,NA,0.001,NA,NA,NA
2026-06-14 05:00:00,"SPF",12.5,12.1,12.8,NA,NA,83.4,12.1,9.8,934.1,NA,1021,NA,1530,2.3,270,0.9,3.2,8.3,2.3,8.3,NA,NA,0,0,74,NA,NA,NA,NA,NA,0.033,NA,NA,NA
2026-06-14 06:00:00,"SPF",15,12.8,17.3,NA,NA,77.9,13.3,11.2,934,NA,1020.9,NA,1536.6,3.5,212,1,3.6,12.6,3.4,12.2,NA,NA,0,0,237,NA,NA,NA,NA,NA,0.12,NA,NA,NA
2026-06-14 07:00:00,"SPF",19.2,17.8,19.9,NA,NA,59.4,13.1,11,933.8,NA,1020.7,NA,1546.2,7.1,216,3.8,13.7,25.6,7,25.2,NA,NA,0,0,430,NA,NA,NA,NA,NA,0.283,NA,NA,NA
2026-06-14 08:00:00,"SPF",20.4,20,20.8,NA,NA,53.8,12.9,10.7,933.6,NA,1020.5,NA,1548.7,8,239,4.4,15.8,28.8,7.7,27.7,NA,NA,0,0,603,NA,NA,NA,NA,NA,0.406,NA,NA,NA
2026-06-14 09:00:00,"SPF",21.4,20.9,21.8,NA,NA,51.7,13.2,11,933.2,NA,1020.1,NA,1547.9,7.8,223,4.6,16.6,28.1,7.6,27.4,NA,NA,0,0,748,NA,NA,NA,NA,NA,0.506,NA,NA,NA
2026-06-14 10:00:00,"SPF",22.4,22.1,22.6,NA,NA,45.8,12.4,10.1,932.8,NA,1019.6,NA,1547.1,10.1,222,5.2,18.7,36.4,10,36,NA,NA,0,2,888,NA,NA,NA,NA,NA,0.618,NA,NA,NA
2026-06-14 11:00:00,"SPF",23.3,23,23.5,NA,NA,41.1,11.7,9.3,932.5,NA,1019.3,NA,1546.8,11.5,241,4.7,16.9,41.4,11.2,40.3,NA,NA,0,0,946,NA,NA,NA,NA,NA,0.673,NA,NA,NA
2026-06-14 12:00:00,"SPF",23.8,23.5,24.1,NA,NA,35.9,10.6,7.8,932.2,NA,1019,NA,1545.5,11.7,237,4.4,15.8,42.1,10.9,39.2,NA,NA,0,0,973,NA,NA,NA,NA,NA,0.706,NA,NA,NA
2026-06-14 13:00:00,"SPF",24,23.8,24.1,NA,NA,35.7,10.7,7.9,931.9,NA,1018.6,NA,1542.8,10.3,247,4.8,17.3,37.1,10.1,36.4,NA,NA,0,0,929,NA,NA,NA,NA,NA,0.688,NA,NA,NA
2026-06-14 14:00:00,"SPF",24.4,24.2,24.5,NA,NA,35.1,10.7,8,931.3,NA,1018,NA,1538.8,10.6,231,5.3,19.1,38.2,10,36,NA,NA,0,0,884,NA,NA,NA,NA,NA,0.672,NA,NA,NA
2026-06-14 15:00:00,"SPF",24.5,24.3,24.6,NA,NA,33.4,10.2,7.3,931.1,NA,1017.8,NA,1536.8,11.4,235,5.3,19.1,41,11.1,40,NA,NA,0,0,746,NA,NA,NA,NA,NA,0.592,NA,NA,NA
2026-06-14 16:00:00,"SPF",24.4,24,24.6,NA,NA,30.6,9.3,5.9,931,NA,1017.7,NA,1535.5,9.5,239,4.4,15.8,34.2,9.4,33.8,NA,NA,0,0,594,NA,NA,NA,NA,NA,0.484,NA,NA,NA
2026-06-14 17:00:00,"SPF",23.8,23.6,24,NA,NA,29.7,8.8,5.1,930.8,NA,1017.5,NA,1532.9,9.4,237,4.5,16.2,33.8,9.4,33.8,NA,NA,0,0,425,NA,NA,NA,NA,NA,0.381,NA,NA,NA
2026-06-14 18:00:00,"SPF",23,22.4,23.4,NA,NA,31.3,8.8,5.1,930.9,NA,1017.6,NA,1531.1,7.4,262,3.2,11.5,26.6,7.3,26.3,NA,NA,0,0,249,NA,NA,NA,NA,NA,0.228,NA,NA,NA
2026-06-14 19:00:00,"SPF",21.1,19.2,22.2,NA,NA,35.3,8.8,5.1,931.1,NA,1017.8,NA,1528,6,251,2,7.2,21.6,5.8,20.9,NA,NA,0,0,62,NA,NA,NA,NA,NA,0.089,NA,NA,NA
2026-06-14 20:00:00,"SPF",17.3,15.7,18.5,NA,NA,50.9,10,7,931.5,NA,1018.2,NA,1520.2,3.7,197,2.2,7.9,13.3,3.7,13.3,NA,NA,0,0,1,NA,NA,NA,NA,NA,0.036,NA,NA,NA
2026-06-14 21:00:00,"SPF",15.3,14.9,15.7,NA,NA,59.4,10.3,7.4,931.9,NA,1018.7,NA,1518.1,3.4,203,2.1,7.6,12.2,3.3,11.9,NA,NA,0,0,0,NA,NA,NA,NA,NA,0.025,NA,NA,NA
2026-06-14 22:00:00,"SPF",14.6,14.3,14.9,NA,NA,61.4,10.2,7.2,931.9,NA,1018.7,NA,1516.8,4.2,203,2.3,8.3,15.1,4.1,14.8,NA,NA,0,0,0,NA,NA,NA,NA,NA,0.025,NA,NA,NA
2026-06-14 23:00:00,"SPF",13.3,12.3,13.8,NA,NA,66.8,10.2,7.3,931.8,NA,1018.6,NA,1512.1,3.3,218,1.7,6.1,11.9,3.3,11.9,NA,NA,0,0,0,NA,NA,NA,NA,NA,0.014,NA,NA,NA
2026-06-15,"SPF",12.8,11.8,13.4,NA,NA,68,10,7,931.8,NA,1018.5,NA,1510.1,3.9,205,2.2,7.9,14,3.8,13.7,NA,NA,0,0,0,NA,NA,NA,NA,NA,0.017,NA,NA,NA
2026-06-15 01:00:00,"SPF",12.4,11.7,12.8,NA,NA,70,10.1,7.1,931.6,NA,1018.3,NA,1507.9,3.3,214,1.3,4.7,11.9,3.2,11.5,NA,NA,0,0,0,NA,NA,NA,NA,NA,0.008,NA,NA,NA
2026-06-15 02:00:00,"SPF",11,10.2,11.5,NA,NA,78.4,10.3,7.4,931.5,NA,1018.2,NA,1502.6,1.9,207,0.8,2.9,6.8,1.9,6.8,NA,NA,0,0,0,NA,NA,NA,NA,NA,-0.001,NA,NA,NA
2026-06-15 03:00:00,"SPF",10,9.4,10.6,NA,NA,82.8,10.2,7.2,931.2,NA,1017.9,NA,1497.3,3.4,210,1.4,5,12.2,3.3,11.9,NA,NA,0,0,0,NA,NA,NA,NA,NA,0.002,NA,NA,NA
2026-06-15 04:00:00,"SPF",10.6,10.1,11.1,NA,NA,77.9,10,6.9,930.9,NA,1017.6,NA,1496.4,4.6,198,2.6,9.4,16.6,4.5,16.2,NA,NA,0,0,3,NA,NA,NA,NA,NA,0.012,NA,NA,NA
2026-06-15 05:00:00,"SPF",10.5,10.3,10.9,NA,NA,79.7,10.1,7.2,931.3,NA,1018,NA,1499.5,2.5,90,1,3.6,9,2.4,8.6,NA,NA,0,0,82,NA,NA,NA,NA,NA,0.034,NA,NA,NA
2026-06-15 06:00:00,"SPF",12.4,11.6,13.3,NA,NA,74.9,10.8,8.1,931.5,NA,1018.2,NA,1506.6,1.3,194,0.5,1.8,4.7,1.3,4.7,NA,NA,0,0,249,NA,NA,NA,NA,NA,0.113,NA,NA,NA
2026-06-15 07:00:00,"SPF",14.9,13.6,16.2,NA,NA,64.7,10.9,8.3,931.4,NA,1018.1,NA,1512.8,2.1,108,0.6,2.2,7.6,2,7.2,NA,NA,0,0,430,NA,NA,NA,NA,NA,0.227,NA,NA,NA
2026-06-15 08:00:00,"SPF",17.8,17,18.8,NA,NA,56.4,11.5,9,931.4,NA,1018.1,NA,1520.9,3.4,23,1.7,6.1,12.2,3.4,12.2,NA,NA,0,0,613,NA,NA,NA,NA,NA,0.365,NA,NA,NA
2026-06-15 09:00:00,"SPF",19.4,18.9,19.8,NA,NA,52.1,11.7,9.3,931.5,NA,1018.2,NA,1526.4,3.7,29,1.6,5.8,13.3,3.6,13,NA,NA,0,0,580,NA,NA,NA,NA,NA,0.377,NA,NA,NA
2026-06-15 10:00:00,"SPF",20.1,19.9,20.3,NA,NA,40.3,9.5,6.2,931.7,NA,1018.4,NA,1529.9,5.7,231,2.3,8.3,20.5,5.6,20.2,NA,NA,0,0,407,NA,NA,NA,NA,NA,0.319,NA,NA,NA
2026-06-15 11:00:00,"SPF",20.9,20.4,21.3,NA,NA,35.8,8.8,5.2,931.6,NA,1018.3,NA,1531.3,5.9,227,2.5,9,21.2,5.8,20.9,NA,NA,0,0,511,NA,NA,NA,NA,NA,0.393,NA,NA,NA
2026-06-15 12:00:00,"SPF",22,21.5,22.7,NA,NA,33.3,8.8,5.1,931.5,NA,1018.2,NA,1533.7,7.9,233,3.5,12.6,28.4,7.7,27.7,NA,NA,0,0,742,NA,NA,NA,NA,NA,0.548,NA,NA,NA
2026-06-15 13:00:00,"SPF",22.6,22,22.7,NA,NA,32.7,9,5.4,931.2,NA,1017.9,NA,1533.1,6.6,222,3.1,11.2,23.8,6.3,22.7,NA,NA,0,0,913,NA,NA,NA,NA,NA,0.64,NA,NA,NA
2026-06-15 14:00:00,"SPF",22.7,22.2,23.4,NA,NA,33,9.1,5.6,931.2,NA,1017.9,NA,1532.9,6.6,236,2.9,10.4,23.8,6.4,23,NA,NA,0,0,663,NA,NA,NA,NA,NA,0.496,NA,NA,NA
2026-06-15 15:00:00,"SPF",22.7,21.9,23.3,NA,NA,33.9,9.3,5.9,931,NA,1017.7,NA,1531.6,8.7,220,3.6,13,31.3,8.3,29.9,NA,NA,0,0,549,NA,NA,NA,NA,NA,0.439,NA,NA,NA
2026-06-15 16:00:00,"SPF",23.2,22.5,23.7,NA,NA,34.7,9.9,6.8,930.9,NA,1017.6,NA,1531.4,5.4,221,2.5,9,19.4,5.3,19.1,NA,NA,0,0,599,NA,NA,NA,NA,NA,0.428,NA,NA,NA
2026-06-15 17:00:00,"SPF",23.1,22.9,23.3,NA,NA,34.4,9.7,6.5,930.8,NA,1017.5,NA,1530.5,6.8,262,2.4,8.6,24.5,6.7,24.1,NA,NA,0,0,421,NA,NA,NA,NA,NA,0.309,NA,NA,NA
2026-06-15 18:00:00,"SPF",22.6,22,22.9,NA,NA,35.4,9.7,6.5,931.1,NA,1017.8,NA,1531.8,4.9,273,2.1,7.6,17.6,4.8,17.3,NA,NA,0,0,273,NA,NA,NA,NA,NA,0.194,NA,NA,NA
2026-06-15 19:00:00,"SPF",21,18.9,22.1,NA,NA,41.6,10.3,7.4,931.5,NA,1018.2,NA,1531.3,3.5,256,1.4,5,12.6,3.3,11.9,NA,NA,0,0,73,NA,NA,NA,NA,NA,0.062,NA,NA,NA
2026-06-15 20:00:00,"SPF",17.1,15.1,18.8,NA,NA,58.9,11.5,9,932.2,NA,1019,NA,1526,2.6,204,1.1,4,9.4,2.5,9,NA,NA,0,0,1,NA,NA,NA,NA,NA,0.013,NA,NA,NA
2026-06-15 21:00:00,"SPF",14.8,14.3,15.2,NA,NA,69.7,11.7,9.3,933.1,NA,1020,NA,1528.2,3.1,213,1.7,6.1,11.2,3,10.8,NA,NA,0,0,0,NA,NA,NA,NA,NA,0.013,NA,NA,NA
2026-06-15 22:00:00,"SPF",14.6,14,15.4,NA,NA,68.3,11.3,8.8,933.3,NA,1020.2,NA,1529.2,3.5,202,1.9,6.8,12.6,3.5,12.6,NA,NA,0,0,0,NA,NA,NA,NA,NA,0.016,NA,NA,NA
2026-06-15 23:00:00,"SPF",14.2,13.8,14.8,NA,NA,68.5,11.1,8.5,933.4,NA,1020.3,NA,1528.5,3.7,209,2.1,7.6,13.3,3.6,13,NA,NA,0,0,0,NA,NA,NA,NA,NA,0.018,NA,NA,NA
2026-06-16,"SPF",13.7,13.2,14,NA,NA,71.5,11.2,8.7,933.5,NA,1020.4,NA,1528.6,3,201,1.5,5.4,10.8,3,10.8,NA,NA,0,0,0,NA,NA,NA,NA,NA,0.01,NA,NA,NA
2026-06-16 01:00:00,"SPF",12.9,12.6,13.1,NA,NA,75.6,11.2,8.6,933.4,NA,1020.3,NA,1525.2,3.3,198,1.3,4.7,11.9,3.1,11.2,NA,NA,0,0,0,NA,NA,NA,NA,NA,0.005,NA,NA,NA
2026-06-16 02:00:00,"SPF",12.5,12.1,12.9,NA,NA,77.3,11.2,8.6,933.4,NA,1020.3,NA,1523.5,2.9,200,1.5,5.4,10.4,2.9,10.4,NA,NA,0,0,0,NA,NA,NA,NA,NA,0.006,NA,NA,NA
2026-06-16 03:00:00,"SPF",12,11.6,12.8,NA,NA,77.7,10.9,8.3,933.2,NA,1020.1,NA,1520.9,2.7,203,1.3,4.7,9.7,2.7,9.7,NA,NA,0,0,0,NA,NA,NA,NA,NA,0.004,NA,NA,NA
2026-06-16 04:00:00,"SPF",10.8,10.5,10.9,NA,NA,81.6,10.6,7.8,933.4,NA,1020.3,NA,1518.6,2.9,207,1.7,6.1,10.4,2.8,10.1,NA,NA,0,0,4,NA,NA,NA,NA,NA,0.005,NA,NA,NA
2026-06-16 05:00:00,"SPF",11.1,10.3,11.7,NA,NA,80,10.6,7.8,933.6,NA,1020.5,NA,1521.8,2.9,207,1.6,5.8,10.4,2.9,10.4,NA,NA,0,0,64,NA,NA,NA,NA,NA,0.037,NA,NA,NA
2026-06-16 06:00:00,"SPF",12.9,11.8,14.1,NA,NA,77,11.5,9,933.8,NA,1020.7,NA,1528.7,2.1,217,1.1,4,7.6,2.1,7.6,NA,NA,0,0,170,NA,NA,NA,NA,NA,0.09,NA,NA,NA
2026-06-16 07:00:00,"SPF",15.6,14.5,16.7,NA,NA,65.8,11.6,9.2,933.8,NA,1020.7,NA,1536.6,2.2,218,1.2,4.3,7.9,2.1,7.6,NA,NA,0,0,279,NA,NA,NA,NA,NA,0.167,NA,NA,NA
2026-06-16 08:00:00,"SPF",18.1,17.2,18.9,NA,NA,59.8,12.4,10.2,934,NA,1020.9,NA,1545.2,1.8,196,0.9,3.2,6.5,1.8,6.5,NA,NA,0,0,382,NA,NA,NA,NA,NA,0.242,NA,NA,NA
2026-06-16 09:00:00,"SPF",20,19.5,20.3,NA,NA,54.3,12.7,10.5,934.1,NA,1021,NA,1552.1,3,34,1,3.6,10.8,2.9,10.4,NA,NA,0,0,322,NA,NA,NA,NA,NA,0.231,NA,NA,NA
2026-06-16 10:00:00,"SPF",20.7,20.3,21,NA,NA,54,13.2,11.1,934.6,NA,1021.6,NA,1558.2,5,29,1.7,6.1,18,4.9,17.6,NA,NA,0,0,340,NA,NA,NA,NA,NA,0.261,NA,NA,NA
2026-06-16 11:00:00,"SPF",22.2,21,23.1,NA,NA,48.4,12.8,10.7,934.1,NA,1021,NA,1558.5,7.2,224,3.1,11.2,25.9,6.6,23.8,NA,NA,0,0,812,NA,NA,NA,NA,NA,0.558,NA,NA,NA
2026-06-16 12:00:00,"SPF",23.6,22.7,24.8,NA,NA,40.4,11.8,9.4,933.9,NA,1020.8,NA,1560.3,8.3,210,2.6,9.4,29.9,8,28.8,NA,NA,0,0,799,NA,NA,NA,NA,NA,0.576,NA,NA,NA
2026-06-16 13:00:00,"SPF",24.9,24.7,25.1,NA,NA,34.7,10.9,8.2,933.8,NA,1020.7,NA,1563.7,5.5,223,2.3,8.3,19.8,5.4,19.4,NA,NA,0,0,654,NA,NA,NA,NA,NA,0.504,NA,NA,NA
2026-06-16 14:00:00,"SPF",25.3,24.7,26,NA,NA,33.3,10.8,8.1,933.8,NA,1020.7,NA,1564.9,5.4,235,2.2,7.9,19.4,5.3,19.1,NA,NA,0,0,660,NA,NA,NA,NA,NA,0.504,NA,NA,NA
2026-06-16 15:00:00,"SPF",24.6,24.1,24.7,NA,NA,37.6,11.6,9.1,933.8,NA,1020.7,NA,1562.8,3.3,243,1.3,4.7,11.9,3.2,11.5,NA,NA,0,0,256,NA,NA,NA,NA,NA,0.23,NA,NA,NA
2026-06-16 16:00:00,"SPF",23.2,23,23.7,NA,NA,52.4,14.9,12.8,933.9,NA,1020.8,NA,1559.6,1.9,124,1,3.6,6.8,1.9,6.8,NA,NA,0,0,121,NA,NA,NA,NA,NA,0.124,NA,NA,NA
2026-06-16 17:00:00,"SPF",21.7,20.4,23.2,NA,NA,48.3,12.5,10.3,934.5,NA,1021.4,NA,1560.3,5.5,360,1.9,6.8,19.8,5.4,19.4,NA,NA,0,0,46,NA,NA,NA,NA,NA,0.107,NA,NA,NA
2026-06-16 18:00:00,"SPF",20,19.4,20.7,NA,NA,58.1,13.6,11.5,934.4,NA,1021.4,NA,1554.7,9.5,180,3.1,11.2,34.2,9.1,32.8,NA,NA,0,3,61,NA,NA,NA,NA,NA,0.114,NA,NA,NA
2026-06-16 19:00:00,"SPF",20.3,18.8,20.8,NA,NA,55.9,13.3,11.1,934.3,NA,1021.2,NA,1554.5,7.8,204,3.7,13.3,28.1,7.5,27,NA,NA,0,0,67,NA,NA,NA,NA,NA,0.105,NA,NA,NA
2026-06-16 20:00:00,"SPF",16.9,15.9,18.5,NA,NA,74.3,14.3,12.3,934.5,NA,1021.5,NA,1546.6,4,215,2.2,7.9,14.4,3.8,13.7,NA,NA,0,0,1,NA,NA,NA,NA,NA,0.016,NA,NA,NA
2026-06-16 21:00:00,"SPF",15.8,15.6,16,NA,NA,74,13.3,11.2,935.2,NA,1022.2,NA,1549.4,3.4,204,2,7.2,12.2,3.3,11.9,NA,NA,0,0,0,NA,NA,NA,NA,NA,0.014,NA,NA,NA
2026-06-16 22:00:00,"SPF",15.9,15.7,16.1,NA,NA,74.9,13.5,11.4,935.3,NA,1022.3,NA,1550.6,3,198,1.9,6.8,10.8,2.9,10.4,NA,NA,0,0,0,NA,NA,NA,NA,NA,0.012,NA,NA,NA
2026-06-16 23:00:00,"SPF",15.4,14.6,16.5,NA,NA,76.9,13.4,11.3,935.5,NA,1022.5,NA,1550.4,2.8,220,1.8,6.5,10.1,2.7,9.7,NA,NA,0,0,0,NA,NA,NA,NA,NA,0.01,NA,NA,NA
2026-06-17,"SPF",14.8,14.6,15,NA,NA,79.7,13.4,11.4,935.6,NA,1022.6,NA,1550.2,2.4,214,1.5,5.4,8.6,2.4,8.6,NA,NA,0,0,0,NA,NA,NA,NA,NA,0.005,NA,NA,NA
2026-06-17 01:00:00,"SPF",14.8,14.4,15.7,NA,NA,78.9,13.2,11.1,935.5,NA,1022.5,NA,1548.6,2.3,217,1.6,5.8,8.3,2.3,8.3,NA,NA,0,0,0,NA,NA,NA,NA,NA,0.007,NA,NA,NA
2026-06-17 02:00:00,"SPF",15,14.5,15.4,NA,NA,77.1,13.1,11,935.4,NA,1022.4,NA,1548.5,2.8,218,1.7,6.1,10.1,2.7,9.7,NA,NA,0,0,0,NA,NA,NA,NA,NA,0.009,NA,NA,NA
2026-06-17 03:00:00,"SPF",15.2,14.7,15.5,NA,NA,74.3,12.8,10.6,935.4,NA,1022.4,NA,1549.5,2.6,210,1.7,6.1,9.4,2.6,9.4,NA,NA,0,0,0,NA,NA,NA,NA,NA,0.011,NA,NA,NA
2026-06-17 04:00:00,"SPF",14.2,13.2,14.7,NA,NA,77.7,12.6,10.3,935.6,NA,1022.6,NA,1548.1,2.6,210,1.5,5.4,9.4,2.5,9,NA,NA,0,0,3,NA,NA,NA,NA,NA,0.007,NA,NA,NA
2026-06-17 05:00:00,"SPF",13.7,13.4,14.3,NA,NA,80,12.5,10.3,936,NA,1023.1,NA,1550,2.5,222,1.3,4.7,9,2.4,8.6,NA,NA,0,0,77,NA,NA,NA,NA,NA,0.039,NA,NA,NA
2026-06-17 06:00:00,"SPF",16.6,14.8,17.8,NA,NA,68.4,12.8,10.7,936.2,NA,1023.3,NA,1560.5,2.5,209,1.3,4.7,9,2.5,9,NA,NA,0,0,216,NA,NA,NA,NA,NA,0.123,NA,NA,NA
2026-06-17 07:00:00,"SPF",19,18.3,20.2,NA,NA,61.3,13.5,11.4,936.3,NA,1023.4,NA,1568.6,2.2,200,1.2,4.3,7.9,2.1,7.6,NA,NA,0,0,322,NA,NA,NA,NA,NA,0.204,NA,NA,NA
2026-06-17 08:00:00,"SPF",21.4,20.2,22.6,NA,NA,56.4,14.4,12.4,936.3,NA,1023.4,NA,1575.9,1.8,186,1,3.6,6.5,1.7,6.1,NA,NA,0,0,547,NA,NA,NA,NA,NA,0.352,NA,NA,NA
2026-06-17 09:00:00,"SPF",24.1,23,25.3,NA,NA,46.9,14,12,936.2,NA,1023.3,NA,1582.8,2.1,157,0.8,2.9,7.6,2,7.2,NA,NA,0,0,611,NA,NA,NA,NA,NA,0.421,NA,NA,NA
2026-06-17 10:00:00,"SPF",25.7,25.3,26.1,NA,NA,38.6,12.7,10.5,936.3,NA,1023.4,NA,1588.6,5.9,255,2.4,8.6,21.2,5.8,20.9,NA,NA,0,0,780,NA,NA,NA,NA,NA,0.578,NA,NA,NA
2026-06-17 11:00:00,"SPF",26.5,26.3,26.9,NA,NA,38.3,13.2,11.1,936.4,NA,1023.5,NA,1592.5,8.9,243,2.4,8.6,32,8.3,29.9,NA,NA,0,0,920,NA,NA,NA,NA,NA,0.677,NA,NA,NA
2026-06-17 12:00:00,"SPF",27,26.7,27.3,NA,NA,36.5,13,10.9,936.5,NA,1023.6,NA,1594.5,7.9,253,2.9,10.4,28.4,7.6,27.4,NA,NA,0,0,975,NA,NA,NA,NA,NA,0.732,NA,NA,NA
2026-06-17 13:00:00,"SPF",27.3,27.2,27.5,NA,NA,34.7,12.6,10.4,936.3,NA,1023.4,NA,1593.4,7,278,3.2,11.5,25.2,6.9,24.8,NA,NA,0,0,928,NA,NA,NA,NA,NA,0.711,NA,NA,NA
2026-06-17 14:00:00,"SPF",27.6,27.5,27.8,NA,NA,35.3,13.1,10.9,936.2,NA,1023.3,NA,1594.2,7.9,229,2.2,7.9,28.4,7.5,27,NA,NA,0,0,874,NA,NA,NA,NA,NA,0.656,NA,NA,NA
2026-06-17 15:00:00,"SPF",27.5,27.2,27.9,NA,NA,35.7,13.1,11,936.1,NA,1023.2,NA,1592.8,6.8,240,2.2,7.9,24.5,6.4,23,NA,NA,0,0,627,NA,NA,NA,NA,NA,0.49,NA,NA,NA
2026-06-17 16:00:00,"SPF",27.1,26.6,27.6,NA,NA,37.2,13.3,11.2,936,NA,1023.1,NA,1589.9,4.5,236,1.5,5.4,16.2,4.3,15.5,NA,NA,0,0,382,NA,NA,NA,NA,NA,0.309,NA,NA,NA
2026-06-17 17:00:00,"SPF",26.8,26.2,27.7,NA,NA,40.8,14.4,12.4,935.8,NA,1022.9,NA,1588,4.7,25,2.1,7.6,16.9,4.7,16.9,NA,NA,0,0,344,NA,NA,NA,NA,NA,0.282,NA,NA,NA
2026-06-17 18:00:00,"SPF",25.6,24.9,26.3,NA,NA,46.1,15.1,13.1,936,NA,1023.1,NA,1585.9,3.5,45,2.1,7.6,12.6,3.4,12.2,NA,NA,0,0,167,NA,NA,NA,NA,NA,0.162,NA,NA,NA
2026-06-17 19:00:00,"SPF",24.3,22.8,25.4,NA,NA,52,15.8,13.8,936.1,NA,1023.2,NA,1582.7,3.4,356,1.5,5.4,12.2,3.4,12.2,NA,NA,0,0,73,NA,NA,NA,NA,NA,0.066,NA,NA,NA
2026-06-17 20:00:00,"SPF",20.4,19.7,21.7,NA,NA,66.9,16,14,936.4,NA,1023.5,NA,1573.6,4.2,201,1.8,6.5,15.1,4.1,14.8,NA,NA,0,0,2,NA,NA,NA,NA,NA,0.021,NA,NA,NA
2026-06-17 21:00:00,"SPF",19.1,18.8,19.5,NA,NA,70.1,15.5,13.5,936.9,NA,1024.1,NA,1574.8,3.6,194,1,3.6,13,3.4,12.2,NA,NA,0,0,0,NA,NA,NA,NA,NA,0.007,NA,NA,NA
2026-06-17 22:00:00,"SPF",16.9,16.2,18.4,NA,NA,79.8,15.3,13.4,937.2,NA,1024.4,NA,1570.9,2.4,216,0.9,3.2,8.6,2.3,8.3,NA,NA,0,2,0,NA,NA,NA,NA,NA,0.001,NA,NA,NA
2026-06-17 23:00:00,"SPF",15.8,15.2,16.3,NA,NA,84.4,15.1,13.1,937.3,NA,1024.5,NA,1567.8,1.8,210,0.8,2.9,6.5,1.8,6.5,NA,NA,0,0,0,NA,NA,NA,NA,NA,-0.002,NA,NA,NA
2026-06-18,"SPF",14.8,14.3,15.4,NA,NA,87.1,14.6,12.6,937,NA,1024.1,NA,1562.7,2.5,218,1.2,4.3,9,2.4,8.6,NA,NA,0,0,0,NA,NA,NA,NA,NA,-0.001,NA,NA,NA
2026-06-18 01:00:00,"SPF",14.3,13.9,14.7,NA,NA,88.4,14.4,12.4,936.9,NA,1024,NA,1560,2.3,221,1.1,4,8.3,2.3,8.3,NA,NA,0,0,0,NA,NA,NA,NA,NA,-0.002,NA,NA,NA
2026-06-18 02:00:00,"SPF",13.6,13.4,14,NA,NA,92.8,14.5,12.5,937,NA,1024.1,NA,1559,2.4,215,1.2,4.3,8.6,2.4,8.6,NA,NA,0,0,0,NA,NA,NA,NA,NA,-0.004,NA,NA,NA
2026-06-18 03:00:00,"SPF",13.4,13.1,13.9,NA,NA,92.9,14.3,12.3,937.1,NA,1024.2,NA,1558.8,2.2,219,1.3,4.7,7.9,2.2,7.9,NA,NA,0,0,0,NA,NA,NA,NA,NA,-0.003,NA,NA,NA
2026-06-18 04:00:00,"SPF",13,12.7,13.2,NA,NA,95.5,14.3,12.3,937,NA,1024.1,NA,1556.7,2.2,216,1.4,5,7.9,2.1,7.6,NA,NA,0,0,4,NA,NA,NA,NA,NA,-0.003,NA,NA,NA
2026-06-18 05:00:00,"SPF",13.7,12.9,14.7,NA,NA,92.9,14.5,12.6,937,NA,1024.1,NA,1559,2.1,218,1.2,4.3,7.6,2.1,7.6,NA,NA,0,0,71,NA,NA,NA,NA,NA,0.031,NA,NA,NA
2026-06-18 06:00:00,"SPF",16.7,15.3,18,NA,NA,80.5,15.3,13.3,936.9,NA,1024,NA,1566.9,2.5,201,1.4,5,9,2.5,9,NA,NA,0,0,245,NA,NA,NA,NA,NA,0.129,NA,NA,NA
2026-06-18 07:00:00,"SPF",19.7,18.4,20.9,NA,NA,67.9,15.6,13.6,937,NA,1024.1,NA,1577.4,2.1,194,0.9,3.2,7.6,2.1,7.6,NA,NA,0,0,415,NA,NA,NA,NA,NA,0.248,NA,NA,NA
2026-06-18 08:00:00,"SPF",22.6,21.4,23.6,NA,NA,57.5,15.7,13.8,937,NA,1024.1,NA,1585.4,1.1,162,0.4,1.4,4,1,3.6,NA,NA,0,0,591,NA,NA,NA,NA,NA,0.379,NA,NA,NA
2026-06-18 09:00:00,"SPF",25.2,23.9,26,NA,NA,52.5,16.8,14.8,936.6,NA,1023.7,NA,1590.4,4,23,1.2,4.3,14.4,4,14.4,NA,NA,0,0,750,NA,NA,NA,NA,NA,0.519,NA,NA,NA
2026-06-18 10:00:00,"SPF",26.7,26.3,27,NA,NA,49.4,17.3,15.2,936.5,NA,1023.6,NA,1593.8,5.2,32,3,10.8,18.7,5.1,18.4,NA,NA,0,0,862,NA,NA,NA,NA,NA,0.636,NA,NA,NA
2026-06-18 11:00:00,"SPF",27.3,27,27.5,NA,NA,49.4,17.9,15.7,936.4,NA,1023.5,NA,1594.4,6.1,44,3.5,12.6,22,6,21.6,NA,NA,0,0,927,NA,NA,NA,NA,NA,0.693,NA,NA,NA
2026-06-18 12:00:00,"SPF",28,27.7,28.2,NA,NA,47.7,18,15.8,936.1,NA,1023.2,NA,1593.9,5.8,43,3.4,12.2,20.9,5.7,20.5,NA,NA,0,0,957,NA,NA,NA,NA,NA,0.725,NA,NA,NA
2026-06-18 13:00:00,"SPF",28.5,28.2,28.7,NA,NA,46.2,18,15.8,935.7,NA,1022.7,NA,1591.3,6.7,38,3.3,11.9,24.1,6.6,23.8,NA,NA,0,0,929,NA,NA,NA,NA,NA,0.713,NA,NA,NA
2026-06-18 14:00:00,"SPF",29,28.7,29.3,NA,NA,43.2,17.3,15.2,935.2,NA,1022.2,NA,1588.2,6.2,37,3.2,11.5,22.3,6,21.6,NA,NA,0,0,850,NA,NA,NA,NA,NA,0.666,NA,NA,NA
2026-06-18 15:00:00,"SPF",29.3,29.1,29.4,NA,NA,41.1,16.7,14.7,934.7,NA,1021.7,NA,1584.8,6.6,34,3.2,11.5,23.8,6.3,22.7,NA,NA,0,0,726,NA,NA,NA,NA,NA,0.583,NA,NA,NA
2026-06-18 16:00:00,"SPF",29.3,29.2,29.5,NA,NA,40,16.3,14.3,934.3,NA,1021.2,NA,1580.7,6.2,32,3.2,11.5,22.3,5.8,20.9,NA,NA,0,0,570,NA,NA,NA,NA,NA,0.477,NA,NA,NA
2026-06-18 17:00:00,"SPF",29,28.8,29.3,NA,NA,39.5,15.8,13.9,934,NA,1020.9,NA,1577,5.3,33,2.9,10.4,19.1,5.2,18.7,NA,NA,0,0,397,NA,NA,NA,NA,NA,0.347,NA,NA,NA
2026-06-18 18:00:00,"SPF",28.2,27.6,28.8,NA,NA,41.3,15.8,13.8,933.7,NA,1020.6,NA,1572.1,3.9,8,2.3,8.3,14,3.8,13.7,NA,NA,0,0,224,NA,NA,NA,NA,NA,0.205,NA,NA,NA
2026-06-18 19:00:00,"SPF",25.5,22.9,27.2,NA,NA,51.5,16.6,14.6,933.8,NA,1020.7,NA,1564.7,2.9,304,1.5,5.4,10.4,2.9,10.4,NA,NA,0,0,64,NA,NA,NA,NA,NA,0.068,NA,NA,NA
2026-06-18 20:00:00,"SPF",22.1,21.6,22.6,NA,NA,64.6,17.2,15.1,934.2,NA,1021.1,NA,1558.9,5.1,203,2.4,8.6,18.4,4.8,17.3,NA,NA,0,0,3,NA,NA,NA,NA,NA,0.033,NA,NA,NA
2026-06-18 21:00:00,"SPF",20.1,19.3,20.4,NA,NA,73.4,17.3,15.2,934.6,NA,1021.6,NA,1556.9,2.4,211,1.2,4.3,8.6,2.4,8.6,NA,NA,0,0,0,NA,NA,NA,NA,NA,0.008,NA,NA,NA
2026-06-18 22:00:00,"SPF",18.6,18.3,18.9,NA,NA,78,16.8,14.7,934.7,NA,1021.7,NA,1553.3,2.7,195,1.6,5.8,9.7,2.7,9.7,NA,NA,0,0,0,NA,NA,NA,NA,NA,0.009,NA,NA,NA
2026-06-18 23:00:00,"SPF",17.9,17.6,18.4,NA,NA,81.4,16.7,14.7,934.9,NA,1021.9,NA,1552.9,3,211,1.8,6.5,10.8,3,10.8,NA,NA,0,0,0,NA,NA,NA,NA,NA,0.008,NA,NA,NA
2026-06-19,"SPF",17.5,16.8,18.5,NA,NA,83,16.6,14.6,934.8,NA,1021.8,NA,1551.1,3.4,213,2.1,7.6,12.2,3.4,12.2,NA,NA,0,0,0,NA,NA,NA,NA,NA,0.008,NA,NA,NA
2026-06-19 01:00:00,"SPF",17.3,16.6,17.5,NA,NA,82.5,16.3,14.3,935,NA,1022,NA,1552,3.6,207,2.3,8.3,13,3.5,12.6,NA,NA,0,0,0,NA,NA,NA,NA,NA,0.01,NA,NA,NA
2026-06-19 02:00:00,"SPF",17.5,17.1,17.8,NA,NA,80.2,16.1,14.1,935,NA,1022,NA,1552.8,3.5,209,2.1,7.6,12.6,3.4,12.2,NA,NA,0,0,0,NA,NA,NA,NA,NA,0.011,NA,NA,NA
2026-06-19 03:00:00,"SPF",17.2,17,17.5,NA,NA,79.7,15.7,13.7,935,NA,1022,NA,1551.5,3.1,210,1.7,6.1,11.2,3.1,11.2,NA,NA,0,0,0,NA,NA,NA,NA,NA,0.008,NA,NA,NA
2026-06-19 04:00:00,"SPF",17.1,16.9,17.7,NA,NA,78.8,15.4,13.4,935.2,NA,1022.2,NA,1552.9,4.2,207,2,7.2,15.1,4,14.4,NA,NA,0,0,4,NA,NA,NA,NA,NA,0.012,NA,NA,NA
2026-06-19 05:00:00,"SPF",17.7,16.9,18.6,NA,NA,74.7,15.1,13.1,935.4,NA,1022.4,NA,1556.9,3.8,215,2.1,7.6,13.7,3.7,13.3,NA,NA,0,0,75,NA,NA,NA,NA,NA,0.057,NA,NA,NA
2026-06-19 06:00:00,"SPF",19.8,18.8,20.7,NA,NA,68.6,15.8,13.8,935.1,NA,1022.1,NA,1560.4,3,201,1.5,5.4,10.8,2.9,10.4,NA,NA,0,0,235,NA,NA,NA,NA,NA,0.144,NA,NA,NA
2026-06-19 07:00:00,"SPF",22.2,21.3,23.3,NA,NA,63.9,17.1,15,934.8,NA,1021.8,NA,1564.2,2,180,0.6,2.2,7.2,2,7.2,NA,NA,0,0,406,NA,NA,NA,NA,NA,0.254,NA,NA,NA
2026-06-19 08:00:00,"SPF",25.2,23.8,26.4,NA,NA,53.1,17,14.9,934.9,NA,1021.9,NA,1574.2,5.8,50,2.8,10.1,20.9,5.7,20.5,NA,NA,0,0,584,NA,NA,NA,NA,NA,0.427,NA,NA,NA
2026-06-19 09:00:00,"SPF",26.7,26.5,26.8,NA,NA,48.5,16.9,14.9,934.9,NA,1021.9,NA,1579.1,6,32,3.7,13.3,21.6,5.9,21.2,NA,NA,0,0,739,NA,NA,NA,NA,NA,0.562,NA,NA,NA
2026-06-19 10:00:00,"SPF",27.4,27,27.6,NA,NA,46.5,16.9,14.9,934.8,NA,1021.8,NA,1580.4,6.6,42,4.1,14.8,23.8,6.4,23,NA,NA,0,0,860,NA,NA,NA,NA,NA,0.66,NA,NA,NA
2026-06-19 11:00:00,"SPF",28,27.7,28.2,NA,NA,44.8,16.9,14.9,934.8,NA,1021.8,NA,1581.7,6.6,43,3.4,12.2,23.8,6.4,23,NA,NA,0,0,919,NA,NA,NA,NA,NA,0.703,NA,NA,NA
2026-06-19 12:00:00,"SPF",28.6,28.3,28.8,NA,NA,42.5,16.7,14.7,934.5,NA,1021.5,NA,1580.9,6.6,41,3.1,11.2,23.8,6.2,22.3,NA,NA,0,0,941,NA,NA,NA,NA,NA,0.726,NA,NA,NA
2026-06-19 13:00:00,"SPF",29.3,28.9,29.5,NA,NA,41,16.7,14.7,934,NA,1020.9,NA,1577.7,5.9,47,2.8,10.1,21.2,5.9,21.2,NA,NA,0,0,913,NA,NA,NA,NA,NA,0.711,NA,NA,NA
2026-06-19 14:00:00,"SPF",29.4,28.5,29.9,NA,NA,41,16.8,14.8,933.5,NA,1020.4,NA,1573.4,5.7,45,3,10.8,20.5,5.6,20.2,NA,NA,0,0,633,NA,NA,NA,NA,NA,0.536,NA,NA,NA
2026-06-19 15:00:00,"SPF",27,24.6,28.3,NA,NA,48.9,17.3,15.2,933.4,NA,1020.3,NA,1565.7,14,323,2.8,10.1,50.4,13.1,47.2,NA,NA,0,0,79,NA,NA,NA,NA,NA,0.165,NA,NA,NA
2026-06-19 16:00:00,"SPF",18.8,16.5,22.6,NA,NA,77.9,16.9,14.8,935.1,NA,1022.1,NA,1557,24.6,185,11.1,40,88.6,24.5,88.2,NA,NA,2.7,1,3,NA,NA,NA,NA,NA,0.112,NA,NA,NA
2026-06-19 17:00:00,"SPF",17.6,16.7,18.4,NA,NA,80.4,16.2,14.2,935.4,NA,1022.4,NA,1556.4,14.6,185,8.2,29.5,52.6,14.2,51.1,NA,NA,0.2,2,115,NA,NA,NA,NA,NA,0.121,NA,NA,NA
2026-06-19 18:00:00,"SPF",19.5,18.9,19.7,NA,NA,77.4,17.5,15.4,935.4,NA,1022.4,NA,1562.1,10.9,196,5.4,19.4,39.2,10.6,38.2,NA,NA,0.1,16,68,NA,NA,NA,NA,NA,0.1,NA,NA,NA
2026-06-19 19:00:00,"SPF",19.3,19,19.8,NA,NA,83.7,18.8,16.5,936.9,NA,1024.1,NA,1575.4,7,197,2.2,7.9,25.2,6.8,24.5,NA,NA,0,22,9,NA,NA,NA,NA,NA,0.039,NA,NA,NA
2026-06-19 20:00:00,"SPF",18.8,18.4,19.4,NA,NA,81.1,17.6,15.5,937.6,NA,1024.8,NA,1580.2,7.5,196,2.8,10.1,27,7.3,26.3,NA,NA,0,28,0,NA,NA,NA,NA,NA,0.015,NA,NA,NA
2026-06-19 21:00:00,"SPF",18.8,18.6,19,NA,NA,73.3,15.9,13.9,937.3,NA,1024.4,NA,1576.8,9.5,196,4.5,16.2,34.2,9.5,34.2,NA,NA,0,12,0,NA,NA,NA,NA,NA,0.033,NA,NA,NA
2026-06-19 22:00:00,"SPF",16.9,16.1,18.3,NA,NA,85,16.3,14.4,936.8,NA,1023.9,NA,1566.6,6.5,218,2.7,9.7,23.4,6.4,23,NA,NA,0,0,0,NA,NA,NA,NA,NA,0.009,NA,NA,NA
2026-06-19 23:00:00,"SPF",16,15.7,16.1,NA,NA,88.7,16.1,14.1,936.2,NA,1023.3,NA,1558.4,3.2,209,1.5,5.4,11.5,3.2,11.5,NA,NA,0,6,0,NA,NA,NA,NA,NA,0,NA,NA,NA
2026-06-20,"SPF",15.8,15.5,16,NA,NA,88.6,15.9,14,936.1,NA,1023.2,NA,1557.2,4.3,209,2.2,7.9,15.5,4.2,15.1,NA,NA,0,4,0,NA,NA,NA,NA,NA,0.003,NA,NA,NA
2026-06-20 01:00:00,"SPF",15.1,14.6,15.7,NA,NA,89.4,15.3,13.3,936.4,NA,1023.5,NA,1557.8,3.5,205,1.8,6.5,12.6,3.5,12.6,NA,NA,0,0,0,NA,NA,NA,NA,NA,0.001,NA,NA,NA
2026-06-20 02:00:00,"SPF",14.5,14.1,14.9,NA,NA,90.8,15,13.1,936.6,NA,1023.7,NA,1558.5,4.2,223,2.2,7.9,15.1,4.2,15.1,NA,NA,0,0,0,NA,NA,NA,NA,NA,0.001,NA,NA,NA
2026-06-20 03:00:00,"SPF",14.1,13.9,14.5,NA,NA,89.2,14.3,12.4,936.6,NA,1023.7,NA,1557,4.1,215,2.1,7.6,14.8,4,14.4,NA,NA,0,0,0,NA,NA,NA,NA,NA,0.002,NA,NA,NA
2026-06-20 04:00:00,"SPF",14,13.8,14.1,NA,NA,87.6,14,11.9,936.9,NA,1024,NA,1558.8,3.5,209,2.1,7.6,12.6,3.4,12.2,NA,NA,0,0,4,NA,NA,NA,NA,NA,0.004,NA,NA,NA
2026-06-20 05:00:00,"SPF",13.8,13.4,14.8,NA,NA,89.5,14.2,12.1,937.1,NA,1024.2,NA,1560.5,2.5,219,1.5,5.4,9,2.4,8.6,NA,NA,0,0,74,NA,NA,NA,NA,NA,0.034,NA,NA,NA
2026-06-20 06:00:00,"SPF",16.4,15.1,17.5,NA,NA,78.5,14.7,12.7,937.3,NA,1024.5,NA,1570.1,2.7,211,1.2,4.3,9.7,2.6,9.4,NA,NA,0,0,228,NA,NA,NA,NA,NA,0.121,NA,NA,NA
2026-06-20 07:00:00,"SPF",19.2,17.9,20.7,NA,NA,67.6,15.1,13.1,937.5,NA,1024.7,NA,1580,2.3,195,1.2,4.3,8.3,2.3,8.3,NA,NA,0,0,406,NA,NA,NA,NA,NA,0.243,NA,NA,NA
2026-06-20 08:00:00,"SPF",22.1,21,23.1,NA,NA,59.8,15.9,13.9,938,NA,1025.2,NA,1593,1.4,162,0.4,1.4,5,1.3,4.7,NA,NA,0,0,576,NA,NA,NA,NA,NA,0.367,NA,NA,NA
2026-06-20 09:00:00,"SPF",24.8,23.6,25.7,NA,NA,53.7,16.8,14.8,938.3,NA,1025.5,NA,1604.1,2.8,27,0.9,3.2,10.1,2.7,9.7,NA,NA,0,0,734,NA,NA,NA,NA,NA,0.502,NA,NA,NA
2026-06-20 10:00:00,"SPF",26.5,25.8,27.3,NA,NA,49.4,17.1,15,938.5,NA,1025.7,NA,1611.4,3.6,32,1.7,6.1,13,3.6,13,NA,NA,0,0,852,NA,NA,NA,NA,NA,0.612,NA,NA,NA
2026-06-20 11:00:00,"SPF",28,27.5,28.5,NA,NA,35.4,13.4,11.3,938.5,NA,1025.7,NA,1616,4.1,236,1.3,4.7,14.8,4.1,14.8,NA,NA,0,0,924,NA,NA,NA,NA,NA,0.677,NA,NA,NA
2026-06-20 12:00:00,"SPF",28.8,28.4,28.9,NA,NA,32.3,12.7,10.6,938.4,NA,1025.7,NA,1617.9,3.8,260,1.6,5.8,13.7,3.7,13.3,NA,NA,0,0,946,NA,NA,NA,NA,NA,0.708,NA,NA,NA
2026-06-20 13:00:00,"SPF",29,28.8,29.4,NA,NA,33.8,13.6,11.5,938.1,NA,1025.3,NA,1615.6,4.6,185,1.6,5.8,16.6,4.4,15.8,NA,NA,0,0,920,NA,NA,NA,NA,NA,0.692,NA,NA,NA
2026-06-20 14:00:00,"SPF",29.4,29.3,29.6,NA,NA,33.5,13.8,11.7,937.9,NA,1025.1,NA,1615.4,3.2,214,1.2,4.3,11.5,3.1,11.2,NA,NA,0,0,846,NA,NA,NA,NA,NA,0.629,NA,NA,NA
2026-06-20 15:00:00,"SPF",29.8,29.6,29.9,NA,NA,30.7,12.9,10.7,937.7,NA,1024.9,NA,1613.9,3.8,197,1.7,6.1,13.7,3.7,13.3,NA,NA,0,0,729,NA,NA,NA,NA,NA,0.557,NA,NA,NA
2026-06-20 16:00:00,"SPF",29.8,29.6,30,NA,NA,27.8,11.7,9.3,937.5,NA,1024.7,NA,1612.4,4.1,216,1.6,5.8,14.8,4,14.4,NA,NA,0,0,580,NA,NA,NA,NA,NA,0.444,NA,NA,NA
2026-06-20 17:00:00,"SPF",29.7,29.5,29.8,NA,NA,27.4,11.4,8.9,937.4,NA,1024.6,NA,1611.4,2.7,228,1.4,5,9.7,2.7,9.7,NA,NA,0,0,411,NA,NA,NA,NA,NA,0.31,NA,NA,NA
2026-06-20 18:00:00,"SPF",28.2,25.9,29.6,NA,NA,38.6,14.5,12.4,937.6,NA,1024.8,NA,1608.1,2.5,270,1,3.6,9,2.4,8.6,NA,NA,0,0,240,NA,NA,NA,NA,NA,0.164,NA,NA,NA
2026-06-20 19:00:00,"SPF",23,21.5,24.7,NA,NA,55.7,15.7,13.7,938.1,NA,1025.3,NA,1597.6,4.8,189,2.4,8.6,17.3,4.8,17.3,NA,NA,0,0,68,NA,NA,NA,NA,NA,0.085,NA,NA,NA
2026-06-20 20:00:00,"SPF",21.8,20,22.6,NA,NA,55.5,14.4,12.4,938.7,NA,1026,NA,1598.9,6.1,193,3.2,11.5,22,6,21.6,NA,NA,0,0,1,NA,NA,NA,NA,NA,0.052,NA,NA,NA
2026-06-20 21:00:00,"SPF",18.7,17.6,20.4,NA,NA,68.2,14.7,12.7,939.7,NA,1027,NA,1598,4.2,220,1.6,5.8,15.1,4.1,14.8,NA,NA,0,0,0,NA,NA,NA,NA,NA,0.016,NA,NA,NA
2026-06-20 22:00:00,"SPF",17.5,16.9,18.1,NA,NA,71,14.2,12.2,940,NA,1027.4,NA,1596.8,2.6,205,1.5,5.4,9.4,2.6,9.4,NA,NA,0,0,0,NA,NA,NA,NA,NA,0.012,NA,NA,NA
2026-06-20 23:00:00,"SPF",16.4,15.9,17,NA,NA,76,14.2,12.2,939.9,NA,1027.3,NA,1593.2,3.3,207,1.6,5.8,11.9,3.3,11.9,NA,NA,0,0,0,NA,NA,NA,NA,NA,0.009,NA,NA,NA
2026-06-21,"SPF",15.4,14.9,16.1,NA,NA,79.3,13.9,11.8,939.8,NA,1027.2,NA,1589.2,3.1,203,1.7,6.1,11.2,3.1,11.2,NA,NA,0,0,0,NA,NA,NA,NA,NA,0.007,NA,NA,NA
2026-06-21 01:00:00,"SPF",15.6,15,16.2,NA,NA,76.9,13.6,11.6,939.7,NA,1027.1,NA,1589.1,2.8,210,1.7,6.1,10.1,2.8,10.1,NA,NA,0,0,0,NA,NA,NA,NA,NA,0.009,NA,NA,NA
2026-06-21 02:00:00,"SPF",15,14.6,15.4,NA,NA,79.2,13.5,11.4,939.7,NA,1027,NA,1587.1,2.9,196,1.5,5.4,10.4,2.8,10.1,NA,NA,0,0,0,NA,NA,NA,NA,NA,0.006,NA,NA,NA
2026-06-21 03:00:00,"SPF",14.8,14.2,15.1,NA,NA,79.4,13.3,11.3,940,NA,1027.4,NA,1588.6,3,198,1.6,5.8,10.8,2.9,10.4,NA,NA,0,0,0,NA,NA,NA,NA,NA,0.006,NA,NA,NA
2026-06-21 04:00:00,"SPF",14.5,13.7,15.5,NA,NA,80.8,13.4,11.3,940.4,NA,1027.8,NA,1591.3,2.9,215,1.2,4.3,10.4,2.9,10.4,NA,NA,0,0,4,NA,NA,NA,NA,NA,0.004,NA,NA,NA
2026-06-21 05:00:00,"SPF",14.6,13.7,15.5,NA,NA,83.1,13.8,11.7,940.8,NA,1028.2,NA,1595.2,2.4,222,1.3,4.7,8.6,2.3,8.3,NA,NA,0,0,71,NA,NA,NA,NA,NA,0.037,NA,NA,NA
2026-06-21 06:00:00,"SPF",17.8,15.7,19.6,NA,NA,74.1,15.1,13.1,940.9,NA,1028.3,NA,1606.1,2.6,219,1.3,4.7,9.4,2.6,9.4,NA,NA,0,0,236,NA,NA,NA,NA,NA,0.131,NA,NA,NA
2026-06-21 07:00:00,"SPF",21.3,20,22.4,NA,NA,62.1,15.7,13.7,940.9,NA,1028.3,NA,1617.1,2.3,194,1.3,4.7,8.3,2.2,7.9,NA,NA,0,0,412,NA,NA,NA,NA,NA,0.261,NA,NA,NA
2026-06-21 08:00:00,"SPF",24.4,23,25.9,NA,NA,54.2,16.5,14.5,940.9,NA,1028.3,NA,1627.2,1.7,201,0.9,3.2,6.1,1.6,5.8,NA,NA,0,0,586,NA,NA,NA,NA,NA,0.394,NA,NA,NA
2026-06-21 09:00:00,"SPF",27.6,26.3,28.7,NA,NA,43,15.8,13.8,940.8,NA,1028.2,NA,1636.4,3.9,141,0.7,2.5,14,3.8,13.7,NA,NA,0,0,748,NA,NA,NA,NA,NA,0.528,NA,NA,NA
2026-06-21 10:00:00,"SPF",28.5,28.4,28.8,NA,NA,41.2,16.1,14.1,941,NA,1028.4,NA,1640.7,5.6,38,3.5,12.6,20.2,5.5,19.8,NA,NA,0,0,851,NA,NA,NA,NA,NA,0.669,NA,NA,NA
2026-06-21 11:00:00,"SPF",29.4,29,29.8,NA,NA,43,17.6,15.5,940.9,NA,1028.3,NA,1642.8,5.3,45,3.1,11.2,19.1,5.2,18.7,NA,NA,0,0,932,NA,NA,NA,NA,NA,0.728,NA,NA,NA
2026-06-21 12:00:00,"SPF",30.2,30,30.5,NA,NA,39.9,17.1,15,940.6,NA,1028,NA,1642.3,4.7,50,2.6,9.4,16.9,4.6,16.6,NA,NA,0,0,971,NA,NA,NA,NA,NA,0.761,NA,NA,NA
2026-06-21 13:00:00,"SPF",30.2,28.7,31,NA,NA,35.7,15.2,13.2,940.3,NA,1027.7,NA,1639.9,4.8,42,2.6,9.4,17.3,4.7,16.9,NA,NA,0,0,729,NA,NA,NA,NA,NA,0.604,NA,NA,NA
2026-06-21 14:00:00,"SPF",30.8,30.3,31,NA,NA,33.6,14.9,12.9,940.1,NA,1027.5,NA,1640.1,4.7,49,2.1,7.6,16.9,4.4,15.8,NA,NA,0,0,831,NA,NA,NA,NA,NA,0.655,NA,NA,NA
2026-06-21 15:00:00,"SPF",31.1,30.8,31.3,NA,NA,33.3,15,13,939.9,NA,1027.3,NA,1638.9,4.9,21,2,7.2,17.6,4.8,17.3,NA,NA,0,0,679,NA,NA,NA,NA,NA,0.546,NA,NA,NA
2026-06-21 16:00:00,"SPF",29.5,28.3,30.3,NA,NA,39.4,16.2,14,939.5,NA,1026.8,NA,1630.6,4.2,41,1.3,4.7,15.1,4.1,14.8,NA,NA,0,0,309,NA,NA,NA,NA,NA,0.27,NA,NA,NA
2026-06-21 17:00:00,"SPF",29.4,28,30.5,NA,NA,38.7,15.9,13.8,939.6,NA,1026.9,NA,1631.1,3.3,18,1.2,4.3,11.9,3.2,11.5,NA,NA,0,0,204,NA,NA,NA,NA,NA,0.192,NA,NA,NA
2026-06-21 18:00:00,"SPF",27.3,26.4,28.1,NA,NA,43.6,15.8,13.8,940.1,NA,1027.5,NA,1629,5.1,27,1.2,4.3,18.4,5,18,NA,NA,0,0,63,NA,NA,NA,NA,NA,0.1,NA,NA,NA
2026-06-21 19:00:00,"SPF",25,23.8,25.8,NA,NA,54.5,17.2,15.2,940.4,NA,1027.8,NA,1624.7,2,225,0.6,2.2,7.2,2,7.2,NA,NA,0,0,31,NA,NA,NA,NA,NA,0.042,NA,NA,NA
2026-06-21 20:00:00,"SPF",23.3,22.9,24.3,NA,NA,61.7,17.6,15.5,940.8,NA,1028.2,NA,1622.4,1.4,198,0.8,2.9,5,1.4,5,NA,NA,0,0,10,NA,NA,NA,NA,NA,0.012,NA,NA,NA
2026-06-21 21:00:00,"SPF",21.4,19.8,22.2,NA,NA,67.3,17.1,15.1,941.2,NA,1028.7,NA,1620.5,2.4,202,0.8,2.9,8.6,2.2,7.9,NA,NA,0,0,0,NA,NA,NA,NA,NA,0.006,NA,NA,NA
2026-06-21 22:00:00,"SPF",19.1,18.8,19.5,NA,NA,73.7,16.3,14.3,941.1,NA,1028.5,NA,1612.3,2.1,212,1,3.6,7.6,2.1,7.6,NA,NA,0,0,0,NA,NA,NA,NA,NA,0.005,NA,NA,NA
2026-06-21 23:00:00,"SPF",17.7,16.7,18.7,NA,NA,78.4,15.8,13.8,941.1,NA,1028.5,NA,1607.4,2.6,204,1,3.6,9.4,2.6,9.4,NA,NA,0,0,0,NA,NA,NA,NA,NA,0.002,NA,NA,NA
2026-06-22,"SPF",17.2,17,17.7,NA,NA,79.3,15.6,13.6,940.7,NA,1028.1,NA,1602.8,3,207,1.8,6.5,10.8,2.9,10.4,NA,NA,0,0,0,NA,NA,NA,NA,NA,0.009,NA,NA,NA
2026-06-22 01:00:00,"SPF",16.6,15.5,17.3,NA,NA,81.4,15.3,13.4,940.4,NA,1027.8,NA,1598.1,3,213,1.7,6.1,10.8,3,10.8,NA,NA,0,0,0,NA,NA,NA,NA,NA,0.006,NA,NA,NA
2026-06-22 02:00:00,"SPF",16.2,15.6,16.5,NA,NA,82.7,15.2,13.3,940.4,NA,1027.8,NA,1597,2.4,207,1.4,5,8.6,2.4,8.6,NA,NA,0,0,0,NA,NA,NA,NA,NA,0.003,NA,NA,NA
2026-06-22 03:00:00,"SPF",15.2,14.8,15.8,NA,NA,85.8,14.8,12.9,940.4,NA,1027.8,NA,1593.9,2.8,214,1.5,5.4,10.1,2.7,9.7,NA,NA,0,0,0,NA,NA,NA,NA,NA,0.002,NA,NA,NA
2026-06-22 04:00:00,"SPF",14.8,14.5,15.1,NA,NA,86.8,14.6,12.6,940.4,NA,1027.8,NA,1592.6,3.5,214,1.8,6.5,12.6,3.4,12.2,NA,NA,0,0,3,NA,NA,NA,NA,NA,0.003,NA,NA,NA
2026-06-22 05:00:00,"SPF",15.8,14.8,16.7,NA,NA,82.6,14.8,12.9,940.5,NA,1027.9,NA,1596.9,2.4,215,1.6,5.8,8.6,2.4,8.6,NA,NA,0,0,74,NA,NA,NA,NA,NA,0.042,NA,NA,NA
2026-06-22 06:00:00,"SPF",19,17.4,20.3,NA,NA,70.8,15.5,13.5,940.4,NA,1027.8,NA,1605.1,2.7,209,1.3,4.7,9.7,2.6,9.4,NA,NA,0,0,231,NA,NA,NA,NA,NA,0.135,NA,NA,NA
2026-06-22 07:00:00,"SPF",21.8,20.7,23,NA,NA,61.4,16,14,940.3,NA,1027.7,NA,1613.3,2,198,1,3.6,7.2,2,7.2,NA,NA,0,0,405,NA,NA,NA,NA,NA,0.256,NA,NA,NA
2026-06-22 08:00:00,"SPF",24.9,23.6,26.5,NA,NA,53.7,16.9,14.8,940.1,NA,1027.5,NA,1620.9,1.5,90,0.4,1.4,5.4,1.4,5,NA,NA,0,0,576,NA,NA,NA,NA,NA,0.383,NA,NA,NA
2026-06-22 09:00:00,"SPF",27.2,26.4,28.1,NA,NA,49.9,18,15.8,939.8,NA,1027.1,NA,1625.5,4.9,11,2.8,10.1,17.6,4.8,17.3,NA,NA,0,0,732,NA,NA,NA,NA,NA,0.55,NA,NA,NA
2026-06-22 10:00:00,"SPF",28.4,27.8,28.9,NA,NA,47.2,18.3,16.1,939.6,NA,1026.9,NA,1627.7,5.5,33,3.4,12.2,19.8,5.4,19.4,NA,NA,0,3,855,NA,NA,NA,NA,NA,0.66,NA,NA,NA
2026-06-22 11:00:00,"SPF",29.4,29.1,29.8,NA,NA,39.2,16.1,14.1,939.5,NA,1026.8,NA,1629.6,5.5,37,3.5,12.6,19.8,5.4,19.4,NA,NA,0,0,931,NA,NA,NA,NA,NA,0.739,NA,NA,NA
2026-06-22 12:00:00,"SPF",30.1,29.7,30.4,NA,NA,36.6,15.6,13.7,939.2,NA,1026.5,NA,1629.4,6.6,35,3.4,12.2,23.8,6.4,23,NA,NA,0,0,957,NA,NA,NA,NA,NA,0.768,NA,NA,NA
2026-06-22 13:00:00,"SPF",30.5,30.3,30.8,NA,NA,38.2,16.7,14.7,938.9,NA,1026.2,NA,1627.5,6.5,36,3.2,11.5,23.4,6.2,22.3,NA,NA,0,0,927,NA,NA,NA,NA,NA,0.746,NA,NA,NA
2026-06-22 14:00:00,"SPF",30.9,30.7,31,NA,NA,34.6,15.4,13.4,938.4,NA,1025.7,NA,1624.5,6.2,45,2.9,10.4,22.3,5.9,21.2,NA,NA,0,0,791,NA,NA,NA,NA,NA,0.652,NA,NA,NA
2026-06-22 15:00:00,"SPF",30.8,30.5,31.1,NA,NA,34.2,15.2,13.2,938,NA,1025.2,NA,1620.7,6.4,44,3.1,11.2,23,6.3,22.7,NA,NA,0,0,653,NA,NA,NA,NA,NA,0.562,NA,NA,NA
2026-06-22 16:00:00,"SPF",30.1,30,30.3,NA,NA,35.9,15.4,13.4,937.6,NA,1024.8,NA,1614.1,6.1,47,2.7,9.7,22,6.1,22,NA,NA,0,0,387,NA,NA,NA,NA,NA,0.372,NA,NA,NA
2026-06-22 17:00:00,"SPF",30.2,30,30.4,NA,NA,35,15,13,937.4,NA,1024.6,NA,1613.2,6.1,31,3.4,12.2,22,6,21.6,NA,NA,0,0,432,NA,NA,NA,NA,NA,0.395,NA,NA,NA
2026-06-22 18:00:00,"SPF",29.5,28.9,29.9,NA,NA,36.8,15.1,13.1,937.5,NA,1024.7,NA,1611.3,4.8,30,2.2,7.9,17.3,4.8,17.3,NA,NA,0,0,221,NA,NA,NA,NA,NA,0.21,NA,NA,NA
2026-06-22 19:00:00,"SPF",26.6,23.8,28.7,NA,NA,49.5,17.1,15,937.6,NA,1024.8,NA,1603.7,2.4,252,1.1,4,8.6,2.3,8.3,NA,NA,0,0,81,NA,NA,NA,NA,NA,0.06,NA,NA,NA
2026-06-22 20:00:00,"SPF",23.3,22.9,23.7,NA,NA,59.7,17.1,15,937.9,NA,1025.1,NA,1596.3,4.3,197,2.4,8.6,15.5,4.3,15.5,NA,NA,0,0,4,NA,NA,NA,NA,NA,0.04,NA,NA,NA
2026-06-22 21:00:00,"SPF",21.2,20.5,22.2,NA,NA,68.2,17.1,15.1,938.4,NA,1025.7,NA,1594.3,3.3,219,1.5,5.4,11.9,3.3,11.9,NA,NA,0,0,0,NA,NA,NA,NA,NA,0.016,NA,NA,NA
2026-06-22 22:00:00,"SPF",19.2,18.4,20.1,NA,NA,74.8,16.7,14.7,938.3,NA,1025.6,NA,1587.8,2.5,207,1.3,4.7,9,2.5,9,NA,NA,0,0,0,NA,NA,NA,NA,NA,0.008,NA,NA,NA
2026-06-22 23:00:00,"SPF",18.1,17.5,18.7,NA,NA,79.6,16.5,14.5,938.1,NA,1025.3,NA,1582.3,2.7,216,1.4,5,9.7,2.7,9.7,NA,NA,0,0,0,NA,NA,NA,NA,NA,0.006,NA,NA,NA
2026-06-23,"SPF",17.3,17,17.6,NA,NA,82.3,16.3,14.3,937.9,NA,1025.1,NA,1578.2,2.3,218,1.1,4,8.3,2.2,7.9,NA,NA,0,0,0,NA,NA,NA,NA,NA,0.002,NA,NA,NA
2026-06-23 01:00:00,"SPF",16.8,16.3,17.4,NA,NA,83.5,16,14,937.8,NA,1025,NA,1575.6,2.5,214,1.5,5.4,9,2.4,8.6,NA,NA,0,0,0,NA,NA,NA,NA,NA,0.004,NA,NA,NA
2026-06-23 02:00:00,"SPF",16.2,16.1,16.2,NA,NA,85.6,15.7,13.8,937.5,NA,1024.7,NA,1571.3,2.5,215,1.6,5.8,9,2.5,9,NA,NA,0,0,0,NA,NA,NA,NA,NA,0.003,NA,NA,NA
2026-06-23 03:00:00,"SPF",15.8,15.3,16.1,NA,NA,86.4,15.5,13.5,937.5,NA,1024.7,NA,1569.9,2.5,219,1.4,5,9,2.5,9,NA,NA,0,0,0,NA,NA,NA,NA,NA,0.001,NA,NA,NA
2026-06-23 04:00:00,"SPF",15.3,15,15.7,NA,NA,88.5,15.4,13.4,937.5,NA,1024.7,NA,1568,2.3,216,1.3,4.7,8.3,2.2,7.9,NA,NA,0,0,3,NA,NA,NA,NA,NA,0,NA,NA,NA
2026-06-23 05:00:00,"SPF",16.1,15.4,17.1,NA,NA,85.6,15.7,13.7,937.3,NA,1024.5,NA,1568.8,2.6,212,1.4,5,9.4,2.5,9,NA,NA,0,0,74,NA,NA,NA,NA,NA,0.039,NA,NA,NA
2026-06-23 06:00:00,"SPF",19.2,18,20.5,NA,NA,74.5,16.6,14.6,937.1,NA,1024.2,NA,1576.4,2.3,207,1.4,5,8.3,2.2,7.9,NA,NA,0,0,231,NA,NA,NA,NA,NA,0.135,NA,NA,NA
2026-06-23 07:00:00,"SPF",22.5,21.1,23.8,NA,NA,60.8,16.5,14.5,936.9,NA,1024,NA,1584.3,1.7,191,0.6,2.2,6.1,1.7,6.1,NA,NA,0,0,403,NA,NA,NA,NA,NA,0.253,NA,NA,NA
2026-06-23 08:00:00,"SPF",25,24.1,25.9,NA,NA,56.7,17.9,15.8,936.7,NA,1023.8,NA,1590.1,1.7,162,0.6,2.2,6.1,1.7,6.1,NA,NA,0,0,574,NA,NA,NA,NA,NA,0.387,NA,NA,NA
2026-06-23 09:00:00,"SPF",27.6,26.8,28.1,NA,NA,47.7,17.6,15.5,936.4,NA,1023.5,NA,1595.7,5.7,32,2.4,8.6,20.5,5.7,20.5,NA,NA,0,0,733,NA,NA,NA,NA,NA,0.551,NA,NA,NA
2026-06-23 10:00:00,"SPF",28.6,28.4,28.8,NA,NA,44.7,17.4,15.4,936.4,NA,1023.5,NA,1598.5,6.5,44,4.1,14.8,23.4,6.4,23,NA,NA,0,0,850,NA,NA,NA,NA,NA,0.672,NA,NA,NA
2026-06-23 11:00:00,"SPF",29.3,29,29.4,NA,NA,42.5,17.3,15.2,936.4,NA,1023.5,NA,1601.1,7.2,31,4.1,14.8,25.9,7.1,25.6,NA,NA,0,0,926,NA,NA,NA,NA,NA,0.738,NA,NA,NA
2026-06-23 12:00:00,"SPF",29.7,29.6,30,NA,NA,40.5,16.9,14.9,936.3,NA,1023.4,NA,1601.5,7.7,29,3.8,13.7,27.7,7.7,27.7,NA,NA,0,0,915,NA,NA,NA,NA,NA,0.736,NA,NA,NA
2026-06-23 13:00:00,"SPF",30.2,29.8,30.6,NA,NA,39.6,17,14.9,935.8,NA,1022.9,NA,1597.8,6.7,58,2.9,10.4,24.1,6.6,23.8,NA,NA,0,0,882,NA,NA,NA,NA,NA,0.704,NA,NA,NA
2026-06-23 14:00:00,"SPF",30.9,30.7,31.1,NA,NA,34.6,15.4,13.5,935.3,NA,1022.3,NA,1595.2,5.7,29,2.5,9,20.5,5.5,19.8,NA,NA,0,0,834,NA,NA,NA,NA,NA,0.668,NA,NA,NA
2026-06-23 15:00:00,"SPF",30.3,29.6,31.1,NA,NA,32.8,14.1,12.1,935.2,NA,1022.2,NA,1592.5,6.9,33,4,14.4,24.8,6.9,24.8,NA,NA,0,0,447,NA,NA,NA,NA,NA,0.467,NA,NA,NA
2026-06-23 16:00:00,"SPF",29,28.6,29.5,NA,NA,41.3,16.5,14.5,935.3,NA,1022.3,NA,1589.1,9.9,24,4.9,17.6,35.6,9.6,34.6,NA,NA,0,0,416,NA,NA,NA,NA,NA,0.431,NA,NA,NA
2026-06-23 17:00:00,"SPF",28.5,27.8,28.9,NA,NA,44.5,17.3,15.2,935,NA,1022,NA,1585.3,4.7,28,1.8,6.5,16.9,4.6,16.6,NA,NA,0,0,262,NA,NA,NA,NA,NA,0.236,NA,NA,NA
2026-06-23 18:00:00,"SPF",27.3,26.1,27.9,NA,NA,49.6,17.9,15.8,934.9,NA,1021.9,NA,1580.3,2.5,360,0.4,1.4,9,2.5,9,NA,NA,0,0,123,NA,NA,NA,NA,NA,0.093,NA,NA,NA
2026-06-23 19:00:00,"SPF",24.1,22.9,25.3,NA,NA,64.6,19.4,17,935,NA,1022,NA,1572.3,3,197,1.1,4,10.8,3,10.8,NA,NA,0,0,53,NA,NA,NA,NA,NA,0.049,NA,NA,NA
2026-06-23 20:00:00,"SPF",22.2,21.3,23.3,NA,NA,68,18.2,16,935.3,NA,1022.3,NA,1568.8,3.2,198,1.4,5,11.5,3.1,11.2,NA,NA,0,0,3,NA,NA,NA,NA,NA,0.017,NA,NA,NA
2026-06-23 21:00:00,"SPF",20.5,19.6,21.5,NA,NA,74.4,17.9,15.7,935.5,NA,1022.5,NA,1565.8,4.4,209,1.4,5,15.8,4.2,15.1,NA,NA,0,0,0,NA,NA,NA,NA,NA,0.01,NA,NA,NA
2026-06-23 22:00:00,"SPF",18.4,17.6,18.9,NA,NA,81.5,17.3,15.2,935.6,NA,1022.6,NA,1560.8,3,212,1.3,4.7,10.8,2.9,10.4,NA,NA,0,0,0,NA,NA,NA,NA,NA,0.004,NA,NA,NA
2026-06-23 23:00:00,"SPF",17.5,17,18.1,NA,NA,84.8,17,14.9,935.6,NA,1022.6,NA,1558,2.5,210,1.4,5,9,2.5,9,NA,NA,0,0,0,NA,NA,NA,NA,NA,0.002,NA,NA,NA
2026-06-24,"SPF",17.1,16.6,17.5,NA,NA,85.9,16.7,14.7,935.4,NA,1022.4,NA,1554.8,2.4,212,1,3.6,8.6,2.4,8.6,NA,NA,0,0,0,NA,NA,NA,NA,NA,-0.001,NA,NA,NA
2026-06-24 01:00:00,"SPF",16.7,16.4,17.2,NA,NA,87.6,16.6,14.6,935.1,NA,1022.1,NA,1550.7,2,217,1.1,4,7.2,2,7.2,NA,NA,0,0,0,NA,NA,NA,NA,NA,-0.001,NA,NA,NA
2026-06-24 02:00:00,"SPF",16.1,15.7,16.7,NA,NA,88.3,16.1,14.2,934.9,NA,1021.9,NA,1547.5,2.3,218,1.2,4.3,8.3,2.3,8.3,NA,NA,0,0,0,NA,NA,NA,NA,NA,-0.001,NA,NA,NA
2026-06-24 03:00:00,"SPF",15.7,15.2,16.3,NA,NA,88.6,15.8,13.9,934.8,NA,1021.8,NA,1545.9,2.5,218,1.2,4.3,9,2.5,9,NA,NA,0,0,0,NA,NA,NA,NA,NA,-0.001,NA,NA,NA
2026-06-24 04:00:00,"SPF",15.3,14.9,15.5,NA,NA,89,15.4,13.5,934.9,NA,1021.9,NA,1545.4,2.2,218,1.1,4,7.9,2.1,7.6,NA,NA,0,0,3,NA,NA,NA,NA,NA,-0.001,NA,NA,NA
2026-06-24 05:00:00,"SPF",15.5,15,16.5,NA,NA,89,15.7,13.7,935.1,NA,1022.1,NA,1547.7,2.2,219,1.3,4.7,7.9,2.1,7.6,NA,NA,0,0,70,NA,NA,NA,NA,NA,0.034,NA,NA,NA
2026-06-24 06:00:00,"SPF",18.7,17.2,20.1,NA,NA,74.8,16.1,14.1,935.1,NA,1022.1,NA,1557.1,1.9,209,1.1,4,6.8,1.9,6.8,NA,NA,0,0,226,NA,NA,NA,NA,NA,0.128,NA,NA,NA
2026-06-24 07:00:00,"SPF",21.5,20.5,22.6,NA,NA,63.9,16.3,14.3,935,NA,1022,NA,1564.4,2.1,180,0.6,2.2,7.6,2.1,7.6,NA,NA,0,0,399,NA,NA,NA,NA,NA,0.246,NA,NA,NA
2026-06-24 08:00:00,"SPF",24.6,23.1,26.1,NA,NA,57,17.6,15.5,935,NA,1022,NA,1573.2,4.1,53,1,3.6,14.8,4,14.4,NA,NA,0,0,572,NA,NA,NA,NA,NA,0.389,NA,NA,NA
2026-06-24 09:00:00,"SPF",27.1,26.3,27.6,NA,NA,46.5,16.6,14.6,934.8,NA,1021.8,NA,1579.2,7.4,38,4,14.4,26.6,7.2,25.9,NA,NA,0,0,728,NA,NA,NA,NA,NA,0.568,NA,NA,NA
2026-06-24 10:00:00,"SPF",28.4,28.1,28.6,NA,NA,43.3,16.7,14.7,934.9,NA,1021.9,NA,1584.1,9.1,24,5.7,20.5,32.8,9,32.4,NA,NA,0,0,842,NA,NA,NA,NA,NA,0.69,NA,NA,NA
2026-06-24 11:00:00,"SPF",28.8,28.6,29.1,NA,NA,42.9,17,15,935,NA,1022,NA,1586,10.3,24,6.3,22.7,37.1,10.2,36.7,NA,NA,0,0,912,NA,NA,NA,NA,NA,0.751,NA,NA,NA
2026-06-24 12:00:00,"SPF",29.5,29.2,29.7,NA,NA,41.6,17.1,15.1,934.7,NA,1021.7,NA,1585.1,10,20,6.4,23,36,9.9,35.6,NA,NA,0,0,939,NA,NA,NA,NA,NA,0.785,NA,NA,NA
2026-06-24 13:00:00,"SPF",30.3,30,30.5,NA,NA,38.9,16.8,14.7,934.2,NA,1021.1,NA,1582.8,10.1,23,5.5,19.8,36.4,9.9,35.6,NA,NA,0,0,915,NA,NA,NA,NA,NA,0.776,NA,NA,NA
2026-06-24 14:00:00,"SPF",30.6,30.5,30.7,NA,NA,36.8,16.2,14.2,933.8,NA,1020.7,NA,1580.4,9,31,5.3,19.1,32.4,8.8,31.7,NA,NA,0,0,840,NA,NA,NA,NA,NA,0.732,NA,NA,NA
2026-06-24 15:00:00,"SPF",30.9,30.7,31,NA,NA,35.3,15.8,13.8,933.7,NA,1020.6,NA,1579.8,9.8,32,5.1,18.4,35.3,9.7,34.9,NA,NA,0,0,727,NA,NA,NA,NA,NA,0.658,NA,NA,NA
2026-06-24 16:00:00,"SPF",30.9,30.7,31,NA,NA,34.1,15.2,13.2,933.3,NA,1020.2,NA,1576.2,10.4,26,5.2,18.7,37.4,10.2,36.7,NA,NA,0,0,586,NA,NA,NA,NA,NA,0.566,NA,NA,NA
2026-06-24 17:00:00,"SPF",30.5,30.4,30.7,NA,NA,33.2,14.5,12.6,933,NA,1019.8,NA,1572.1,9,33,5.2,18.7,32.4,8.9,32,NA,NA,0,0,416,NA,NA,NA,NA,NA,0.452,NA,NA,NA
2026-06-24 18:00:00,"SPF",29.9,29.4,30.3,NA,NA,32.7,13.7,11.7,933,NA,1019.8,NA,1570.4,7.7,27,4.5,16.2,27.7,7.6,27.4,NA,NA,0,0,246,NA,NA,NA,NA,NA,0.311,NA,NA,NA
2026-06-24 19:00:00,"SPF",27.9,27,29,NA,NA,36,13.6,11.5,933.3,NA,1020.2,NA,1567.9,5,21,2.3,8.3,18,4.9,17.6,NA,NA,0,0,74,NA,NA,NA,NA,NA,0.119,NA,NA,NA
2026-06-24 20:00:00,"SPF",23.4,21.1,26.5,NA,NA,51.7,14.7,12.7,933.6,NA,1020.5,NA,1557.6,1.6,225,0.6,2.2,5.8,1.5,5.4,NA,NA,0,0,2,NA,NA,NA,NA,NA,0.007,NA,NA,NA
2026-06-24 21:00:00,"SPF",20.3,19.9,20.7,NA,NA,64.1,15.3,13.3,934.2,NA,1021.1,NA,1553.2,3.5,210,0.9,3.2,12.6,3.5,12.6,NA,NA,0,0,0,NA,NA,NA,NA,NA,0.008,NA,NA,NA
2026-06-24 22:00:00,"SPF",18.1,16.8,19.2,NA,NA,71,14.7,12.7,934.5,NA,1021.4,NA,1549.3,2.7,207,1.2,4.3,9.7,2.6,9.4,NA,NA,0,0,0,NA,NA,NA,NA,NA,0.009,NA,NA,NA
2026-06-24 23:00:00,"SPF",17.1,16.8,17.6,NA,NA,74,14.4,12.4,934.7,NA,1021.7,NA,1548.6,2.5,222,1.5,5.4,9,2.4,8.6,NA,NA,0,0,0,NA,NA,NA,NA,NA,0.01,NA,NA,NA
2026-06-25,"SPF",16.5,16.2,16.7,NA,NA,75.8,14.3,12.3,934.9,NA,1021.9,NA,1549.2,3.1,210,1.5,5.4,11.2,3.1,11.2,NA,NA,0,0,0,NA,NA,NA,NA,NA,0.009,NA,NA,NA
2026-06-25 01:00:00,"SPF",16.1,15.4,16.6,NA,NA,77.3,14.1,12.1,934.8,NA,1021.8,NA,1546.9,2.6,207,1.2,4.3,9.4,2.5,9,NA,NA,0,0,0,NA,NA,NA,NA,NA,0.004,NA,NA,NA
2026-06-25 02:00:00,"SPF",15.4,15,15.8,NA,NA,80.4,14.1,12.1,934.6,NA,1021.6,NA,1542.7,2.1,204,1,3.6,7.6,2.1,7.6,NA,NA,0,0,0,NA,NA,NA,NA,NA,0.001,NA,NA,NA
2026-06-25 03:00:00,"SPF",14.7,14,15.9,NA,NA,83.5,13.9,11.9,934.2,NA,1021.1,NA,1537.4,2.1,203,0.9,3.2,7.6,2.1,7.6,NA,NA,0,0,0,NA,NA,NA,NA,NA,-0.001,NA,NA,NA
2026-06-25 04:00:00,"SPF",14.6,14.1,15.3,NA,NA,83.7,13.9,11.9,934.2,NA,1021.1,NA,1536.8,2.9,215,1.7,6.1,10.4,2.9,10.4,NA,NA,0,0,3,NA,NA,NA,NA,NA,0.005,NA,NA,NA
2026-06-25 05:00:00,"SPF",15.4,15,15.7,NA,NA,81.2,14.2,12.2,934.3,NA,1021.2,NA,1540.5,1.8,219,0.7,2.5,6.5,1.8,6.5,NA,NA,0,0,72,NA,NA,NA,NA,NA,0.034,NA,NA,NA
2026-06-25 06:00:00,"SPF",17.7,16.2,19.2,NA,NA,76,15.4,13.4,934.3,NA,1021.2,NA,1547.3,1.4,191,0.6,2.2,5,1.4,5,NA,NA,0,0,235,NA,NA,NA,NA,NA,0.124,NA,NA,NA
2026-06-25 07:00:00,"SPF",21.4,19.9,22.9,NA,NA,62.1,15.8,13.8,934.2,NA,1021.1,NA,1556.5,1.8,188,0.7,2.5,6.5,1.7,6.1,NA,NA,0,0,407,NA,NA,NA,NA,NA,0.251,NA,NA,NA
2026-06-25 08:00:00,"SPF",24.8,23.5,25.9,NA,NA,53.9,16.8,14.8,934.1,NA,1021,NA,1565.9,5.2,21,1.9,6.8,18.7,5.1,18.4,NA,NA,0,0,580,NA,NA,NA,NA,NA,0.408,NA,NA,NA
2026-06-25 09:00:00,"SPF",26.9,26.2,27.5,NA,NA,47,16.7,14.7,933.9,NA,1020.8,NA,1570.4,6.7,40,3.9,14,24.1,6.6,23.8,NA,NA,0,0,736,NA,NA,NA,NA,NA,0.569,NA,NA,NA
2026-06-25 10:00:00,"SPF",28.3,27.8,28.8,NA,NA,44.1,16.9,14.9,934,NA,1020.9,NA,1575.1,7,31,4.4,15.8,25.2,6.7,24.1,NA,NA,0,0,850,NA,NA,NA,NA,NA,0.674,NA,NA,NA
2026-06-25 11:00:00,"SPF",29.2,28.8,29.5,NA,NA,42.8,17.3,15.2,933.9,NA,1020.8,NA,1577.4,7.3,44,4,14.4,26.3,7.1,25.6,NA,NA,0,0,918,NA,NA,NA,NA,NA,0.729,NA,NA,NA
2026-06-25 12:00:00,"SPF",30.1,29.8,30.6,NA,NA,41.1,17.6,15.5,933.8,NA,1020.7,NA,1579.1,6.3,44,3.5,12.6,22.7,6.2,22.3,NA,NA,0,0,939,NA,NA,NA,NA,NA,0.752,NA,NA,NA
2026-06-25 13:00:00,"SPF",30.9,30.7,31.2,NA,NA,39,17.4,15.4,933.5,NA,1020.4,NA,1578.5,5.9,48,3.2,11.5,21.2,5.7,20.5,NA,NA,0,0,918,NA,NA,NA,NA,NA,0.743,NA,NA,NA
2026-06-25 14:00:00,"SPF",31.6,31.2,31.9,NA,NA,36.8,17.1,15.1,933.2,NA,1020.1,NA,1577.4,6.7,43,2.9,10.4,24.1,6.5,23.4,NA,NA,0,0,846,NA,NA,NA,NA,NA,0.694,NA,NA,NA
2026-06-25 15:00:00,"SPF",32.2,31.9,32.3,NA,NA,32.7,15.7,13.7,932.8,NA,1019.6,NA,1575.3,6.2,36,2.7,9.7,22.3,6.1,22,NA,NA,0,0,735,NA,NA,NA,NA,NA,0.614,NA,NA,NA
2026-06-25 16:00:00,"SPF",31.4,31,31.9,NA,NA,29.3,13.4,11.3,932.7,NA,1019.5,NA,1571.9,5.9,41,2.1,7.6,21.2,5.7,20.5,NA,NA,0,0,288,NA,NA,NA,NA,NA,0.306,NA,NA,NA
2026-06-25 17:00:00,"SPF",29.7,29,30.5,NA,NA,42.5,17.6,15.4,932.7,NA,1019.5,NA,1567.1,3.4,210,1.6,5.8,12.2,3.3,11.9,NA,NA,0,0,245,NA,NA,NA,NA,NA,0.226,NA,NA,NA
2026-06-25 18:00:00,"SPF",27.9,27,28.8,NA,NA,51.9,19.4,17.1,932.9,NA,1019.7,NA,1563.5,4,193,2.2,7.9,14.4,3.8,13.7,NA,NA,0,0,117,NA,NA,NA,NA,NA,0.146,NA,NA,NA
2026-06-25 19:00:00,"SPF",25.8,24.6,27.2,NA,NA,54.4,18,15.8,933.5,NA,1020.4,NA,1563.2,4.7,182,3,10.8,16.9,4.6,16.6,NA,NA,0,0,30,NA,NA,NA,NA,NA,0.11,NA,NA,NA
2026-06-25 20:00:00,"SPF",23.8,23,24.9,NA,NA,61.7,18.1,15.9,933.8,NA,1020.7,NA,1559.6,5.6,204,2,7.2,20.2,5.4,19.4,NA,NA,0,0,1,NA,NA,NA,NA,NA,0.031,NA,NA,NA
2026-06-25 21:00:00,"SPF",22.4,22,22.8,NA,NA,65.6,17.7,15.6,934.4,NA,1021.4,NA,1561.7,3.8,212,1.7,6.1,13.7,3.7,13.3,NA,NA,0,0,0,NA,NA,NA,NA,NA,0.022,NA,NA,NA
2026-06-25 22:00:00,"SPF",21.3,21,21.4,NA,NA,69.9,17.6,15.5,934.8,NA,1021.8,NA,1561.6,3.3,203,1.5,5.4,11.9,3.2,11.5,NA,NA,0,0,0,NA,NA,NA,NA,NA,0.015,NA,NA,NA
2026-06-25 23:00:00,"SPF",20.4,20.1,20.8,NA,NA,73.5,17.7,15.6,934.6,NA,1021.6,NA,1557.4,3,200,1.3,4.7,10.8,2.9,10.4,NA,NA,0,0,0,NA,NA,NA,NA,NA,0.01,NA,NA,NA
2026-06-26,"SPF",19.7,19.5,20.2,NA,NA,76.8,17.6,15.5,934.5,NA,1021.4,NA,1554.4,2.5,209,1.3,4.7,9,2.4,8.6,NA,NA,0,0,0,NA,NA,NA,NA,NA,0.007,NA,NA,NA
2026-06-26 01:00:00,"SPF",19.4,19,19.7,NA,NA,78,17.6,15.5,934.6,NA,1021.6,NA,1554.1,2.5,210,1.5,5.4,9,2.5,9,NA,NA,0,0,0,NA,NA,NA,NA,NA,0.008,NA,NA,NA
2026-06-26 02:00:00,"SPF",18.7,18.3,19.3,NA,NA,81.3,17.5,15.4,934.7,NA,1021.7,NA,1553,2.1,219,1.3,4.7,7.6,2.1,7.6,NA,NA,0,0,0,NA,NA,NA,NA,NA,0.004,NA,NA,NA
2026-06-26 03:00:00,"SPF",18.1,17.6,18.6,NA,NA,83.5,17.3,15.2,934.6,NA,1021.6,NA,1550.7,2.4,215,1.2,4.3,8.6,2.3,8.3,NA,NA,0,0,0,NA,NA,NA,NA,NA,0.002,NA,NA,NA
2026-06-26 04:00:00,"SPF",17.6,17.2,18.1,NA,NA,84.1,16.9,14.9,934.9,NA,1021.9,NA,1552.2,2.9,214,1.5,5.4,10.4,2.8,10.1,NA,NA,0,0,3,NA,NA,NA,NA,NA,0.004,NA,NA,NA
2026-06-26 05:00:00,"SPF",17.5,17.1,18.1,NA,NA,83.6,16.7,14.7,935.4,NA,1022.4,NA,1556.4,2.5,216,1.4,5,9,2.4,8.6,NA,NA,0,0,18,NA,NA,NA,NA,NA,0.034,NA,NA,NA
2026-06-26 06:00:00,"SPF",18.8,17.1,20.5,NA,NA,77.5,16.8,14.7,935.8,NA,1022.9,NA,1563.7,3.6,204,1.7,6.1,13,3.4,12.2,NA,NA,0,0,120,NA,NA,NA,NA,NA,0.089,NA,NA,NA
2026-06-26 07:00:00,"SPF",22.5,21,23.8,NA,NA,62.3,16.9,14.9,936.2,NA,1023.3,NA,1577.8,3.7,197,1.7,6.1,13.3,3.7,13.3,NA,NA,0,0,322,NA,NA,NA,NA,NA,0.226,NA,NA,NA
2026-06-26 08:00:00,"SPF",26.4,24.6,27.8,NA,NA,51.2,17.6,15.4,936.2,NA,1023.3,NA,1590.2,3.3,203,1.1,4,11.9,3.2,11.5,NA,NA,0,0,585,NA,NA,NA,NA,NA,0.411,NA,NA,NA
2026-06-26 09:00:00,"SPF",28.9,28.2,29.4,NA,NA,42.1,16.8,14.8,936,NA,1023.1,NA,1595.6,2.8,122,1.5,5.4,10.1,2.8,10.1,NA,NA,0,0,731,NA,NA,NA,NA,NA,0.547,NA,NA,NA
2026-06-26 10:00:00,"SPF",30,29.5,30.5,NA,NA,38.9,16.5,14.5,935.9,NA,1023,NA,1598.4,4.3,80,1.4,5,15.5,4.2,15.1,NA,NA,0,0,796,NA,NA,NA,NA,NA,0.608,NA,NA,NA
2026-06-26 11:00:00,"SPF",31.3,31.1,31.6,NA,NA,36.1,16.5,14.5,935.8,NA,1022.9,NA,1601.1,5.6,33,2.9,10.4,20.2,5.5,19.8,NA,NA,0,0,925,NA,NA,NA,NA,NA,0.75,NA,NA,NA
2026-06-26 12:00:00,"SPF",31.9,31.6,32.2,NA,NA,33.7,15.9,13.9,935.5,NA,1022.5,NA,1600.3,7,40,3.2,11.5,25.2,6.7,24.1,NA,NA,0,0,942,NA,NA,NA,NA,NA,0.779,NA,NA,NA
2026-06-26 13:00:00,"SPF",32.4,31.9,32.8,NA,NA,31.1,15.1,13.1,935.1,NA,1022.1,NA,1597.8,6.8,11,3.5,12.6,24.5,6.8,24.5,NA,NA,0,0,927,NA,NA,NA,NA,NA,0.785,NA,NA,NA
2026-06-26 14:00:00,"SPF",32.8,32.7,33,NA,NA,28,14,12,934.7,NA,1021.7,NA,1595.4,7,21,3.3,11.9,25.2,6.7,24.1,NA,NA,0,0,838,NA,NA,NA,NA,NA,0.722,NA,NA,NA
2026-06-26 15:00:00,"SPF",33.1,32.8,33.3,NA,NA,26.7,13.5,11.4,934.4,NA,1021.3,NA,1593.2,6,14,3.4,12.2,21.6,5.8,20.9,NA,NA,0,0,724,NA,NA,NA,NA,NA,0.645,NA,NA,NA
2026-06-26 16:00:00,"SPF",32.9,32.7,33.1,NA,NA,26.6,13.3,11.2,934.2,NA,1021.1,NA,1590.5,8,30,3.6,13,28.8,7.9,28.4,NA,NA,0,0,569,NA,NA,NA,NA,NA,0.539,NA,NA,NA
2026-06-26 17:00:00,"SPF",32.3,32.1,32.5,NA,NA,28.5,13.8,11.7,933.9,NA,1020.8,NA,1586.2,6.4,52,3.4,12.2,23,6.2,22.3,NA,NA,0,0,404,NA,NA,NA,NA,NA,0.406,NA,NA,NA
2026-06-26 18:00:00,"SPF",31.1,30,32.1,NA,NA,32.8,14.8,12.8,934,NA,1020.9,NA,1583.3,5.4,9,2.5,9,19.4,5.2,18.7,NA,NA,0,0,192,NA,NA,NA,NA,NA,0.223,NA,NA,NA
2026-06-26 19:00:00,"SPF",27.3,25.2,29.5,NA,NA,48,17.3,15.2,934.6,NA,1021.6,NA,1577.9,2.4,217,1,3.6,8.6,2.3,8.3,NA,NA,0,0,47,NA,NA,NA,NA,NA,0.06,NA,NA,NA
2026-06-26 20:00:00,"SPF",24.3,23.6,24.7,NA,NA,57.1,17.3,15.3,935.1,NA,1022.1,NA,1573.8,3.8,204,1.8,6.5,13.7,3.7,13.3,NA,NA,0,0,2,NA,NA,NA,NA,NA,0.033,NA,NA,NA
2026-06-26 21:00:00,"SPF",21.9,21,23.1,NA,NA,65.5,17.2,15.2,935.4,NA,1022.4,NA,1569.7,2.6,207,1,3.6,9.4,2.5,9,NA,NA,0,0,0,NA,NA,NA,NA,NA,0.01,NA,NA,NA
2026-06-26 22:00:00,"SPF",20.2,19.3,20.7,NA,NA,70.6,16.6,14.6,935.6,NA,1022.6,NA,1566,3.6,204,1.3,4.7,13,3.6,13,NA,NA,0,0,0,NA,NA,NA,NA,NA,0.011,NA,NA,NA
2026-06-26 23:00:00,"SPF",19.1,18.3,19.5,NA,NA,73.1,16.1,14.2,935.8,NA,1022.9,NA,1564.4,3,205,1.7,6.1,10.8,3,10.8,NA,NA,0,0,0,NA,NA,NA,NA,NA,0.014,NA,NA,NA
2026-06-27,"SPF",18.1,17.5,18.6,NA,NA,76.6,15.9,13.9,935.6,NA,1022.6,NA,1559.9,2.5,214,1.5,5.4,9,2.5,9,NA,NA,0,0,0,NA,NA,NA,NA,NA,0.009,NA,NA,NA
2026-06-27 01:00:00,"SPF",17.7,17.3,18.1,NA,NA,76.8,15.6,13.6,935.5,NA,1022.5,NA,1558.1,2.7,203,1.6,5.8,9.7,2.7,9.7,NA,NA,0,0,0,NA,NA,NA,NA,NA,0.009,NA,NA,NA
2026-06-27 02:00:00,"SPF",17,16.9,17.3,NA,NA,78.4,15.2,13.2,935.8,NA,1022.9,NA,1558.3,2.9,212,1.5,5.4,10.4,2.8,10.1,NA,NA,0,0,0,NA,NA,NA,NA,NA,0.007,NA,NA,NA
2026-06-27 03:00:00,"SPF",16.9,16.4,17.3,NA,NA,77.9,15,13.1,935.8,NA,1022.8,NA,1557.7,2.7,211,1.7,6.1,9.7,2.7,9.7,NA,NA,0,0,0,NA,NA,NA,NA,NA,0.009,NA,NA,NA
2026-06-27 04:00:00,"SPF",16.7,15.7,17.1,NA,NA,79,15,13,935.7,NA,1022.8,NA,1556.9,2.8,216,1.5,5.4,10.1,2.7,9.7,NA,NA,0,0,3,NA,NA,NA,NA,NA,0.007,NA,NA,NA
2026-06-27 05:00:00,"SPF",16.8,16.2,18,NA,NA,80,15.3,13.4,936.1,NA,1023.2,NA,1560.6,3,216,1.4,5,10.8,2.9,10.4,NA,NA,0,0,61,NA,NA,NA,NA,NA,0.041,NA,NA,NA
2026-06-27 06:00:00,"SPF",20.2,18.6,21.6,NA,NA,69,16.3,14.3,936.3,NA,1023.4,NA,1572,3.1,205,1.7,6.1,11.2,3.1,11.2,NA,NA,0,0,216,NA,NA,NA,NA,NA,0.138,NA,NA,NA
2026-06-27 07:00:00,"SPF",23.8,22.4,25.3,NA,NA,57.2,16.9,14.8,936.3,NA,1023.4,NA,1583,3.6,193,1.7,6.1,13,3.5,12.6,NA,NA,0,0,395,NA,NA,NA,NA,NA,0.274,NA,NA,NA
2026-06-27 08:00:00,"SPF",27.7,26,29.2,NA,NA,46.9,17.4,15.3,936.2,NA,1023.3,NA,1594.2,2.8,189,1.3,4.7,10.1,2.7,9.7,NA,NA,0,0,566,NA,NA,NA,NA,NA,0.413,NA,NA,NA
2026-06-27 09:00:00,"SPF",30.2,29.7,30.9,NA,NA,38.7,16.7,14.6,936.2,NA,1023.3,NA,1602.1,3.9,204,2.1,7.6,14,3.7,13.3,NA,NA,0,0,719,NA,NA,NA,NA,NA,0.567,NA,NA,NA
2026-06-27 10:00:00,"SPF",31.4,30.9,31.8,NA,NA,34.2,15.7,13.7,936.1,NA,1023.2,NA,1604.1,4.9,238,2.1,7.6,17.6,4.8,17.3,NA,NA,0,0,833,NA,NA,NA,NA,NA,0.664,NA,NA,NA
2026-06-27 11:00:00,"SPF",32.3,31.7,32.8,NA,NA,32.3,15.6,13.6,935.9,NA,1022.9,NA,1604.7,5.8,212,1.9,6.8,20.9,5.4,19.4,NA,NA,0,0,904,NA,NA,NA,NA,NA,0.721,NA,NA,NA
2026-06-27 12:00:00,"SPF",33.1,32.7,33.8,NA,NA,31.1,15.7,13.8,935.4,NA,1022.4,NA,1603.2,4,77,1.7,6.1,14.4,3.9,14,NA,NA,0,0,931,NA,NA,NA,NA,NA,0.744,NA,NA,NA
2026-06-27 13:00:00,"SPF",33.6,33.5,33.9,NA,NA,30.8,16.1,14.1,935,NA,1022,NA,1600.6,5.6,21,2.8,10.1,20.2,5.5,19.8,NA,NA,0,0,924,NA,NA,NA,NA,NA,0.779,NA,NA,NA
2026-06-27 14:00:00,"SPF",34,33.8,34.2,NA,NA,29.7,15.8,13.8,934.8,NA,1021.8,NA,1599.9,5,27,2.2,7.9,18,4.9,17.6,NA,NA,0,0,864,NA,NA,NA,NA,NA,0.716,NA,NA,NA
2026-06-27 15:00:00,"SPF",32.5,30.9,33.6,NA,NA,35.5,17.3,15.2,934.5,NA,1021.4,NA,1592.4,3.5,146,1.4,5,12.6,3.5,12.6,NA,NA,0,0,440,NA,NA,NA,NA,NA,0.383,NA,NA,NA
2026-06-27 16:00:00,"SPF",31.6,29.9,33.5,NA,NA,46.8,21.4,18.4,934.2,NA,1021.1,NA,1587.3,5.1,145,2,7.2,18.4,5.1,18.4,NA,NA,0.1,0,574,NA,NA,NA,NA,NA,0.459,NA,NA,NA
2026-06-27 17:00:00,"SPF",31,30.6,31.2,NA,NA,47.4,21.2,18.5,934,NA,1020.9,NA,1582.8,3.2,16,1.1,4,11.5,3.1,11.2,NA,NA,0,0,243,NA,NA,NA,NA,NA,0.21,NA,NA,NA
2026-06-27 18:00:00,"SPF",29.7,28.3,30.7,NA,NA,54,22.4,19.3,934,NA,1020.9,NA,1579.1,1,243,0.4,1.4,3.6,1,3.6,NA,NA,0,0,129,NA,NA,NA,NA,NA,0.1,NA,NA,NA
2026-06-27 19:00:00,"SPF",26.8,26.2,28.2,NA,NA,62.5,22,19,934.3,NA,1021.2,NA,1573.2,3,204,1.2,4.3,10.8,2.9,10.4,NA,NA,0,0,40,NA,NA,NA,NA,NA,0.056,NA,NA,NA
2026-06-27 20:00:00,"SPF",24.9,23.6,26,NA,NA,67,21,18.3,934.6,NA,1021.6,NA,1570.7,3.4,211,1.3,4.7,12.2,3.3,11.9,NA,NA,0,0,5,NA,NA,NA,NA,NA,0.018,NA,NA,NA
2026-06-27 21:00:00,"SPF",23.5,22.8,24,NA,NA,69.7,20.2,17.6,935.1,NA,1022.1,NA,1570.9,2.5,204,1.1,4,9,2.4,8.6,NA,NA,0,0,0,NA,NA,NA,NA,NA,0.011,NA,NA,NA
2026-06-27 22:00:00,"SPF",23.1,22.6,23.5,NA,NA,70.2,19.8,17.3,935.5,NA,1022.5,NA,1573.5,2.7,211,1.5,5.4,9.7,2.7,9.7,NA,NA,0,0,0,NA,NA,NA,NA,NA,0.016,NA,NA,NA
2026-06-27 23:00:00,"SPF",23.1,22.5,23.7,NA,NA,71,20,17.5,936,NA,1023.1,NA,1577.8,21.5,196,3,10.8,77.4,21,75.6,NA,NA,0,0,0,NA,NA,NA,NA,NA,0.032,NA,NA,NA
2026-06-28,"SPF",22.2,21.5,23.5,NA,NA,68.4,18.3,16.1,935.9,NA,1023,NA,1575.1,18.6,175,9.5,34.2,67,18.1,65.2,NA,NA,0.7,0,0,NA,NA,NA,NA,NA,0.068,NA,NA,NA
2026-06-28 01:00:00,"SPF",22.1,22,22.3,NA,NA,65.9,17.6,15.5,936,NA,1023.1,NA,1575.3,13.1,185,7.5,27,47.2,12.9,46.4,NA,NA,0,0,0,NA,NA,NA,NA,NA,0.067,NA,NA,NA
2026-06-28 02:00:00,"SPF",22.3,21.7,22.8,NA,NA,65.2,17.5,15.4,935.6,NA,1022.6,NA,1572.3,10.7,190,5.4,19.4,38.5,10.4,37.4,NA,NA,0,0,0,NA,NA,NA,NA,NA,0.058,NA,NA,NA
2026-06-28 03:00:00,"SPF",22.1,21.3,22.9,NA,NA,64.8,17.2,15.1,935.4,NA,1022.4,NA,1569.7,10,196,4.9,17.6,36,9.8,35.3,NA,NA,0,0,0,NA,NA,NA,NA,NA,0.055,NA,NA,NA
2026-06-28 04:00:00,"SPF",21.2,20.1,22.5,NA,NA,69.2,17.3,15.2,935.9,NA,1023,NA,1571.8,10.9,200,3.5,12.6,39.2,10.6,38.2,NA,NA,0,0,4,NA,NA,NA,NA,NA,0.037,NA,NA,NA
2026-06-28 05:00:00,"SPF",20.6,20.2,21.1,NA,NA,73.8,17.9,15.8,936.4,NA,1023.5,NA,1574.4,6.2,198,2.4,8.6,22.3,6.1,22,NA,NA,0,0,38,NA,NA,NA,NA,NA,0.061,NA,NA,NA
2026-06-28 06:00:00,"SPF",21.3,21.2,21.7,NA,NA,71.2,18.1,15.9,936.6,NA,1023.7,NA,1578.2,3.5,211,1.3,4.7,12.6,3.4,12.2,NA,NA,0,0,72,NA,NA,NA,NA,NA,0.075,NA,NA,NA
2026-06-28 07:00:00,"SPF",21.9,21.2,22.7,NA,NA,70.7,18.6,16.3,936.9,NA,1024,NA,1582.8,3.6,207,1.3,4.7,13,3.6,13,NA,NA,0,0,161,NA,NA,NA,NA,NA,0.129,NA,NA,NA
2026-06-28 08:00:00,"SPF",24.9,22.7,26.5,NA,NA,61.3,19.2,16.8,936.9,NA,1024,NA,1592.2,1.4,207,0.6,2.2,5,1.4,5,NA,NA,0,0,548,NA,NA,NA,NA,NA,0.371,NA,NA,NA
2026-06-28 09:00:00,"SPF",28.1,27.1,29.2,NA,NA,49.1,18.7,16.4,937.1,NA,1024.2,NA,1603.4,2.4,79,0.8,2.9,8.6,2.3,8.3,NA,NA,0,0,686,NA,NA,NA,NA,NA,0.497,NA,NA,NA
2026-06-28 10:00:00,"SPF",30.6,29.8,31,NA,NA,35.4,15.6,13.6,936.9,NA,1024,NA,1609.5,6.4,240,2.6,9.4,23,6.3,22.7,NA,NA,0,0,761,NA,NA,NA,NA,NA,0.624,NA,NA,NA
2026-06-28 11:00:00,"SPF",31.2,30.9,31.5,NA,NA,31.2,14.2,12.1,936.8,NA,1023.9,NA,1610.2,5.7,243,2.5,9,20.5,5.5,19.8,NA,NA,0,0,895,NA,NA,NA,NA,NA,0.722,NA,NA,NA
2026-06-28 12:00:00,"SPF",31.3,30.7,31.9,NA,NA,28.1,12.8,10.6,936.5,NA,1023.6,NA,1607.8,4.9,235,2.2,7.9,17.6,4.7,16.9,NA,NA,0,0,672,NA,NA,NA,NA,NA,0.576,NA,NA,NA
2026-06-28 13:00:00,"SPF",32.2,32,32.4,NA,NA,27.3,13.1,11,935.8,NA,1022.9,NA,1603.9,4.8,168,2.2,7.9,17.3,4.6,16.6,NA,NA,0,0,881,NA,NA,NA,NA,NA,0.715,NA,NA,NA
2026-06-28 14:00:00,"SPF",32.6,32.5,32.7,NA,NA,25.7,12.7,10.5,935.4,NA,1022.4,NA,1601.1,5.5,153,2.1,7.6,19.8,5.3,19.1,NA,NA,0,0,820,NA,NA,NA,NA,NA,0.669,NA,NA,NA
2026-06-28 15:00:00,"SPF",30.7,29.3,31.8,NA,NA,37.2,16.2,14.1,935.4,NA,1022.4,NA,1595.6,3.7,164,1.6,5.8,13.3,3.6,13,NA,NA,0,0,249,NA,NA,NA,NA,NA,0.259,NA,NA,NA
2026-06-28 16:00:00,"SPF",29,28.7,29.3,NA,NA,47.4,19,16.7,935.1,NA,1022.1,NA,1588,4.8,170,2.8,10.1,17.3,4.8,17.3,NA,NA,0,0,200,NA,NA,NA,NA,NA,0.242,NA,NA,NA
2026-06-28 17:00:00,"SPF",28.6,28.4,28.9,NA,NA,53.5,20.9,18.2,934.8,NA,1021.8,NA,1583.7,3.1,170,1.2,4.3,11.2,3,10.8,NA,NA,0,0,181,NA,NA,NA,NA,NA,0.167,NA,NA,NA
2026-06-28 18:00:00,"SPF",28.1,27.8,28.7,NA,NA,54.2,20.6,18,935.3,NA,1022.3,NA,1586.7,1.6,143,0.6,2.2,5.8,1.6,5.8,NA,NA,0,0,118,NA,NA,NA,NA,NA,0.098,NA,NA,NA
2026-06-28 19:00:00,"SPF",26.9,26.6,27.3,NA,NA,56.8,20.2,17.6,935.3,NA,1022.3,NA,1583.3,5.6,24,1.5,5.4,20.2,5.4,19.4,NA,NA,0,0,58,NA,NA,NA,NA,NA,0.069,NA,NA,NA
2026-06-28 20:00:00,"SPF",24.8,23,26,NA,NA,60,18.7,16.4,935.1,NA,1022.1,NA,1574.6,3.3,158,1.2,4.3,11.9,3.2,11.5,NA,NA,0,0,3,NA,NA,NA,NA,NA,0.02,NA,NA,NA
2026-06-28 21:00:00,"SPF",22.2,21.5,23.2,NA,NA,69.7,18.6,16.4,935.3,NA,1022.3,NA,1569.2,4,214,1.2,4.3,14.4,3.9,14,NA,NA,0,0,0,NA,NA,NA,NA,NA,0.011,NA,NA,NA
2026-06-28 22:00:00,"SPF",20.9,20.3,21.5,NA,NA,73.9,18.3,16.1,935.6,NA,1022.6,NA,1568.1,3.3,218,1.2,4.3,11.9,3.3,11.9,NA,NA,0,0,0,NA,NA,NA,NA,NA,0.008,NA,NA,NA
2026-06-28 23:00:00,"SPF",20.2,19.4,20.9,NA,NA,76.1,18,15.8,936,NA,1023.1,NA,1569.9,2.4,166,1.1,4,8.6,2.4,8.6,NA,NA,0,0,0,NA,NA,NA,NA,NA,0.006,NA,NA,NA
2026-06-29,"SPF",19,18.5,19.3,NA,NA,81,17.7,15.6,936,NA,1023.1,NA,1566.1,2.9,208,1.6,5.8,10.4,2.9,10.4,NA,NA,0,0,0,NA,NA,NA,NA,NA,0.007,NA,NA,NA
2026-06-29 01:00:00,"SPF",18.6,17.8,18.9,NA,NA,80.8,17.3,15.2,935.5,NA,1022.5,NA,1560.5,2.4,243,1,3.6,8.6,2.3,8.3,NA,NA,0,0,0,NA,NA,NA,NA,NA,0.002,NA,NA,NA
2026-06-29 02:00:00,"SPF",18.5,17.1,20.7,NA,NA,80.9,17.2,15.1,936.3,NA,1023.5,NA,1567.5,9.2,200,2.5,9,33.1,8.6,31,NA,NA,0,0,0,NA,NA,NA,NA,NA,0.013,NA,NA,NA
2026-06-29 03:00:00,"SPF",22.3,21.4,22.7,NA,NA,67,18,15.9,937.7,NA,1024.9,NA,1591,9,220,3.3,11.9,32.4,8.8,31.7,NA,NA,0,0,0,NA,NA,NA,NA,NA,0.039,NA,NA,NA
2026-06-29 04:00:00,"SPF",21.5,21.4,21.7,NA,NA,72.5,18.6,16.4,938.2,NA,1025.4,NA,1593.5,4.4,195,2.1,7.6,15.8,4.3,15.5,NA,NA,0,0,7,NA,NA,NA,NA,NA,0.022,NA,NA,NA
2026-06-29 05:00:00,"SPF",20.6,19.7,21.2,NA,NA,82.4,20,17.5,938.4,NA,1025.7,NA,1592.8,3.3,185,1.2,4.3,11.9,3.2,11.5,NA,NA,0.2,0,7,NA,NA,NA,NA,NA,0.033,NA,NA,NA
2026-06-29 06:00:00,"SPF",19.5,19.1,19.7,NA,NA,90.5,20.5,17.9,939.1,NA,1026.4,NA,1595.4,4.7,29,1.9,6.8,16.9,4.6,16.6,NA,NA,0.6,0,11,NA,NA,NA,NA,NA,0.032,NA,NA,NA
2026-06-29 07:00:00,"SPF",19.2,18.9,19.7,NA,NA,88.4,19.6,17.2,939.1,NA,1026.4,NA,1594.7,7.2,167,2.5,9,25.9,7,25.2,NA,NA,0.3,0,142,NA,NA,NA,NA,NA,0.101,NA,NA,NA
2026-06-29 08:00:00,"SPF",21.2,20.5,21.6,NA,NA,77.4,19.5,17.1,939.1,NA,1026.4,NA,1600.4,6.7,38,2.9,10.4,24.1,6.6,23.8,NA,NA,0,0,479,NA,NA,NA,NA,NA,0.306,NA,NA,NA
2026-06-29 09:00:00,"SPF",21.8,21.4,21.9,NA,NA,74.7,19.5,17.1,939.1,NA,1026.4,NA,1602.2,7.1,19,4.1,14.8,25.6,7,25.2,NA,NA,0,0,671,NA,NA,NA,NA,NA,0.424,NA,NA,NA
2026-06-29 10:00:00,"SPF",22.8,21.8,24.1,NA,NA,70,19.4,17.1,938.9,NA,1026.2,NA,1603.5,5.1,15,2.4,8.6,18.4,4.9,17.6,NA,NA,0,0,694,NA,NA,NA,NA,NA,0.465,NA,NA,NA
2026-06-29 11:00:00,"SPF",24.8,24.1,25.6,NA,NA,61.5,19.2,16.9,938.5,NA,1025.7,NA,1606.1,5.5,43,2.1,7.6,19.8,5.5,19.8,NA,NA,0,0,906,NA,NA,NA,NA,NA,0.626,NA,NA,NA
2026-06-29 12:00:00,"SPF",26.1,26,26.2,NA,NA,58.1,19.6,17.2,937.9,NA,1025.1,NA,1605.1,7,41,4.1,14.8,25.2,6.8,24.5,NA,NA,0,0,878,NA,NA,NA,NA,NA,0.636,NA,NA,NA
2026-06-29 13:00:00,"SPF",26.5,25.9,26.9,NA,NA,56.3,19.5,17.1,937.4,NA,1024.6,NA,1601.8,8.2,30,5,18,29.5,8.1,29.2,NA,NA,0,0,777,NA,NA,NA,NA,NA,0.591,NA,NA,NA
2026-06-29 14:00:00,"SPF",26.5,26.1,27.3,NA,NA,55.8,19.3,17,937.2,NA,1024.4,NA,1599.7,8.3,28,5.1,18.4,29.9,7.8,28.1,NA,NA,0,0,714,NA,NA,NA,NA,NA,0.553,NA,NA,NA
2026-06-29 15:00:00,"SPF",26.8,25.7,27.4,NA,NA,54.4,19.1,16.8,936.9,NA,1024,NA,1597.9,10.4,25,5.5,19.8,37.4,10.1,36.4,NA,NA,0,0,607,NA,NA,NA,NA,NA,0.497,NA,NA,NA
2026-06-29 16:00:00,"SPF",25.5,25.5,25.6,NA,NA,59.6,19.4,17.1,936.8,NA,1023.9,NA,1592.7,7.9,23,4.5,16.2,28.4,7.7,27.7,NA,NA,0,0,143,NA,NA,NA,NA,NA,0.206,NA,NA,NA
2026-06-29 17:00:00,"SPF",25,24.5,25.4,NA,NA,59.9,18.9,16.7,937.1,NA,1024.2,NA,1593.8,5.8,40,3.1,11.2,20.9,5.6,20.2,NA,NA,0,0,58,NA,NA,NA,NA,NA,0.129,NA,NA,NA
2026-06-29 18:00:00,"SPF",23.8,23.4,24.5,NA,NA,66.6,19.6,17.2,937.4,NA,1024.6,NA,1593.4,2.6,56,0.7,2.5,9.4,2.5,9,NA,NA,0,0,23,NA,NA,NA,NA,NA,0.047,NA,NA,NA
2026-06-29 19:00:00,"SPF",23.1,22.5,23.6,NA,NA,67,18.9,16.6,937.5,NA,1024.7,NA,1591.9,5.4,187,1.9,6.8,19.4,5.4,19.4,NA,NA,0,0,29,NA,NA,NA,NA,NA,0.061,NA,NA,NA
2026-06-29 20:00:00,"SPF",22.5,22.1,23.2,NA,NA,64.1,17.5,15.4,937.6,NA,1024.8,NA,1591.1,10.4,172,4.5,16.2,37.4,10.2,36.7,NA,NA,0,0,3,NA,NA,NA,NA,NA,0.055,NA,NA,NA
2026-06-29 21:00:00,"SPF",21.2,20.6,21.9,NA,NA,65.8,16.6,14.6,938.1,NA,1025.3,NA,1591.9,6.5,162,3.2,11.5,23.4,6.3,22.7,NA,NA,0,0,0,NA,NA,NA,NA,NA,0.038,NA,NA,NA
2026-06-29 22:00:00,"SPF",19.6,18.8,20.6,NA,NA,74.6,17,14.9,938.4,NA,1025.7,NA,1589.8,3.8,171,1.4,5,13.7,3.7,13.3,NA,NA,0,0,0,NA,NA,NA,NA,NA,0.01,NA,NA,NA
2026-06-29 23:00:00,"SPF",18.3,18.1,18.6,NA,NA,80.8,17,15,938.1,NA,1025.3,NA,1582.6,3.9,196,1.8,6.5,14,3.9,14,NA,NA,0,0,0,NA,NA,NA,NA,NA,0.008,NA,NA,NA
2026-06-30,"SPF",17.7,17.3,18.1,NA,NA,85.1,17.2,15.2,937.8,NA,1025,NA,1578.7,4.1,201,1,3.6,14.8,4.1,14.8,NA,NA,0,0,0,NA,NA,NA,NA,NA,-0.001,NA,NA,NA
2026-06-30 01:00:00,"SPF",17.1,16.6,17.5,NA,NA,89,17.3,15.3,937.7,NA,1024.9,NA,1575.3,1,0,0.4,1.4,3.6,1,3.6,NA,NA,0,0,0,NA,NA,NA,NA,NA,-0.007,NA,NA,NA
2026-06-30 02:00:00,"SPF",16.1,15.3,16.8,NA,NA,93.5,17.1,15.1,937.5,NA,1024.7,NA,1570.9,1.7,225,0.5,1.8,6.1,1.6,5.8,NA,NA,0,0,0,NA,NA,NA,NA,NA,-0.007,NA,NA,NA
2026-06-30 03:00:00,"SPF",15.4,15.1,15.8,NA,NA,98,17.2,15.2,936.9,NA,1024,NA,1563.4,2,198,0.8,2.9,7.2,2,7.2,NA,NA,0,0,0,NA,NA,NA,NA,NA,-0.007,NA,NA,NA
2026-06-30 04:00:00,"SPF",15.3,15.1,15.5,NA,NA,98.6,17.2,15.1,936.7,NA,1023.8,NA,1561.6,2.3,201,1,3.6,8.3,2.3,8.3,NA,NA,0,0,1,NA,NA,NA,NA,NA,-0.007,NA,NA,NA
2026-06-30 05:00:00,"SPF",15.3,15,15.8,NA,NA,99.2,17.2,15.2,936.8,NA,1023.9,NA,1562.1,1.3,207,0.6,2.2,4.7,1.3,4.7,NA,NA,0,0,68,NA,NA,NA,NA,NA,0.027,NA,NA,NA
2026-06-30 06:00:00,"SPF",17,16.3,17.8,NA,NA,94.5,18.3,16.1,936.9,NA,1024,NA,1568.4,1.7,171,0.7,2.5,6.1,1.7,6.1,NA,NA,0,0,207,NA,NA,NA,NA,NA,0.107,NA,NA,NA
2026-06-30 07:00:00,"SPF",19.6,18.3,21,NA,NA,78.6,17.9,15.8,936.9,NA,1024,NA,1575.7,2.2,180,0.6,2.2,7.9,2.2,7.9,NA,NA,0,0,399,NA,NA,NA,NA,NA,0.236,NA,NA,NA
2026-06-30 08:00:00,"SPF",22.1,21.3,22.8,NA,NA,72,19.1,16.8,936.8,NA,1023.9,NA,1582.5,3.3,39,1.5,5.4,11.9,3.2,11.5,NA,NA,0,0,572,NA,NA,NA,NA,NA,0.368,NA,NA,NA
2026-06-30 09:00:00,"SPF",23.5,22.9,23.9,NA,NA,67.7,19.6,17.2,936.5,NA,1023.6,NA,1584.2,5.9,44,3.3,11.9,21.2,5.7,20.5,NA,NA,0,0,722,NA,NA,NA,NA,NA,0.483,NA,NA,NA
2026-06-30 10:00:00,"SPF",24.3,23.9,25.1,NA,NA,64.4,19.6,17.2,936.2,NA,1023.3,NA,1584.1,7.5,31,3.9,14,27,7.4,26.6,NA,NA,0,0,743,NA,NA,NA,NA,NA,0.519,NA,NA,NA
2026-06-30 11:00:00,"SPF",25.9,25.6,26.5,NA,NA,57.8,19.3,16.9,936,NA,1023.1,NA,1587,6.9,30,3.5,12.6,24.8,6.7,24.1,NA,NA,0,0,917,NA,NA,NA,NA,NA,0.655,NA,NA,NA
2026-06-30 12:00:00,"SPF",26.9,26.6,27.1,NA,NA,53.8,19,16.7,935.7,NA,1022.7,NA,1586.5,6.9,22,3.3,11.9,24.8,6.6,23.8,NA,NA,0,0,951,NA,NA,NA,NA,NA,0.696,NA,NA,NA
2026-06-30 13:00:00,"SPF",27.5,27.2,28.1,NA,NA,51.1,18.7,16.5,934.9,NA,1021.9,NA,1581.7,6,18,3.1,11.2,21.6,5.9,21.2,NA,NA,0,0,920,NA,NA,NA,NA,NA,0.685,NA,NA,NA
2026-06-30 14:00:00,"SPF",28.4,28,28.6,NA,NA,47.3,18.2,16.1,934.1,NA,1021,NA,1576.6,6.2,15,2.7,9.7,22.3,6,21.6,NA,NA,0,0,863,NA,NA,NA,NA,NA,0.655,NA,NA,NA
2026-06-30 15:00:00,"SPF",28.4,27.7,28.9,NA,NA,46.9,18.1,15.9,933.5,NA,1020.4,NA,1570.4,6.9,18,3.1,11.2,24.8,6.7,24.1,NA,NA,0,0,496,NA,NA,NA,NA,NA,0.429,NA,NA,NA
2026-06-30 16:00:00,"SPF",24.1,21.4,27.4,NA,NA,70.4,20.6,18,933.6,NA,1020.5,NA,1559.6,8.1,288,3.6,13,29.2,8,28.8,NA,NA,11.1,0,78,NA,NA,NA,NA,NA,0.124,NA,NA,NA
2026-06-30 17:00:00,"SPF",21.1,20.5,21.5,NA,NA,82.2,20.5,17.9,934.1,NA,1021,NA,1555.1,10.7,205,4.2,15.1,38.5,10.4,37.4,NA,NA,0.4,0,65,NA,NA,NA,NA,NA,0.087,NA,NA,NA
2026-06-30 18:00:00,"SPF",19.6,18.6,20.1,NA,NA,83.7,19,16.7,934.8,NA,1021.7,NA,1556.6,14.4,193,4.9,17.6,51.8,13.9,50,NA,NA,3,0,13,NA,NA,NA,NA,NA,0.061,NA,NA,NA
2026-06-30 19:00:00,"SPF",18.4,18.2,18.6,NA,NA,94.7,20,17.5,935.7,NA,1022.8,NA,1561.9,5.5,360,1.3,4.7,19.8,5.5,19.8,NA,NA,2.1,0,14,NA,NA,NA,NA,NA,0.022,NA,NA,NA
2026-06-30 20:00:00,"SPF",18.1,18,18.2,NA,NA,98.7,20.5,17.9,935.4,NA,1022.4,NA,1557.6,6.2,212,1.7,6.1,22.3,6.1,22,NA,NA,0,0,13,NA,NA,NA,NA,NA,-0.002,NA,NA,NA
2026-06-30 21:00:00,"SPF",18,17.9,18.1,NA,NA,99.2,20.5,17.9,935.7,NA,1022.8,NA,1560.6,4,214,1.8,6.5,14.4,3.9,14,NA,NA,0,0,0,NA,NA,NA,NA,NA,-0.006,NA,NA,NA
2026-06-30 22:00:00,"SPF",18.2,18,18.3,NA,NA,99.2,20.7,18.1,935.7,NA,1022.7,NA,1560.9,2.9,212,1.5,5.4,10.4,2.8,10.1,NA,NA,0,0,0,NA,NA,NA,NA,NA,-0.006,NA,NA,NA
2026-06-30 23:00:00,"SPF",18.5,18.3,18.6,NA,NA,99.2,21.1,18.4,935.5,NA,1022.5,NA,1559.7,2.9,191,1.2,4.3,10.4,2.8,10.1,NA,NA,0,0,0,NA,NA,NA,NA,NA,-0.007,NA,NA,NA
2026-07-01,"SPF",18.6,18.5,18.7,NA,NA,98.6,21.1,18.4,935.3,NA,1022.3,NA,1558.7,2.6,45,0.8,2.9,9.4,2.6,9.4,NA,NA,0,0,0,NA,NA,NA,NA,NA,-0.007,NA,NA,NA
2026-07-01 01:00:00,"SPF",18.4,18.3,18.5,NA,NA,99.3,21,18.3,934.8,NA,1021.8,NA,1553.8,3.7,207,1.2,4.3,13.3,3.6,13,NA,NA,0.4,0,0,NA,NA,NA,NA,NA,-0.007,NA,NA,NA
2026-07-01 02:00:00,"SPF",18.1,17.5,18.6,NA,NA,90.7,18.8,16.5,934.9,NA,1021.9,NA,1553,18.1,180,5,18,65.2,17.8,64.1,NA,NA,20.2,0,0,NA,NA,NA,NA,NA,0.009,NA,NA,NA
2026-07-01 03:00:00,"SPF",17.3,17,17.5,NA,NA,91.1,18,15.8,934.5,NA,1021.5,NA,1547.5,10.6,193,4,14.4,38.2,10.4,37.4,NA,NA,0.1,0,0,NA,NA,NA,NA,NA,0.006,NA,NA,NA
2026-07-01 04:00:00,"SPF",16.9,16.7,17.1,NA,NA,99.1,19.1,16.8,934.6,NA,1021.6,NA,1547.3,4.2,215,1.8,6.5,15.1,4.1,14.8,NA,NA,11.5,0,0,NA,NA,NA,NA,NA,-0.006,NA,NA,NA
2026-07-01 05:00:00,"SPF",16.9,16.7,17.2,NA,NA,99.3,19.1,16.8,935,NA,1022,NA,1551,4.4,198,1.5,5.4,15.8,4.3,15.5,NA,NA,6.6,0,2,NA,NA,NA,NA,NA,0.017,NA,NA,NA
2026-07-01 06:00:00,"SPF",17.2,16.9,17.4,NA,NA,96.3,18.8,16.6,935.4,NA,1022.4,NA,1555.1,7.2,207,3.1,11.2,25.9,7,25.2,NA,NA,0.1,0,17,NA,NA,NA,NA,NA,0.028,NA,NA,NA
2026-07-01 07:00:00,"SPF",17.2,17,17.5,NA,NA,86.7,17,15,935.6,NA,1022.6,NA,1557,7.7,196,4.2,15.1,27.7,7.6,27.4,NA,NA,0.7,0,78,NA,NA,NA,NA,NA,0.076,NA,NA,NA
2026-07-01 08:00:00,"SPF",17.4,17.2,17.7,NA,NA,85,16.9,14.8,935.5,NA,1022.5,NA,1556.5,6.3,180,3,10.8,22.7,6.2,22.3,NA,NA,0,0,88,NA,NA,NA,NA,NA,0.082,NA,NA,NA
2026-07-01 09:00:00,"SPF",16.2,14.8,17.6,NA,NA,87.5,16.2,14.1,937,NA,1024.1,NA,1566.7,10.4,31,2.5,9,37.4,10.3,37.1,NA,NA,7.7,0,24,NA,NA,NA,NA,NA,0.045,NA,NA,NA
2026-07-01 10:00:00,"SPF",14.1,14,14.3,NA,NA,98.8,15.9,14,938.1,NA,1025.3,NA,1570.2,6.1,2,2.6,9.4,22,6,21.6,NA,NA,4.6,0,20,NA,NA,NA,NA,NA,0.027,NA,NA,NA
2026-07-01 11:00:00,"SPF",15,14.3,15.4,NA,NA,94,16,14,937.8,NA,1025,NA,1569.9,3.7,243,1.6,5.8,13.3,3.7,13.3,NA,NA,0.2,0,134,NA,NA,NA,NA,NA,0.091,NA,NA,NA
2026-07-01 12:00:00,"SPF",16.4,15.4,17.5,NA,NA,89,16.5,14.5,937.7,NA,1024.9,NA,1573,3.5,221,1.1,4,12.6,3.3,11.9,NA,NA,0.1,0,527,NA,NA,NA,NA,NA,0.315,NA,NA,NA
2026-07-01 13:00:00,"SPF",18.8,17.7,20.1,NA,NA,73.6,15.9,13.9,937,NA,1024.1,NA,1574.7,2.8,200,1.3,4.7,10.1,2.7,9.7,NA,NA,0,0,791,NA,NA,NA,NA,NA,0.487,NA,NA,NA
2026-07-01 14:00:00,"SPF",19.8,19.2,20.2,NA,NA,66.9,15.4,13.4,936.8,NA,1023.9,NA,1575.4,6.4,39,2.4,8.6,23,6.3,22.7,NA,NA,0,0,326,NA,NA,NA,NA,NA,0.241,NA,NA,NA
2026-07-01 15:00:00,"SPF",20.2,19.5,20.6,NA,NA,69.6,16.5,14.4,936.6,NA,1023.7,NA,1575.1,5.1,18,3,10.8,18.4,4.9,17.6,NA,NA,0,0,590,NA,NA,NA,NA,NA,0.376,NA,NA,NA
2026-07-01 16:00:00,"SPF",20.8,20.2,21.3,NA,NA,61.1,15,13,936.3,NA,1023.4,NA,1573.9,5.3,16,2,7.2,19.1,5,18,NA,NA,0,0,490,NA,NA,NA,NA,NA,0.322,NA,NA,NA
2026-07-01 17:00:00,"SPF",20.2,19.5,21.2,NA,NA,66,15.6,13.6,936.3,NA,1023.4,NA,1572.6,4.3,18,2,7.2,15.5,4.3,15.5,NA,NA,0,0,129,NA,NA,NA,NA,NA,0.122,NA,NA,NA
2026-07-01 18:00:00,"SPF",19.3,19,19.4,NA,NA,74.9,16.8,14.7,936.1,NA,1023.2,NA,1567.7,2.4,270,1,3.6,8.6,2.4,8.6,NA,NA,0,0,128,NA,NA,NA,NA,NA,0.086,NA,NA,NA
2026-07-01 19:00:00,"SPF",18.8,17.5,19.6,NA,NA,78.5,17,14.9,936.5,NA,1023.6,NA,1569.7,2.7,233,0.7,2.5,9.7,2.3,8.3,NA,NA,0,0,78,NA,NA,NA,NA,NA,0.031,NA,NA,NA
2026-07-01 20:00:00,"SPF",16.4,16.1,16.8,NA,NA,86.4,16.2,14.2,937,NA,1024.1,NA,1567.2,5,189,2.6,9.4,18,4.9,17.6,NA,NA,0,0,2,NA,NA,NA,NA,NA,0.008,NA,NA,NA
2026-07-01 21:00:00,"SPF",15.4,15,16,NA,NA,89.2,15.6,13.7,937.6,NA,1024.8,NA,1569.7,5.2,193,2,7.2,18.7,5,18,NA,NA,0,0,0,NA,NA,NA,NA,NA,0.002,NA,NA,NA
2026-07-01 22:00:00,"SPF",14.5,14.1,14.7,NA,NA,96.1,15.9,13.9,937.8,NA,1025,NA,1568.7,2.2,202,1.1,4,7.9,2.2,7.9,NA,NA,0,0,0,NA,NA,NA,NA,NA,-0.005,NA,NA,NA
2026-07-01 23:00:00,"SPF",14.3,14.1,14.4,NA,NA,97.7,15.8,13.9,937.8,NA,1025,NA,1568.3,2.6,200,1.2,4.3,9.4,2.5,9,NA,NA,0,0,0,NA,NA,NA,NA,NA,-0.006,NA,NA,NA
2026-07-02,"SPF",14,13.3,14.6,NA,NA,92.2,14.7,12.7,937.7,NA,1024.9,NA,1566.2,3.5,187,1.8,6.5,12.6,3.4,12.2,NA,NA,0,0,0,NA,NA,NA,NA,NA,-0.001,NA,NA,NA
2026-07-02 01:00:00,"SPF",12.6,12,13.2,NA,NA,97.8,14.3,12.3,937.6,NA,1024.8,NA,1561.3,2.6,197,1.4,5,9.4,2.6,9.4,NA,NA,0,0,0,NA,NA,NA,NA,NA,-0.006,NA,NA,NA
2026-07-02 02:00:00,"SPF",12,11.8,12.1,NA,NA,99.3,13.9,11.9,937.6,NA,1024.8,NA,1559.3,2.7,209,1.3,4.7,9.7,2.6,9.4,NA,NA,0,0,0,NA,NA,NA,NA,NA,-0.006,NA,NA,NA
2026-07-02 03:00:00,"SPF",11.4,11.2,11.6,NA,NA,99.3,13.4,11.3,937.3,NA,1024.4,NA,1554.5,1.7,209,1.1,4,6.1,1.6,5.8,NA,NA,0,0,0,NA,NA,NA,NA,NA,-0.007,NA,NA,NA
2026-07-02 04:00:00,"SPF",11,10.8,11.3,NA,NA,99.3,13,10.9,937.2,NA,1024.4,NA,1553.2,2.5,197,1.1,4,9,2.5,9,NA,NA,0,0,2,NA,NA,NA,NA,NA,-0.006,NA,NA,NA
2026-07-02 05:00:00,"SPF",11,10.6,11.6,NA,NA,99.3,13,10.9,937.5,NA,1024.7,NA,1555.8,1.9,207,1.1,4,6.8,1.8,6.5,NA,NA,0,0,66,NA,NA,NA,NA,NA,0.021,NA,NA,NA
2026-07-02 06:00:00,"SPF",12.8,11.9,13.7,NA,NA,89.9,13.3,11.2,937.7,NA,1024.9,NA,1562.3,3,188,1.5,5.4,10.8,3,10.8,NA,NA,0,0,227,NA,NA,NA,NA,NA,0.101,NA,NA,NA
2026-07-02 07:00:00,"SPF",15.2,14.1,16.7,NA,NA,75.5,13,10.9,937.8,NA,1025,NA,1570.8,1.7,180,0.7,2.5,6.1,1.6,5.8,NA,NA,0,0,407,NA,NA,NA,NA,NA,0.215,NA,NA,NA
2026-07-02 08:00:00,"SPF",18.3,17.2,19.3,NA,NA,61.1,12.9,10.7,937.7,NA,1024.9,NA,1579.2,5,36,2.7,9.7,18,5,18,NA,NA,0,0,580,NA,NA,NA,NA,NA,0.352,NA,NA,NA
2026-07-02 09:00:00,"SPF",19.8,19.3,20.4,NA,NA,55.2,12.8,10.5,937.8,NA,1025,NA,1584.4,5.4,46,3.3,11.9,19.4,5.3,19.1,NA,NA,0,0,740,NA,NA,NA,NA,NA,0.469,NA,NA,NA
2026-07-02 10:00:00,"SPF",21.2,20.7,21.8,NA,NA,51.4,13,10.8,937.9,NA,1025.1,NA,1590.1,6.4,25,3.6,13,23,6.3,22.7,NA,NA,0,0,880,NA,NA,NA,NA,NA,0.578,NA,NA,NA
2026-07-02 11:00:00,"SPF",22,21.8,22.2,NA,NA,48,12.7,10.5,937.9,NA,1025.1,NA,1592.4,8,31,3.4,12.2,28.8,7.4,26.6,NA,NA,0,0,969,NA,NA,NA,NA,NA,0.649,NA,NA,NA
2026-07-02 12:00:00,"SPF",22.6,22.3,23,NA,NA,47.3,12.9,10.8,937.7,NA,1024.9,NA,1591.8,5.3,53,2.4,8.6,19.1,5.3,19.1,NA,NA,0,0,948,NA,NA,NA,NA,NA,0.639,NA,NA,NA
2026-07-02 13:00:00,"SPF",23.6,23.2,23.9,NA,NA,44.2,12.8,10.7,937.5,NA,1024.7,NA,1593,6,45,2.4,8.6,21.6,5.9,21.2,NA,NA,0,0,957,NA,NA,NA,NA,NA,0.661,NA,NA,NA
2026-07-02 14:00:00,"SPF",23.9,23.6,24.2,NA,NA,40.4,12,9.6,937.3,NA,1024.5,NA,1592.4,5.7,35,2,7.2,20.5,5.6,20.2,NA,NA,0,0,895,NA,NA,NA,NA,NA,0.622,NA,NA,NA
2026-07-02 15:00:00,"SPF",24.3,24,24.5,NA,NA,38.5,11.7,9.3,937.1,NA,1024.3,NA,1592,5.1,81,1.9,6.8,18.4,5,18,NA,NA,0,0,749,NA,NA,NA,NA,NA,0.524,NA,NA,NA
2026-07-02 16:00:00,"SPF",24.5,24.4,24.5,NA,NA,36.5,11.2,8.7,936.9,NA,1024,NA,1590.6,5.1,8,1.7,6.1,18.4,5.1,18.4,NA,NA,0,0,598,NA,NA,NA,NA,NA,0.417,NA,NA,NA
2026-07-02 17:00:00,"SPF",24.3,24,24.4,NA,NA,36.9,11.2,8.6,936.6,NA,1023.7,NA,1587.2,4.2,5,2.2,7.9,15.1,4.1,14.8,NA,NA,0,0,380,NA,NA,NA,NA,NA,0.292,NA,NA,NA
2026-07-02 18:00:00,"SPF",24,23.3,24.3,NA,NA,39.3,11.7,9.3,936.7,NA,1023.8,NA,1587.6,4.1,3,1.9,6.8,14.8,4,14.4,NA,NA,0,0,242,NA,NA,NA,NA,NA,0.183,NA,NA,NA
2026-07-02 19:00:00,"SPF",21,18.8,23,NA,NA,54.8,13.5,11.4,937,NA,1024.1,NA,1581.3,3.9,216,1.5,5.4,14,3.9,14,NA,NA,0,0,69,NA,NA,NA,NA,NA,0.059,NA,NA,NA
2026-07-02 20:00:00,"SPF",18.3,17.6,18.6,NA,NA,65.5,13.7,11.7,937.5,NA,1024.7,NA,1577.2,4.2,193,2.3,8.3,15.1,4,14.4,NA,NA,0,0,3,NA,NA,NA,NA,NA,0.026,NA,NA,NA
2026-07-02 21:00:00,"SPF",17.3,17,17.6,NA,NA,70.9,14,12,938.2,NA,1025.4,NA,1580.4,3.2,207,1.5,5.4,11.5,3.1,11.2,NA,NA,0,0,0,NA,NA,NA,NA,NA,0.012,NA,NA,NA
2026-07-02 22:00:00,"SPF",16.7,16.4,17,NA,NA,73.7,14,12,938.4,NA,1025.7,NA,1580.8,3.4,201,1.5,5.4,12.2,3.3,11.9,NA,NA,0,0,0,NA,NA,NA,NA,NA,0.01,NA,NA,NA
2026-07-02 23:00:00,"SPF",16.3,16.2,16.6,NA,NA,79.3,14.7,12.7,938.6,NA,1025.9,NA,1581.2,2.2,212,1.4,5,7.9,2.1,7.6,NA,NA,0,0,0,NA,NA,NA,NA,NA,0.005,NA,NA,NA
2026-07-03,"SPF",16,15.7,16.3,NA,NA,84.7,15.4,13.4,938.6,NA,1025.9,NA,1580.6,1.5,217,0.9,3.2,5.4,1.5,5.4,NA,NA,0,0,0,NA,NA,NA,NA,NA,-0.001,NA,NA,NA
2026-07-03 01:00:00,"SPF",15.7,15.4,15.8,NA,NA,87.4,15.5,13.6,938.8,NA,1026.1,NA,1580.8,1.7,216,0.9,3.2,6.1,1.6,5.8,NA,NA,0,0,0,NA,NA,NA,NA,NA,-0.003,NA,NA,NA
2026-07-03 02:00:00,"SPF",15.7,15.5,15.8,NA,NA,87,15.5,13.5,938.8,NA,1026.1,NA,1581,1.6,220,0.9,3.2,5.8,1.6,5.8,NA,NA,0,0,0,NA,NA,NA,NA,NA,-0.002,NA,NA,NA
2026-07-03 03:00:00,"SPF",15.6,15.4,15.9,NA,NA,86.5,15.3,13.3,938.7,NA,1026,NA,1580.2,1.4,225,0.5,1.8,5,1.4,5,NA,NA,0,0,0,NA,NA,NA,NA,NA,-0.005,NA,NA,NA
2026-07-03 04:00:00,"SPF",14.8,14.2,15.5,NA,NA,90.8,15.2,13.3,939,NA,1026.3,NA,1580.1,1.1,214,0.5,1.8,4,1.1,4,NA,NA,0,0,1,NA,NA,NA,NA,NA,-0.006,NA,NA,NA
2026-07-03 05:00:00,"SPF",14.6,14.4,14.9,NA,NA,94.3,15.7,13.7,939.3,NA,1026.6,NA,1581.9,1.2,194,0.5,1.8,4.3,1.1,4,NA,NA,0,0,55,NA,NA,NA,NA,NA,0.025,NA,NA,NA
2026-07-03 06:00:00,"SPF",15.3,14.7,15.9,NA,NA,89.9,15.6,13.7,939.5,NA,1026.8,NA,1586.5,0.8,225,0.2,0.7,2.9,0.8,2.9,NA,NA,0,0,93,NA,NA,NA,NA,NA,0.057,NA,NA,NA
2026-07-03 07:00:00,"SPF",17.4,16.2,18.4,NA,NA,78.3,15.6,13.6,939.7,NA,1027,NA,1594.4,6.5,23,2.5,9,23.4,6.4,23,NA,NA,0,0,225,NA,NA,NA,NA,NA,0.147,NA,NA,NA
2026-07-03 08:00:00,"SPF",19.2,18.7,19.7,NA,NA,69.7,15.5,13.5,939.9,NA,1027.3,NA,1601.3,7.8,19,4.4,15.8,28.1,7.6,27.4,NA,NA,0,0,608,NA,NA,NA,NA,NA,0.363,NA,NA,NA
2026-07-03 09:00:00,"SPF",20,19.7,20.3,NA,NA,67.4,15.7,13.7,939.9,NA,1027.3,NA,1603.8,7.5,33,4.5,16.2,27,7.3,26.3,NA,NA,0,0,787,NA,NA,NA,NA,NA,0.477,NA,NA,NA
2026-07-03 10:00:00,"SPF",20.6,20.1,21.3,NA,NA,64.5,15.7,13.7,939.9,NA,1027.3,NA,1606.5,7.4,37,4.5,16.2,26.6,7.2,25.9,NA,NA,0,0,835,NA,NA,NA,NA,NA,0.52,NA,NA,NA
2026-07-03 11:00:00,"SPF",21.9,21.6,22.2,NA,NA,58.5,15.4,13.4,939.9,NA,1027.3,NA,1610.2,7.8,21,4.6,16.6,28.1,7.5,27,NA,NA,0,0,975,NA,NA,NA,NA,NA,0.632,NA,NA,NA
2026-07-03 12:00:00,"SPF",22.8,22.4,23.3,NA,NA,53.6,14.9,12.9,939.7,NA,1027,NA,1611.1,8,16,4.7,16.9,28.8,7.6,27.4,NA,NA,0,0,1006,NA,NA,NA,NA,NA,0.675,NA,NA,NA
2026-07-03 13:00:00,"SPF",23.4,23.2,23.8,NA,NA,50.9,14.7,12.7,939.6,NA,1026.9,NA,1611.8,8.7,22,4.8,17.3,31.3,8.3,29.9,NA,NA,0,0,949,NA,NA,NA,NA,NA,0.656,NA,NA,NA
2026-07-03 14:00:00,"SPF",23.9,23.8,24.3,NA,NA,48.7,14.5,12.5,939.4,NA,1026.7,NA,1612.2,8.3,25,4.1,14.8,29.9,8.1,29.2,NA,NA,0,0,843,NA,NA,NA,NA,NA,0.599,NA,NA,NA
2026-07-03 15:00:00,"SPF",24,23.9,24.2,NA,NA,46.3,13.8,11.8,939.3,NA,1026.6,NA,1611.2,7.6,15,4.1,14.8,27.4,7.5,27,NA,NA,0,0,744,NA,NA,NA,NA,NA,0.541,NA,NA,NA
2026-07-03 16:00:00,"SPF",24.1,24,24.2,NA,NA,44.1,13.3,11.2,939,NA,1026.3,NA,1608.8,7.4,20,3.7,13.3,26.6,7.3,26.3,NA,NA,0,0,605,NA,NA,NA,NA,NA,0.452,NA,NA,NA
2026-07-03 17:00:00,"SPF",23.9,23.6,24.3,NA,NA,43.2,12.8,10.7,938.8,NA,1026.1,NA,1606.8,6.6,12,4,14.4,23.8,6.6,23.8,NA,NA,0,0,380,NA,NA,NA,NA,NA,0.326,NA,NA,NA
2026-07-03 18:00:00,"SPF",23.7,23.3,24,NA,NA,42.4,12.4,10.1,939.1,NA,1026.4,NA,1608.3,7.4,27,3.9,14,26.6,7.4,26.6,NA,NA,0,0,282,NA,NA,NA,NA,NA,0.248,NA,NA,NA
2026-07-03 19:00:00,"SPF",22.3,21.1,23,NA,NA,36.5,9.8,6.7,939.5,NA,1026.8,NA,1607.5,6.7,23,2.8,10.1,24.1,6.6,23.8,NA,NA,0,0,69,NA,NA,NA,NA,NA,0.12,NA,NA,NA
2026-07-03 20:00:00,"SPF",18.6,16.5,20.6,NA,NA,55.6,11.8,9.4,939.9,NA,1027.3,NA,1599.7,2.3,236,0.8,2.9,8.3,2.3,8.3,NA,NA,0,0,3,NA,NA,NA,NA,NA,0.01,NA,NA,NA
2026-07-03 21:00:00,"SPF",16.2,15.6,16.9,NA,NA,69.1,12.7,10.5,940.5,NA,1027.9,NA,1598.1,2.9,211,1.2,4.3,10.4,2.9,10.4,NA,NA,0,0,0,NA,NA,NA,NA,NA,0.009,NA,NA,NA
2026-07-03 22:00:00,"SPF",14.5,13.9,15.4,NA,NA,75,12.4,10.2,940.9,NA,1028.3,NA,1595.9,2.4,209,1.2,4.3,8.6,2.4,8.6,NA,NA,0,0,0,NA,NA,NA,NA,NA,0.005,NA,NA,NA
2026-07-03 23:00:00,"SPF",14,13.9,14.2,NA,NA,79.3,12.7,10.5,941.1,NA,1028.5,NA,1596.4,1.4,211,0.6,2.2,5,1.3,4.7,NA,NA,0,0,0,NA,NA,NA,NA,NA,-0.003,NA,NA,NA
2026-07-04,"SPF",13.9,13.4,14.1,NA,NA,79.5,12.6,10.4,941,NA,1028.4,NA,1595.1,1.2,194,0.5,1.8,4.3,1.2,4.3,NA,NA,0,0,0,NA,NA,NA,NA,NA,-0.004,NA,NA,NA
2026-07-04 01:00:00,"SPF",13.4,12.9,13.7,NA,NA,83.4,12.8,10.7,941,NA,1028.4,NA,1593.4,1.1,194,0.5,1.8,4,1.1,4,NA,NA,0,0,0,NA,NA,NA,NA,NA,-0.005,NA,NA,NA
2026-07-04 02:00:00,"SPF",12.7,12.2,13.2,NA,NA,86,12.6,10.3,941.1,NA,1028.5,NA,1591.8,0.9,207,0.4,1.4,3.2,0.9,3.2,NA,NA,0,0,0,NA,NA,NA,NA,NA,-0.006,NA,NA,NA
2026-07-04 03:00:00,"SPF",11.5,10.9,11.9,NA,NA,91.1,12.4,10.1,941.2,NA,1028.6,NA,1589.1,0.9,194,0.4,1.4,3.2,0.9,3.2,NA,NA,0,0,0,NA,NA,NA,NA,NA,-0.007,NA,NA,NA
2026-07-04 04:00:00,"SPF",10.8,10.5,10.9,NA,NA,91.5,11.8,9.4,941.3,NA,1028.8,NA,1587.7,1.9,216,0.9,3.2,6.8,1.9,6.8,NA,NA,0,0,1,NA,NA,NA,NA,NA,-0.004,NA,NA,NA
2026-07-04 05:00:00,"SPF",10.7,10.2,11.5,NA,NA,89.5,11.5,9,941.5,NA,1029,NA,1589.4,2.3,209,1.1,4,8.3,2.2,7.9,NA,NA,0,0,59,NA,NA,NA,NA,NA,0.025,NA,NA,NA
2026-07-04 06:00:00,"SPF",12.9,11.9,14,NA,NA,78.9,11.7,9.3,941.8,NA,1029.3,NA,1599.2,2.4,195,1.2,4.3,8.6,2.4,8.6,NA,NA,0,0,208,NA,NA,NA,NA,NA,0.1,NA,NA,NA
2026-07-04 07:00:00,"SPF",15.7,14.4,16.8,NA,NA,62.4,11.1,8.5,941.7,NA,1029.2,NA,1606.4,1.8,180,0.7,2.5,6.5,1.7,6.1,NA,NA,0,0,412,NA,NA,NA,NA,NA,0.221,NA,NA,NA
2026-07-04 08:00:00,"SPF",18.6,17.3,19.7,NA,NA,53.1,11.4,8.9,941.6,NA,1029.1,NA,1615.2,4.1,9,1.1,4,14.8,4,14.4,NA,NA,0,0,584,NA,NA,NA,NA,NA,0.35,NA,NA,NA
2026-07-04 09:00:00,"SPF",20.9,20.2,21.5,NA,NA,40.9,10.1,7.2,941.4,NA,1028.9,NA,1621,5.7,42,2.9,10.4,20.5,5.6,20.2,NA,NA,0,0,740,NA,NA,NA,NA,NA,0.496,NA,NA,NA
2026-07-04 10:00:00,"SPF",21.9,21.6,22.2,NA,NA,38.6,10.2,7.2,941.6,NA,1029.1,NA,1625.5,6.3,45,3.7,13.3,22.7,6.2,22.3,NA,NA,0,0,861,NA,NA,NA,NA,NA,0.596,NA,NA,NA
2026-07-04 11:00:00,"SPF",22.7,22.4,23.2,NA,NA,38.2,10.6,7.8,941.4,NA,1028.9,NA,1626.7,5.4,38,3,10.8,19.4,5.2,18.7,NA,NA,0,0,893,NA,NA,NA,NA,NA,0.621,NA,NA,NA
2026-07-04 12:00:00,"SPF",23.6,23.3,23.9,NA,NA,37.5,10.9,8.3,941.1,NA,1028.6,NA,1626.8,5.8,51,2.1,7.6,20.9,5.4,19.4,NA,NA,0,0,951,NA,NA,NA,NA,NA,0.659,NA,NA,NA
2026-07-04 13:00:00,"SPF",24.4,24.1,24.8,NA,NA,36.2,11.1,8.4,940.7,NA,1028.1,NA,1625.1,5.3,3,2.3,8.3,19.1,5.1,18.4,NA,NA,0,0,936,NA,NA,NA,NA,NA,0.663,NA,NA,NA
2026-07-04 14:00:00,"SPF",25.2,24.8,25.5,NA,NA,35.5,11.3,8.8,940.6,NA,1028,NA,1626.3,6.8,26,3.2,11.5,24.5,6.7,24.1,NA,NA,0,0,859,NA,NA,NA,NA,NA,0.634,NA,NA,NA
2026-07-04 15:00:00,"SPF",25.4,25.3,25.6,NA,NA,33.5,10.9,8.2,940.3,NA,1027.7,NA,1624.7,5.9,18,3.1,11.2,21.2,5.8,20.9,NA,NA,0,0,744,NA,NA,NA,NA,NA,0.561,NA,NA,NA
2026-07-04 16:00:00,"SPF",25.8,25.6,25.9,NA,NA,31,10.3,7.3,939.9,NA,1027.3,NA,1622.6,5.1,11,1.9,6.8,18.4,5,18,NA,NA,0,0,599,NA,NA,NA,NA,NA,0.435,NA,NA,NA
2026-07-04 17:00:00,"SPF",25.9,25.7,26,NA,NA,27.4,9.1,5.6,939.6,NA,1026.9,NA,1619.4,4,301,1.2,4.3,14.4,4,14.4,NA,NA,0,0,425,NA,NA,NA,NA,NA,0.29,NA,NA,NA
2026-07-04 18:00:00,"SPF",25.4,24.7,25.7,NA,NA,23.7,7.7,3.1,939.5,NA,1026.8,NA,1617.2,3.1,283,1.1,4,11.2,3,10.8,NA,NA,0,1,248,NA,NA,NA,NA,NA,0.162,NA,NA,NA
2026-07-04 19:00:00,"SPF",20.9,18.8,23.4,NA,NA,44.9,11,8.4,939.6,NA,1026.9,NA,1603.9,4.9,196,2.1,7.6,17.6,4.9,17.6,NA,NA,0,0,68,NA,NA,NA,NA,NA,0.084,NA,NA,NA
2026-07-04 20:00:00,"SPF",18.3,17.1,19.3,NA,NA,51.5,10.8,8.1,940,NA,1027.4,NA,1600.1,6.5,198,2.4,8.6,23.4,6.5,23.4,NA,NA,0,0,2,NA,NA,NA,NA,NA,0.04,NA,NA,NA
2026-07-04 21:00:00,"SPF",15.6,14.8,17,NA,NA,65.9,11.7,9.2,940.7,NA,1028.1,NA,1598,3.6,210,1.7,6.1,13,3.5,12.6,NA,NA,0,0,0,NA,NA,NA,NA,NA,0.017,NA,NA,NA
2026-07-04 22:00:00,"SPF",14,13.2,14.9,NA,NA,72.3,11.5,9.1,941.1,NA,1028.5,NA,1595.9,2.8,213,1.6,5.8,10.1,2.7,9.7,NA,NA,0,0,0,NA,NA,NA,NA,NA,0.01,NA,NA,NA
2026-07-04 23:00:00,"SPF",12.9,12.5,13.4,NA,NA,74.6,11.1,8.5,941.2,NA,1028.6,NA,1593.2,2.4,207,1.4,5,8.6,2.4,8.6,NA,NA,0,0,0,NA,NA,NA,NA,NA,0.007,NA,NA,NA
2026-07-05,"SPF",11.8,10.9,12.5,NA,NA,77.1,10.6,7.9,941.1,NA,1028.6,NA,1589.6,2.2,209,1.3,4.7,7.9,2.2,7.9,NA,NA,0,0,0,NA,NA,NA,NA,NA,0.004,NA,NA,NA
2026-07-05 01:00:00,"SPF",11.8,11.6,11.9,NA,NA,75.4,10.4,7.6,940.9,NA,1028.3,NA,1587.4,3.1,205,2,7.2,11.2,3.1,11.2,NA,NA,0,0,0,NA,NA,NA,NA,NA,0.01,NA,NA,NA
2026-07-05 02:00:00,"SPF",11.2,10.5,11.8,NA,NA,76.2,10.1,7.1,940.7,NA,1028.1,NA,1584,3.2,214,1.8,6.5,11.5,3.2,11.5,NA,NA,0,0,0,NA,NA,NA,NA,NA,0.008,NA,NA,NA
2026-07-05 03:00:00,"SPF",10.7,10.3,11,NA,NA,77.6,10,6.9,940.4,NA,1027.8,NA,1579.9,3.4,208,1.7,6.1,12.2,3.3,11.9,NA,NA,0,0,0,NA,NA,NA,NA,NA,0.007,NA,NA,NA
2026-07-05 04:00:00,"SPF",10.9,10.6,11.2,NA,NA,74.2,9.7,6.5,940.2,NA,1027.6,NA,1579.1,3.5,204,2,7.2,12.6,3.4,12.2,NA,NA,0,0,2,NA,NA,NA,NA,NA,0.011,NA,NA,NA
2026-07-05 05:00:00,"SPF",11.5,11.1,12.3,NA,NA,72.1,9.8,6.7,940.1,NA,1027.5,NA,1579.5,2.9,193,1.8,6.5,10.4,2.9,10.4,NA,NA,0,0,65,NA,NA,NA,NA,NA,0.041,NA,NA,NA
2026-07-05 06:00:00,"SPF",14.4,12.9,15.6,NA,NA,62,10.1,7.2,939.9,NA,1027.3,NA,1587.2,3.9,191,2.1,7.6,14,3.8,13.7,NA,NA,0,0,233,NA,NA,NA,NA,NA,0.131,NA,NA,NA
2026-07-05 07:00:00,"SPF",17.2,15.9,18.6,NA,NA,52.6,10.4,7.5,939.6,NA,1026.9,NA,1593.2,4.7,186,1.9,6.8,16.9,4.6,16.6,NA,NA,0,0,414,NA,NA,NA,NA,NA,0.248,NA,NA,NA
2026-07-05 08:00:00,"SPF",20.8,19.3,22.3,NA,NA,43.1,10.6,7.8,939.2,NA,1026.5,NA,1600.4,4,189,1.3,4.7,14.4,3.8,13.7,NA,NA,0,0,585,NA,NA,NA,NA,NA,0.373,NA,NA,NA
2026-07-05 09:00:00,"SPF",23.7,23.1,24.3,NA,NA,33.1,9.7,6.5,938.8,NA,1026.1,NA,1605.4,5.8,224,3.4,12.2,20.9,5.7,20.5,NA,NA,0,0,739,NA,NA,NA,NA,NA,0.545,NA,NA,NA
2026-07-05 10:00:00,"SPF",24.7,24.3,25.1,NA,NA,32.2,10,7,938.5,NA,1025.7,NA,1605.8,6.5,220,3.6,13,23.4,6.4,23,NA,NA,0,0,862,NA,NA,NA,NA,NA,0.642,NA,NA,NA
2026-07-05 11:00:00,"SPF",25.6,25.4,25.9,NA,NA,30.5,10,7,938.3,NA,1025.5,NA,1607,6.7,226,3.6,13,24.1,6.7,24.1,NA,NA,0,0,923,NA,NA,NA,NA,NA,0.697,NA,NA,NA
2026-07-05 12:00:00,"SPF",26.2,25.7,26.4,NA,NA,27.1,9.2,5.7,938,NA,1025.2,NA,1606,8.8,242,3.7,13.3,31.7,8.5,30.6,NA,NA,0,0,947,NA,NA,NA,NA,NA,0.728,NA,NA,NA
2026-07-05 13:00:00,"SPF",26.6,26.4,26.9,NA,NA,27.1,9.4,6.1,937.5,NA,1024.7,NA,1602.7,8.8,228,3.9,14,31.7,8.1,29.2,NA,NA,0,0,946,NA,NA,NA,NA,NA,0.736,NA,NA,NA
2026-07-05 14:00:00,"SPF",26.9,26.6,27.1,NA,NA,28.4,10.1,7,937.2,NA,1024.4,NA,1601.2,10.8,225,3.3,11.9,38.9,10.5,37.8,NA,NA,0,0,834,NA,NA,NA,NA,NA,0.651,NA,NA,NA
2026-07-05 15:00:00,"SPF",27,26.7,27.3,NA,NA,29.1,10.4,7.5,936.9,NA,1024,NA,1598.8,8.3,235,3.8,13.7,29.9,8,28.8,NA,NA,0,0,708,NA,NA,NA,NA,NA,0.58,NA,NA,NA
2026-07-05 16:00:00,"SPF",26.5,26.2,26.7,NA,NA,29,10.1,7.1,936.7,NA,1023.8,NA,1594.8,6.2,275,2.5,9,22.3,6.1,22,NA,NA,0,0,415,NA,NA,NA,NA,NA,0.365,NA,NA,NA
2026-07-05 17:00:00,"SPF",26.3,26.1,26.7,NA,NA,30.7,10.5,7.7,936.4,NA,1023.5,NA,1591.3,7.8,268,3.1,11.2,28.1,7.6,27.4,NA,NA,0,0,354,NA,NA,NA,NA,NA,0.327,NA,NA,NA
2026-07-05 18:00:00,"SPF",25.4,24.8,25.9,NA,NA,33.6,10.9,8.2,936.6,NA,1023.7,NA,1590.9,6.9,301,3,10.8,24.8,6.8,24.5,NA,NA,0,0,256,NA,NA,NA,NA,NA,0.235,NA,NA,NA
2026-07-05 19:00:00,"SPF",23.5,22.2,24.6,NA,NA,39.6,11.4,8.9,936.9,NA,1024,NA,1587.9,6.2,237,2.1,7.6,22.3,6,21.6,NA,NA,0,0,63,NA,NA,NA,NA,NA,0.096,NA,NA,NA
2026-07-05 20:00:00,"SPF",20.2,18.7,21.8,NA,NA,53.6,12.6,10.4,937.2,NA,1024.4,NA,1580.5,3.4,197,1.4,5,12.2,3.2,11.5,NA,NA,0,0,3,NA,NA,NA,NA,NA,0.024,NA,NA,NA
2026-07-05 21:00:00,"SPF",18.1,17.3,19,NA,NA,62.8,13,10.9,937.8,NA,1025,NA,1579.8,3.4,209,1.9,6.8,12.2,3.3,11.9,NA,NA,0,0,0,NA,NA,NA,NA,NA,0.023,NA,NA,NA
2026-07-05 22:00:00,"SPF",17.3,16.5,18.1,NA,NA,65.2,12.8,10.7,938.1,NA,1025.3,NA,1579.4,5.3,201,2,7.2,19.1,5.2,18.7,NA,NA,0,0,0,NA,NA,NA,NA,NA,0.022,NA,NA,NA
2026-07-05 23:00:00,"SPF",16.1,15.5,17.2,NA,NA,70.7,12.9,10.7,938,NA,1025.2,NA,1575.3,4.9,204,1.8,6.5,17.6,4.8,17.3,NA,NA,0,0,0,NA,NA,NA,NA,NA,0.014,NA,NA,NA
2026-07-06,"SPF",14.9,14.4,15.4,NA,NA,77.3,13,10.9,938.1,NA,1025.3,NA,1572,1.7,239,0.8,2.9,6.1,1.6,5.8,NA,NA,0,0,0,NA,NA,NA,NA,NA,0,NA,NA,NA
2026-07-06 01:00:00,"SPF",13.7,13.1,14.8,NA,NA,82.9,13,10.9,937.8,NA,1025,NA,1566.7,1.9,207,1.1,4,6.8,1.9,6.8,NA,NA,0,0,0,NA,NA,NA,NA,NA,0,NA,NA,NA
2026-07-06 02:00:00,"SPF",13.2,12.3,13.8,NA,NA,85.1,12.9,10.8,937.7,NA,1024.9,NA,1564,1.7,219,0.9,3.2,6.1,1.7,6.1,NA,NA,0,0,0,NA,NA,NA,NA,NA,-0.002,NA,NA,NA
2026-07-06 03:00:00,"SPF",12.5,12,12.9,NA,NA,89.9,13,10.9,937.6,NA,1024.8,NA,1560.7,1.9,219,0.9,3.2,6.8,1.9,6.8,NA,NA,0,0,0,NA,NA,NA,NA,NA,-0.004,NA,NA,NA
2026-07-06 04:00:00,"SPF",11.8,11.5,12.1,NA,NA,93,12.9,10.7,937.6,NA,1024.8,NA,1559.2,1.7,207,0.9,3.2,6.1,1.6,5.8,NA,NA,0,0,2,NA,NA,NA,NA,NA,-0.004,NA,NA,NA
2026-07-06 05:00:00,"SPF",12.1,11.2,13.2,NA,NA,93.7,13.2,11.1,937.5,NA,1024.7,NA,1559,2,211,1.2,4.3,7.2,2,7.2,NA,NA,0,0,67,NA,NA,NA,NA,NA,0.023,NA,NA,NA
2026-07-06 06:00:00,"SPF",15.2,14.1,16,NA,NA,79.1,13.6,11.5,937.4,NA,1024.6,NA,1566.8,2.1,194,1.3,4.7,7.6,2.1,7.6,NA,NA,0,0,228,NA,NA,NA,NA,NA,0.114,NA,NA,NA
2026-07-06 07:00:00,"SPF",17.8,16.6,19,NA,NA,68.7,14,12,937.3,NA,1024.5,NA,1574.3,1.9,180,0.6,2.2,6.8,1.9,6.8,NA,NA,0,0,403,NA,NA,NA,NA,NA,0.227,NA,NA,NA
2026-07-06 08:00:00,"SPF",20.7,19.9,21.4,NA,NA,58.8,14.4,12.4,937.4,NA,1024.6,NA,1583.7,3.7,11,1.6,5.8,13.3,3.6,13,NA,NA,0,0,570,NA,NA,NA,NA,NA,0.362,NA,NA,NA
2026-07-06 09:00:00,"SPF",22.6,21.8,23.2,NA,NA,53.9,14.7,12.8,937.2,NA,1024.4,NA,1588,3.2,108,1.2,4.3,11.5,3.1,11.2,NA,NA,0,0,732,NA,NA,NA,NA,NA,0.482,NA,NA,NA
2026-07-06 10:00:00,"SPF",24.1,23.8,24.4,NA,NA,45.4,13.6,11.6,937.1,NA,1024.2,NA,1590.9,6.1,222,2.8,10.1,22,6,21.6,NA,NA,0,0,797,NA,NA,NA,NA,NA,0.568,NA,NA,NA
2026-07-06 11:00:00,"SPF",25,24.3,25.3,NA,NA,38.9,12.3,10,936.8,NA,1023.9,NA,1591.6,7.8,235,3.5,12.6,28.1,7.6,27.4,NA,NA,0,0,935,NA,NA,NA,NA,NA,0.683,NA,NA,NA
2026-07-06 12:00:00,"SPF",25.7,25.5,26,NA,NA,32.4,10.7,7.9,936.7,NA,1023.8,NA,1592.7,7.9,254,3.2,11.5,28.4,7.7,27.7,NA,NA,0,0,924,NA,NA,NA,NA,NA,0.689,NA,NA,NA
2026-07-06 13:00:00,"SPF",25.7,25.4,26.3,NA,NA,29.2,9.7,6.4,936.7,NA,1023.8,NA,1592.2,9.2,238,2.8,10.1,33.1,8.8,31.7,NA,NA,0,0,599,NA,NA,NA,NA,NA,0.499,NA,NA,NA
2026-07-06 14:00:00,"SPF",26.4,25.8,26.8,NA,NA,28.3,9.7,6.5,936.5,NA,1023.6,NA,1593.1,6.9,245,2.6,9.4,24.8,6.8,24.5,NA,NA,0,0,834,NA,NA,NA,NA,NA,0.627,NA,NA,NA
2026-07-06 15:00:00,"SPF",26.9,26.6,27.2,NA,NA,27.9,9.9,6.8,936.3,NA,1023.4,NA,1592.5,9.3,225,2.4,8.6,33.5,9.1,32.8,NA,NA,0,0,753,NA,NA,NA,NA,NA,0.57,NA,NA,NA
2026-07-06 16:00:00,"SPF",27.1,26.9,27.3,NA,NA,27.8,9.9,6.9,935.9,NA,1023,NA,1589.5,5.5,241,2.5,9,19.8,5.5,19.8,NA,NA,0,0,614,NA,NA,NA,NA,NA,0.475,NA,NA,NA
2026-07-06 17:00:00,"SPF",26.5,26.1,26.7,NA,NA,30.2,10.5,7.6,935.6,NA,1022.6,NA,1584.8,3.9,266,2,7.2,14,3.8,13.7,NA,NA,0,0,348,NA,NA,NA,NA,NA,0.288,NA,NA,NA
2026-07-06 18:00:00,"SPF",26.1,25.1,26.8,NA,NA,32,10.8,8.1,935.4,NA,1022.4,NA,1582.1,3.9,347,1.5,5.4,14,3.8,13.7,NA,NA,0,0,248,NA,NA,NA,NA,NA,0.181,NA,NA,NA
2026-07-06 19:00:00,"SPF",23.3,20.7,25.1,NA,NA,42.7,12.1,9.7,935.6,NA,1022.6,NA,1574.8,2.9,351,1.3,4.7,10.4,2.9,10.4,NA,NA,0,0,66,NA,NA,NA,NA,NA,0.063,NA,NA,NA
2026-07-06 20:00:00,"SPF",19.4,18.8,20.2,NA,NA,57.8,13,10.9,936,NA,1023.1,NA,1566.8,4.1,200,2.1,7.6,14.8,4,14.4,NA,NA,0,0,2,NA,NA,NA,NA,NA,0.032,NA,NA,NA
2026-07-06 21:00:00,"SPF",17.7,16.1,19.1,NA,NA,63.5,12.8,10.6,936.4,NA,1023.5,NA,1566,7.7,201,2.3,8.3,27.7,7.6,27.4,NA,NA,0,0,0,NA,NA,NA,NA,NA,0.027,NA,NA,NA
2026-07-06 22:00:00,"SPF",15.1,14.4,16.1,NA,NA,75.2,12.9,10.7,936.8,NA,1023.9,NA,1561.2,2.6,216,1.4,5,9.4,2.4,8.6,NA,NA,0,0,0,NA,NA,NA,NA,NA,0.007,NA,NA,NA
2026-07-06 23:00:00,"SPF",14.2,13.9,14.6,NA,NA,78.2,12.6,10.4,936.9,NA,1024,NA,1559.7,2.8,210,1.7,6.1,10.1,2.8,10.1,NA,NA,0,0,0,NA,NA,NA,NA,NA,0.008,NA,NA,NA
2026-07-07,"SPF",13.8,13.4,14.3,NA,NA,77.6,12.3,10,936.9,NA,1024,NA,1558.3,2.7,200,1.5,5.4,9.7,2.7,9.7,NA,NA,0,0,0,NA,NA,NA,NA,NA,0.006,NA,NA,NA
2026-07-07 01:00:00,"SPF",13.2,12.9,13.4,NA,NA,79.5,12,9.7,936.7,NA,1023.8,NA,1554.9,2.6,196,1.5,5.4,9.4,2.5,9,NA,NA,0,0,0,NA,NA,NA,NA,NA,0.005,NA,NA,NA
2026-07-07 02:00:00,"SPF",12.8,12.5,13.1,NA,NA,79.9,11.8,9.4,936.5,NA,1023.6,NA,1552.1,3.1,191,1.6,5.8,11.2,3,10.8,NA,NA,0,0,0,NA,NA,NA,NA,NA,0.005,NA,NA,NA
2026-07-07 03:00:00,"SPF",12.5,12.2,12.8,NA,NA,79.9,11.6,9.2,936.4,NA,1023.5,NA,1550.4,2.9,193,1.9,6.8,10.4,2.9,10.4,NA,NA,0,0,0,NA,NA,NA,NA,NA,0.007,NA,NA,NA
2026-07-07 04:00:00,"SPF",12,11.7,12.3,NA,NA,81.6,11.4,9,936.4,NA,1023.5,NA,1548.4,3.3,200,1.5,5.4,11.9,3.2,11.5,NA,NA,0,0,1,NA,NA,NA,NA,NA,0.004,NA,NA,NA
2026-07-07 05:00:00,"SPF",12.4,11.8,13.3,NA,NA,80.4,11.6,9.1,936.6,NA,1023.7,NA,1551.7,3.1,205,1.7,6.1,11.2,3,10.8,NA,NA,0,0,54,NA,NA,NA,NA,NA,0.034,NA,NA,NA
2026-07-07 06:00:00,"SPF",15.6,13.6,17.1,NA,NA,68.8,12.1,9.8,936.7,NA,1023.8,NA,1562.1,3.8,198,2.2,7.9,13.7,3.6,13,NA,NA,0,0,216,NA,NA,NA,NA,NA,0.125,NA,NA,NA
2026-07-07 07:00:00,"SPF",18.8,17.5,20,NA,NA,57.4,12.5,10.2,936.6,NA,1023.7,NA,1570.5,3.7,188,2.1,7.6,13.3,3.7,13.3,NA,NA,0,0,374,NA,NA,NA,NA,NA,0.239,NA,NA,NA
2026-07-07 08:00:00,"SPF",22.3,20.7,23.8,NA,NA,48.5,13,10.9,936.4,NA,1023.5,NA,1579.2,2.6,188,1.5,5.4,9.4,2.6,9.4,NA,NA,0,0,565,NA,NA,NA,NA,NA,0.375,NA,NA,NA
2026-07-07 09:00:00,"SPF",25.4,24.3,26.3,NA,NA,31,10,6.9,936.1,NA,1023.2,NA,1586.4,3.3,189,1.4,5,11.9,3.1,11.2,NA,NA,0,0,696,NA,NA,NA,NA,NA,0.493,NA,NA,NA
2026-07-07 10:00:00,"SPF",26.7,26.4,27.1,NA,NA,24.5,8.6,4.8,936.1,NA,1023.2,NA,1590,4.3,231,1.9,6.8,15.5,4.2,15.1,NA,NA,0,0,861,NA,NA,NA,NA,NA,0.633,NA,NA,NA
2026-07-07 11:00:00,"SPF",27.5,27.2,27.8,NA,NA,21.1,7.8,3.3,936,NA,1023.1,NA,1591.3,6,236,2.3,8.3,21.6,6,21.6,NA,NA,0,0,950,NA,NA,NA,NA,NA,0.719,NA,NA,NA
2026-07-07 12:00:00,"SPF",27.8,27.5,28.1,NA,NA,20.1,7.5,2.9,935.6,NA,1022.6,NA,1588.5,8.1,220,3.3,11.9,29.2,7.6,27.4,NA,NA,0,0,791,NA,NA,NA,NA,NA,0.657,NA,NA,NA
2026-07-07 13:00:00,"SPF",28.1,27.9,28.2,NA,NA,20,7.6,3,935.3,NA,1022.3,NA,1586.8,6.9,220,3.4,12.2,24.8,6.7,24.1,NA,NA,0,0,805,NA,NA,NA,NA,NA,0.669,NA,NA,NA
2026-07-07 14:00:00,"SPF",27.7,27.4,28.1,NA,NA,23,8.6,4.7,935.1,NA,1022.1,NA,1583.7,6.3,207,3.2,11.5,22.7,6,21.6,NA,NA,0,0,537,NA,NA,NA,NA,NA,0.498,NA,NA,NA
2026-07-07 15:00:00,"SPF",27.6,27.4,27.8,NA,NA,24.3,9,5.4,934.6,NA,1021.6,NA,1579,6.9,194,3.7,13.3,24.8,6.7,24.1,NA,NA,0,0,434,NA,NA,NA,NA,NA,0.446,NA,NA,NA
2026-07-07 16:00:00,"SPF",27.9,27.4,28.3,NA,NA,25.4,9.5,6.3,934.2,NA,1021.2,NA,1576.3,6.8,201,2.9,10.4,24.5,6.6,23.8,NA,NA,0,0,439,NA,NA,NA,NA,NA,0.404,NA,NA,NA
2026-07-07 17:00:00,"SPF",28.2,28.1,28.4,NA,NA,24,9.2,5.7,933.7,NA,1020.6,NA,1572.7,7.4,212,3.6,13,26.6,7,25.2,NA,NA,0,0,400,NA,NA,NA,NA,NA,0.388,NA,NA,NA
2026-07-07 18:00:00,"SPF",26.6,24.2,27.9,NA,NA,29.5,10.2,7.2,933.8,NA,1020.7,NA,1568.7,5.1,215,2.5,9,18.4,5,18,NA,NA,0,0,173,NA,NA,NA,NA,NA,0.2,NA,NA,NA
2026-07-07 19:00:00,"SPF",23,21.7,24.2,NA,NA,41.5,11.6,9.2,934,NA,1020.9,NA,1559.2,4.2,204,2,7.2,15.1,4.1,14.8,NA,NA,0,0,30,NA,NA,NA,NA,NA,0.095,NA,NA,NA
2026-07-07 20:00:00,"SPF",20.4,19.9,20.9,NA,NA,49.5,11.8,9.5,933.9,NA,1020.8,NA,1551.5,3.4,207,2,7.2,12.2,3.4,12.2,NA,NA,0,0,3,NA,NA,NA,NA,NA,0.039,NA,NA,NA
2026-07-07 21:00:00,"SPF",19.5,18.2,20.5,NA,NA,49.6,11.2,8.6,934.2,NA,1021.1,NA,1551,4.9,203,2.1,7.6,17.6,4.8,17.3,NA,NA,0,0,0,NA,NA,NA,NA,NA,0.038,NA,NA,NA
2026-07-07 22:00:00,"SPF",18.4,17.7,18.7,NA,NA,51.8,10.9,8.3,934.1,NA,1021,NA,1546.6,4,210,2,7.2,14.4,3.8,13.7,NA,NA,0,0,0,NA,NA,NA,NA,NA,0.033,NA,NA,NA
2026-07-07 23:00:00,"SPF",16.6,15.1,17.4,NA,NA,58.5,11,8.4,933.9,NA,1020.8,NA,1539.8,3.7,219,1.3,4.7,13.3,3.7,13.3,NA,NA,0,0,0,NA,NA,NA,NA,NA,0.016,NA,NA,NA
2026-07-08,"SPF",15.9,15.2,17,NA,NA,61.3,11,8.4,933.7,NA,1020.6,NA,1536.1,3.7,215,2,7.2,13.3,3.6,13,NA,NA,0,0,0,NA,NA,NA,NA,NA,0.023,NA,NA,NA
2026-07-08 01:00:00,"SPF",16.9,15.9,17.9,NA,NA,54.5,10.5,7.7,933.6,NA,1020.5,NA,1538.1,3.5,210,2,7.2,12.6,3.5,12.6,NA,NA,0,0,0,NA,NA,NA,NA,NA,0.03,NA,NA,NA
2026-07-08 02:00:00,"SPF",17.1,16.5,17.9,NA,NA,52.6,10.2,7.3,933.5,NA,1020.4,NA,1538.2,4.1,211,2.2,7.9,14.8,4,14.4,NA,NA,0,0,0,NA,NA,NA,NA,NA,0.034,NA,NA,NA
2026-07-08 03:00:00,"SPF",17,16.1,18,NA,NA,52.5,10.1,7.2,933.6,NA,1020.5,NA,1538.5,4,210,2,7.2,14.4,3.9,14,NA,NA,0,0,0,NA,NA,NA,NA,NA,0.031,NA,NA,NA
2026-07-08 04:00:00,"SPF",14.8,13.5,15.6,NA,NA,62.8,10.5,7.7,933.7,NA,1020.6,NA,1533,3.1,210,1.5,5.4,11.2,3.1,11.2,NA,NA,0,0,1,NA,NA,NA,NA,NA,0.015,NA,NA,NA
2026-07-08 05:00:00,"SPF",16.7,15.8,17.5,NA,NA,54.4,10.3,7.4,933.7,NA,1020.6,NA,1538.2,4.9,202,2.4,8.6,17.6,4.8,17.3,NA,NA,0,0,57,NA,NA,NA,NA,NA,0.075,NA,NA,NA
2026-07-08 06:00:00,"SPF",18.1,17.4,18.8,NA,NA,52.1,10.8,8.1,933.8,NA,1020.7,NA,1543.7,4.8,197,2.2,7.9,17.3,4.7,16.9,NA,NA,0,0,217,NA,NA,NA,NA,NA,0.15,NA,NA,NA
2026-07-08 07:00:00,"SPF",20.6,19.2,22.1,NA,NA,47.8,11.6,9.1,933.7,NA,1020.6,NA,1549.8,5,189,2.5,9,18,4.8,17.3,NA,NA,0,0,398,NA,NA,NA,NA,NA,0.275,NA,NA,NA
2026-07-08 08:00:00,"SPF",23.6,22.5,24.7,NA,NA,43.9,12.8,10.6,933.6,NA,1020.5,NA,1557.5,3.9,76,1.3,4.7,14,3.8,13.7,NA,NA,0,0,531,NA,NA,NA,NA,NA,0.364,NA,NA,NA
2026-07-08 09:00:00,"SPF",25.5,24.5,26.1,NA,NA,36.5,11.9,9.5,933.4,NA,1020.3,NA,1561.2,6.7,29,2.7,9.7,24.1,6.6,23.8,NA,NA,0,0,718,NA,NA,NA,NA,NA,0.535,NA,NA,NA
2026-07-08 10:00:00,"SPF",25.7,25.6,25.8,NA,NA,35,11.6,9.1,933.4,NA,1020.3,NA,1562.2,7.6,35,5.1,18.4,27.4,7.6,27.4,NA,NA,0,0,839,NA,NA,NA,NA,NA,0.662,NA,NA,NA
2026-07-08 11:00:00,"SPF",26.6,26.1,27,NA,NA,33,11.5,9,933.2,NA,1020.1,NA,1563.2,6.5,34,3.5,12.6,23.4,6.4,23,NA,NA,0,0,906,NA,NA,NA,NA,NA,0.694,NA,NA,NA
2026-07-08 12:00:00,"SPF",27.6,27.2,28,NA,NA,28.2,10.4,7.6,933.1,NA,1020,NA,1565.1,7.3,41,3.9,14,26.3,7,25.2,NA,NA,0,0,951,NA,NA,NA,NA,NA,0.753,NA,NA,NA
2026-07-08 13:00:00,"SPF",28.1,27.8,28.8,NA,NA,25.8,9.8,6.7,933,NA,1019.8,NA,1565.1,7.8,38,3.4,12.2,28.1,7.5,27,NA,NA,0,0,852,NA,NA,NA,NA,NA,0.688,NA,NA,NA
2026-07-08 14:00:00,"SPF",28.3,28,28.5,NA,NA,26.2,10.1,7.1,932.8,NA,1019.6,NA,1564.2,7.2,32,3.8,13.7,25.9,7,25.2,NA,NA,0,0,918,NA,NA,NA,NA,NA,0.741,NA,NA,NA
2026-07-08 15:00:00,"SPF",28.1,27.8,28.3,NA,NA,28.1,10.7,7.9,932.8,NA,1019.6,NA,1563.4,7.5,34,4.5,16.2,27,7.3,26.3,NA,NA,0,0,800,NA,NA,NA,NA,NA,0.672,NA,NA,NA
2026-07-08 16:00:00,"SPF",27.8,26.8,28.2,NA,NA,32.5,12.1,9.8,932.8,NA,1019.6,NA,1562.3,7.8,35,4.2,15.1,28.1,7.7,27.7,NA,NA,0,0,606,NA,NA,NA,NA,NA,0.52,NA,NA,NA
2026-07-08 17:00:00,"SPF",26.3,26.1,26.5,NA,NA,39,13.4,11.3,932.9,NA,1019.7,NA,1558.8,8.3,25,5.2,18.7,29.9,8,28.8,NA,NA,0,0,372,NA,NA,NA,NA,NA,0.38,NA,NA,NA
2026-07-08 18:00:00,"SPF",25,24.5,25.7,NA,NA,42.5,13.5,11.4,932.9,NA,1019.7,NA,1555.9,5.3,45,2.7,9.7,19.1,5.2,18.7,NA,NA,0,0,82,NA,NA,NA,NA,NA,0.154,NA,NA,NA
2026-07-08 19:00:00,"SPF",24.1,23.7,24.5,NA,NA,48.1,14.4,12.4,933,NA,1019.8,NA,1553.2,3,12,1.4,5,10.8,3,10.8,NA,NA,0,0,33,NA,NA,NA,NA,NA,0.069,NA,NA,NA
2026-07-08 20:00:00,"SPF",22.7,21.6,23.4,NA,NA,55.3,15.2,13.3,933.2,NA,1020.1,NA,1551.5,2,326,0.5,1.8,7.2,2,7.2,NA,NA,0,0,5,NA,NA,NA,NA,NA,0.005,NA,NA,NA
2026-07-08 21:00:00,"SPF",20.6,20.1,20.7,NA,NA,67.7,16.4,14.4,933.6,NA,1020.5,NA,1549.2,1.8,207,0.8,2.9,6.5,1.8,6.5,NA,NA,0,0,0,NA,NA,NA,NA,NA,0.005,NA,NA,NA
2026-07-08 22:00:00,"SPF",19.8,19.3,20.5,NA,NA,70,16.1,14.1,933.8,NA,1020.7,NA,1548.4,1.4,207,0.5,1.8,5,1.4,5,NA,NA,0,0,0,NA,NA,NA,NA,NA,-0.001,NA,NA,NA
2026-07-08 23:00:00,"SPF",17.5,16.7,18.6,NA,NA,78.7,15.8,13.8,933.8,NA,1020.7,NA,1541.7,2.2,207,0.9,3.2,7.9,2.2,7.9,NA,NA,0,0,0,NA,NA,NA,NA,NA,0.001,NA,NA,NA
2026-07-09,"SPF",16.3,15.7,16.9,NA,NA,81.6,15.1,13.2,933.5,NA,1020.4,NA,1535.7,2.1,217,1.1,4,7.6,2,7.2,NA,NA,0,0,0,NA,NA,NA,NA,NA,0.002,NA,NA,NA
2026-07-09 01:00:00,"SPF",15.4,14.7,15.9,NA,NA,84.7,14.8,12.8,933.3,NA,1020.2,NA,1531.4,1.6,217,0.5,1.8,5.8,1.6,5.8,NA,NA,0,0,0,NA,NA,NA,NA,NA,-0.005,NA,NA,NA
2026-07-09 02:00:00,"SPF",14.3,13.8,15.2,NA,NA,88.6,14.5,12.5,933.2,NA,1020,NA,1526.9,2.2,214,1.1,4,7.9,2.1,7.6,NA,NA,0,0,0,NA,NA,NA,NA,NA,-0.002,NA,NA,NA
2026-07-09 03:00:00,"SPF",14.1,14,14.3,NA,NA,88.1,14.2,12.2,933,NA,1019.8,NA,1525.1,1.9,207,0.9,3.2,6.8,1.8,6.5,NA,NA,0,0,0,NA,NA,NA,NA,NA,-0.003,NA,NA,NA
2026-07-09 04:00:00,"SPF",13.5,12.9,14.2,NA,NA,90.9,14,12,932.9,NA,1019.7,NA,1521.9,1.6,217,0.7,2.5,5.8,1.6,5.8,NA,NA,0,0,1,NA,NA,NA,NA,NA,-0.005,NA,NA,NA
2026-07-09 05:00:00,"SPF",13.6,13.2,14,NA,NA,90.5,14.1,12.1,932.8,NA,1019.6,NA,1521.3,1.4,180,0.7,2.5,5,1.4,5,NA,NA,0,0,57,NA,NA,NA,NA,NA,0.023,NA,NA,NA
2026-07-09 06:00:00,"SPF",15.7,14.6,17.1,NA,NA,82.7,14.7,12.7,932.7,NA,1019.5,NA,1526.4,2.1,207,0.8,2.9,7.6,2,7.2,NA,NA,0,0,217,NA,NA,NA,NA,NA,0.107,NA,NA,NA
2026-07-09 07:00:00,"SPF",18.8,17.5,20,NA,NA,69.9,15.1,13.2,932.3,NA,1019.1,NA,1531.9,1.2,180,0.3,1.1,4.3,1.1,4,NA,NA,0,0,394,NA,NA,NA,NA,NA,0.225,NA,NA,NA
2026-07-09 08:00:00,"SPF",21.6,20.7,22.4,NA,NA,59.2,15.2,13.3,932,NA,1018.8,NA,1537,6.9,47,2.7,9.7,24.8,6.8,24.5,NA,NA,0,0,568,NA,NA,NA,NA,NA,0.376,NA,NA,NA
2026-07-09 09:00:00,"SPF",22.8,22.5,23.4,NA,NA,54.4,15.1,13.2,932,NA,1018.8,NA,1540.7,7.4,34,4.6,16.6,26.6,7.3,26.3,NA,NA,0,0,724,NA,NA,NA,NA,NA,0.504,NA,NA,NA
2026-07-09 10:00:00,"SPF",23.9,23.5,24.2,NA,NA,52.5,15.6,13.6,932,NA,1018.8,NA,1543.9,7.3,27,3.9,14,26.3,7,25.2,NA,NA,0,0,842,NA,NA,NA,NA,NA,0.59,NA,NA,NA
2026-07-09 11:00:00,"SPF",24.9,24.5,25.3,NA,NA,49.5,15.6,13.6,931.7,NA,1018.4,NA,1543.7,7.3,34,3.8,13.7,26.3,6.9,24.8,NA,NA,0,0,907,NA,NA,NA,NA,NA,0.65,NA,NA,NA
2026-07-09 12:00:00,"SPF",25.7,25.4,26.1,NA,NA,47.9,15.8,13.8,931.4,NA,1018.1,NA,1543,6.6,47,3.9,14,23.8,6.5,23.4,NA,NA,0,0,935,NA,NA,NA,NA,NA,0.683,NA,NA,NA
2026-07-09 13:00:00,"SPF",26.5,26.1,26.8,NA,NA,44.6,15.4,13.4,931,NA,1017.7,NA,1541.6,7.4,32,4.1,14.8,26.6,7.1,25.6,NA,NA,0,0,911,NA,NA,NA,NA,NA,0.686,NA,NA,NA
2026-07-09 14:00:00,"SPF",27,26.8,27.3,NA,NA,42.4,15.1,13.1,930.6,NA,1017.3,NA,1539.7,8.7,32,4.9,17.6,31.3,8.5,30.6,NA,NA,0,0,840,NA,NA,NA,NA,NA,0.661,NA,NA,NA
2026-07-09 15:00:00,"SPF",27.4,27.2,27.6,NA,NA,37.3,13.6,11.5,930.5,NA,1017.1,NA,1539.5,8.2,31,5,18,29.5,8.2,29.5,NA,NA,0,0,726,NA,NA,NA,NA,NA,0.605,NA,NA,NA
2026-07-09 16:00:00,"SPF",27.6,27.5,27.7,NA,NA,33,12.1,9.8,930.4,NA,1017,NA,1539.7,8.8,32,5,18,31.7,8.7,31.3,NA,NA,0,0,583,NA,NA,NA,NA,NA,0.523,NA,NA,NA
2026-07-09 17:00:00,"SPF",27.3,27.2,27.4,NA,NA,31.3,11.4,8.9,930.4,NA,1017,NA,1538.6,9.6,28,4.8,17.3,34.6,9.3,33.5,NA,NA,0,0,414,NA,NA,NA,NA,NA,0.414,NA,NA,NA
2026-07-09 18:00:00,"SPF",26.6,26,27,NA,NA,32.1,11.1,8.6,930.3,NA,1016.9,NA,1535.8,7.7,17,4.2,15.1,27.7,7.7,27.7,NA,NA,0,0,237,NA,NA,NA,NA,NA,0.276,NA,NA,NA
2026-07-09 19:00:00,"SPF",24.8,23.5,25.9,NA,NA,36.8,11.5,9,930.3,NA,1016.9,NA,1530.4,4.9,12,2.5,9,17.6,4.7,16.9,NA,NA,0,0,64,NA,NA,NA,NA,NA,0.114,NA,NA,NA
2026-07-09 20:00:00,"SPF",22,21.3,23.3,NA,NA,46.8,12.4,10.1,930.5,NA,1017.1,NA,1524.4,2.6,360,1.1,4,9.4,2.6,9.4,NA,NA,0,0,2,NA,NA,NA,NA,NA,0.023,NA,NA,NA
2026-07-09 21:00:00,"SPF",19.3,18.4,20.4,NA,NA,57.3,12.8,10.7,930.7,NA,1017.4,NA,1519.1,2.3,180,0.7,2.5,8.3,2.2,7.9,NA,NA,0,0,0,NA,NA,NA,NA,NA,0.006,NA,NA,NA
2026-07-09 22:00:00,"SPF",17.5,16.9,18.1,NA,NA,65.5,13.1,11,930.8,NA,1017.5,NA,1514.8,1.2,0,0.3,1.1,4.3,1.2,4.3,NA,NA,0,0,0,NA,NA,NA,NA,NA,-0.005,NA,NA,NA
2026-07-09 23:00:00,"SPF",15.3,14.6,16.1,NA,NA,75.5,13.1,11,930.7,NA,1017.4,NA,1508.2,1.5,202,0.6,2.2,5.4,1.5,5.4,NA,NA,0,0,0,NA,NA,NA,NA,NA,-0.002,NA,NA,NA
2026-07-10,"SPF",14.5,14,15.1,NA,NA,78.9,13,10.9,930.6,NA,1017.3,NA,1504.8,1.7,202,0.6,2.2,6.1,1.7,6.1,NA,NA,0,0,0,NA,NA,NA,NA,NA,-0.003,NA,NA,NA
2026-07-10 01:00:00,"SPF",13.8,13.4,14.1,NA,NA,81.9,12.9,10.8,930.4,NA,1017,NA,1500.7,1.1,207,0.4,1.4,4,1.1,4,NA,NA,0,0,0,NA,NA,NA,NA,NA,-0.006,NA,NA,NA
2026-07-10 02:00:00,"SPF",12.9,12.6,13.2,NA,NA,86,12.8,10.7,930.1,NA,1016.7,NA,1495.8,0.9,202,0.5,1.8,3.2,0.9,3.2,NA,NA,0,0,0,NA,NA,NA,NA,NA,-0.005,NA,NA,NA
2026-07-10 03:00:00,"SPF",12.3,12,12.7,NA,NA,89.1,12.8,10.6,930,NA,1016.6,NA,1493.2,1.2,191,0.5,1.8,4.3,1.2,4.3,NA,NA,0,0,0,NA,NA,NA,NA,NA,-0.006,NA,NA,NA
2026-07-10 04:00:00,"SPF",11.7,11.2,12.1,NA,NA,92,12.7,10.5,930,NA,1016.6,NA,1491.3,1.9,207,0.9,3.2,6.8,1.9,6.8,NA,NA,0,0,1,NA,NA,NA,NA,NA,-0.004,NA,NA,NA
2026-07-10 05:00:00,"SPF",12,11.5,12.6,NA,NA,92.1,12.9,10.8,930.1,NA,1016.7,NA,1493.5,1.5,219,0.7,2.5,5.4,1.4,5,NA,NA,0,0,55,NA,NA,NA,NA,NA,0.021,NA,NA,NA
2026-07-10 06:00:00,"SPF",14.5,13.1,15.9,NA,NA,84.4,13.9,11.9,930.3,NA,1016.9,NA,1502.1,1.3,191,0.5,1.8,4.7,1.3,4.7,NA,NA,0,0,216,NA,NA,NA,NA,NA,0.102,NA,NA,NA
2026-07-10 07:00:00,"SPF",17.8,16.5,18.7,NA,NA,71.2,14.5,12.5,930.5,NA,1017.1,NA,1512.6,1.2,180,0.3,1.1,4.3,1.2,4.3,NA,NA,0,0,396,NA,NA,NA,NA,NA,0.221,NA,NA,NA
2026-07-10 08:00:00,"SPF",20.7,19.3,21.8,NA,NA,62.3,15.2,13.2,930.4,NA,1017,NA,1519.8,3.5,41,1.1,4,12.6,3.4,12.2,NA,NA,0,0,568,NA,NA,NA,NA,NA,0.356,NA,NA,NA
2026-07-10 09:00:00,"SPF",22.8,22.1,23.4,NA,NA,57.4,16,14,930.4,NA,1017,NA,1526.1,5.2,44,3,10.8,18.7,5.1,18.4,NA,NA,0,0,721,NA,NA,NA,NA,NA,0.489,NA,NA,NA
2026-07-10 10:00:00,"SPF",24.1,23.5,24.7,NA,NA,54.3,16.3,14.3,930.4,NA,1017,NA,1529.4,5.8,37,3.7,13.3,20.9,5.7,20.5,NA,NA,0,0,841,NA,NA,NA,NA,NA,0.588,NA,NA,NA
2026-07-10 11:00:00,"SPF",25.4,24.8,26,NA,NA,50.2,16.3,14.3,930.3,NA,1016.9,NA,1532.2,5.8,37,3.7,13.3,20.9,5.7,20.5,NA,NA,0,0,907,NA,NA,NA,NA,NA,0.655,NA,NA,NA
2026-07-10 12:00:00,"SPF",26.8,26.4,27.3,NA,NA,45.8,16.1,14.1,930.1,NA,1016.7,NA,1534.7,7,35,4,14.4,25.2,6.8,24.5,NA,NA,0,0,938,NA,NA,NA,NA,NA,0.705,NA,NA,NA
2026-07-10 13:00:00,"SPF",27.6,27.2,27.9,NA,NA,43.7,16.1,14.1,929.9,NA,1016.5,NA,1534.6,7.6,37,4.3,15.5,27.4,7.5,27,NA,NA,0,0,916,NA,NA,NA,NA,NA,0.709,NA,NA,NA
2026-07-10 14:00:00,"SPF",28.3,28.1,28.6,NA,NA,41.3,15.9,13.9,929.7,NA,1016.3,NA,1535,7.4,33,4.2,15.1,26.6,7.2,25.9,NA,NA,0,0,841,NA,NA,NA,NA,NA,0.671,NA,NA,NA
2026-07-10 15:00:00,"SPF",28.9,28.6,29.1,NA,NA,39.7,15.8,13.8,929.6,NA,1016.2,NA,1535.9,7,30,4.1,14.8,25.2,6.8,24.5,NA,NA,0,0,731,NA,NA,NA,NA,NA,0.603,NA,NA,NA
2026-07-10 16:00:00,"SPF",29.2,28.8,29.4,NA,NA,36.3,14.7,12.7,929.4,NA,1016,NA,1534.4,7,22,4.2,15.1,25.2,7,25.2,NA,NA,0,0,580,NA,NA,NA,NA,NA,0.513,NA,NA,NA
2026-07-10 17:00:00,"SPF",28.5,28.1,28.8,NA,NA,36.3,14.1,12.1,929.2,NA,1015.8,NA,1530.9,7.1,32,3.7,13.3,25.6,6.9,24.8,NA,NA,0,0,298,NA,NA,NA,NA,NA,0.325,NA,NA,NA
2026-07-10 18:00:00,"SPF",28,27.5,28.3,NA,NA,38.4,14.5,12.5,929.4,NA,1016,NA,1531,4.8,25,2.8,10.1,17.3,4.7,16.9,NA,NA,0,0,204,NA,NA,NA,NA,NA,0.216,NA,NA,NA
2026-07-10 19:00:00,"SPF",26,24.6,27.3,NA,NA,45.4,15.2,13.3,929.6,NA,1016.2,NA,1527.2,3.9,20,1.3,4.7,14,3.9,14,NA,NA,0,0,50,NA,NA,NA,NA,NA,0.067,NA,NA,NA
2026-07-10 20:00:00,"SPF",23.1,22.3,23.7,NA,NA,57.9,16.4,14.4,930,NA,1016.6,NA,1522.9,1.6,198,0.7,2.5,5.8,1.6,5.8,NA,NA,0,0,5,NA,NA,NA,NA,NA,0.009,NA,NA,NA
2026-07-10 21:00:00,"SPF",21.2,19.6,22.1,NA,NA,65.4,16.4,14.4,930.4,NA,1017,NA,1521.3,1.1,243,0.2,0.7,4,1.1,4,NA,NA,0,0,0,NA,NA,NA,NA,NA,-0.007,NA,NA,NA
2026-07-10 22:00:00,"SPF",19.3,18.2,20,NA,NA,72.1,16.1,14.1,930.7,NA,1017.4,NA,1518.8,1.3,194,0.5,1.8,4.7,1.3,4.7,NA,NA,0,0,0,NA,NA,NA,NA,NA,-0.002,NA,NA,NA
2026-07-10 23:00:00,"SPF",17.3,16.9,17.8,NA,NA,78.7,15.5,13.5,930.9,NA,1017.6,NA,1514.8,1.9,212,0.9,3.2,6.8,1.9,6.8,NA,NA,0,0,0,NA,NA,NA,NA,NA,0.001,NA,NA,NA
2026-07-11,"SPF",16.5,16.2,16.9,NA,NA,81.4,15.3,13.3,931.2,NA,1017.9,NA,1515.7,1.7,216,0.9,3.2,6.1,1.7,6.1,NA,NA,0,0,0,NA,NA,NA,NA,NA,0,NA,NA,NA
2026-07-11 01:00:00,"SPF",16.2,15.9,16.5,NA,NA,81.8,15.1,13.1,931.4,NA,1018.1,NA,1516.6,1.6,211,0.6,2.2,5.8,1.5,5.4,NA,NA,0,0,0,NA,NA,NA,NA,NA,-0.003,NA,NA,NA
2026-07-11 02:00:00,"SPF",15.3,15.1,16,NA,NA,85.9,14.9,13,931.6,NA,1018.3,NA,1515.7,2,211,1.2,4.3,7.2,2,7.2,NA,NA,0,0,0,NA,NA,NA,NA,NA,0,NA,NA,NA
2026-07-11 03:00:00,"SPF",17.1,15.5,18.8,NA,NA,77.1,15,13.1,932.1,NA,1018.9,NA,1525.7,5.8,199,2.5,9,20.9,5.7,20.5,NA,NA,0,0,0,NA,NA,NA,NA,NA,0.016,NA,NA,NA
2026-07-11 04:00:00,"SPF",17.3,16.6,18.5,NA,NA,76.2,15,13,932.2,NA,1019,NA,1527,3.3,209,1.3,4.7,11.9,3.3,11.9,NA,NA,0,0,2,NA,NA,NA,NA,NA,0.007,NA,NA,NA
2026-07-11 05:00:00,"SPF",18.3,17.3,18.8,NA,NA,74,15.6,13.6,932.3,NA,1019.1,NA,1530.4,3.3,208,1.7,6.1,11.9,3.2,11.5,NA,NA,0,0,28,NA,NA,NA,NA,NA,0.045,NA,NA,NA
2026-07-11 06:00:00,"SPF",20.2,19.3,21.3,NA,NA,68.5,16.2,14.2,932.4,NA,1019.2,NA,1537.3,4.1,208,2.3,8.3,14.8,4,14.4,NA,NA,0,0,185,NA,NA,NA,NA,NA,0.131,NA,NA,NA
2026-07-11 07:00:00,"SPF",22.9,21.8,24.3,NA,NA,59.8,16.7,14.7,932.6,NA,1019.4,NA,1546.7,4.2,183,1.9,6.8,15.1,4,14.4,NA,NA,0,0,400,NA,NA,NA,NA,NA,0.269,NA,NA,NA
2026-07-11 08:00:00,"SPF",24.8,24.6,24.9,NA,NA,51,15.9,14,932.7,NA,1019.5,NA,1552.7,4.1,203,1.7,6.1,14.8,4,14.4,NA,NA,0,0,450,NA,NA,NA,NA,NA,0.331,NA,NA,NA
2026-07-11 09:00:00,"SPF",26.2,24.9,26.8,NA,NA,45.6,15.4,13.4,932.5,NA,1019.3,NA,1555.1,4.3,195,1.5,5.4,15.5,4.2,15.1,NA,NA,0,0,591,NA,NA,NA,NA,NA,0.436,NA,NA,NA
2026-07-11 10:00:00,"SPF",27.1,26.7,27.4,NA,NA,40.5,14.5,12.5,932.5,NA,1019.3,NA,1557.5,5.7,288,2,7.2,20.5,5.6,20.2,NA,NA,0,0,621,NA,NA,NA,NA,NA,0.485,NA,NA,NA
2026-07-11 11:00:00,"SPF",27.4,27,27.9,NA,NA,44.7,16.3,14.3,932.5,NA,1019.3,NA,1558.7,5,48,2.7,9.7,18,4.9,17.6,NA,NA,0,0,778,NA,NA,NA,NA,NA,0.599,NA,NA,NA
2026-07-11 12:00:00,"SPF",28.5,28,28.9,NA,NA,42,16.3,14.3,932.3,NA,1019.1,NA,1560.1,6.5,56,2.5,9,23.4,6.2,22.3,NA,NA,0,0,927,NA,NA,NA,NA,NA,0.705,NA,NA,NA
2026-07-11 13:00:00,"SPF",29.3,29,29.5,NA,NA,35.3,14.4,12.4,931.9,NA,1018.7,NA,1558.5,7.8,32,3.7,13.3,28.1,7.6,27.4,NA,NA,0,0,916,NA,NA,NA,NA,NA,0.737,NA,NA,NA
2026-07-11 14:00:00,"SPF",29.5,29.2,29.7,NA,NA,35.9,14.8,12.9,931.8,NA,1018.5,NA,1558,9,27,3.6,13,32.4,8.6,31,NA,NA,0,0,837,NA,NA,NA,NA,NA,0.681,NA,NA,NA
2026-07-11 15:00:00,"SPF",29.5,29.1,29.7,NA,NA,36.8,15.1,13.2,931.5,NA,1018.2,NA,1555.4,7.1,52,3.7,13.3,25.6,6.8,24.5,NA,NA,0,0,659,NA,NA,NA,NA,NA,0.564,NA,NA,NA
2026-07-11 16:00:00,"SPF",29.5,29.2,29.6,NA,NA,34.3,14.1,12.1,931.4,NA,1018.1,NA,1554.4,7.7,30,3.8,13.7,27.7,7.5,27,NA,NA,0,0,527,NA,NA,NA,NA,NA,0.479,NA,NA,NA
2026-07-11 17:00:00,"SPF",28.9,28.8,29.2,NA,NA,34.1,13.6,11.5,931.6,NA,1018.3,NA,1554.3,6.2,40,3.5,12.6,22.3,6.1,22,NA,NA,0,0,276,NA,NA,NA,NA,NA,0.316,NA,NA,NA
2026-07-11 18:00:00,"SPF",28.1,27.3,28.6,NA,NA,35.3,13.4,11.3,931.8,NA,1018.5,NA,1553.9,4.6,35,1.7,6.1,16.6,4.4,15.8,NA,NA,0,0,156,NA,NA,NA,NA,NA,0.161,NA,NA,NA
2026-07-11 19:00:00,"SPF",24.6,22.5,26.8,NA,NA,51.2,15.6,13.7,932.1,NA,1018.9,NA,1546.8,3.5,233,0.8,2.9,12.6,3.4,12.2,NA,NA,0,0,42,NA,NA,NA,NA,NA,0.045,NA,NA,NA
2026-07-11 20:00:00,"SPF",21.8,20.4,23.2,NA,NA,59.3,15.5,13.5,932.5,NA,1019.3,NA,1542.3,4,205,1.4,5,14.4,3.9,14,NA,NA,0,0,3,NA,NA,NA,NA,NA,0.022,NA,NA,NA
2026-07-11 21:00:00,"SPF",19.4,18.4,20.4,NA,NA,67.7,15.2,13.3,933.2,NA,1020,NA,1541.5,2.4,216,0.9,3.2,8.6,2.3,8.3,NA,NA,0,0,0,NA,NA,NA,NA,NA,0.006,NA,NA,NA
2026-07-11 22:00:00,"SPF",18,17.5,18.5,NA,NA,70.2,14.5,12.5,933.6,NA,1020.5,NA,1541.1,2.5,222,1.3,4.7,9,2.4,8.6,NA,NA,0,0,0,NA,NA,NA,NA,NA,0.01,NA,NA,NA
2026-07-11 23:00:00,"SPF",16.7,16.4,17.1,NA,NA,74.7,14.2,12.2,933.8,NA,1020.7,NA,1539.5,2.2,222,1.4,5,7.9,2.2,7.9,NA,NA,0,0,0,NA,NA,NA,NA,NA,0.008,NA,NA,NA
2026-07-12,"SPF",16,15.4,16.8,NA,NA,76.9,14,12,933.9,NA,1020.8,NA,1538.3,2.2,214,0.9,3.2,7.9,2.1,7.6,NA,NA,0,0,0,NA,NA,NA,NA,NA,0.002,NA,NA,NA
2026-07-12 01:00:00,"SPF",15,13.9,16.2,NA,NA,80.9,13.8,11.7,933.8,NA,1020.7,NA,1534.5,2.5,210,0.9,3.2,9,2.4,8.6,NA,NA,0,0,0,NA,NA,NA,NA,NA,0,NA,NA,NA
2026-07-12 02:00:00,"SPF",14.5,14.2,14.9,NA,NA,82.1,13.5,11.5,933.7,NA,1020.6,NA,1531.9,2.3,214,0.7,2.5,8.3,2.3,8.3,NA,NA,0,0,0,NA,NA,NA,NA,NA,-0.003,NA,NA,NA
2026-07-12 03:00:00,"SPF",13.5,12.9,14.1,NA,NA,86,13.3,11.2,933.9,NA,1020.8,NA,1530.7,1.8,189,0.6,2.2,6.5,1.8,6.5,NA,NA,0,0,0,NA,NA,NA,NA,NA,-0.005,NA,NA,NA
2026-07-12 04:00:00,"SPF",12.9,12.6,13.2,NA,NA,87.9,13.1,11,934.2,NA,1021.1,NA,1532,1.4,207,0.7,2.5,5,1.4,5,NA,NA,0,0,1,NA,NA,NA,NA,NA,-0.004,NA,NA,NA
2026-07-12 05:00:00,"SPF",13.2,12.9,13.7,NA,NA,86.7,13.1,11,934.3,NA,1021.2,NA,1533.6,1.1,214,0.4,1.4,4,1,3.6,NA,NA,0,0,54,NA,NA,NA,NA,NA,0.02,NA,NA,NA
2026-07-12 06:00:00,"SPF",15.1,13.9,16.5,NA,NA,81.4,14,12,934.5,NA,1021.5,NA,1541.2,0.8,180,0.3,1.1,2.9,0.8,2.9,NA,NA,0,0,212,NA,NA,NA,NA,NA,0.101,NA,NA,NA
2026-07-12 07:00:00,"SPF",18.6,17.2,20,NA,NA,67.8,14.5,12.6,934.9,NA,1021.9,NA,1554.6,2.1,72,0.5,1.8,7.6,2,7.2,NA,NA,0,0,391,NA,NA,NA,NA,NA,0.223,NA,NA,NA
2026-07-12 08:00:00,"SPF",21.4,20.8,22,NA,NA,53.8,13.7,11.7,934.9,NA,1021.9,NA,1563.1,5.5,44,3.1,11.2,19.8,5.3,19.1,NA,NA,0,0,566,NA,NA,NA,NA,NA,0.383,NA,NA,NA
2026-07-12 09:00:00,"SPF",22.9,22.1,23.8,NA,NA,51.1,14.2,12.2,934.8,NA,1021.8,NA,1566.8,6.5,37,4.1,14.8,23.4,6.4,23,NA,NA,0,0,725,NA,NA,NA,NA,NA,0.508,NA,NA,NA
2026-07-12 10:00:00,"SPF",24.5,24,25.2,NA,NA,47.2,14.5,12.5,934.8,NA,1021.8,NA,1571.6,9.1,33,5.4,19.4,32.8,9,32.4,NA,NA,0,0,845,NA,NA,NA,NA,NA,0.622,NA,NA,NA
2026-07-12 11:00:00,"SPF",25.9,25.4,26.3,NA,NA,40.4,13.4,11.4,934.9,NA,1021.9,NA,1576.1,9.6,24,6.2,22.3,34.6,9.4,33.8,NA,NA,0,0,921,NA,NA,NA,NA,NA,0.714,NA,NA,NA
2026-07-12 12:00:00,"SPF",27,26.5,27.3,NA,NA,34.4,12.2,9.9,934.5,NA,1021.5,NA,1576.2,9.9,20,6.5,23.4,35.6,9.6,34.6,NA,NA,0,0,961,NA,NA,NA,NA,NA,0.779,NA,NA,NA
2026-07-12 13:00:00,"SPF",27.8,27.6,28,NA,NA,30.8,11.5,9,934.2,NA,1021.1,NA,1575.7,10,24,6.1,22,36,9.7,34.9,NA,NA,0,0,931,NA,NA,NA,NA,NA,0.78,NA,NA,NA
2026-07-12 14:00:00,"SPF",28.2,27.9,28.5,NA,NA,29.9,11.4,9,934.1,NA,1021,NA,1576.4,10.6,29,6,21.6,38.2,10.3,37.1,NA,NA,0,0,851,NA,NA,NA,NA,NA,0.735,NA,NA,NA
2026-07-12 15:00:00,"SPF",28.5,28.3,28.7,NA,NA,28.1,10.9,8.3,934.1,NA,1021,NA,1576.9,10,35,5.5,19.8,36,9.9,35.6,NA,NA,0,0,738,NA,NA,NA,NA,NA,0.659,NA,NA,NA
2026-07-12 16:00:00,"SPF",28.5,28.4,28.5,NA,NA,26.9,10.4,7.6,934,NA,1020.9,NA,1576,9.2,30,5.3,19.1,33.1,8.8,31.7,NA,NA,0,0,589,NA,NA,NA,NA,NA,0.558,NA,NA,NA
2026-07-12 17:00:00,"SPF",28.2,28,28.5,NA,NA,26,9.9,6.9,933.9,NA,1020.8,NA,1574.1,9.9,21,5.3,19.1,35.6,9.6,34.6,NA,NA,0,0,413,NA,NA,NA,NA,NA,0.447,NA,NA,NA
2026-07-12 18:00:00,"SPF",27.4,26.8,27.8,NA,NA,27.2,9.9,6.8,933.9,NA,1020.8,NA,1571.6,7.5,18,4.9,17.6,27,7.4,26.6,NA,NA,0,0,235,NA,NA,NA,NA,NA,0.316,NA,NA,NA
2026-07-12 19:00:00,"SPF",25.7,25,26.5,NA,NA,30.3,10,7,934,NA,1020.9,NA,1567.5,7.8,24,4,14.4,28.1,7.5,27,NA,NA,0,0,61,NA,NA,NA,NA,NA,0.183,NA,NA,NA
2026-07-12 20:00:00,"SPF",22.9,21.3,24.6,NA,NA,38.1,10.6,7.9,934.2,NA,1021.1,NA,1561.3,4,24,1.9,6.8,14.4,3.9,14,NA,NA,0,0,2,NA,NA,NA,NA,NA,0.05,NA,NA,NA
2026-07-12 21:00:00,"SPF",19.8,19.3,20.1,NA,NA,49.4,11.4,8.9,934.5,NA,1021.5,NA,1554.8,3.6,198,1.1,4,13,3.5,12.6,NA,NA,0,0,0,NA,NA,NA,NA,NA,0.019,NA,NA,NA
2026-07-12 22:00:00,"SPF",18.2,17.3,19,NA,NA,54.7,11.4,8.9,934.5,NA,1021.5,NA,1550.2,2.6,194,0.5,1.8,9.4,2.5,9,NA,NA,0,0,0,NA,NA,NA,NA,NA,0.002,NA,NA,NA
2026-07-12 23:00:00,"SPF",16.7,15.6,17.5,NA,NA,61.7,11.8,9.4,934.4,NA,1021.3,NA,1544.7,0.9,225,0.2,0.7,3.2,0.9,3.2,NA,NA,0,0,0,NA,NA,NA,NA,NA,-0.007,NA,NA,NA
2026-07-13,"SPF",14.4,14,14.8,NA,NA,72.9,11.9,9.6,934.2,NA,1021.1,NA,1536.4,1.5,207,0.7,2.5,5.4,1.5,5.4,NA,NA,0,0,0,NA,NA,NA,NA,NA,0,NA,NA,NA
2026-07-13 01:00:00,"SPF",13.4,13,13.9,NA,NA,77.3,11.9,9.5,934,NA,1020.9,NA,1531.7,2,207,1,3.6,7.2,2,7.2,NA,NA,0,0,0,NA,NA,NA,NA,NA,0.002,NA,NA,NA
2026-07-13 02:00:00,"SPF",12.7,12.3,12.9,NA,NA,80.6,11.8,9.4,933.8,NA,1020.7,NA,1527.6,1.8,221,1,3.6,6.5,1.8,6.5,NA,NA,0,0,0,NA,NA,NA,NA,NA,0,NA,NA,NA
2026-07-13 03:00:00,"SPF",12.2,11.5,12.8,NA,NA,82.8,11.8,9.4,933.6,NA,1020.5,NA,1525.1,1.7,216,0.9,3.2,6.1,1.7,6.1,NA,NA,0,0,0,NA,NA,NA,NA,NA,-0.001,NA,NA,NA
2026-07-13 04:00:00,"SPF",11.8,11.3,12.3,NA,NA,86.1,11.9,9.5,933.6,NA,1020.5,NA,1523.5,2,221,1,3.6,7.2,1.9,6.8,NA,NA,0,0,1,NA,NA,NA,NA,NA,-0.002,NA,NA,NA
2026-07-13 05:00:00,"SPF",11.9,11.3,12.8,NA,NA,86.7,12,9.7,933.7,NA,1020.6,NA,1524.7,1.7,221,1,3.6,6.1,1.7,6.1,NA,NA,0,0,54,NA,NA,NA,NA,NA,0.022,NA,NA,NA
2026-07-13 06:00:00,"SPF",15.6,13.4,16.7,NA,NA,75.7,13.4,11.3,933.5,NA,1020.4,NA,1533.8,2.2,207,1,3.6,7.9,2.1,7.6,NA,NA,0,0,236,NA,NA,NA,NA,NA,0.115,NA,NA,NA
2026-07-13 07:00:00,"SPF",18.8,17.3,20.1,NA,NA,63.6,13.8,11.8,933.5,NA,1020.4,NA,1543,1.4,180,0.5,1.8,5,1.4,5,NA,NA,0,0,397,NA,NA,NA,NA,NA,0.226,NA,NA,NA
2026-07-13 08:00:00,"SPF",22.1,20.7,23.2,NA,NA,51.3,13.6,11.5,933.6,NA,1020.5,NA,1552.9,2.2,56,0.5,1.8,7.9,2.1,7.6,NA,NA,0,0,556,NA,NA,NA,NA,NA,0.351,NA,NA,NA
2026-07-13 09:00:00,"SPF",24.5,23.4,25.4,NA,NA,46.6,14.3,12.3,933.5,NA,1020.4,NA,1559.1,3.3,6,1.9,6.8,11.9,3.2,11.5,NA,NA,0,0,693,NA,NA,NA,NA,NA,0.488,NA,NA,NA
2026-07-13 10:00:00,"SPF",26.6,25.8,27.4,NA,NA,43.1,15,13,933.5,NA,1020.4,NA,1565.9,4.7,18,2.6,9.4,16.9,4.6,16.6,NA,NA,0,0,785,NA,NA,NA,NA,NA,0.588,NA,NA,NA
2026-07-13 11:00:00,"SPF",27.8,27.6,27.9,NA,NA,40.3,15,13.1,933.3,NA,1020.2,NA,1566.8,5.4,26,3.2,11.5,19.4,5.2,18.7,NA,NA,0,0,730,NA,NA,NA,NA,NA,0.588,NA,NA,NA
2026-07-13 12:00:00,"SPF",27.6,27.5,27.8,NA,NA,42.2,15.6,13.6,933.1,NA,1020,NA,1565.1,6.2,37,4.1,14.8,22.3,6,21.6,NA,NA,0,0,523,NA,NA,NA,NA,NA,0.482,NA,NA,NA
2026-07-13 13:00:00,"SPF",28.1,27.7,28.9,NA,NA,43.7,16.6,14.6,932.9,NA,1019.7,NA,1564.6,5.5,36,3.5,12.6,19.8,5.4,19.4,NA,NA,0,0,665,NA,NA,NA,NA,NA,0.553,NA,NA,NA
2026-07-13 14:00:00,"SPF",29,28.7,29.3,NA,NA,40.7,16.3,14.3,932.3,NA,1019.1,NA,1561.2,5.5,4,3,10.8,19.8,5.2,18.7,NA,NA,0,0,694,NA,NA,NA,NA,NA,0.569,NA,NA,NA
2026-07-13 15:00:00,"SPF",28.7,28.4,29,NA,NA,41.2,16.3,14.3,931.8,NA,1018.6,NA,1556.4,5.3,33,3.4,12.2,19.1,5.2,18.7,NA,NA,0,0,413,NA,NA,NA,NA,NA,0.401,NA,NA,NA
2026-07-13 16:00:00,"SPF",27.9,27.4,28.3,NA,NA,44.1,16.5,14.5,931.6,NA,1018.4,NA,1551.8,5.3,28,3.4,12.2,19.1,5.2,18.7,NA,NA,0,0,256,NA,NA,NA,NA,NA,0.291,NA,NA,NA
2026-07-13 17:00:00,"SPF",26.7,25.4,27.2,NA,NA,49.7,17.3,15.3,931.5,NA,1018.2,NA,1547.3,4,40,2.1,7.6,14.4,3.9,14,NA,NA,0,0,92,NA,NA,NA,NA,NA,0.143,NA,NA,NA
2026-07-13 18:00:00,"SPF",25.5,25.4,25.7,NA,NA,58,18.9,16.6,931.3,NA,1018,NA,1542,3.7,333,1.3,4.7,13.3,3.6,13,NA,NA,0,0,68,NA,NA,NA,NA,NA,0.088,NA,NA,NA
2026-07-13 19:00:00,"SPF",24.6,23.4,25.7,NA,NA,60.3,18.6,16.3,931.4,NA,1018.1,NA,1540.7,3.4,135,1.2,4.3,12.2,3.3,11.9,NA,NA,0,0,47,NA,NA,NA,NA,NA,0.051,NA,NA,NA
2026-07-13 20:00:00,"SPF",21.9,20.9,22.6,NA,NA,72.9,19.1,16.8,931.8,NA,1018.6,NA,1536.6,2.5,207,1.6,5.8,9,2.5,9,NA,NA,0,0,1,NA,NA,NA,NA,NA,0.015,NA,NA,NA
2026-07-13 21:00:00,"SPF",20.8,20.2,21.6,NA,NA,73.9,18.1,16,932.2,NA,1019,NA,1537.1,3.1,208,1.6,5.8,11.2,3,10.8,NA,NA,0,0,0,NA,NA,NA,NA,NA,0.013,NA,NA,NA
2026-07-13 22:00:00,"SPF",18.9,18.4,19.3,NA,NA,80,17.5,15.4,932.4,NA,1019.2,NA,1533.2,2.2,214,1.4,5,7.9,2.2,7.9,NA,NA,0,0,0,NA,NA,NA,NA,NA,0.006,NA,NA,NA
2026-07-13 23:00:00,"SPF",18.4,18.1,18.6,NA,NA,80.2,16.9,14.9,932.5,NA,1019.3,NA,1532.5,2.4,211,1.2,4.3,8.6,2.4,8.6,NA,NA,0,0,0,NA,NA,NA,NA,NA,0.004,NA,NA,NA
2026-07-14,"SPF",17.3,16.6,17.8,NA,NA,82.5,16.3,14.3,932.5,NA,1019.3,NA,1529.8,1.7,214,0.8,2.9,6.1,1.7,6.1,NA,NA,0,0,0,NA,NA,NA,NA,NA,-0.001,NA,NA,NA
2026-07-14 01:00:00,"SPF",16.9,16.5,17.1,NA,NA,82.7,15.9,13.9,932.5,NA,1019.3,NA,1528.5,2.2,216,1.4,5,7.9,2.2,7.9,NA,NA,0,0,0,NA,NA,NA,NA,NA,0.003,NA,NA,NA
2026-07-14 02:00:00,"SPF",17.3,16.9,17.6,NA,NA,80.1,15.8,13.8,932.5,NA,1019.3,NA,1529.8,2.7,213,1.7,6.1,9.7,2.6,9.4,NA,NA,0,0,0,NA,NA,NA,NA,NA,0.008,NA,NA,NA
2026-07-14 03:00:00,"SPF",17.7,17.3,18.4,NA,NA,77.8,15.7,13.8,932.5,NA,1019.3,NA,1530.6,3.1,216,1.7,6.1,11.2,3,10.8,NA,NA,0,0,0,NA,NA,NA,NA,NA,0.009,NA,NA,NA
2026-07-14 04:00:00,"SPF",18.4,18.1,18.7,NA,NA,72.3,15.3,13.4,932.2,NA,1019,NA,1529.8,3.6,215,2,7.2,13,3.5,12.6,NA,NA,0,0,0,NA,NA,NA,NA,NA,0.017,NA,NA,NA
2026-07-14 05:00:00,"SPF",18,17.6,18.3,NA,NA,74.8,15.5,13.5,932.1,NA,1018.9,NA,1528.4,2.8,212,1.7,6.1,10.1,2.7,9.7,NA,NA,0,0,37,NA,NA,NA,NA,NA,0.042,NA,NA,NA
2026-07-14 06:00:00,"SPF",19.8,18.3,20.6,NA,NA,70.2,16.1,14.2,932.3,NA,1019.1,NA,1534.7,2.8,207,1.5,5.4,10.1,2.7,9.7,NA,NA,0,0,181,NA,NA,NA,NA,NA,0.115,NA,NA,NA
2026-07-14 07:00:00,"SPF",22.4,21.5,23,NA,NA,63.2,17.1,15,932.8,NA,1019.7,NA,1547.3,2.1,198,0.7,2.5,7.6,2,7.2,NA,NA,0,0,302,NA,NA,NA,NA,NA,0.197,NA,NA,NA
2026-07-14 08:00:00,"SPF",24.6,23,26.4,NA,NA,58.6,18,15.9,933.2,NA,1020.1,NA,1557,3.3,173,0.9,3.2,11.9,3.2,11.5,NA,NA,0,0,466,NA,NA,NA,NA,NA,0.322,NA,NA,NA
2026-07-14 09:00:00,"SPF",27.3,27,27.7,NA,NA,45.1,16.4,14.4,933.1,NA,1020,NA,1563.9,5.2,191,2.3,8.3,18.7,5.1,18.4,NA,NA,0,0,654,NA,NA,NA,NA,NA,0.499,NA,NA,NA
2026-07-14 10:00:00,"SPF",28.4,27.8,28.9,NA,NA,42.3,16.4,14.4,932.9,NA,1019.7,NA,1565.3,4.5,191,1.8,6.5,16.2,4.3,15.5,NA,NA,0,0,784,NA,NA,NA,NA,NA,0.592,NA,NA,NA
2026-07-14 11:00:00,"SPF",29.5,29,30,NA,NA,38,15.7,13.7,932.6,NA,1019.4,NA,1565.4,5.6,208,2.4,8.6,20.2,5.4,19.4,NA,NA,0,0,794,NA,NA,NA,NA,NA,0.632,NA,NA,NA
2026-07-14 12:00:00,"SPF",30.5,29.7,31.1,NA,NA,35.1,15.3,13.3,932.2,NA,1019,NA,1564.5,6.6,241,3,10.8,23.8,6.4,23,NA,NA,0,0,858,NA,NA,NA,NA,NA,0.701,NA,NA,NA
2026-07-14 13:00:00,"SPF",31.1,29.8,31.5,NA,NA,33.9,15.2,13.3,931.8,NA,1018.6,NA,1562.8,8,227,2.7,9.7,28.8,7.8,28.1,NA,NA,0,0,792,NA,NA,NA,NA,NA,0.656,NA,NA,NA
2026-07-14 14:00:00,"SPF",30.5,29.7,30.9,NA,NA,37.9,16.6,14.6,931.4,NA,1018.1,NA,1557.8,5.4,38,2.9,10.4,19.4,5.3,19.1,NA,NA,0,0,575,NA,NA,NA,NA,NA,0.511,NA,NA,NA
2026-07-14 15:00:00,"SPF",28.7,26.2,30.4,NA,NA,40.7,16,14,931.7,NA,1018.5,NA,1555.1,11.2,22,5.4,19.4,40.3,11,39.6,NA,NA,0,0,380,NA,NA,NA,NA,NA,0.433,NA,NA,NA
2026-07-14 16:00:00,"SPF",27.1,26.3,27.7,NA,NA,46.8,16.7,14.7,932.6,NA,1019.4,NA,1558.4,6.7,3,3.7,13.3,24.1,6.6,23.8,NA,NA,0,0,565,NA,NA,NA,NA,NA,0.453,NA,NA,NA
2026-07-14 17:00:00,"SPF",26.8,25.4,28,NA,NA,43.6,15.3,13.3,932.6,NA,1019.4,NA,1557.3,9.8,358,3.1,11.2,35.3,9.3,33.5,NA,NA,0.1,0,175,NA,NA,NA,NA,NA,0.224,NA,NA,NA
2026-07-14 18:00:00,"SPF",21.4,20.7,22.5,NA,NA,75.7,19.2,16.8,933.5,NA,1020.4,NA,1550.2,11.7,185,3.5,12.6,42.1,11.2,40.3,NA,NA,1.2,0,57,NA,NA,NA,NA,NA,0.088,NA,NA,NA
2026-07-14 19:00:00,"SPF",20.7,20,21.2,NA,NA,81.1,19.7,17.3,933.4,NA,1020.3,NA,1547.6,12.9,202,5.1,18.4,46.4,12.6,45.4,NA,NA,0,0,33,NA,NA,NA,NA,NA,0.066,NA,NA,NA
2026-07-14 20:00:00,"SPF",20.8,20.5,21,NA,NA,75.3,18.5,16.3,933.7,NA,1020.6,NA,1550.6,12.4,195,5.8,20.9,44.6,12.1,43.6,NA,NA,0,0,2,NA,NA,NA,NA,NA,0.039,NA,NA,NA
2026-07-14 21:00:00,"SPF",19.6,18.8,20.6,NA,NA,83.8,19.1,16.7,934,NA,1020.9,NA,1550.1,10.1,214,4.5,16.2,36.4,9.6,34.6,NA,NA,0,0,0,NA,NA,NA,NA,NA,0.019,NA,NA,NA
2026-07-14 22:00:00,"SPF",18.8,18.6,19.2,NA,NA,87.6,19,16.7,934.1,NA,1021,NA,1548.5,8.3,226,4.2,15.1,29.9,8.1,29.2,NA,NA,0,0,0,NA,NA,NA,NA,NA,0.012,NA,NA,NA
2026-07-14 23:00:00,"SPF",17.9,17.6,18.3,NA,NA,92.5,18.9,16.6,934,NA,1020.9,NA,1544.9,6,214,3.2,11.5,21.6,5.8,20.9,NA,NA,0,0,0,NA,NA,NA,NA,NA,0.003,NA,NA,NA
2026-07-15,"SPF",17.5,17.4,17.6,NA,NA,93.9,18.7,16.5,933.6,NA,1020.5,NA,1540,5,211,2.6,9.4,18,4.9,17.6,NA,NA,0,0,0,NA,NA,NA,NA,NA,0,NA,NA,NA
2026-07-15 01:00:00,"SPF",17.8,17.5,18,NA,NA,93.1,18.9,16.7,933.2,NA,1020.1,NA,1537.5,2.5,201,1.5,5.4,9,2.5,9,NA,NA,0,0,0,NA,NA,NA,NA,NA,-0.002,NA,NA,NA
2026-07-15 02:00:00,"SPF",18,17.6,18.4,NA,NA,92.8,19.1,16.8,933,NA,1019.9,NA,1536.2,3.3,207,1.9,6.8,11.9,3.2,11.5,NA,NA,0.7,0,0,NA,NA,NA,NA,NA,-0.001,NA,NA,NA
2026-07-15 03:00:00,"SPF",17.6,17.4,17.9,NA,NA,97,19.5,17.1,933,NA,1019.8,NA,1535,2.4,225,1.5,5.4,8.6,2.3,8.3,NA,NA,0.1,0,0,NA,NA,NA,NA,NA,-0.005,NA,NA,NA
2026-07-15 04:00:00,"SPF",17.7,17.3,18,NA,NA,95.2,19.3,16.9,932.9,NA,1019.7,NA,1534.6,3.8,204,1.8,6.5,13.7,3.8,13.7,NA,NA,0.3,0,0,NA,NA,NA,NA,NA,-0.003,NA,NA,NA
2026-07-15 05:00:00,"SPF",18.4,17.7,19,NA,NA,90.3,19,16.7,933,NA,1019.8,NA,1536.7,5,213,2.6,9.4,18,4.9,17.6,NA,NA,0.3,0,32,NA,NA,NA,NA,NA,0.031,NA,NA,NA
2026-07-15 06:00:00,"SPF",19.3,18.7,20.1,NA,NA,83.9,18.8,16.6,933.2,NA,1020.1,NA,1542.1,5.2,211,2.8,10.1,18.7,5,18,NA,NA,0,0,72,NA,NA,NA,NA,NA,0.069,NA,NA,NA
2026-07-15 07:00:00,"SPF",21.2,20.4,22.2,NA,NA,74.1,18.6,16.3,933.3,NA,1020.2,NA,1547.5,5,202,2.8,10.1,18,4.9,17.6,NA,NA,0,0,149,NA,NA,NA,NA,NA,0.132,NA,NA,NA
2026-07-15 08:00:00,"SPF",21.8,21,22.3,NA,NA,70.7,18.4,16.2,933.6,NA,1020.5,NA,1552,4.5,204,2.3,8.3,16.2,4.4,15.8,NA,NA,0.9,0,100,NA,NA,NA,NA,NA,0.114,NA,NA,NA
2026-07-15 09:00:00,"SPF",20.3,19.9,20.7,NA,NA,81.3,19.3,17,933.8,NA,1020.7,NA,1550.1,6.3,193,2.3,8.3,22.7,6.2,22.3,NA,NA,0.5,0,159,NA,NA,NA,NA,NA,0.13,NA,NA,NA
2026-07-15 10:00:00,"SPF",21.1,21,21.4,NA,NA,82.7,20.7,18.1,933.8,NA,1020.7,NA,1552.5,1.9,315,0.8,2.9,6.8,1.8,6.5,NA,NA,0,0,180,NA,NA,NA,NA,NA,0.137,NA,NA,NA
2026-07-15 11:00:00,"SPF",21.4,20.9,21.7,NA,NA,85.5,21.8,18.9,934.2,NA,1021.1,NA,1557,5.1,191,1.7,6.1,18.4,4.9,17.6,NA,NA,0.7,0,92,NA,NA,NA,NA,NA,0.088,NA,NA,NA
2026-07-15 12:00:00,"SPF",21.3,20.8,22.1,NA,NA,77.3,19.6,17.1,934.4,NA,1021.3,NA,1558,7.2,194,2.7,9.7,25.9,7,25.2,NA,NA,0.2,0,367,NA,NA,NA,NA,NA,0.261,NA,NA,NA
2026-07-15 13:00:00,"SPF",22.6,21.9,22.9,NA,NA,71.8,19.7,17.2,933.8,NA,1020.7,NA,1557,5,214,1.6,5.8,18,4.9,17.6,NA,NA,0,0,238,NA,NA,NA,NA,NA,0.192,NA,NA,NA
2026-07-15 14:00:00,"SPF",21.4,20.6,22.7,NA,NA,66.7,17,14.9,935,NA,1022,NA,1564.1,11.4,201,5.1,18.4,41,11,39.6,NA,NA,0.3,0,79,NA,NA,NA,NA,NA,0.149,NA,NA,NA
2026-07-15 15:00:00,"SPF",22.5,21,23.7,NA,NA,62.7,17,15,933.9,NA,1020.9,NA,1557.6,11.5,200,4.2,15.1,41.4,11.2,40.3,NA,NA,0,0,501,NA,NA,NA,NA,NA,0.366,NA,NA,NA
2026-07-15 16:00:00,"SPF",25,24,26,NA,NA,51.3,16.2,14.2,933.3,NA,1020.2,NA,1559.3,7.1,202,3.3,11.9,25.6,7,25.2,NA,NA,0,0,502,NA,NA,NA,NA,NA,0.387,NA,NA,NA
2026-07-15 17:00:00,"SPF",26,25.7,26.3,NA,NA,43.4,14.6,12.6,933.3,NA,1020.2,NA,1561.5,6.6,221,3.6,13,23.8,6.5,23.4,NA,NA,0,0,337,NA,NA,NA,NA,NA,0.31,NA,NA,NA
2026-07-15 18:00:00,"SPF",25.6,25.4,25.8,NA,NA,47.9,15.8,13.8,933,NA,1019.8,NA,1557.9,3.6,228,1.5,5.4,13,3.5,12.6,NA,NA,0,0,236,NA,NA,NA,NA,NA,0.167,NA,NA,NA
2026-07-15 19:00:00,"SPF",24.2,22.7,25.2,NA,NA,55.7,16.7,14.7,932.9,NA,1019.7,NA,1553,2.3,315,0.9,3.2,8.3,2.2,7.9,NA,NA,0,0,49,NA,NA,NA,NA,NA,0.043,NA,NA,NA
2026-07-15 20:00:00,"SPF",21.7,20.3,22.6,NA,NA,66.4,17.2,15.1,933.4,NA,1020.2,NA,1549.8,5.7,18,2.7,9.7,20.5,5.5,19.8,NA,NA,0,0,1,NA,NA,NA,NA,NA,0.033,NA,NA,NA
2026-07-15 21:00:00,"SPF",19.9,19.5,20.3,NA,NA,77.1,17.9,15.7,934.9,NA,1021.9,NA,1558.3,2.5,315,0.9,3.2,9,2.5,9,NA,NA,0,0,0,NA,NA,NA,NA,NA,0.003,NA,NA,NA
2026-07-15 22:00:00,"SPF",19.3,18.4,20.5,NA,NA,72,16.2,14.2,935.8,NA,1022.8,NA,1565,7,29,2.5,9,25.2,6.9,24.8,NA,NA,0,0,0,NA,NA,NA,NA,NA,0.023,NA,NA,NA
2026-07-15 23:00:00,"SPF",17.9,17.3,18.7,NA,NA,76.7,15.7,13.7,935.8,NA,1022.9,NA,1560.8,8.6,6,2.1,7.6,31,8.4,30.2,NA,NA,0,0,0,NA,NA,NA,NA,NA,0.014,NA,NA,NA
2026-07-16,"SPF",17.1,16.6,17.4,NA,NA,82.5,16.1,14.1,935.2,NA,1022.2,NA,1553.2,5.2,211,2.5,9,18.7,5.1,18.4,NA,NA,0,0,0,NA,NA,NA,NA,NA,0.011,NA,NA,NA
2026-07-16 01:00:00,"SPF",17.9,17.2,18.9,NA,NA,82,16.8,14.8,935.9,NA,1022.9,NA,1561.7,6.7,153,2.6,9.4,24.1,6.7,24.1,NA,NA,7.1,0,0,NA,NA,NA,NA,NA,0.012,NA,NA,NA
2026-07-16 02:00:00,"SPF",16.3,16,16.8,NA,NA,97.5,18.1,16,935.8,NA,1022.8,NA,1556.1,3.3,198,1.6,5.8,11.9,3.3,11.9,NA,NA,0,0,0,NA,NA,NA,NA,NA,-0.005,NA,NA,NA
2026-07-16 03:00:00,"SPF",16.3,16.1,16.4,NA,NA,98.5,18.3,16.1,934.8,NA,1021.8,NA,1547.1,5.4,228,3.2,11.5,19.4,5.3,19.1,NA,NA,0,0,0,NA,NA,NA,NA,NA,-0.004,NA,NA,NA
2026-07-16 04:00:00,"SPF",16.3,16.1,16.3,NA,NA,99,18.3,16.1,934.5,NA,1021.4,NA,1544.1,4,215,2,7.2,14.4,3.8,13.7,NA,NA,0,0,0,NA,NA,NA,NA,NA,-0.005,NA,NA,NA
2026-07-16 05:00:00,"SPF",16.4,16.2,16.5,NA,NA,99,18.4,16.2,934.5,NA,1021.4,NA,1544.6,3.4,195,1.6,5.8,12.2,3.3,11.9,NA,NA,0,0,35,NA,NA,NA,NA,NA,0.018,NA,NA,NA
2026-07-16 06:00:00,"SPF",17.2,16.6,17.9,NA,NA,95.5,18.7,16.4,934.5,NA,1021.4,NA,1547,1.7,193,0.9,3.2,6.1,1.6,5.8,NA,NA,0,0,195,NA,NA,NA,NA,NA,0.097,NA,NA,NA
2026-07-16 07:00:00,"SPF",19.1,18.2,20.1,NA,NA,85.4,18.8,16.6,934.7,NA,1021.7,NA,1554.3,2.8,14,1.2,4.3,10.1,2.7,9.7,NA,NA,0,0,358,NA,NA,NA,NA,NA,0.207,NA,NA,NA
2026-07-16 08:00:00,"SPF",21.3,20.6,22,NA,NA,75.3,19.1,16.8,934.9,NA,1021.9,NA,1563.1,3,13,1.1,4,10.8,2.9,10.4,NA,NA,0,0,547,NA,NA,NA,NA,NA,0.344,NA,NA,NA
2026-07-16 09:00:00,"SPF",22.9,22.1,24,NA,NA,68.8,19.2,16.9,934.7,NA,1021.7,NA,1566.1,3.1,7,1.7,6.1,11.2,3,10.8,NA,NA,0,0,640,NA,NA,NA,NA,NA,0.427,NA,NA,NA
2026-07-16 10:00:00,"SPF",24.6,24.3,25.3,NA,NA,64.6,20,17.5,934.6,NA,1021.6,NA,1569.8,3.4,29,1.1,4,12.2,3.3,11.9,NA,NA,0,0,554,NA,NA,NA,NA,NA,0.396,NA,NA,NA
2026-07-16 11:00:00,"SPF",26.5,25.6,27.3,NA,NA,55.9,19.3,17,934,NA,1020.9,NA,1570.4,3.6,13,1.9,6.8,13,3.6,13,NA,NA,0,0,871,NA,NA,NA,NA,NA,0.627,NA,NA,NA
2026-07-16 12:00:00,"SPF",27.4,27,27.8,NA,NA,54.2,19.7,17.3,933.8,NA,1020.7,NA,1570.4,5.6,31,3.4,12.2,20.2,5.4,19.4,NA,NA,0,0,917,NA,NA,NA,NA,NA,0.679,NA,NA,NA
2026-07-16 13:00:00,"SPF",28.3,27.9,28.6,NA,NA,50.1,19.2,16.9,933.2,NA,1020.1,NA,1567.7,4.8,24,2.6,9.4,17.3,4.7,16.9,NA,NA,0,0,842,NA,NA,NA,NA,NA,0.64,NA,NA,NA
2026-07-16 14:00:00,"SPF",28.4,28.2,28.8,NA,NA,49.1,19,16.7,933,NA,1019.8,NA,1566.1,4.4,18,2.5,9,15.8,4.3,15.5,NA,NA,0,0,622,NA,NA,NA,NA,NA,0.498,NA,NA,NA
2026-07-16 15:00:00,"SPF",28.4,28.1,28.6,NA,NA,49.7,19.2,16.9,932.5,NA,1019.3,NA,1561,3.7,28,1.7,6.1,13.3,3.6,13,NA,NA,0,0,429,NA,NA,NA,NA,NA,0.353,NA,NA,NA
2026-07-16 16:00:00,"SPF",28.2,27.8,28.6,NA,NA,51.8,19.8,17.3,931.8,NA,1018.5,NA,1554,4.8,33,2.2,7.9,17.3,4.7,16.9,NA,NA,0,0,375,NA,NA,NA,NA,NA,0.317,NA,NA,NA
2026-07-16 17:00:00,"SPF",25.3,22.4,27.6,NA,NA,59.5,19.1,16.8,931.7,NA,1018.5,NA,1545.1,18.9,351,3,10.8,68,18.3,65.9,NA,NA,5.1,0,91,NA,NA,NA,NA,NA,0.144,NA,NA,NA
2026-07-16 18:00:00,"SPF",20.9,20.3,21.5,NA,NA,85.1,21,18.3,932,NA,1018.8,NA,1535.2,3.7,236,1.1,4,13.3,3.6,13,NA,NA,0,0,84,NA,NA,NA,NA,NA,0.064,NA,NA,NA
2026-07-16 19:00:00,"SPF",20.3,19.9,20.5,NA,NA,93.5,22.2,19.2,932.2,NA,1019,NA,1535.1,2.2,252,0.7,2.5,7.9,2.1,7.6,NA,NA,0,0,27,NA,NA,NA,NA,NA,0.021,NA,NA,NA
2026-07-16 20:00:00,"SPF",20.6,19.8,22,NA,NA,78,18.8,16.3,933.5,NA,1020.3,NA,1547.8,20.7,189,6.5,23.4,74.5,19.8,71.3,NA,NA,0.6,0,0,NA,NA,NA,NA,NA,0.036,NA,NA,NA
2026-07-16 21:00:00,"SPF",19.9,18.5,20.5,NA,NA,58.4,13.5,11.5,932.1,NA,1018.9,NA,1533.1,17.5,182,7.7,27.7,63,16.7,60.1,NA,NA,0,0,0,NA,NA,NA,NA,NA,0.075,NA,NA,NA
2026-07-16 22:00:00,"SPF",19.5,18,20.5,NA,NA,60.7,13.7,11.6,932.3,NA,1019.2,NA,1534.4,10.8,197,4.4,15.8,38.9,10.7,38.5,NA,NA,0,0,0,NA,NA,NA,NA,NA,0.051,NA,NA,NA
2026-07-16 23:00:00,"SPF",18.3,17.4,20.3,NA,NA,72,15.1,13.1,933.7,NA,1020.6,NA,1543.3,11.7,211,4.4,15.8,42.1,11.4,41,NA,NA,1.8,0,0,NA,NA,NA,NA,NA,0.034,NA,NA,NA
2026-07-17,"SPF",16.4,16.1,16.9,NA,NA,90.3,16.8,14.8,936.3,NA,1023.4,NA,1561.4,7.2,220,2.6,9.4,25.9,7.1,25.6,NA,NA,7.2,0,0,NA,NA,NA,NA,NA,0.003,NA,NA,NA
2026-07-17 01:00:00,"SPF",16.4,16.1,17,NA,NA,88.7,16.5,14.5,935,NA,1021.9,NA,1549,24,190,8.3,29.9,86.4,23.1,83.2,NA,NA,3.3,0,0,NA,NA,NA,NA,NA,0.016,NA,NA,NA
2026-07-17 02:00:00,"SPF",18.2,17.4,18.6,NA,NA,65.3,13.6,11.5,931.8,NA,1018.6,NA,1526,22.9,201,7.6,27.4,82.4,22.2,79.9,NA,NA,0.1,0,0,NA,NA,NA,NA,NA,0.057,NA,NA,NA
2026-07-17 03:00:00,"SPF",18.7,18.3,19.1,NA,NA,58.5,12.6,10.4,931.9,NA,1018.7,NA,1528.2,9.8,201,5.7,20.5,35.3,9.3,33.5,NA,NA,0,0,0,NA,NA,NA,NA,NA,0.061,NA,NA,NA
2026-07-17 04:00:00,"SPF",19.6,17.5,21,NA,NA,51.5,11.7,9.2,930.9,NA,1017.5,NA,1521.3,19.8,209,4.1,14.8,71.3,18.3,65.9,NA,NA,0,0,0,NA,NA,NA,NA,NA,0.062,NA,NA,NA
2026-07-17 05:00:00,"SPF",17.9,16.9,18.4,NA,NA,59.5,12.2,9.9,930.7,NA,1017.4,NA,1515,5.3,233,2.2,7.9,19.1,5.2,18.7,NA,NA,0,0,26,NA,NA,NA,NA,NA,0.067,NA,NA,NA
2026-07-17 06:00:00,"SPF",17,16.5,17.4,NA,NA,74.9,14.5,12.5,931,NA,1017.7,NA,1515.6,3.1,15,1.3,4.7,11.2,3.1,11.2,NA,NA,0,0,159,NA,NA,NA,NA,NA,0.094,NA,NA,NA
2026-07-17 07:00:00,"SPF",18.2,17.6,18.7,NA,NA,74.4,15.6,13.6,931.6,NA,1018.3,NA,1523.7,6.2,27,3.8,13.7,22.3,6.1,22,NA,NA,0,0,370,NA,NA,NA,NA,NA,0.222,NA,NA,NA
2026-07-17 08:00:00,"SPF",19.5,19.1,19.8,NA,NA,71.4,16.1,14.2,931.6,NA,1018.3,NA,1527.2,5.9,41,2.5,9,21.2,5.7,20.5,NA,NA,0,0,345,NA,NA,NA,NA,NA,0.232,NA,NA,NA
2026-07-17 09:00:00,"SPF",20.5,19.8,21.4,NA,NA,68.6,16.5,14.5,932.2,NA,1019,NA,1535.8,3.9,31,1.9,6.8,14,3.8,13.7,NA,NA,0,0,523,NA,NA,NA,NA,NA,0.342,NA,NA,NA
2026-07-17 10:00:00,"SPF",22.5,21.7,23.2,NA,NA,58.8,15.9,13.9,932,NA,1018.8,NA,1539.8,3.5,135,0.8,2.9,12.6,3.4,12.2,NA,NA,0,0,769,NA,NA,NA,NA,NA,0.511,NA,NA,NA
2026-07-17 11:00:00,"SPF",24.5,23.8,24.9,NA,NA,47.5,14.6,12.6,931.7,NA,1018.4,NA,1542.5,6.9,224,3.2,11.5,24.8,6.8,24.5,NA,NA,0,0,886,NA,NA,NA,NA,NA,0.63,NA,NA,NA
2026-07-17 12:00:00,"SPF",25.4,25.1,25.6,NA,NA,45.5,14.8,12.8,931.3,NA,1018,NA,1541.4,6.8,235,3.5,12.6,24.5,6.5,23.4,NA,NA,0,0,928,NA,NA,NA,NA,NA,0.675,NA,NA,NA
2026-07-17 13:00:00,"SPF",26.1,25.8,26.4,NA,NA,45,15.2,13.3,930.9,NA,1017.6,NA,1540.3,7.1,217,3.7,13.3,25.6,7,25.2,NA,NA,0,0,932,NA,NA,NA,NA,NA,0.69,NA,NA,NA
2026-07-17 14:00:00,"SPF",26.6,26.2,26.8,NA,NA,44.9,15.6,13.6,930.6,NA,1017.3,NA,1538.1,8.4,217,3.7,13.3,30.2,8.2,29.5,NA,NA,0,0,804,NA,NA,NA,NA,NA,0.612,NA,NA,NA
2026-07-17 15:00:00,"SPF",26.6,26.3,26.9,NA,NA,43.6,15.2,13.2,930.2,NA,1016.8,NA,1535.4,9.1,201,4.1,14.8,32.8,8.8,31.7,NA,NA,0,0,606,NA,NA,NA,NA,NA,0.5,NA,NA,NA
2026-07-17 16:00:00,"SPF",27.4,27.1,27.6,NA,NA,36.9,13.5,11.4,929.9,NA,1016.5,NA,1534.7,11.5,233,4.9,17.6,41.4,11.3,40.7,NA,NA,0,0,597,NA,NA,NA,NA,NA,0.519,NA,NA,NA
2026-07-17 17:00:00,"SPF",27.1,26.7,27.3,NA,NA,37.4,13.4,11.3,929.9,NA,1016.5,NA,1533.6,9.8,231,4.2,15.1,35.3,9.3,33.5,NA,NA,0,0,393,NA,NA,NA,NA,NA,0.37,NA,NA,NA
2026-07-17 18:00:00,"SPF",25.5,25,25.8,NA,NA,43.9,14.3,12.3,929.9,NA,1016.5,NA,1528.8,7,209,2,7.2,25.2,6.6,23.8,NA,NA,0,0,117,NA,NA,NA,NA,NA,0.141,NA,NA,NA
2026-07-17 19:00:00,"SPF",23.6,21.6,24.7,NA,NA,55,15.8,13.8,930.4,NA,1017.1,NA,1528.2,3.8,217,0.7,2.5,13.7,3.7,13.3,NA,NA,0,0,19,NA,NA,NA,NA,NA,0.041,NA,NA,NA
2026-07-17 20:00:00,"SPF",21.1,19.8,21.8,NA,NA,67.7,16.9,14.9,931.3,NA,1018,NA,1529.2,4.2,197,1.3,4.7,15.1,4.2,15.1,NA,NA,0,0,1,NA,NA,NA,NA,NA,0.014,NA,NA,NA
2026-07-17 21:00:00,"SPF",19.5,18.9,20,NA,NA,76.9,17.4,15.3,932.3,NA,1019.1,NA,1533.7,2.2,191,1.1,4,7.9,2.2,7.9,NA,NA,0,0,0,NA,NA,NA,NA,NA,0.005,NA,NA,NA
2026-07-17 22:00:00,"SPF",18.6,18.1,19,NA,NA,85.2,18.2,16,932.6,NA,1019.4,NA,1534.1,3.2,207,1.5,5.4,11.5,3.1,11.2,NA,NA,0.7,0,0,NA,NA,NA,NA,NA,0.003,NA,NA,NA
2026-07-17 23:00:00,"SPF",17.7,17.5,18.1,NA,NA,92.1,18.6,16.4,932.8,NA,1019.6,NA,1533,3.5,195,1.7,6.1,12.6,3.4,12.2,NA,NA,0,0,0,NA,NA,NA,NA,NA,-0.001,NA,NA,NA
2026-07-18,"SPF",17.5,17.3,17.6,NA,NA,93.9,18.7,16.5,932.5,NA,1019.3,NA,1530.1,2.4,207,1.2,4.3,8.6,2.3,8.3,NA,NA,0,0,0,NA,NA,NA,NA,NA,-0.004,NA,NA,NA
2026-07-18 01:00:00,"SPF",17.2,16.7,17.5,NA,NA,94.8,18.5,16.3,932.3,NA,1019.1,NA,1527,3.3,211,1.3,4.7,11.9,3.2,11.5,NA,NA,0,0,0,NA,NA,NA,NA,NA,-0.004,NA,NA,NA
2026-07-18 02:00:00,"SPF",16.7,16.4,16.9,NA,NA,98.2,18.7,16.4,932.1,NA,1018.9,NA,1523.9,2.4,220,0.9,3.2,8.6,2.3,8.3,NA,NA,0,0,0,NA,NA,NA,NA,NA,-0.007,NA,NA,NA
2026-07-18 03:00:00,"SPF",17.1,16.9,17.2,NA,NA,96.7,18.8,16.5,932.1,NA,1018.9,NA,1525.1,1.5,333,0.7,2.5,5.4,1.5,5.4,NA,NA,0,0,0,NA,NA,NA,NA,NA,-0.007,NA,NA,NA
2026-07-18 04:00:00,"SPF",16.9,16.8,17,NA,NA,98.8,19,16.7,932.1,NA,1018.9,NA,1524.4,2,209,1.2,4.3,7.2,1.9,6.8,NA,NA,0.2,0,0,NA,NA,NA,NA,NA,-0.007,NA,NA,NA
2026-07-18 05:00:00,"SPF",17,16.9,17.1,NA,NA,91.5,17.7,15.6,932.1,NA,1018.9,NA,1525.5,5,196,1.8,6.5,18,4.9,17.6,NA,NA,0.5,0,21,NA,NA,NA,NA,NA,0.025,NA,NA,NA
2026-07-18 06:00:00,"SPF",17.6,17.2,18,NA,NA,86.6,17.4,15.3,932.1,NA,1018.9,NA,1526.7,5,180,2.9,10.4,18,4.9,17.6,NA,NA,0,0,85,NA,NA,NA,NA,NA,0.067,NA,NA,NA
2026-07-18 07:00:00,"SPF",19.5,18.2,20.3,NA,NA,76.6,17.3,15.2,932.2,NA,1019,NA,1533.4,1.8,187,0.9,3.2,6.5,1.8,6.5,NA,NA,0,0,372,NA,NA,NA,NA,NA,0.218,NA,NA,NA
2026-07-18 08:00:00,"SPF",21.1,20.6,22.2,NA,NA,69.9,17.5,15.4,932.2,NA,1019,NA,1538,3.5,175,1.2,4.3,12.6,3.4,12.2,NA,NA,0,0,457,NA,NA,NA,NA,NA,0.295,NA,NA,NA
2026-07-18 09:00:00,"SPF",22.4,22,22.7,NA,NA,59,16,14,932,NA,1018.8,NA,1539.8,4.8,183,2.1,7.6,17.3,4.7,16.9,NA,NA,0,0,545,NA,NA,NA,NA,NA,0.379,NA,NA,NA
2026-07-18 10:00:00,"SPF",22.3,21.9,22.7,NA,NA,65,17.5,15.4,932,NA,1018.8,NA,1539.7,4.9,63,1.9,6.8,17.6,4.8,17.3,NA,NA,0,0,463,NA,NA,NA,NA,NA,0.331,NA,NA,NA
2026-07-18 11:00:00,"SPF",23.2,22.5,24.5,NA,NA,58.8,16.7,14.7,931.9,NA,1018.7,NA,1541.1,4.5,58,1.9,6.8,16.2,4.4,15.8,NA,NA,0,0,620,NA,NA,NA,NA,NA,0.439,NA,NA,NA
2026-07-18 12:00:00,"SPF",24.4,23.8,24.9,NA,NA,51.1,15.6,13.6,931.5,NA,1018.2,NA,1540.2,6.2,216,2.6,9.4,22.3,6.1,22,NA,NA,0,0,841,NA,NA,NA,NA,NA,0.596,NA,NA,NA
2026-07-18 13:00:00,"SPF",24.7,24.1,25.4,NA,NA,46.3,14.4,12.4,931,NA,1017.7,NA,1537.4,10.9,241,2.8,10.1,39.2,10.4,37.4,NA,NA,0,0,603,NA,NA,NA,NA,NA,0.467,NA,NA,NA
2026-07-18 14:00:00,"SPF",23.6,23.2,24.3,NA,NA,57.5,16.8,14.7,931,NA,1017.7,NA,1534,6.8,15,2.9,10.4,24.5,6.7,24.1,NA,NA,0,0,647,NA,NA,NA,NA,NA,0.463,NA,NA,NA
2026-07-18 15:00:00,"SPF",24.9,24.4,25.8,NA,NA,50.2,15.8,13.8,930.6,NA,1017.3,NA,1534.3,4,270,1.5,5.4,14.4,3.8,13.7,NA,NA,0,0,614,NA,NA,NA,NA,NA,0.437,NA,NA,NA
2026-07-18 16:00:00,"SPF",23.9,22.2,25.5,NA,NA,49.1,14.4,12.4,930.5,NA,1017.2,NA,1530.3,8.5,207,3.7,13.3,30.6,8.4,30.2,NA,NA,0,0,306,NA,NA,NA,NA,NA,0.288,NA,NA,NA
2026-07-18 17:00:00,"SPF",21.8,21.1,22.6,NA,NA,68.2,17.8,15.7,930.5,NA,1017.2,NA,1524.5,3.7,189,1.6,5.8,13.3,3.5,12.6,NA,NA,0,0,285,NA,NA,NA,NA,NA,0.194,NA,NA,NA
2026-07-18 18:00:00,"SPF",22.4,21.3,22.9,NA,NA,63.1,17,15,930.5,NA,1017.2,NA,1525.8,8.3,33,3,10.8,29.9,8.2,29.5,NA,NA,0,0,149,NA,NA,NA,NA,NA,0.139,NA,NA,NA
2026-07-18 19:00:00,"SPF",20.8,20.1,21.3,NA,NA,68.4,16.8,14.7,931,NA,1017.7,NA,1526.2,6.2,31,3.4,12.2,22.3,6,21.6,NA,NA,0,0,35,NA,NA,NA,NA,NA,0.075,NA,NA,NA
2026-07-18 20:00:00,"SPF",19.3,18.6,19.8,NA,NA,82.4,18.4,16.2,931.4,NA,1018.1,NA,1525.6,4.5,14,2,7.2,16.2,4.4,15.8,NA,NA,0,0,0,NA,NA,NA,NA,NA,0.009,NA,NA,NA
2026-07-18 21:00:00,"SPF",18.5,17.8,19,NA,NA,82.7,17.6,15.5,931.9,NA,1018.7,NA,1527.7,8.3,183,2.5,9,29.9,8.2,29.5,NA,NA,0,0,0,NA,NA,NA,NA,NA,0.011,NA,NA,NA
2026-07-18 22:00:00,"SPF",17,16.6,17.5,NA,NA,83.2,16.1,14.1,931.9,NA,1018.7,NA,1523.6,9,168,5.5,19.8,32.4,8.9,32,NA,NA,0,0,0,NA,NA,NA,NA,NA,0.02,NA,NA,NA
2026-07-18 23:00:00,"SPF",16.8,16.6,17.1,NA,NA,86,16.4,14.4,931.9,NA,1018.7,NA,1522.9,6.9,184,3.3,11.9,24.8,6.8,24.5,NA,NA,0,0,0,NA,NA,NA,NA,NA,0.01,NA,NA,NA
2026-07-19,"SPF",16.6,16.5,16.8,NA,NA,88.6,16.8,14.7,931.7,NA,1018.5,NA,1520.6,5.6,204,1.4,5,20.2,5.5,19.8,NA,NA,0,0,0,NA,NA,NA,NA,NA,0,NA,NA,NA
2026-07-19 01:00:00,"SPF",16.2,16,16.5,NA,NA,92.3,17,14.9,931.6,NA,1018.3,NA,1518.3,2.6,209,1.1,4,9.4,2.5,9,NA,NA,0,0,0,NA,NA,NA,NA,NA,-0.004,NA,NA,NA
2026-07-19 02:00:00,"SPF",15.8,15.7,15.8,NA,NA,94.6,16.9,14.9,931.4,NA,1018.1,NA,1515.7,2.1,204,1.1,4,7.6,2.1,7.6,NA,NA,0,0,0,NA,NA,NA,NA,NA,-0.005,NA,NA,NA
2026-07-19 03:00:00,"SPF",15.5,15.4,15.7,NA,NA,93.6,16.5,14.5,931.2,NA,1017.9,NA,1513.2,3.5,201,1.4,5,12.6,3.4,12.2,NA,NA,0,0,0,NA,NA,NA,NA,NA,-0.003,NA,NA,NA
2026-07-19 04:00:00,"SPF",15.2,14.9,15.6,NA,NA,92.4,15.9,13.9,931.3,NA,1018,NA,1512.6,2.3,186,1.1,4,8.3,2.3,8.3,NA,NA,0,0,0,NA,NA,NA,NA,NA,-0.004,NA,NA,NA
2026-07-19 05:00:00,"SPF",14.4,14.1,14.9,NA,NA,97.2,15.9,14,931.6,NA,1018.3,NA,1513.1,3.9,197,1.5,5.4,14,3.9,14,NA,NA,0,0,24,NA,NA,NA,NA,NA,0.017,NA,NA,NA
2026-07-19 06:00:00,"SPF",15.2,14.6,15.6,NA,NA,94.7,16.3,14.4,932,NA,1018.8,NA,1518.7,5.4,153,1.5,5.4,19.4,5.3,19.1,NA,NA,0,0,42,NA,NA,NA,NA,NA,0.036,NA,NA,NA
2026-07-19 07:00:00,"SPF",16.7,16,17.1,NA,NA,80.5,15.3,13.3,932.8,NA,1019.6,NA,1530.4,7.1,46,4,14.4,25.6,6.9,24.8,NA,NA,0,0,186,NA,NA,NA,NA,NA,0.128,NA,NA,NA
2026-07-19 08:00:00,"SPF",17.8,17.2,18.2,NA,NA,71.4,14.5,12.5,933.2,NA,1020,NA,1536.8,7,15,3.9,14,25.2,6.9,24.8,NA,NA,0,0,420,NA,NA,NA,NA,NA,0.261,NA,NA,NA
2026-07-19 09:00:00,"SPF",19.1,18.4,19.7,NA,NA,63.8,14.1,12.1,933.2,NA,1020.1,NA,1541.3,5,13,2.8,10.1,18,4.9,17.6,NA,NA,0,0,669,NA,NA,NA,NA,NA,0.412,NA,NA,NA
2026-07-19 10:00:00,"SPF",20.4,19.9,20.9,NA,NA,60.1,14.4,12.4,933.2,NA,1020.1,NA,1544.7,4.5,40,1.8,6.5,16.2,4.5,16.2,NA,NA,0,0,799,NA,NA,NA,NA,NA,0.508,NA,NA,NA
2026-07-19 11:00:00,"SPF",21.2,20.5,21.8,NA,NA,58,14.6,12.6,933,NA,1019.8,NA,1545,7.4,11,2.4,8.6,26.6,7.3,26.3,NA,NA,0,0,573,NA,NA,NA,NA,NA,0.4,NA,NA,NA
2026-07-19 12:00:00,"SPF",21.9,21.6,22.4,NA,NA,57,15,13,932.9,NA,1019.7,NA,1546.7,6.3,22,3.4,12.2,22.7,6.2,22.3,NA,NA,0,0,727,NA,NA,NA,NA,NA,0.499,NA,NA,NA
2026-07-19 13:00:00,"SPF",21.7,21.2,22.4,NA,NA,56.8,14.7,12.7,932.8,NA,1019.6,NA,1545.2,7.5,31,4.1,14.8,27,7.4,26.6,NA,NA,0,0,435,NA,NA,NA,NA,NA,0.346,NA,NA,NA
2026-07-19 14:00:00,"SPF",21.7,21.2,22.7,NA,NA,55.8,14.5,12.5,932.9,NA,1019.7,NA,1546.1,6.5,46,3.5,12.6,23.4,6.2,22.3,NA,NA,0,0,479,NA,NA,NA,NA,NA,0.362,NA,NA,NA
2026-07-19 15:00:00,"SPF",22.5,22.1,22.8,NA,NA,52.4,14.3,12.3,932.9,NA,1019.7,NA,1548.1,6,26,3.3,11.9,21.6,5.9,21.2,NA,NA,0,0,610,NA,NA,NA,NA,NA,0.434,NA,NA,NA
2026-07-19 16:00:00,"SPF",22.5,22.2,22.7,NA,NA,53,14.4,12.5,932.8,NA,1019.6,NA,1547.1,6.5,23,3.5,12.6,23.4,6.4,23,NA,NA,0,0,475,NA,NA,NA,NA,NA,0.352,NA,NA,NA
2026-07-19 17:00:00,"SPF",21.7,21.5,22,NA,NA,55.9,14.5,12.5,932.7,NA,1019.5,NA,1544.3,5.9,15,3.6,13,21.2,5.8,20.9,NA,NA,0,0,225,NA,NA,NA,NA,NA,0.21,NA,NA,NA
2026-07-19 18:00:00,"SPF",21.4,21.1,21.8,NA,NA,56.2,14.3,12.3,932.8,NA,1019.6,NA,1544,5.8,13,3.9,14,20.9,5.7,20.5,NA,NA,0,0,171,NA,NA,NA,NA,NA,0.17,NA,NA,NA
2026-07-19 19:00:00,"SPF",20.2,19.5,20.8,NA,NA,60.1,14.2,12.2,933,NA,1019.8,NA,1542.4,4.8,23,2.4,8.6,17.3,4.7,16.9,NA,NA,0,0,42,NA,NA,NA,NA,NA,0.067,NA,NA,NA
2026-07-19 20:00:00,"SPF",18.4,17.6,19.3,NA,NA,67.7,14.3,12.3,933.6,NA,1020.5,NA,1542.4,3.8,13,1.4,5,13.7,3.8,13.7,NA,NA,0,0,0,NA,NA,NA,NA,NA,0.013,NA,NA,NA
2026-07-19 21:00:00,"SPF",16.5,15.4,17.4,NA,NA,76.3,14.3,12.3,934.2,NA,1021.1,NA,1542.3,1.9,360,0.8,2.9,6.8,1.8,6.5,NA,NA,0,0,0,NA,NA,NA,NA,NA,0.001,NA,NA,NA
2026-07-19 22:00:00,"SPF",15.3,15,15.9,NA,NA,82.8,14.3,12.3,934.3,NA,1021.2,NA,1539.8,1.2,217,0.6,2.2,4.3,1.2,4.3,NA,NA,0,0,0,NA,NA,NA,NA,NA,-0.004,NA,NA,NA
2026-07-19 23:00:00,"SPF",14.6,14.2,15,NA,NA,85.2,14.2,12.2,934.3,NA,1021.2,NA,1538.3,1.2,217,0.6,2.2,4.3,1.2,4.3,NA,NA,0,0,0,NA,NA,NA,NA,NA,-0.004,NA,NA,NA
2026-07-20,"SPF",14.1,13.9,14.3,NA,NA,88.4,14.2,12.2,934.2,NA,1021.1,NA,1535.8,1.2,243,0.5,1.8,4.3,1.1,4,NA,NA,0,0,0,NA,NA,NA,NA,NA,-0.006,NA,NA,NA
2026-07-20 01:00:00,"SPF",13.4,13.2,13.8,NA,NA,88.4,13.6,11.5,934.1,NA,1021,NA,1532.4,0.7,243,0.3,1.1,2.5,0.7,2.5,NA,NA,0,0,0,NA,NA,NA,NA,NA,-0.007,NA,NA,NA
2026-07-20 02:00:00,"SPF",12.5,11.5,13.1,NA,NA,89.2,12.9,10.7,934,NA,1020.9,NA,1528.8,1.4,270,0.5,1.8,5,1.3,4.7,NA,NA,0,0,0,NA,NA,NA,NA,NA,-0.006,NA,NA,NA
2026-07-20 03:00:00,"SPF",11.2,10.7,11.8,NA,NA,94.9,12.6,10.4,934,NA,1020.9,NA,1525.1,1.4,207,0.5,1.8,5,1.4,5,NA,NA,0,0,0,NA,NA,NA,NA,NA,-0.007,NA,NA,NA
2026-07-20 04:00:00,"SPF",10.5,10.2,10.9,NA,NA,95.8,12.2,9.9,934.2,NA,1021.1,NA,1525.6,2,214,1,3.6,7.2,2,7.2,NA,NA,0,0,0,NA,NA,NA,NA,NA,-0.005,NA,NA,NA
2026-07-20 05:00:00,"SPF",10.5,10,10.9,NA,NA,94.2,11.9,9.6,934.3,NA,1021.2,NA,1525.8,1.6,217,0.6,2.2,5.8,1.6,5.8,NA,NA,0,0,34,NA,NA,NA,NA,NA,0.014,NA,NA,NA
2026-07-20 06:00:00,"SPF",11.7,10.8,12.8,NA,NA,91.2,12.6,10.3,934.5,NA,1021.5,NA,1531.5,0.8,180,0.3,1.1,2.9,0.8,2.9,NA,NA,0,0,168,NA,NA,NA,NA,NA,0.074,NA,NA,NA
2026-07-20 07:00:00,"SPF",14,13.3,15.4,NA,NA,82,13,10.9,934.7,NA,1021.7,NA,1539.8,2.1,162,0.6,2.2,7.6,2,7.2,NA,NA,0,0,337,NA,NA,NA,NA,NA,0.173,NA,NA,NA
2026-07-20 08:00:00,"SPF",16.1,15.7,16.5,NA,NA,67.4,12.4,10.1,934.8,NA,1021.8,NA,1547.1,5.3,32,2.7,9.7,19.1,5.1,18.4,NA,NA,0,0,332,NA,NA,NA,NA,NA,0.213,NA,NA,NA
2026-07-20 09:00:00,"SPF",17.3,16.7,17.7,NA,NA,63,12.5,10.2,934.8,NA,1021.8,NA,1550.6,6,39,3.9,14,21.6,5.9,21.2,NA,NA,0,0,481,NA,NA,NA,NA,NA,0.31,NA,NA,NA
2026-07-20 10:00:00,"SPF",18.9,18.1,19.5,NA,NA,60.8,13.2,11.1,934.9,NA,1021.9,NA,1555.8,6.6,36,4.2,15.1,23.8,6.4,23,NA,NA,0,0,811,NA,NA,NA,NA,NA,0.491,NA,NA,NA
2026-07-20 11:00:00,"SPF",20,19.5,20.6,NA,NA,58.7,13.7,11.7,934.8,NA,1021.8,NA,1558.2,7.5,40,4.2,15.1,27,7.4,26.6,NA,NA,0,0,896,NA,NA,NA,NA,NA,0.558,NA,NA,NA
2026-07-20 12:00:00,"SPF",21,20.6,21.4,NA,NA,55.3,13.7,11.7,934.5,NA,1021.4,NA,1558.1,6.6,36,3.9,14,23.8,6.5,23.4,NA,NA,0,0,941,NA,NA,NA,NA,NA,0.606,NA,NA,NA
2026-07-20 13:00:00,"SPF",21.9,21.7,22.1,NA,NA,51.5,13.6,11.5,934.2,NA,1021.1,NA,1558.6,7.5,29,4,14.4,27,7.4,26.6,NA,NA,0,0,927,NA,NA,NA,NA,NA,0.618,NA,NA,NA
2026-07-20 14:00:00,"SPF",22.5,22.2,22.7,NA,NA,48.5,13.2,11.1,934.1,NA,1021,NA,1558.8,7.8,22,4.3,15.5,28.1,7.6,27.4,NA,NA,0,0,843,NA,NA,NA,NA,NA,0.581,NA,NA,NA
2026-07-20 15:00:00,"SPF",22.7,22.5,22.8,NA,NA,46.5,12.8,10.6,934,NA,1020.9,NA,1558.7,7.9,19,4.7,16.9,28.4,7.7,27.7,NA,NA,0,0,707,NA,NA,NA,NA,NA,0.509,NA,NA,NA
2026-07-20 16:00:00,"SPF",22.8,22.7,22.9,NA,NA,44.7,12.4,10.2,934.1,NA,1021,NA,1559.6,6.4,19,3.8,13.7,23,6.3,22.7,NA,NA,0,0,583,NA,NA,NA,NA,NA,0.425,NA,NA,NA
2026-07-20 17:00:00,"SPF",22.8,22.4,23,NA,NA,42.6,11.8,9.4,933.8,NA,1020.7,NA,1557.3,6.5,21,3.6,13,23.4,6.3,22.7,NA,NA,0,0,390,NA,NA,NA,NA,NA,0.311,NA,NA,NA
2026-07-20 18:00:00,"SPF",22.1,21.6,22.5,NA,NA,41.1,10.9,8.3,933.8,NA,1020.7,NA,1554.8,6.9,25,3.7,13.3,24.8,6.8,24.5,NA,NA,0,0,208,NA,NA,NA,NA,NA,0.207,NA,NA,NA
2026-07-20 19:00:00,"SPF",20.5,19.4,21.6,NA,NA,40.8,9.8,6.7,934,NA,1020.9,NA,1552.3,7.6,33,3.5,12.6,27.4,7.3,26.3,NA,NA,0,0,52,NA,NA,NA,NA,NA,0.12,NA,NA,NA
2026-07-20 20:00:00,"SPF",18.4,17.3,19.2,NA,NA,44.5,9.4,6,934.5,NA,1021.5,NA,1550.8,4.7,38,1.8,6.5,16.9,4.7,16.9,NA,NA,0,0,1,NA,NA,NA,NA,NA,0.036,NA,NA,NA
2026-07-20 21:00:00,"SPF",15.3,14.3,17.1,NA,NA,59.8,10.4,7.5,935,NA,1022,NA,1546.5,1.5,236,0.7,2.5,5.4,1.5,5.4,NA,NA,0,0,0,NA,NA,NA,NA,NA,0.004,NA,NA,NA
2026-07-20 22:00:00,"SPF",14.6,13.4,15.8,NA,NA,63.9,10.6,7.8,935.3,NA,1022.3,NA,1546.8,1.7,243,0.5,1.8,6.1,1.6,5.8,NA,NA,0,0,0,NA,NA,NA,NA,NA,-0.001,NA,NA,NA
2026-07-20 23:00:00,"SPF",13,12.6,13.4,NA,NA,72.9,10.9,8.3,935.2,NA,1022.2,NA,1541.1,1.1,236,0.4,1.4,4,1.1,4,NA,NA,0,0,0,NA,NA,NA,NA,NA,-0.004,NA,NA,NA
2026-07-21,"SPF",11.9,11.5,12.3,NA,NA,78.7,10.9,8.3,935,NA,1022,NA,1536.2,0.8,270,0.3,1.1,2.9,0.8,2.9,NA,NA,0,0,0,NA,NA,NA,NA,NA,-0.006,NA,NA,NA
2026-07-21 01:00:00,"SPF",11.3,11.1,11.4,NA,NA,81.6,10.9,8.2,934.8,NA,1021.8,NA,1532.7,0.6,297,0.3,1.1,2.2,0.6,2.2,NA,NA,0,0,0,NA,NA,NA,NA,NA,-0.007,NA,NA,NA
2026-07-21 02:00:00,"SPF",10.3,9.9,11,NA,NA,85.2,10.7,7.9,934.7,NA,1021.7,NA,1529.3,1,243,0.4,1.4,3.6,0.9,3.2,NA,NA,0,0,0,NA,NA,NA,NA,NA,-0.006,NA,NA,NA
2026-07-21 03:00:00,"SPF",9.1,8.7,9.3,NA,NA,90.3,10.4,7.6,934.8,NA,1021.8,NA,1526.6,1.1,217,0.5,1.8,4,1.1,4,NA,NA,0,0,0,NA,NA,NA,NA,NA,-0.006,NA,NA,NA
2026-07-21 04:00:00,"SPF",9.1,8.7,9.3,NA,NA,90.5,10.4,7.6,934.9,NA,1021.9,NA,1527.5,0.8,243,0.3,1.1,2.9,0.8,2.9,NA,NA,0,0,0,NA,NA,NA,NA,NA,-0.007,NA,NA,NA
2026-07-21 05:00:00,"SPF",8.4,8.2,8.7,NA,NA,94,10.4,7.5,935.3,NA,1022.3,NA,1528.7,1,202,0.5,1.8,3.6,1,3.6,NA,NA,0,0,36,NA,NA,NA,NA,NA,0.012,NA,NA,NA
2026-07-21 06:00:00,"SPF",10.5,9.2,11.9,NA,NA,85.9,10.9,8.2,935.5,NA,1022.5,NA,1536.5,1,0,0.3,1.1,3.6,1,3.6,NA,NA,0,0,185,NA,NA,NA,NA,NA,0.076,NA,NA,NA
2026-07-21 07:00:00,"SPF",13.5,12.8,14.2,NA,NA,69.1,10.7,8,935.6,NA,1022.6,NA,1546.1,3.2,29,1.3,4.7,11.5,3.2,11.5,NA,NA,0,0,352,NA,NA,NA,NA,NA,0.182,NA,NA,NA
2026-07-21 08:00:00,"SPF",15.1,14.5,15.4,NA,NA,59.4,10.2,7.2,935.4,NA,1022.4,NA,1548.9,5.6,39,3.3,11.9,20.2,5.5,19.8,NA,NA,0,0,539,NA,NA,NA,NA,NA,0.306,NA,NA,NA
2026-07-21 09:00:00,"SPF",16.4,15.6,17.1,NA,NA,59,11,8.4,935.3,NA,1022.3,NA,1552.1,6.4,37,3.8,13.7,23,6.2,22.3,NA,NA,0,0,694,NA,NA,NA,NA,NA,0.401,NA,NA,NA
2026-07-21 10:00:00,"SPF",17.7,17,18.4,NA,NA,56.2,11.4,8.9,935.5,NA,1022.5,NA,1557.8,8.2,29,4.5,16.2,29.5,8,28.8,NA,NA,0,0,816,NA,NA,NA,NA,NA,0.486,NA,NA,NA
2026-07-21 11:00:00,"SPF",19,18.3,19.6,NA,NA,52.2,11.5,9,935.5,NA,1022.5,NA,1561.4,8,19,4.8,17.3,28.8,8,28.8,NA,NA,0,0,898,NA,NA,NA,NA,NA,0.557,NA,NA,NA
2026-07-21 12:00:00,"SPF",20,19.6,20.5,NA,NA,49.4,11.6,9.1,935.5,NA,1022.5,NA,1564.2,9.4,25,4.9,17.6,33.8,9.1,32.8,NA,NA,0,0,930,NA,NA,NA,NA,NA,0.597,NA,NA,NA
2026-07-21 13:00:00,"SPF",20.7,20.6,20.9,NA,NA,47.6,11.6,9.2,935.5,NA,1022.5,NA,1566.7,8.6,23,4.9,17.6,31,8.4,30.2,NA,NA,0,0,907,NA,NA,NA,NA,NA,0.597,NA,NA,NA
2026-07-21 14:00:00,"SPF",21.2,20.9,21.4,NA,NA,46.1,11.6,9.1,935.6,NA,1022.6,NA,1569.2,9.4,17,5,18,33.8,9.2,33.1,NA,NA,0,0,845,NA,NA,NA,NA,NA,0.573,NA,NA,NA
2026-07-21 15:00:00,"SPF",21.5,21.3,21.6,NA,NA,44,11.3,8.8,935.7,NA,1022.7,NA,1570.6,9,24,4.4,15.8,32.4,8.8,31.7,NA,NA,0,0,733,NA,NA,NA,NA,NA,0.511,NA,NA,NA
2026-07-21 16:00:00,"SPF",21.5,21.3,21.6,NA,NA,42.1,10.8,8.1,935.9,NA,1022.9,NA,1572,7.8,19,4.2,15.1,28.1,7.7,27.7,NA,NA,0,0,574,NA,NA,NA,NA,NA,0.418,NA,NA,NA
2026-07-21 17:00:00,"SPF",21.3,21.1,21.4,NA,NA,38.9,9.8,6.7,936,NA,1023.1,NA,1572.7,6.2,38,3.1,11.2,22.3,6.1,22,NA,NA,0,0,387,NA,NA,NA,NA,NA,0.292,NA,NA,NA
2026-07-21 18:00:00,"SPF",20.9,20.6,21.1,NA,NA,39.8,9.8,6.7,936.1,NA,1023.2,NA,1572.2,5.6,25,2.6,9.4,20.2,5.4,19.4,NA,NA,0,0,205,NA,NA,NA,NA,NA,0.172,NA,NA,NA
2026-07-21 19:00:00,"SPF",19.2,18.1,20.3,NA,NA,46.2,10.3,7.3,936.3,NA,1023.4,NA,1569.5,3.4,4,1.4,5,12.2,3.4,12.2,NA,NA,0,0,47,NA,NA,NA,NA,NA,0.051,NA,NA,NA
2026-07-21 20:00:00,"SPF",15.7,14.9,17.1,NA,NA,62.2,11.1,8.5,936.8,NA,1023.9,NA,1563.7,2.1,198,1,3.6,7.6,2.1,7.6,NA,NA,0,0,1,NA,NA,NA,NA,NA,0.009,NA,NA,NA
2026-07-21 21:00:00,"SPF",13.8,12.8,14.9,NA,NA,71,11.2,8.6,937.5,NA,1024.7,NA,1563.7,1.8,203,0.8,2.9,6.5,1.8,6.5,NA,NA,0,0,0,NA,NA,NA,NA,NA,0.002,NA,NA,NA
2026-07-21 22:00:00,"SPF",12.1,11.7,12.9,NA,NA,79.6,11.3,8.7,937.6,NA,1024.8,NA,1559.7,2.5,207,0.9,3.2,9,2.4,8.6,NA,NA,0,0,0,NA,NA,NA,NA,NA,0,NA,NA,NA
2026-07-21 23:00:00,"SPF",11.4,10.8,11.8,NA,NA,82.7,11.1,8.6,937.6,NA,1024.8,NA,1557.3,2.9,204,1.3,4.7,10.4,2.8,10.1,NA,NA,0,0,0,NA,NA,NA,NA,NA,0.001,NA,NA,NA
2026-07-22,"SPF",10.8,10.5,11.5,NA,NA,84.9,11,8.3,937.4,NA,1024.6,NA,1553.8,2.4,202,0.6,2.2,8.6,2.3,8.3,NA,NA,0,0,0,NA,NA,NA,NA,NA,-0.004,NA,NA,NA
2026-07-22 01:00:00,"SPF",9.8,9.4,10.1,NA,NA,89.1,10.8,8.1,937.2,NA,1024.3,NA,1548.8,1.7,207,0.4,1.4,6.1,1.7,6.1,NA,NA,0,0,0,NA,NA,NA,NA,NA,-0.006,NA,NA,NA
2026-07-22 02:00:00,"SPF",8.9,8.6,9.3,NA,NA,92.1,10.5,7.7,937.1,NA,1024.2,NA,1545.3,1.4,202,0.6,2.2,5,1.4,5,NA,NA,0,0,0,NA,NA,NA,NA,NA,-0.006,NA,NA,NA
2026-07-22 03:00:00,"SPF",8.1,7.9,8.5,NA,NA,94.6,10.2,7.3,937,NA,1024.1,NA,1542.4,1.7,220,0.8,2.9,6.1,1.7,6.1,NA,NA,0,0,0,NA,NA,NA,NA,NA,-0.006,NA,NA,NA
2026-07-22 04:00:00,"SPF",7.7,7.4,8.1,NA,NA,96.9,10.2,7.3,936.9,NA,1024,NA,1540.3,1.9,221,1,3.6,6.8,1.9,6.8,NA,NA,0,0,0,NA,NA,NA,NA,NA,-0.006,NA,NA,NA
2026-07-22 05:00:00,"SPF",7.6,7.2,7.9,NA,NA,97.5,10.2,7.2,936.8,NA,1023.9,NA,1538.8,1.7,216,0.9,3.2,6.1,1.7,6.1,NA,NA,0,0,33,NA,NA,NA,NA,NA,0.011,NA,NA,NA
2026-07-22 06:00:00,"SPF",9.9,8.4,11.2,NA,NA,90.5,11,8.4,936.7,NA,1023.8,NA,1545.1,1.5,202,0.6,2.2,5.4,1.5,5.4,NA,NA,0,0,192,NA,NA,NA,NA,NA,0.076,NA,NA,NA
2026-07-22 07:00:00,"SPF",12.9,11.6,14.5,NA,NA,76.4,11.4,8.8,936.6,NA,1023.7,NA,1553.2,1.3,180,0.4,1.4,4.7,1.2,4.3,NA,NA,0,0,374,NA,NA,NA,NA,NA,0.184,NA,NA,NA
2026-07-22 08:00:00,"SPF",16.3,15.1,17.5,NA,NA,63.8,11.8,9.5,936.5,NA,1023.6,NA,1562.6,4.1,27,0.9,3.2,14.8,4.1,14.8,NA,NA,0,0,551,NA,NA,NA,NA,NA,0.31,NA,NA,NA
2026-07-22 09:00:00,"SPF",18.3,17.8,18.9,NA,NA,57.9,12.2,9.9,936.2,NA,1023.3,NA,1565.8,7,34,4.2,15.1,25.2,6.8,24.5,NA,NA,0,0,703,NA,NA,NA,NA,NA,0.43,NA,NA,NA
2026-07-22 10:00:00,"SPF",19.7,19.1,20.1,NA,NA,53,12.1,9.8,936.2,NA,1023.3,NA,1570.1,7.8,27,4.6,16.6,28.1,7.5,27,NA,NA,0,0,828,NA,NA,NA,NA,NA,0.525,NA,NA,NA
2026-07-22 11:00:00,"SPF",20.8,20.5,21.2,NA,NA,48,11.8,9.4,936.1,NA,1023.2,NA,1572.6,7,41,3.9,14,25.2,6.7,24.1,NA,NA,0,0,903,NA,NA,NA,NA,NA,0.593,NA,NA,NA
2026-07-22 12:00:00,"SPF",21.9,21.5,22.3,NA,NA,46.4,12.2,9.9,935.8,NA,1022.8,NA,1572.5,5.9,39,2.9,10.4,21.2,5.7,20.5,NA,NA,0,0,930,NA,NA,NA,NA,NA,0.623,NA,NA,NA
2026-07-22 13:00:00,"SPF",22.9,22.4,23.5,NA,NA,43.3,12.1,9.8,935.3,NA,1022.3,NA,1571.2,5.5,36,2.5,9,19.8,5.4,19.4,NA,NA,0,0,913,NA,NA,NA,NA,NA,0.625,NA,NA,NA
2026-07-22 14:00:00,"SPF",23.6,23.3,23.8,NA,NA,39.9,11.6,9.2,934.9,NA,1021.9,NA,1569.6,6.6,2,3,10.8,23.8,6.4,23,NA,NA,0,0,835,NA,NA,NA,NA,NA,0.591,NA,NA,NA
2026-07-22 15:00:00,"SPF",23.9,23.6,24,NA,NA,37,11,8.3,934.8,NA,1021.8,NA,1569.5,7.7,26,3.2,11.5,27.7,7.5,27,NA,NA,0,0,721,NA,NA,NA,NA,NA,0.527,NA,NA,NA
2026-07-22 16:00:00,"SPF",23.8,23.6,24,NA,NA,33.6,9.9,6.9,934.6,NA,1021.5,NA,1567.2,5.9,24,3.4,12.2,21.2,5.8,20.9,NA,NA,0,0,538,NA,NA,NA,NA,NA,0.422,NA,NA,NA
2026-07-22 17:00:00,"SPF",23.2,22.9,23.5,NA,NA,32.2,9.1,5.7,934.4,NA,1021.3,NA,1563.5,5.4,33,2.9,10.4,19.4,5.4,19.4,NA,NA,0,0,253,NA,NA,NA,NA,NA,0.252,NA,NA,NA
2026-07-22 18:00:00,"SPF",22.5,22.2,22.7,NA,NA,33.9,9.2,5.8,934.4,NA,1021.3,NA,1561.8,5.4,26,3,10.8,19.4,5.2,18.7,NA,NA,0,0,186,NA,NA,NA,NA,NA,0.193,NA,NA,NA
2026-07-22 19:00:00,"SPF",20.2,18.2,22,NA,NA,39.7,9.3,6,934.6,NA,1021.6,NA,1556.8,4.3,360,1.2,4.3,15.5,4.2,15.1,NA,NA,0,0,46,NA,NA,NA,NA,NA,0.048,NA,NA,NA
2026-07-22 20:00:00,"SPF",15.4,14.6,16.8,NA,NA,63.1,11,8.4,934.8,NA,1021.8,NA,1544.5,2.2,215,1.2,4.3,7.9,2.2,7.9,NA,NA,0,0,0,NA,NA,NA,NA,NA,0.011,NA,NA,NA
2026-07-22 21:00:00,"SPF",13.6,12.4,14.5,NA,NA,67,10.4,7.6,935.1,NA,1022.1,NA,1541.7,3.2,216,1.4,5,11.5,3.1,11.2,NA,NA,0,0,0,NA,NA,NA,NA,NA,0.011,NA,NA,NA
2026-07-22 22:00:00,"SPF",11.9,11.2,12.6,NA,NA,72.2,10.1,7.1,935.2,NA,1022.2,NA,1537.6,2.1,216,0.9,3.2,7.6,2.1,7.6,NA,NA,0,0,0,NA,NA,NA,NA,NA,0.002,NA,NA,NA
2026-07-22 23:00:00,"SPF",11.1,10.8,11.3,NA,NA,75.7,10.1,7,935.1,NA,1022.1,NA,1534.8,2.2,219,0.8,2.9,7.9,2.1,7.6,NA,NA,0,0,0,NA,NA,NA,NA,NA,0,NA,NA,NA
2026-07-23,"SPF",10.5,10.2,10.7,NA,NA,80.3,10.2,7.3,934.9,NA,1021.9,NA,1531.4,1.8,216,1,3.6,6.5,1.7,6.1,NA,NA,0,0,0,NA,NA,NA,NA,NA,0,NA,NA,NA
2026-07-23 01:00:00,"SPF",10.6,10.3,10.7,NA,NA,80.5,10.3,7.3,934.6,NA,1021.6,NA,1529.2,2.3,218,1.2,4.3,8.3,2.2,7.9,NA,NA,0,0,0,NA,NA,NA,NA,NA,0.002,NA,NA,NA
2026-07-23 02:00:00,"SPF",10.5,10.2,10.8,NA,NA,81.6,10.4,7.5,934.3,NA,1021.2,NA,1526.1,2.1,214,1.2,4.3,7.6,2.1,7.6,NA,NA,0,0,0,NA,NA,NA,NA,NA,0.001,NA,NA,NA
2026-07-23 03:00:00,"SPF",10.7,10.4,10.9,NA,NA,81.2,10.4,7.6,934.1,NA,1021,NA,1524.5,1.7,219,0.8,2.9,6.1,1.7,6.1,NA,NA,0,0,0,NA,NA,NA,NA,NA,-0.002,NA,NA,NA
2026-07-23 04:00:00,"SPF",10.1,9.6,10.5,NA,NA,84.8,10.5,7.6,933.9,NA,1020.8,NA,1521.7,1.5,214,0.8,2.9,5.4,1.5,5.4,NA,NA,0,0,0,NA,NA,NA,NA,NA,-0.003,NA,NA,NA
2026-07-23 05:00:00,"SPF",10.5,10.1,10.9,NA,NA,82.6,10.5,7.7,934.1,NA,1021,NA,1524.8,1.6,243,0.4,1.4,5.8,1.6,5.8,NA,NA,0,0,23,NA,NA,NA,NA,NA,0.016,NA,NA,NA
2026-07-23 06:00:00,"SPF",11.6,11.1,12.4,NA,NA,81.3,11.1,8.6,934.2,NA,1021.1,NA,1528.6,1.2,207,0.4,1.4,4.3,1.2,4.3,NA,NA,0,0,98,NA,NA,NA,NA,NA,0.052,NA,NA,NA
2026-07-23 07:00:00,"SPF",13.9,12.8,15.1,NA,NA,72.4,11.5,9,934.2,NA,1021.1,NA,1535,1,207,0.3,1.1,3.6,0.9,3.2,NA,NA,0,0,315,NA,NA,NA,NA,NA,0.162,NA,NA,NA
2026-07-23 08:00:00,"SPF",16.9,15.9,17.8,NA,NA,61,11.7,9.3,934.1,NA,1021,NA,1542.7,4.2,43,2.3,8.3,15.1,4.1,14.8,NA,NA,0,0,530,NA,NA,NA,NA,NA,0.311,NA,NA,NA
2026-07-23 09:00:00,"SPF",18.7,18,19.4,NA,NA,54,11.6,9.2,933.8,NA,1020.7,NA,1545.5,4.5,47,2.1,7.6,16.2,4.4,15.8,NA,NA,0,0,678,NA,NA,NA,NA,NA,0.419,NA,NA,NA
2026-07-23 10:00:00,"SPF",20,19.4,20.5,NA,NA,52.7,12.3,10,933.8,NA,1020.7,NA,1548.9,6.3,42,3.9,14,22.7,6.2,22.3,NA,NA,0,0,801,NA,NA,NA,NA,NA,0.515,NA,NA,NA
2026-07-23 11:00:00,"SPF",21,20.7,21.5,NA,NA,51.6,12.8,10.7,933.7,NA,1020.6,NA,1550.9,7.9,37,4.2,15.1,28.4,7.6,27.4,NA,NA,0,0,859,NA,NA,NA,NA,NA,0.566,NA,NA,NA
2026-07-23 12:00:00,"SPF",21.7,21.2,21.9,NA,NA,49.1,12.7,10.6,933.6,NA,1020.5,NA,1552.6,7.3,38,3.7,13.3,26.3,7.2,25.9,NA,NA,0,0,905,NA,NA,NA,NA,NA,0.604,NA,NA,NA
2026-07-23 13:00:00,"SPF",22.5,22.2,22.8,NA,NA,46.6,12.7,10.5,933.3,NA,1020.2,NA,1552,7,29,2.8,10.1,25.2,6.9,24.8,NA,NA,0,0,932,NA,NA,NA,NA,NA,0.632,NA,NA,NA
2026-07-23 14:00:00,"SPF",22.6,22.2,22.9,NA,NA,43.7,12,9.6,933.1,NA,1020,NA,1550.6,6.2,39,3,10.8,22.3,6.1,22,NA,NA,0,0,639,NA,NA,NA,NA,NA,0.468,NA,NA,NA
2026-07-23 15:00:00,"SPF",23.3,23.1,23.4,NA,NA,38.7,11,8.4,933,NA,1019.8,NA,1551,7.6,38,3.6,13,27.4,7.5,27,NA,NA,0,0,725,NA,NA,NA,NA,NA,0.526,NA,NA,NA
2026-07-23 16:00:00,"SPF",22.9,22.1,23.5,NA,NA,37.9,10.6,7.8,932.9,NA,1019.7,NA,1549.4,7.7,29,4.1,14.8,27.7,7.5,27,NA,NA,0,0,473,NA,NA,NA,NA,NA,0.392,NA,NA,NA
2026-07-23 17:00:00,"SPF",22.2,21.8,22.5,NA,NA,37.8,10.1,7.1,932.7,NA,1019.5,NA,1545.7,6.2,30,3.6,13,22.3,6.1,22,NA,NA,0,0,297,NA,NA,NA,NA,NA,0.275,NA,NA,NA
2026-07-23 18:00:00,"SPF",21.8,21.2,22.3,NA,NA,34.5,9,5.4,932.9,NA,1019.7,NA,1545.7,7,25,4.1,14.8,25.2,6.9,24.8,NA,NA,0,0,196,NA,NA,NA,NA,NA,0.223,NA,NA,NA
2026-07-23 19:00:00,"SPF",20.3,19.2,21.1,NA,NA,30.2,7.2,2.2,933.3,NA,1020.2,NA,1545.7,6.2,28,2.8,10.1,22.3,5.9,21.2,NA,NA,0,0,46,NA,NA,NA,NA,NA,0.081,NA,NA,NA
2026-07-23 20:00:00,"SPF",15.4,13.7,18,NA,NA,53.6,9.3,5.9,933.8,NA,1020.7,NA,1535.8,2,220,0.9,3.2,7.2,1.9,6.8,NA,NA,0,0,0,NA,NA,NA,NA,NA,0.01,NA,NA,NA
2026-07-23 21:00:00,"SPF",13,12.5,13.5,NA,NA,63.2,9.5,6.2,934.3,NA,1021.2,NA,1533.1,1.6,225,0.6,2.2,5.8,1.5,5.4,NA,NA,0,0,0,NA,NA,NA,NA,NA,0.001,NA,NA,NA
2026-07-23 22:00:00,"SPF",11.5,10.6,12.1,NA,NA,69.5,9.4,6.1,934.6,NA,1021.6,NA,1531.8,1.5,207,0.5,1.8,5.4,1.5,5.4,NA,NA,0,0,0,NA,NA,NA,NA,NA,-0.002,NA,NA,NA
2026-07-23 23:00:00,"SPF",10.5,10,11,NA,NA,74.1,9.4,6.1,934.7,NA,1021.7,NA,1529.8,1.2,214,0.4,1.4,4.3,1.2,4.3,NA,NA,0,0,0,NA,NA,NA,NA,NA,-0.004,NA,NA,NA
2026-07-24,"SPF",9.6,9.2,9.9,NA,NA,78.6,9.4,6.1,934.8,NA,1021.8,NA,1528,1.1,207,0.5,1.8,4,1.1,4,NA,NA,0,0,0,NA,NA,NA,NA,NA,-0.004,NA,NA,NA
2026-07-24 01:00:00,"SPF",8.9,8.6,9.4,NA,NA,82,9.3,6,934.6,NA,1021.6,NA,1524.1,0.9,207,0.3,1.1,3.2,0.9,3.2,NA,NA,0,0,0,NA,NA,NA,NA,NA,-0.006,NA,NA,NA
2026-07-24 02:00:00,"SPF",8.3,7.5,9,NA,NA,84.1,9.2,5.8,934.5,NA,1021.5,NA,1521.4,1.3,225,0.5,1.8,4.7,1.3,4.7,NA,NA,0,0,0,NA,NA,NA,NA,NA,-0.005,NA,NA,NA
2026-07-24 03:00:00,"SPF",7.3,6.8,7.8,NA,NA,87.7,9,5.4,934.4,NA,1021.3,NA,1517.6,1.5,207,0.7,2.5,5.4,1.5,5.4,NA,NA,0,0,0,NA,NA,NA,NA,NA,-0.004,NA,NA,NA
2026-07-24 04:00:00,"SPF",6.8,6.6,7,NA,NA,89.8,8.9,5.2,934.2,NA,1021.1,NA,1514.2,2.3,221,1,3.6,8.3,2.3,8.3,NA,NA,0,0,0,NA,NA,NA,NA,NA,-0.003,NA,NA,NA
2026-07-24 05:00:00,"SPF",6.8,6.4,7.1,NA,NA,90.5,8.9,5.3,934,NA,1020.9,NA,1512.8,1.2,207,0.5,1.8,4.3,1.2,4.3,NA,NA,0,0,28,NA,NA,NA,NA,NA,0.012,NA,NA,NA
2026-07-24 06:00:00,"SPF",9,7.2,11.2,NA,NA,83.8,9.6,6.4,933.9,NA,1020.8,NA,1518.2,2.1,198,1,3.6,7.6,2,7.2,NA,NA,0,0,194,NA,NA,NA,NA,NA,0.075,NA,NA,NA
2026-07-24 07:00:00,"SPF",13,11.4,14.4,NA,NA,66.3,9.9,6.8,933.7,NA,1020.6,NA,1527.8,1.9,135,0.5,1.8,6.8,1.8,6.5,NA,NA,0,0,377,NA,NA,NA,NA,NA,0.185,NA,NA,NA
2026-07-24 08:00:00,"SPF",15.9,14.7,17.7,NA,NA,58.8,10.6,7.8,933.5,NA,1020.4,NA,1534.3,4.4,81,1.2,4.3,15.8,4.4,15.8,NA,NA,0,0,556,NA,NA,NA,NA,NA,0.311,NA,NA,NA
2026-07-24 09:00:00,"SPF",18.5,18,19.3,NA,NA,51.4,11,8.3,933.2,NA,1020.1,NA,1539.5,6.3,40,3.6,13,22.7,6.1,22,NA,NA,0,0,711,NA,NA,NA,NA,NA,0.445,NA,NA,NA
2026-07-24 10:00:00,"SPF",20,19.3,20.6,NA,NA,47,11,8.4,932.9,NA,1019.7,NA,1541,7.1,37,4.7,16.9,25.6,7,25.2,NA,NA,0,0,830,NA,NA,NA,NA,NA,0.544,NA,NA,NA
2026-07-24 11:00:00,"SPF",21.5,20.6,22.2,NA,NA,42.1,10.7,8,932.4,NA,1019.2,NA,1540.3,7.7,34,5.1,18.4,27.7,7.5,27,NA,NA,0,0,898,NA,NA,NA,NA,NA,0.616,NA,NA,NA
2026-07-24 12:00:00,"SPF",22.7,22,23.2,NA,NA,37.3,10.3,7.4,932,NA,1018.8,NA,1540.2,8,37,4.9,17.6,28.8,7.8,28.1,NA,NA,0,0,927,NA,NA,NA,NA,NA,0.663,NA,NA,NA
2026-07-24 13:00:00,"SPF",23.7,23.4,24.1,NA,NA,34,10,7,931.5,NA,1018.2,NA,1539,8.2,38,4.6,16.6,29.5,7.9,28.4,NA,NA,0,0,912,NA,NA,NA,NA,NA,0.673,NA,NA,NA
2026-07-24 14:00:00,"SPF",24.8,24.3,25.3,NA,NA,31.9,10,7,931.1,NA,1017.8,NA,1538.6,6.7,36,3.4,12.2,24.1,6.6,23.8,NA,NA,0,0,834,NA,NA,NA,NA,NA,0.623,NA,NA,NA
2026-07-24 15:00:00,"SPF",25.2,25,25.4,NA,NA,29.5,9.5,6.2,930.6,NA,1017.3,NA,1534.6,7.2,33,3.9,14,25.9,7.1,25.6,NA,NA,0,0,711,NA,NA,NA,NA,NA,0.561,NA,NA,NA
2026-07-24 16:00:00,"SPF",25.3,25.1,25.4,NA,NA,28.1,9.1,5.5,930,NA,1016.6,NA,1529.7,6.8,23,4,14.4,24.5,6.7,24.1,NA,NA,0,0,541,NA,NA,NA,NA,NA,0.461,NA,NA,NA
2026-07-24 17:00:00,"SPF",24.9,24.6,25.1,NA,NA,28.1,8.8,5.2,929.5,NA,1016.1,NA,1523.8,7,10,4.2,15.1,25.2,6.9,24.8,NA,NA,0,0,375,NA,NA,NA,NA,NA,0.359,NA,NA,NA
2026-07-24 18:00:00,"SPF",23.8,23,24.4,NA,NA,29.5,8.7,5,929.3,NA,1015.9,NA,1519,5.8,11,3.6,13,20.9,5.7,20.5,NA,NA,0,0,185,NA,NA,NA,NA,NA,0.224,NA,NA,NA
2026-07-24 19:00:00,"SPF",21.3,19,22.8,NA,NA,35.9,9,5.4,929.3,NA,1015.9,NA,1511.6,3.8,360,1.6,5.8,13.7,3.7,13.3,NA,NA,0,0,40,NA,NA,NA,NA,NA,0.066,NA,NA,NA
2026-07-24 20:00:00,"SPF",17.3,15.6,18.6,NA,NA,55.3,10.9,8.2,929.5,NA,1016.1,NA,1502.6,2.6,221,1,3.6,9.4,2.6,9.4,NA,NA,0,0,0,NA,NA,NA,NA,NA,0.012,NA,NA,NA
2026-07-24 21:00:00,"SPF",14.3,13.6,15.5,NA,NA,64.9,10.6,7.8,929.6,NA,1016.2,NA,1494.9,2.4,211,1.1,4,8.6,2.3,8.3,NA,NA,0,0,0,NA,NA,NA,NA,NA,0.009,NA,NA,NA
2026-07-24 22:00:00,"SPF",12.8,12,13.6,NA,NA,68.8,10.2,7.2,929.4,NA,1016,NA,1489,2.3,217,1.1,4,8.3,2.2,7.9,NA,NA,0,0,0,NA,NA,NA,NA,NA,0.006,NA,NA,NA
2026-07-24 23:00:00,"SPF",12.2,11.4,13.1,NA,NA,69.9,9.9,6.9,929,NA,1015.6,NA,1484.5,2.7,210,1.4,5,9.7,2.7,9.7,NA,NA,0,0,0,NA,NA,NA,NA,NA,0.009,NA,NA,NA
2026-07-25,"SPF",11,10.5,11.4,NA,NA,75.9,10,6.9,928.7,NA,1015.2,NA,1478.4,2.5,212,1.6,5.8,9,2.4,8.6,NA,NA,0,0,0,NA,NA,NA,NA,NA,0.007,NA,NA,NA
2026-07-25 01:00:00,"SPF",10.6,10.4,10.8,NA,NA,78.4,10,7,928.6,NA,1015.1,NA,1476.4,2.9,216,1.9,6.8,10.4,2.8,10.1,NA,NA,0,0,0,NA,NA,NA,NA,NA,0.007,NA,NA,NA
2026-07-25 02:00:00,"SPF",10.6,10.3,10.8,NA,NA,80,10.2,7.3,928.5,NA,1015,NA,1475.3,3,218,1.7,6.1,10.8,2.9,10.4,NA,NA,0,0,0,NA,NA,NA,NA,NA,0.005,NA,NA,NA
2026-07-25 03:00:00,"SPF",10.4,10.1,10.8,NA,NA,79.7,10,7,928.2,NA,1014.7,NA,1472.3,2.9,214,1.9,6.8,10.4,2.8,10.1,NA,NA,0,0,0,NA,NA,NA,NA,NA,0.006,NA,NA,NA
2026-07-25 04:00:00,"SPF",10.4,10.1,10.6,NA,NA,79.2,10,6.9,928.2,NA,1014.7,NA,1472,2.9,216,1.9,6.8,10.4,2.9,10.4,NA,NA,0,0,0,NA,NA,NA,NA,NA,0.007,NA,NA,NA
2026-07-25 05:00:00,"SPF",10.7,10.1,11.6,NA,NA,78.1,10.1,7.1,928.2,NA,1014.7,NA,1473.1,3.9,214,2.2,7.9,14,3.8,13.7,NA,NA,0,0,26,NA,NA,NA,NA,NA,0.031,NA,NA,NA
2026-07-25 06:00:00,"SPF",14.1,12,15.9,NA,NA,66.7,10.7,8,927.8,NA,1014.3,NA,1478.7,4.4,216,1.9,6.8,15.8,4.2,15.1,NA,NA,0,0,173,NA,NA,NA,NA,NA,0.098,NA,NA,NA
2026-07-25 07:00:00,"SPF",18.1,16.4,19.4,NA,NA,55.3,11.5,9,927.6,NA,1014,NA,1487.5,2.9,211,1.3,4.7,10.4,2.9,10.4,NA,NA,0,0,346,NA,NA,NA,NA,NA,0.207,NA,NA,NA
2026-07-25 08:00:00,"SPF",21.1,20.1,22.1,NA,NA,49.2,12.3,10,927.2,NA,1013.6,NA,1491.8,2,243,0.5,1.8,7.2,2,7.2,NA,NA,0,0,443,NA,NA,NA,NA,NA,0.281,NA,NA,NA
2026-07-25 09:00:00,"SPF",23.9,22.4,25.3,NA,NA,42.7,12.6,10.3,927,NA,1013.4,NA,1497.9,2,173,1,3.6,7.2,2,7.2,NA,NA,0,0,595,NA,NA,NA,NA,NA,0.41,NA,NA,NA
2026-07-25 10:00:00,"SPF",26.2,25.6,26.8,NA,NA,33.4,11.4,8.8,926.5,NA,1012.9,NA,1499.4,3.7,141,1.5,5.4,13.3,3.6,13,NA,NA,0,0,792,NA,NA,NA,NA,NA,0.57,NA,NA,NA
2026-07-25 11:00:00,"SPF",26.8,26.2,27.4,NA,NA,33.9,11.9,9.6,926.2,NA,1012.5,NA,1497.5,5.7,108,1.4,5,20.5,5.4,19.4,NA,NA,0,0,605,NA,NA,NA,NA,NA,0.466,NA,NA,NA
2026-07-25 12:00:00,"SPF",27.6,27,28.2,NA,NA,33.2,12.2,10,925.8,NA,1012.1,NA,1495.9,5.7,227,2.4,8.6,20.5,5.5,19.8,NA,NA,0,0,686,NA,NA,NA,NA,NA,0.551,NA,NA,NA
2026-07-25 13:00:00,"SPF",27.7,27.4,28.3,NA,NA,31,11.5,9,925.7,NA,1012,NA,1495.5,9.8,240,3.9,14,35.3,9.8,35.3,NA,NA,0,0,608,NA,NA,NA,NA,NA,0.548,NA,NA,NA
2026-07-25 14:00:00,"SPF",27.7,27.4,28.4,NA,NA,28.9,10.7,8,925.5,NA,1011.8,NA,1493.6,8.1,236,3.9,14,29.2,7.9,28.4,NA,NA,0,0,512,NA,NA,NA,NA,NA,0.493,NA,NA,NA
2026-07-25 15:00:00,"SPF",27.7,27.5,28,NA,NA,30.1,11.1,8.5,925.3,NA,1011.6,NA,1491.9,6.3,238,3.1,11.2,22.7,6.2,22.3,NA,NA,0,0,413,NA,NA,NA,NA,NA,0.401,NA,NA,NA
2026-07-25 16:00:00,"SPF",26.5,25.7,27.1,NA,NA,34,11.7,9.2,924.7,NA,1010.9,NA,1482.7,4.5,223,2,7.2,16.2,4.5,16.2,NA,NA,0,0,188,NA,NA,NA,NA,NA,0.218,NA,NA,NA
2026-07-25 17:00:00,"SPF",25.2,24,26.3,NA,NA,37.4,12,9.6,924.8,NA,1011,NA,1480.4,5.2,229,2.1,7.6,18.7,5,18,NA,NA,0,0,93,NA,NA,NA,NA,NA,0.157,NA,NA,NA
2026-07-25 18:00:00,"SPF",23.7,23.4,23.9,NA,NA,45.7,13.4,11.3,924.7,NA,1010.9,NA,1475.9,3.2,192,1.5,5.4,11.5,3.1,11.2,NA,NA,0,0,79,NA,NA,NA,NA,NA,0.104,NA,NA,NA
2026-07-25 19:00:00,"SPF",22.8,21.5,23.9,NA,NA,47.8,13.3,11.2,924.7,NA,1010.9,NA,1473,2.8,202,1.2,4.3,10.1,2.8,10.1,NA,NA,0,0,26,NA,NA,NA,NA,NA,0.053,NA,NA,NA
2026-07-25 20:00:00,"SPF",20.2,18.9,21.6,NA,NA,58.7,13.8,11.8,925,NA,1011.2,NA,1469.3,3.5,212,1.5,5.4,12.6,3.4,12.2,NA,NA,0,0,0,NA,NA,NA,NA,NA,0.022,NA,NA,NA
2026-07-25 21:00:00,"SPF",19.2,18.4,19.6,NA,NA,59,13.1,11,925.5,NA,1011.8,NA,1470.8,3.7,213,1.9,6.8,13.3,3.6,13,NA,NA,0,0,0,NA,NA,NA,NA,NA,0.027,NA,NA,NA
2026-07-25 22:00:00,"SPF",19,18.7,19.5,NA,NA,61.5,13.5,11.5,925.8,NA,1012.1,NA,1473.8,4,210,1.5,5.4,14.4,3.8,13.7,NA,NA,0.1,0,0,NA,NA,NA,NA,NA,0.019,NA,NA,NA
2026-07-25 23:00:00,"SPF",17.5,17.1,18.2,NA,NA,81.2,16.2,14.2,926.1,NA,1012.4,NA,1472.5,3.9,205,2.1,7.6,14,3.9,14,NA,NA,0.1,0,0,NA,NA,NA,NA,NA,0.009,NA,NA,NA
2026-07-26,"SPF",18.3,17.7,19.1,NA,NA,75.3,15.8,13.9,926.4,NA,1012.8,NA,1477.4,8.8,205,3,10.8,31.7,8.5,30.6,NA,NA,0,0,0,NA,NA,NA,NA,NA,0.022,NA,NA,NA
2026-07-26 01:00:00,"SPF",16.9,16.1,18.3,NA,NA,86.3,16.6,14.6,926.9,NA,1013.3,NA,1478.4,9.2,209,3,10.8,33.1,9,32.4,NA,NA,5.1,0,0,NA,NA,NA,NA,NA,0.009,NA,NA,NA
2026-07-26 02:00:00,"SPF",16,15.8,16.1,NA,NA,96.7,17.6,15.5,927,NA,1013.4,NA,1476.5,3.9,216,1.9,6.8,14,3.9,14,NA,NA,0.1,0,0,NA,NA,NA,NA,NA,-0.004,NA,NA,NA
2026-07-26 03:00:00,"SPF",16,15.8,16.2,NA,NA,95.1,17.2,15.2,927,NA,1013.4,NA,1475.9,3.8,208,2,7.2,13.7,3.7,13.3,NA,NA,0,0,0,NA,NA,NA,NA,NA,-0.003,NA,NA,NA
2026-07-26 04:00:00,"SPF",15.7,15.6,15.9,NA,NA,95.3,17,15,926.9,NA,1013.3,NA,1474.6,3.6,202,1.9,6.8,13,3.5,12.6,NA,NA,0,0,0,NA,NA,NA,NA,NA,-0.003,NA,NA,NA
2026-07-26 05:00:00,"SPF",15.9,15.6,16.2,NA,NA,94.1,17,15,926.9,NA,1013.3,NA,1475.5,4.6,191,2.1,7.6,16.6,4.6,16.6,NA,NA,0,0,18,NA,NA,NA,NA,NA,0.019,NA,NA,NA
2026-07-26 06:00:00,"SPF",16.4,16.3,16.5,NA,NA,89.4,16.6,14.6,926.9,NA,1013.3,NA,1476.7,5,192,2.9,10.4,18,4.8,17.3,NA,NA,0,0,31,NA,NA,NA,NA,NA,0.042,NA,NA,NA
2026-07-26 07:00:00,"SPF",16.9,16.5,17,NA,NA,87.1,16.7,14.7,927.4,NA,1013.8,NA,1482.7,4.8,192,2.1,7.6,17.3,4.7,16.9,NA,NA,0,0,54,NA,NA,NA,NA,NA,0.056,NA,NA,NA
2026-07-26 08:00:00,"SPF",17.6,17.2,18.3,NA,NA,80,16.1,14.1,927.6,NA,1014,NA,1486.1,4.8,205,2.2,7.9,17.3,4.6,16.6,NA,NA,0,0,188,NA,NA,NA,NA,NA,0.134,NA,NA,NA
2026-07-26 09:00:00,"SPF",18.8,18.6,19,NA,NA,73.4,16,14,927.9,NA,1014.3,NA,1491.8,4.5,225,2.6,9.4,16.2,4.5,16.2,NA,NA,0,0,229,NA,NA,NA,NA,NA,0.174,NA,NA,NA
2026-07-26 10:00:00,"SPF",19.6,19,20,NA,NA,68.9,15.7,13.7,928.3,NA,1014.8,NA,1498.1,6.5,226,3.3,11.9,23.4,6.4,23,NA,NA,0,0,428,NA,NA,NA,NA,NA,0.295,NA,NA,NA
2026-07-26 11:00:00,"SPF",19.8,19.7,19.9,NA,NA,64.4,14.9,12.9,928.4,NA,1014.9,NA,1499.5,7.1,225,3.6,13,25.6,6.9,24.8,NA,NA,0,0,289,NA,NA,NA,NA,NA,0.238,NA,NA,NA
2026-07-26 12:00:00,"SPF",20.3,19.9,21.1,NA,NA,64.6,15.4,13.4,928.1,NA,1014.6,NA,1498.2,5.9,239,3.3,11.9,21.2,5.5,19.8,NA,NA,0,0,386,NA,NA,NA,NA,NA,0.289,NA,NA,NA
2026-07-26 13:00:00,"SPF",21.4,21,22,NA,NA,57.6,14.7,12.7,928,NA,1014.5,NA,1500.4,6.9,221,3.9,14,24.8,6.7,24.1,NA,NA,0,0,432,NA,NA,NA,NA,NA,0.339,NA,NA,NA
2026-07-26 14:00:00,"SPF",22,21.7,22.1,NA,NA,53,14,12,927.8,NA,1014.2,NA,1499.6,8.2,218,4.1,14.8,29.5,8,28.8,NA,NA,0,0,329,NA,NA,NA,NA,NA,0.3,NA,NA,NA
2026-07-26 15:00:00,"SPF",21.9,21.8,22.2,NA,NA,52.8,13.9,11.8,927.8,NA,1014.2,NA,1499.3,7.3,217,3.8,13.7,26.3,7.2,25.9,NA,NA,0,0,259,NA,NA,NA,NA,NA,0.255,NA,NA,NA
2026-07-26 16:00:00,"SPF",22.2,22.1,22.4,NA,NA,50.2,13.5,11.4,927.9,NA,1014.3,NA,1501,8.1,215,4,14.4,29.2,7.8,28.1,NA,NA,0,0,228,NA,NA,NA,NA,NA,0.245,NA,NA,NA
2026-07-26 17:00:00,"SPF",22.3,22.2,22.5,NA,NA,49.7,13.4,11.3,927.9,NA,1014.4,NA,1501.9,7.5,211,3.8,13.7,27,7.3,26.3,NA,NA,0,0,248,NA,NA,NA,NA,NA,0.238,NA,NA,NA
2026-07-26 18:00:00,"SPF",21.7,21.4,21.9,NA,NA,51,13.2,11.1,928,NA,1014.5,NA,1500.8,7,207,3.1,11.2,25.2,6.9,24.8,NA,NA,0,0,61,NA,NA,NA,NA,NA,0.129,NA,NA,NA
2026-07-26 19:00:00,"SPF",20.8,20.1,21.1,NA,NA,55.7,13.6,11.6,928.3,NA,1014.8,NA,1500.7,5.2,214,2.7,9.7,18.7,5,18,NA,NA,0,0,31,NA,NA,NA,NA,NA,0.077,NA,NA,NA
2026-07-26 20:00:00,"SPF",19.8,19.5,20,NA,NA,59.4,13.7,11.6,928.6,NA,1015.1,NA,1501.3,7.8,229,3,10.8,28.1,7.3,26.3,NA,NA,0,0,0,NA,NA,NA,NA,NA,0.041,NA,NA,NA
2026-07-26 21:00:00,"SPF",19.9,19.8,20,NA,NA,58.3,13.6,11.5,929.1,NA,1015.7,NA,1506.5,6,227,3.6,13,21.6,5.9,21.2,NA,NA,0,0,0,NA,NA,NA,NA,NA,0.049,NA,NA,NA
2026-07-26 22:00:00,"SPF",19.7,19.6,19.9,NA,NA,57.7,13.3,11.2,929.5,NA,1016.1,NA,1509.4,5.5,217,3.1,11.2,19.8,5.3,19.1,NA,NA,0,0,0,NA,NA,NA,NA,NA,0.044,NA,NA,NA
2026-07-26 23:00:00,"SPF",20.1,19.8,20.7,NA,NA,56.8,13.3,11.3,929.8,NA,1016.4,NA,1512.6,8.1,212,3.3,11.9,29.2,7.7,27.7,NA,NA,0,0,0,NA,NA,NA,NA,NA,0.048,NA,NA,NA
2026-07-27,"SPF",20.1,19.8,20.5,NA,NA,57.7,13.6,11.5,930,NA,1016.6,NA,1514.5,6.7,210,3.4,12.2,24.1,6.4,23,NA,NA,0,0,0,NA,NA,NA,NA,NA,0.048,NA,NA,NA
2026-07-27 01:00:00,"SPF",19.9,19.8,19.9,NA,NA,58,13.4,11.4,930.3,NA,1016.9,NA,1516.8,7,215,3.2,11.5,25.2,6.9,24.8,NA,NA,0,0,0,NA,NA,NA,NA,NA,0.045,NA,NA,NA
2026-07-27 02:00:00,"SPF",19.8,19.6,19.9,NA,NA,56.2,12.9,10.8,930.5,NA,1017.2,NA,1518.5,6.6,203,3.1,11.2,23.8,6.5,23.4,NA,NA,0,0,0,NA,NA,NA,NA,NA,0.046,NA,NA,NA
2026-07-27 03:00:00,"SPF",19.5,19.3,19.6,NA,NA,56.8,12.9,10.7,930.7,NA,1017.4,NA,1519.4,5.7,209,2.7,9.7,20.5,5.5,19.8,NA,NA,0,0,0,NA,NA,NA,NA,NA,0.04,NA,NA,NA
2026-07-27 04:00:00,"SPF",19.2,19,19.4,NA,NA,57.6,12.8,10.6,930.9,NA,1017.6,NA,1520.5,5.8,211,2.4,8.6,20.9,5.6,20.2,NA,NA,0,0,0,NA,NA,NA,NA,NA,0.035,NA,NA,NA
2026-07-27 05:00:00,"SPF",18.7,18.3,19,NA,NA,60.7,13.1,11,931.2,NA,1017.9,NA,1521.5,3.1,222,1.5,5.4,11.2,3,10.8,NA,NA,0,0,7,NA,NA,NA,NA,NA,0.054,NA,NA,NA
2026-07-27 06:00:00,"SPF",18.7,18.5,18.8,NA,NA,62.6,13.5,11.4,931.8,NA,1018.5,NA,1526.8,7.4,217,2.3,8.3,26.6,7.2,25.9,NA,NA,0,0,41,NA,NA,NA,NA,NA,0.082,NA,NA,NA
2026-07-27 07:00:00,"SPF",18.8,18.7,18.8,NA,NA,65.1,14.1,12.1,932.4,NA,1019.2,NA,1532.8,7.7,220,3.3,11.9,27.7,7.4,26.6,NA,NA,0,0,56,NA,NA,NA,NA,NA,0.105,NA,NA,NA
2026-07-27 08:00:00,"SPF",19.3,18.7,20.1,NA,NA,64.9,14.6,12.6,932.8,NA,1019.6,NA,1538,7.9,209,3.6,13,28.4,7.7,27.7,NA,NA,0,0,293,NA,NA,NA,NA,NA,0.223,NA,NA,NA
2026-07-27 09:00:00,"SPF",21.2,20.6,21.8,NA,NA,58,14.6,12.6,932.9,NA,1019.7,NA,1544.5,7.9,214,4.5,16.2,28.4,7.7,27.7,NA,NA,0,0,642,NA,NA,NA,NA,NA,0.434,NA,NA,NA
2026-07-27 10:00:00,"SPF",21.6,21.1,22.4,NA,NA,53.9,13.9,11.9,933.2,NA,1020.1,NA,1548.5,8.9,248,4.3,15.5,32,8.6,31,NA,NA,0,0,452,NA,NA,NA,NA,NA,0.359,NA,NA,NA
2026-07-27 11:00:00,"SPF",21.6,21,22.3,NA,NA,55.8,14.4,12.4,933.7,NA,1020.6,NA,1552.7,10.3,248,4.2,15.1,37.1,10.1,36.4,NA,NA,0,0,596,NA,NA,NA,NA,NA,0.431,NA,NA,NA
2026-07-27 12:00:00,"SPF",22.7,22.4,23,NA,NA,53.5,14.7,12.7,933.8,NA,1020.7,NA,1556.9,7.6,241,3.4,12.2,27.4,7.5,27,NA,NA,0,0,772,NA,NA,NA,NA,NA,0.537,NA,NA,NA
2026-07-27 13:00:00,"SPF",23.1,22.8,23.9,NA,NA,50.4,14.2,12.3,933.7,NA,1020.6,NA,1557.3,8.7,211,3.5,12.6,31.3,8.1,29.2,NA,NA,0,0,615,NA,NA,NA,NA,NA,0.46,NA,NA,NA
2026-07-27 14:00:00,"SPF",23.7,23.3,24.3,NA,NA,47.1,13.8,11.7,933.6,NA,1020.5,NA,1558.1,8.2,207,3.1,11.2,29.5,8.2,29.5,NA,NA,0,0,500,NA,NA,NA,NA,NA,0.399,NA,NA,NA
2026-07-27 15:00:00,"SPF",24.1,23.8,24.3,NA,NA,43.8,13.1,11,933.6,NA,1020.5,NA,1559,6.4,221,2.3,8.3,23,6.3,22.7,NA,NA,0,0,352,NA,NA,NA,NA,NA,0.302,NA,NA,NA
2026-07-27 16:00:00,"SPF",24.3,24.1,24.6,NA,NA,43.5,13.2,11.1,933.6,NA,1020.5,NA,1559.7,4.3,227,2.2,7.9,15.5,4.1,14.8,NA,NA,0,0,260,NA,NA,NA,NA,NA,0.242,NA,NA,NA
2026-07-27 17:00:00,"SPF",23.9,23.3,24.2,NA,NA,46.5,13.7,11.6,933.8,NA,1020.7,NA,1560.7,3.8,264,1.2,4.3,13.7,3.7,13.3,NA,NA,0,0,129,NA,NA,NA,NA,NA,0.13,NA,NA,NA
2026-07-27 18:00:00,"SPF",23.1,22.8,23.6,NA,NA,53.2,15,13.1,934.2,NA,1021.1,NA,1561.4,1.4,166,0.6,2.2,5,1.4,5,NA,NA,0,0,82,NA,NA,NA,NA,NA,0.071,NA,NA,NA
2026-07-27 19:00:00,"SPF",21.6,20.9,22.3,NA,NA,59.7,15.3,13.4,934.4,NA,1021.4,NA,1559.3,1.9,198,0.8,2.9,6.8,1.8,6.5,NA,NA,0,0,29,NA,NA,NA,NA,NA,0.029,NA,NA,NA
2026-07-27 20:00:00,"SPF",20.4,19.8,20.9,NA,NA,65.5,15.7,13.7,935.1,NA,1022.1,NA,1562.1,1.2,236,0.4,1.4,4.3,1.1,4,NA,NA,0,0,0,NA,NA,NA,NA,NA,-0.002,NA,NA,NA
2026-07-27 21:00:00,"SPF",18.4,17.2,19.5,NA,NA,73,15.4,13.4,935.8,NA,1022.8,NA,1562.2,1.4,214,0.6,2.2,5,1.4,5,NA,NA,0,0,0,NA,NA,NA,NA,NA,-0.001,NA,NA,NA
2026-07-27 22:00:00,"SPF",16.5,15.5,16.9,NA,NA,80.4,15.1,13.1,936.2,NA,1023.3,NA,1560.6,1.3,207,0.7,2.5,4.7,1.3,4.7,NA,NA,0,0,0,NA,NA,NA,NA,NA,-0.002,NA,NA,NA
2026-07-27 23:00:00,"SPF",15.1,14.7,15.5,NA,NA,83.6,14.4,12.4,936.4,NA,1023.5,NA,1558.5,1.2,225,0.6,2.2,4.3,1.2,4.3,NA,NA,0,0,0,NA,NA,NA,NA,NA,-0.004,NA,NA,NA
2026-07-28,"SPF",13.9,13.5,14.3,NA,NA,86,13.7,11.6,936.7,NA,1023.8,NA,1557.1,1.1,225,0.4,1.4,4,1.1,4,NA,NA,0,0,0,NA,NA,NA,NA,NA,-0.006,NA,NA,NA
2026-07-28 01:00:00,"SPF",13,12.6,13.4,NA,NA,88.1,13.2,11.1,936.8,NA,1023.9,NA,1555.4,1.4,207,0.4,1.4,5,1.3,4.7,NA,NA,0,0,0,NA,NA,NA,NA,NA,-0.007,NA,NA,NA
2026-07-28 02:00:00,"SPF",12.2,11.8,12.5,NA,NA,90.6,12.9,10.7,936.7,NA,1023.8,NA,1551.8,0.9,214,0.4,1.4,3.2,0.9,3.2,NA,NA,0,0,0,NA,NA,NA,NA,NA,-0.007,NA,NA,NA
2026-07-28 03:00:00,"SPF",11.3,10.7,11.9,NA,NA,94.1,12.6,10.4,936.4,NA,1023.5,NA,1547.2,1.1,202,0.5,1.8,4,1,3.6,NA,NA,0,0,0,NA,NA,NA,NA,NA,-0.007,NA,NA,NA
2026-07-28 04:00:00,"SPF",10.9,10.7,11.1,NA,NA,95,12.4,10.1,936.4,NA,1023.5,NA,1545.9,1.3,211,0.6,2.2,4.7,1.2,4.3,NA,NA,0,0,0,NA,NA,NA,NA,NA,-0.007,NA,NA,NA
2026-07-28 05:00:00,"SPF",10.5,10.2,10.8,NA,NA,97.1,12.3,10.1,936.5,NA,1023.6,NA,1545.6,1.4,217,0.6,2.2,5,1.4,5,NA,NA,0,0,17,NA,NA,NA,NA,NA,0.012,NA,NA,NA
2026-07-28 06:00:00,"SPF",12.1,10.7,13.5,NA,NA,92.5,13,10.8,936.8,NA,1023.9,NA,1552.3,1.2,198,0.4,1.4,4.3,1.1,4,NA,NA,0,0,177,NA,NA,NA,NA,NA,0.073,NA,NA,NA
2026-07-28 07:00:00,"SPF",15.3,13.9,16.7,NA,NA,78.5,13.6,11.6,937,NA,1024.1,NA,1564.1,1.7,180,0.7,2.5,6.1,1.7,6.1,NA,NA,0,0,355,NA,NA,NA,NA,NA,0.185,NA,NA,NA
2026-07-28 08:00:00,"SPF",18.9,17.5,20,NA,NA,64.6,14,12,937,NA,1024.1,NA,1574.8,3.6,63,1.3,4.7,13,3.5,12.6,NA,NA,0,0,532,NA,NA,NA,NA,NA,0.319,NA,NA,NA
2026-07-28 09:00:00,"SPF",21.1,20.4,21.5,NA,NA,57.3,14.4,12.4,936.8,NA,1023.9,NA,1579.6,6,42,3.1,11.2,21.6,5.8,20.9,NA,NA,0,0,688,NA,NA,NA,NA,NA,0.45,NA,NA,NA
2026-07-28 10:00:00,"SPF",22.8,22.1,23.4,NA,NA,51.9,14.4,12.4,936.6,NA,1023.7,NA,1583.2,6.7,37,4,14.4,24.1,6.6,23.8,NA,NA,0,0,810,NA,NA,NA,NA,NA,0.557,NA,NA,NA
2026-07-28 11:00:00,"SPF",24.2,23.6,24.9,NA,NA,49,14.8,12.9,936.4,NA,1023.5,NA,1585.3,6.2,40,3.9,14,22.3,6.1,22,NA,NA,0,0,883,NA,NA,NA,NA,NA,0.626,NA,NA,NA
2026-07-28 12:00:00,"SPF",25.5,25.1,25.9,NA,NA,47.3,15.5,13.5,936.1,NA,1023.2,NA,1586.9,6.3,36,3.8,13.7,22.7,6.2,22.3,NA,NA,0,0,917,NA,NA,NA,NA,NA,0.669,NA,NA,NA
2026-07-28 13:00:00,"SPF",26.5,26.1,26.8,NA,NA,44.9,15.5,13.5,935.8,NA,1022.9,NA,1586.5,6.9,39,3.6,13,24.8,6.9,24.8,NA,NA,0,0,901,NA,NA,NA,NA,NA,0.673,NA,NA,NA
2026-07-28 14:00:00,"SPF",27.5,27,27.8,NA,NA,43.1,15.8,13.8,935.5,NA,1022.5,NA,1587.1,5.6,22,3.1,11.2,20.2,5.5,19.8,NA,NA,0,0,824,NA,NA,NA,NA,NA,0.628,NA,NA,NA
2026-07-28 15:00:00,"SPF",28.2,28.1,28.4,NA,NA,41,15.7,13.7,935.1,NA,1022.1,NA,1585.6,5.9,22,3.5,12.6,21.2,5.8,20.9,NA,NA,0,0,706,NA,NA,NA,NA,NA,0.564,NA,NA,NA
2026-07-28 16:00:00,"SPF",28.5,28.4,28.6,NA,NA,40.1,15.6,13.6,934.9,NA,1021.9,NA,1584.2,5.6,20,3.3,11.9,20.2,5.6,20.2,NA,NA,0,0,548,NA,NA,NA,NA,NA,0.455,NA,NA,NA
2026-07-28 17:00:00,"SPF",28.2,27.8,28.5,NA,NA,39.9,15.3,13.3,934.7,NA,1021.7,NA,1581.5,6.1,14,3.8,13.7,22,6,21.6,NA,NA,0,0,370,NA,NA,NA,NA,NA,0.348,NA,NA,NA
2026-07-28 18:00:00,"SPF",27.2,26.7,27.8,NA,NA,40.9,14.8,12.8,934.6,NA,1021.6,NA,1577.8,5.8,6,3.2,11.5,20.9,5.7,20.5,NA,NA,0,0,190,NA,NA,NA,NA,NA,0.208,NA,NA,NA
2026-07-28 19:00:00,"SPF",24.7,22.6,26.3,NA,NA,48.9,15.2,13.2,934.7,NA,1021.7,NA,1570.8,3.4,349,1.4,5,12.2,3.4,12.2,NA,NA,0,0,34,NA,NA,NA,NA,NA,0.051,NA,NA,NA
2026-07-28 20:00:00,"SPF",21,20.3,21.9,NA,NA,65.8,16.4,14.4,935.4,NA,1022.4,NA,1566.3,3.5,221,1.2,4.3,12.6,3.5,12.6,NA,NA,0,0,0,NA,NA,NA,NA,NA,0.013,NA,NA,NA
2026-07-28 21:00:00,"SPF",19,18.4,20,NA,NA,72.7,15.9,13.9,936.2,NA,1023.3,NA,1567.8,3.3,222,1.2,4.3,11.9,3.2,11.5,NA,NA,0,0,0,NA,NA,NA,NA,NA,0.008,NA,NA,NA
2026-07-28 22:00:00,"SPF",17.5,17.2,17.9,NA,NA,76.9,15.4,13.4,936.2,NA,1023.3,NA,1562.9,2.3,222,1.2,4.3,8.3,2.2,7.9,NA,NA,0,0,0,NA,NA,NA,NA,NA,0.005,NA,NA,NA
2026-07-28 23:00:00,"SPF",16.7,16.5,17.1,NA,NA,78.8,15,13,936.1,NA,1023.2,NA,1560.5,2.3,217,1.1,4,8.3,2.2,7.9,NA,NA,0,0,0,NA,NA,NA,NA,NA,0.003,NA,NA,NA
2026-07-29,"SPF",16.4,16.1,16.7,NA,NA,79.7,14.8,12.9,936,NA,1023.1,NA,1558.1,2.7,207,1.6,5.8,9.7,2.6,9.4,NA,NA,0,0,0,NA,NA,NA,NA,NA,0.007,NA,NA,NA
2026-07-29 01:00:00,"SPF",16.2,16,16.5,NA,NA,80.9,14.9,12.9,936,NA,1023.1,NA,1557.6,2.8,220,1.7,6.1,10.1,2.8,10.1,NA,NA,0,0,0,NA,NA,NA,NA,NA,0.007,NA,NA,NA
2026-07-29 02:00:00,"SPF",16,15.7,16.4,NA,NA,81.9,14.9,12.9,935.9,NA,1023,NA,1556.7,3,218,1.7,6.1,10.8,3,10.8,NA,NA,0,0,0,NA,NA,NA,NA,NA,0.006,NA,NA,NA
2026-07-29 03:00:00,"SPF",16,15.6,16.4,NA,NA,82,14.9,12.9,935.8,NA,1022.9,NA,1555.6,3.1,218,1.7,6.1,11.2,3,10.8,NA,NA,0,0,0,NA,NA,NA,NA,NA,0.006,NA,NA,NA
2026-07-29 04:00:00,"SPF",16.1,15.6,16.6,NA,NA,80.6,14.8,12.8,935.5,NA,1022.5,NA,1553.3,3.5,209,2.3,8.3,12.6,3.5,12.6,NA,NA,0,0,0,NA,NA,NA,NA,NA,0.011,NA,NA,NA
2026-07-29 05:00:00,"SPF",16.5,15.9,17.4,NA,NA,78.9,14.9,12.9,935.6,NA,1022.6,NA,1555.2,3.3,215,2,7.2,11.9,3.3,11.9,NA,NA,0,0,15,NA,NA,NA,NA,NA,0.035,NA,NA,NA
2026-07-29 06:00:00,"SPF",18.3,16.4,20,NA,NA,74.1,15.5,13.5,935.8,NA,1022.9,NA,1562,4.4,208,2,7.2,15.8,4.3,15.5,NA,NA,0,0,154,NA,NA,NA,NA,NA,0.097,NA,NA,NA
2026-07-29 07:00:00,"SPF",21.6,20.2,23.1,NA,NA,61.9,15.9,13.9,935.8,NA,1022.9,NA,1572.1,4.7,196,3,10.8,16.9,4.6,16.6,NA,NA,0,0,330,NA,NA,NA,NA,NA,0.234,NA,NA,NA
2026-07-29 08:00:00,"SPF",25.1,23.5,26.5,NA,NA,52,16.5,14.5,935.9,NA,1023,NA,1583.2,4.3,192,2,7.2,15.5,4.2,15.1,NA,NA,0,0,518,NA,NA,NA,NA,NA,0.371,NA,NA,NA
2026-07-29 09:00:00,"SPF",27.9,26.9,28.9,NA,NA,43.1,16.1,14.1,935.8,NA,1022.9,NA,1591,4.2,202,1.8,6.5,15.1,4.1,14.8,NA,NA,0,0,672,NA,NA,NA,NA,NA,0.502,NA,NA,NA
2026-07-29 10:00:00,"SPF",29.5,29.1,29.7,NA,NA,35.8,14.7,12.7,935.8,NA,1022.8,NA,1595.4,6.2,235,2.5,9,22.3,5.9,21.2,NA,NA,0,0,798,NA,NA,NA,NA,NA,0.627,NA,NA,NA
2026-07-29 11:00:00,"SPF",30.4,30,30.6,NA,NA,33.4,14.5,12.5,935.5,NA,1022.5,NA,1595.3,5.7,276,2.3,8.3,20.5,5.4,19.4,NA,NA,0,0,876,NA,NA,NA,NA,NA,0.691,NA,NA,NA
2026-07-29 12:00:00,"SPF",31,30.6,31.3,NA,NA,34.1,15.3,13.3,935.2,NA,1022.2,NA,1594.1,7.5,229,2.8,10.1,27,7.2,25.9,NA,NA,0,0,916,NA,NA,NA,NA,NA,0.739,NA,NA,NA
2026-07-29 13:00:00,"SPF",31.8,31.4,32.1,NA,NA,31.8,15,13,934.8,NA,1021.8,NA,1593.5,9.1,239,2.6,9.4,32.8,8.6,31,NA,NA,0,0,901,NA,NA,NA,NA,NA,0.734,NA,NA,NA
2026-07-29 14:00:00,"SPF",32.3,32,32.5,NA,NA,26.6,12.9,10.7,934.7,NA,1021.7,NA,1593.4,8.5,261,3.6,13,30.6,8.2,29.5,NA,NA,0,0,815,NA,NA,NA,NA,NA,0.71,NA,NA,NA
2026-07-29 15:00:00,"SPF",32.6,32.4,32.7,NA,NA,24,11.8,9.4,934.6,NA,1021.6,NA,1594.1,11.7,243,4.1,14.8,42.1,11.3,40.7,NA,NA,0,0,694,NA,NA,NA,NA,NA,0.646,NA,NA,NA
2026-07-29 16:00:00,"SPF",32.5,32.4,32.6,NA,NA,21.6,10.6,7.8,934.7,NA,1021.7,NA,1594.3,8.9,245,3.6,13,32,8.4,30.2,NA,NA,0,0,534,NA,NA,NA,NA,NA,0.517,NA,NA,NA
2026-07-29 17:00:00,"SPF",31.9,31.6,32.3,NA,NA,20.1,9.5,6.2,934.6,NA,1021.6,NA,1591.2,7,241,3.1,11.2,25.2,6.7,24.1,NA,NA,0,0,290,NA,NA,NA,NA,NA,0.339,NA,NA,NA
2026-07-29 18:00:00,"SPF",30.9,29.8,31.8,NA,NA,22,9.7,6.5,934.5,NA,1021.5,NA,1588,5.3,219,2.1,7.6,19.1,5.2,18.7,NA,NA,0,0,197,NA,NA,NA,NA,NA,0.195,NA,NA,NA
2026-07-29 19:00:00,"SPF",26.5,24.9,29.9,NA,NA,34.9,12,9.6,934.8,NA,1021.8,NA,1577.1,5.1,201,2.1,7.6,18.4,4.9,17.6,NA,NA,0,0,35,NA,NA,NA,NA,NA,0.073,NA,NA,NA
2026-07-29 20:00:00,"SPF",22.9,21.2,24.6,NA,NA,45.1,12.5,10.3,935.4,NA,1022.4,NA,1571.7,4.5,204,2.5,9,16.2,4.4,15.8,NA,NA,0,0,0,NA,NA,NA,NA,NA,0.055,NA,NA,NA
2026-07-29 21:00:00,"SPF",20.4,19.1,22.1,NA,NA,52.9,12.7,10.5,936,NA,1023.1,NA,1570.4,4.6,202,2.2,7.9,16.6,4.4,15.8,NA,NA,0,0,0,NA,NA,NA,NA,NA,0.039,NA,NA,NA
2026-07-29 22:00:00,"SPF",18.3,17.5,18.5,NA,NA,60.7,12.7,10.6,936.5,NA,1023.6,NA,1568.4,2.9,219,1.5,5.4,10.4,2.8,10.1,NA,NA,0,0,0,NA,NA,NA,NA,NA,0.019,NA,NA,NA
2026-07-29 23:00:00,"SPF",17,16.3,17.8,NA,NA,64.7,12.5,10.3,936.7,NA,1023.8,NA,1566.6,2.8,220,1.7,6.1,10.1,2.8,10.1,NA,NA,0,0,0,NA,NA,NA,NA,NA,0.018,NA,NA,NA
2026-07-30,"SPF",16.1,15.7,16.4,NA,NA,67.1,12.3,10,936.8,NA,1023.9,NA,1564.7,3,220,1.7,6.1,10.8,2.9,10.4,NA,NA,0,0,0,NA,NA,NA,NA,NA,0.016,NA,NA,NA
2026-07-30 01:00:00,"SPF",16.1,15.4,17,NA,NA,66.3,12.1,9.8,936.7,NA,1023.8,NA,1563.1,3.3,207,1.8,6.5,11.9,3.2,11.5,NA,NA,0,0,0,NA,NA,NA,NA,NA,0.018,NA,NA,NA
2026-07-30 02:00:00,"SPF",15.9,15.6,16,NA,NA,66.4,12,9.6,936.3,NA,1023.4,NA,1559.4,2.7,194,1.3,4.7,9.7,2.7,9.7,NA,NA,0,0,0,NA,NA,NA,NA,NA,0.011,NA,NA,NA
2026-07-30 03:00:00,"SPF",15.3,14.9,15.6,NA,NA,68.4,11.9,9.5,936.2,NA,1023.3,NA,1556.9,2.7,194,1.7,6.1,9.7,2.7,9.7,NA,NA,0,0,0,NA,NA,NA,NA,NA,0.015,NA,NA,NA
2026-07-30 04:00:00,"SPF",14.8,14.4,15.1,NA,NA,70.6,11.9,9.5,936.2,NA,1023.3,NA,1554.9,3.5,205,2.1,7.6,12.6,3.4,12.2,NA,NA,0,0,0,NA,NA,NA,NA,NA,0.016,NA,NA,NA
2026-07-30 05:00:00,"SPF",14.9,14.4,15.2,NA,NA,70.6,11.9,9.6,936.2,NA,1023.3,NA,1555.9,3.7,209,2.1,7.6,13.3,3.6,13,NA,NA,0,0,18,NA,NA,NA,NA,NA,0.042,NA,NA,NA
2026-07-30 06:00:00,"SPF",17.1,15.9,18.4,NA,NA,65.8,12.9,10.7,936.2,NA,1023.3,NA,1562.3,3.7,216,1.7,6.1,13.3,3.6,13,NA,NA,0,0,155,NA,NA,NA,NA,NA,0.097,NA,NA,NA
2026-07-30 07:00:00,"SPF",20.9,18.9,22.6,NA,NA,56.4,13.9,11.8,936,NA,1023.1,NA,1571.7,2.2,214,1.1,4,7.9,2.2,7.9,NA,NA,0,0,316,NA,NA,NA,NA,NA,0.201,NA,NA,NA
2026-07-30 08:00:00,"SPF",24.3,23.1,25.3,NA,NA,44.7,13.6,11.6,935.6,NA,1022.7,NA,1578.7,1.8,217,0.6,2.2,6.5,1.8,6.5,NA,NA,0,0,495,NA,NA,NA,NA,NA,0.326,NA,NA,NA
2026-07-30 09:00:00,"SPF",27.2,25.8,29.1,NA,NA,41.4,14.9,12.9,935.1,NA,1022.1,NA,1582.3,3,135,0.6,2.2,10.8,2.9,10.4,NA,NA,0,0,652,NA,NA,NA,NA,NA,0.456,NA,NA,NA
2026-07-30 10:00:00,"SPF",30.8,29.9,31.1,NA,NA,28.9,12.8,10.6,935,NA,1022,NA,1592.5,5.3,31,2.9,10.4,19.1,5.2,18.7,NA,NA,0,0,778,NA,NA,NA,NA,NA,0.645,NA,NA,NA
2026-07-30 11:00:00,"SPF",31.6,31.2,31.9,NA,NA,28,13,10.9,934.9,NA,1021.9,NA,1594.1,5.8,43,3.6,13,20.9,5.7,20.5,NA,NA,0,0,852,NA,NA,NA,NA,NA,0.729,NA,NA,NA
2026-07-30 12:00:00,"SPF",32.6,32.2,32.8,NA,NA,25.9,12.7,10.5,934.5,NA,1021.5,NA,1593.1,5.5,41,3.3,11.9,19.8,5.4,19.4,NA,NA,0,0,887,NA,NA,NA,NA,NA,0.758,NA,NA,NA
2026-07-30 13:00:00,"SPF",33.3,33.1,33.7,NA,NA,24.2,12.4,10.1,934.2,NA,1021.1,NA,1592.1,5.6,31,3,10.8,20.2,5.5,19.8,NA,NA,0,0,886,NA,NA,NA,NA,NA,0.757,NA,NA,NA
2026-07-30 14:00:00,"SPF",33.8,33.4,34,NA,NA,23,12.1,9.8,933.9,NA,1020.8,NA,1591,5.2,49,2.3,8.3,18.7,5.1,18.4,NA,NA,0,0,750,NA,NA,NA,NA,NA,0.638,NA,NA,NA
2026-07-30 15:00:00,"SPF",33,31.8,34.2,NA,NA,23,11.5,9.1,934,NA,1021,NA,1589.7,10.5,304,4,14.4,37.8,10.2,36.7,NA,NA,0,0,479,NA,NA,NA,NA,NA,0.525,NA,NA,NA
2026-07-30 16:00:00,"SPF",30.2,28.4,31.5,NA,NA,30.9,13.2,11,935.7,NA,1022.7,NA,1596.7,13.1,274,4.7,16.9,47.2,12.7,45.7,NA,NA,0,0,391,NA,NA,NA,NA,NA,0.445,NA,NA,NA
2026-07-30 17:00:00,"SPF",27.9,27.5,28.4,NA,NA,39.3,14.7,12.8,935.7,NA,1022.8,NA,1590.1,9.5,221,3.9,14,34.2,9.3,33.5,NA,NA,0,0,196,NA,NA,NA,NA,NA,0.269,NA,NA,NA
2026-07-30 18:00:00,"SPF",27.2,26.9,27.5,NA,NA,42.5,15.3,13.4,934.4,NA,1021.3,NA,1575.8,3.7,218,1.3,4.7,13.3,3.6,13,NA,NA,0,0,166,NA,NA,NA,NA,NA,0.132,NA,NA,NA
2026-07-30 19:00:00,"SPF",25.1,23,26.7,NA,NA,50,15.8,13.8,934.1,NA,1021,NA,1566.9,1.6,270,0.6,2.2,5.8,1.6,5.8,NA,NA,0,0,30,NA,NA,NA,NA,NA,0.022,NA,NA,NA
2026-07-30 20:00:00,"SPF",21.2,19.9,22.3,NA,NA,65.8,16.5,14.5,934.4,NA,1021.4,NA,1558.2,2.8,217,1,3.6,10.1,2.7,9.7,NA,NA,0,0,0,NA,NA,NA,NA,NA,0.01,NA,NA,NA
2026-07-30 21:00:00,"SPF",19.4,18.9,19.8,NA,NA,68.8,15.4,13.5,934.6,NA,1021.6,NA,1554.6,2.8,200,1.5,5.4,10.1,2.8,10.1,NA,NA,0,0,0,NA,NA,NA,NA,NA,0.014,NA,NA,NA
2026-07-30 22:00:00,"SPF",17.7,17.2,18.6,NA,NA,74.7,15.1,13.1,934.7,NA,1021.7,NA,1550.4,2.3,218,1.2,4.3,8.3,2.2,7.9,NA,NA,0,0,0,NA,NA,NA,NA,NA,0.006,NA,NA,NA
2026-07-30 23:00:00,"SPF",17.2,16.9,17.5,NA,NA,77.1,15.1,13.2,934.8,NA,1021.8,NA,1549.5,2.9,218,1.6,5.8,10.4,2.8,10.1,NA,NA,0,0,0,NA,NA,NA,NA,NA,0.009,NA,NA,NA
2026-07-31,"SPF",17,16.8,17.2,NA,NA,76.9,14.9,12.9,934.6,NA,1021.6,NA,1547.7,3.2,211,1.8,6.5,11.5,3.1,11.2,NA,NA,0,0,0,NA,NA,NA,NA,NA,0.011,NA,NA,NA
2026-07-31 01:00:00,"SPF",17.1,16.4,17.9,NA,NA,74.9,14.6,12.6,934.5,NA,1021.5,NA,1546.9,3.6,208,1.9,6.8,13,3.5,12.6,NA,NA,0,0,0,NA,NA,NA,NA,NA,0.013,NA,NA,NA
2026-07-31 02:00:00,"SPF",17.5,16.9,18,NA,NA,71,14.2,12.2,934.5,NA,1021.4,NA,1547.6,3.7,205,2.2,7.9,13.3,3.7,13.3,NA,NA,0,0,0,NA,NA,NA,NA,NA,0.019,NA,NA,NA
2026-07-31 03:00:00,"SPF",17.4,16.9,18.8,NA,NA,69.1,13.7,11.6,934.1,NA,1021,NA,1543.7,4.6,208,2.2,7.9,16.6,4.4,15.8,NA,NA,0,0,0,NA,NA,NA,NA,NA,0.021,NA,NA,NA
2026-07-31 04:00:00,"SPF",16.2,15.7,16.6,NA,NA,75,13.8,11.8,933.9,NA,1020.8,NA,1538.8,2.6,218,1.2,4.3,9.4,2.5,9,NA,NA,0,0,0,NA,NA,NA,NA,NA,0.006,NA,NA,NA
2026-07-31 05:00:00,"SPF",15.7,15.5,15.9,NA,NA,77.7,13.9,11.8,933.8,NA,1020.7,NA,1536.7,2.8,219,1.4,5,10.1,2.8,10.1,NA,NA,0,0,17,NA,NA,NA,NA,NA,0.027,NA,NA,NA
2026-07-31 06:00:00,"SPF",16.9,15.6,18.1,NA,NA,75.6,14.6,12.6,934,NA,1020.9,NA,1542.3,2.3,219,1.4,5,8.3,2.3,8.3,NA,NA,0,0,116,NA,NA,NA,NA,NA,0.074,NA,NA,NA
2026-07-31 07:00:00,"SPF",20.4,18.7,22.1,NA,NA,62.2,14.9,12.9,933.9,NA,1020.8,NA,1551.3,2.8,215,1.3,4.7,10.1,2.7,9.7,NA,NA,0,0,287,NA,NA,NA,NA,NA,0.185,NA,NA,NA
2026-07-31 08:00:00,"SPF",23.9,22.8,24.7,NA,NA,53.3,15.8,13.8,933.7,NA,1020.6,NA,1559.9,1.9,180,0.8,2.9,6.8,1.9,6.8,NA,NA,0,0,482,NA,NA,NA,NA,NA,0.321,NA,NA,NA
2026-07-31 09:00:00,"SPF",27.2,25.6,28.4,NA,NA,42.9,15.4,13.5,933.5,NA,1020.4,NA,1567.1,1.9,90,0.6,2.2,6.8,1.9,6.8,NA,NA,0,0,622,NA,NA,NA,NA,NA,0.438,NA,NA,NA
2026-07-31 10:00:00,"SPF",29.6,28.9,30.6,NA,NA,35.9,14.9,12.9,933.3,NA,1020.2,NA,1572.6,9,14,1.8,6.5,32.4,8.8,31.7,NA,NA,0,0,746,NA,NA,NA,NA,NA,0.578,NA,NA,NA
2026-07-31 11:00:00,"SPF",30.3,30,30.6,NA,NA,30.1,13,10.8,933.7,NA,1020.6,NA,1578.5,11.1,247,5.1,18.4,40,10.5,37.8,NA,NA,0,0,717,NA,NA,NA,NA,NA,0.672,NA,NA,NA
2026-07-31 12:00:00,"SPF",30.3,29.5,30.8,NA,NA,30,12.9,10.8,933.4,NA,1020.3,NA,1575.6,10.5,215,5.1,18.4,37.8,10.3,37.1,NA,NA,0,0,788,NA,NA,NA,NA,NA,0.714,NA,NA,NA
2026-07-31 13:00:00,"SPF",30.9,30.6,31.2,NA,NA,27.1,12.1,9.8,932.8,NA,1019.6,NA,1572,9.6,264,4.1,14.8,34.6,9.5,34.2,NA,NA,0,0,849,NA,NA,NA,NA,NA,0.734,NA,NA,NA
2026-07-31 14:00:00,"SPF",29.6,29.4,29.7,NA,NA,31,12.8,10.6,932.6,NA,1019.4,NA,1565.4,6.2,241,2.7,9.7,22.3,6.1,22,NA,NA,0,0,198,NA,NA,NA,NA,NA,0.279,NA,NA,NA
2026-07-31 15:00:00,"SPF",28.8,28.1,29.5,NA,NA,37.2,14.7,12.7,932.2,NA,1019,NA,1560.2,5,230,1.4,5,18,4.9,17.6,NA,NA,0,0,198,NA,NA,NA,NA,NA,0.212,NA,NA,NA
2026-07-31 16:00:00,"SPF",29.6,29,30.1,NA,NA,34.6,14.4,12.4,931.8,NA,1018.6,NA,1558.9,5.8,30,3.6,13,20.9,5.5,19.8,NA,NA,0,0,452,NA,NA,NA,NA,NA,0.429,NA,NA,NA
2026-07-31 17:00:00,"SPF",28.6,28.1,28.9,NA,NA,36.8,14.4,12.4,931.6,NA,1018.3,NA,1553.9,4.5,30,2.3,8.3,16.2,4.4,15.8,NA,NA,0,0,165,NA,NA,NA,NA,NA,0.208,NA,NA,NA
2026-07-31 18:00:00,"SPF",27,26.4,27.9,NA,NA,47.9,17,14.9,931.2,NA,1017.9,NA,1545.3,1.8,214,0.9,3.2,6.5,1.8,6.5,NA,NA,0,0,97,NA,NA,NA,NA,NA,0.092,NA,NA,NA
2026-07-31 19:00:00,"SPF",24.2,23.6,25.4,NA,NA,60.5,18.2,16,931.3,NA,1018,NA,1538.1,2.5,211,1.3,4.7,9,2.4,8.6,NA,NA,0,0,17,NA,NA,NA,NA,NA,0.044,NA,NA,NA
2026-07-31 20:00:00,"SPF",22.4,21.9,23.3,NA,NA,63.5,17.2,15.1,931.8,NA,1018.5,NA,1537.2,2.4,211,1.3,4.7,8.6,2.3,8.3,NA,NA,0,0,0,NA,NA,NA,NA,NA,0.017,NA,NA,NA
2026-07-31 21:00:00,"SPF",21.5,20.9,22,NA,NA,67.2,17.2,15.2,932.3,NA,1019.1,NA,1540.1,2.7,216,1.4,5,9.7,2.7,9.7,NA,NA,0,0,0,NA,NA,NA,NA,NA,0.016,NA,NA,NA
2026-07-31 22:00:00,"SPF",21.4,20.4,22.3,NA,NA,69.6,17.7,15.5,932.9,NA,1019.7,NA,1544.9,5.2,189,1.9,6.8,18.7,5.1,18.4,NA,NA,0,0,0,NA,NA,NA,NA,NA,0.02,NA,NA,NA
2026-07-31 23:00:00,"SPF",20.4,20.2,20.5,NA,NA,77.4,18.6,16.3,933.2,NA,1020.1,NA,1544.5,3.9,203,1.4,5,14,3.7,13.3,NA,NA,0,0,0,NA,NA,NA,NA,NA,0.008,NA,NA,NA
2026-08-01,"SPF",21.1,20.8,21.6,NA,NA,70.2,17.6,15.5,933,NA,1019.9,NA,1545.4,3.8,214,1.6,5.8,13.7,3.8,13.7,NA,NA,0,0,0,NA,NA,NA,NA,NA,0.016,NA,NA,NA
2026-08-01 01:00:00,"SPF",20.6,20.2,21.2,NA,NA,71,17.3,15.2,932.9,NA,1019.8,NA,1543.1,7.1,40,2,7.2,25.6,7,25.2,NA,NA,0,0,0,NA,NA,NA,NA,NA,0.02,NA,NA,NA
2026-08-01 02:00:00,"SPF",19.7,19.4,20.3,NA,NA,78.6,18,15.9,932.8,NA,1019.6,NA,1538.9,8.6,29,3.4,12.2,31,8.4,30.2,NA,NA,0,0,0,NA,NA,NA,NA,NA,0.021,NA,NA,NA
2026-08-01 03:00:00,"SPF",18.9,18.4,19.4,NA,NA,82.4,18,15.8,932.7,NA,1019.5,NA,1536,2.7,53,0.8,2.9,9.7,2.7,9.7,NA,NA,0,0,0,NA,NA,NA,NA,NA,-0.001,NA,NA,NA
2026-08-01 04:00:00,"SPF",17.3,16.5,18.1,NA,NA,88.2,17.4,15.3,932.3,NA,1019.1,NA,1528.1,2.2,211,0.7,2.5,7.9,2.2,7.9,NA,NA,0,0,0,NA,NA,NA,NA,NA,-0.004,NA,NA,NA
2026-08-01 05:00:00,"SPF",16.4,16.2,16.5,NA,NA,89.4,16.6,14.6,932.2,NA,1019,NA,1524.3,2.3,203,1.3,4.7,8.3,2.3,8.3,NA,NA,0,0,16,NA,NA,NA,NA,NA,0.017,NA,NA,NA
2026-08-01 06:00:00,"SPF",17.6,17.1,18.4,NA,NA,80,16.1,14.1,932.3,NA,1019.1,NA,1528.7,3.2,202,1.3,4.7,11.5,3.2,11.5,NA,NA,0,0,98,NA,NA,NA,NA,NA,0.065,NA,NA,NA
2026-08-01 07:00:00,"SPF",18.8,18.6,19.2,NA,NA,78.2,16.9,14.9,932.6,NA,1019.4,NA,1535.1,4.6,186,1.4,5,16.6,4.5,16.2,NA,NA,0,0,95,NA,NA,NA,NA,NA,0.081,NA,NA,NA
2026-08-01 08:00:00,"SPF",18.7,18,19,NA,NA,81.1,17.5,15.3,933,NA,1019.9,NA,1538.3,9.9,187,3.6,13,35.6,9.7,34.9,NA,NA,0.2,0,127,NA,NA,NA,NA,NA,0.112,NA,NA,NA
2026-08-01 09:00:00,"SPF",20.5,19.3,21.5,NA,NA,75.5,18.1,16,933.1,NA,1020,NA,1544.4,8.4,196,2.7,9.7,30.2,8.3,29.9,NA,NA,0,0,429,NA,NA,NA,NA,NA,0.283,NA,NA,NA
2026-08-01 10:00:00,"SPF",23.4,21.9,24.6,NA,NA,62.8,18,15.9,933,NA,1019.8,NA,1551.4,4.1,188,1.5,5.4,14.8,4,14.4,NA,NA,0,0,746,NA,NA,NA,NA,NA,0.504,NA,NA,NA
2026-08-01 11:00:00,"SPF",25.4,25.2,25.5,NA,NA,52.3,16.9,14.9,932.7,NA,1019.5,NA,1554.2,4.1,188,1.8,6.5,14.8,4,14.4,NA,NA,0,0,683,NA,NA,NA,NA,NA,0.499,NA,NA,NA
2026-08-01 12:00:00,"SPF",25.7,25.3,26.4,NA,NA,53.5,17.7,15.6,932.5,NA,1019.3,NA,1553.6,5.4,42,2.8,10.1,19.4,5.4,19.4,NA,NA,0,0,656,NA,NA,NA,NA,NA,0.498,NA,NA,NA
2026-08-01 13:00:00,"SPF",26.1,25.9,26.5,NA,NA,52.5,17.8,15.7,932.2,NA,1019,NA,1552.1,4.9,24,1.6,5.8,17.6,4.8,17.3,NA,NA,0,0,483,NA,NA,NA,NA,NA,0.378,NA,NA,NA
2026-08-01 14:00:00,"SPF",26.5,26.3,26.7,NA,NA,51.7,17.8,15.7,931.8,NA,1018.6,NA,1549.8,6.7,36,2.8,10.1,24.1,6.6,23.8,NA,NA,0,0,381,NA,NA,NA,NA,NA,0.338,NA,NA,NA
2026-08-01 15:00:00,"SPF",26.2,26,26.3,NA,NA,52.9,17.9,15.8,931.8,NA,1018.6,NA,1548.9,7.3,34,3.7,13.3,26.3,7.1,25.6,NA,NA,0,0,246,NA,NA,NA,NA,NA,0.269,NA,NA,NA
2026-08-01 16:00:00,"SPF",25.7,25.2,26.3,NA,NA,55.6,18.4,16.2,931.8,NA,1018.6,NA,1547.6,6.8,44,3.6,13,24.5,6.7,24.1,NA,NA,0,0,180,NA,NA,NA,NA,NA,0.218,NA,NA,NA
2026-08-01 17:00:00,"SPF",25.2,24.9,25.5,NA,NA,58.1,18.6,16.3,931.9,NA,1018.7,NA,1546.8,7.1,55,3.1,11.2,25.6,6.7,24.1,NA,NA,0,0,169,NA,NA,NA,NA,NA,0.185,NA,NA,NA
2026-08-01 18:00:00,"SPF",23.1,22.1,25.5,NA,NA,56.7,16.1,14.1,932.1,NA,1018.9,NA,1542.2,10.5,162,4.9,17.6,37.8,10.2,36.7,NA,NA,0,0,110,NA,NA,NA,NA,NA,0.171,NA,NA,NA
2026-08-01 19:00:00,"SPF",21.3,20.9,21.8,NA,NA,63.3,16,14,932.4,NA,1019.2,NA,1539.8,10.5,169,6.3,22.7,37.8,10.4,37.4,NA,NA,0,0,21,NA,NA,NA,NA,NA,0.122,NA,NA,NA
2026-08-01 20:00:00,"SPF",20.2,19.6,20.6,NA,NA,71.2,16.8,14.7,932.7,NA,1019.5,NA,1539.3,8.4,169,4.8,17.3,30.2,8.3,29.9,NA,NA,0,0,0,NA,NA,NA,NA,NA,0.04,NA,NA,NA
2026-08-01 21:00:00,"SPF",19.1,18.7,19.5,NA,NA,75.6,16.7,14.7,932.7,NA,1019.5,NA,1536.8,7.4,174,5,18,26.6,7.2,25.9,NA,NA,0,0,0,NA,NA,NA,NA,NA,0.032,NA,NA,NA
2026-08-01 22:00:00,"SPF",17.6,16.4,18.5,NA,NA,83.8,16.8,14.7,932.6,NA,1019.4,NA,1531.2,5.9,182,2.5,9,21.2,5.8,20.9,NA,NA,0,0,0,NA,NA,NA,NA,NA,0.01,NA,NA,NA
2026-08-01 23:00:00,"SPF",16.2,15.6,16.8,NA,NA,91.7,16.9,14.9,932.4,NA,1019.2,NA,1525.5,1.6,236,0.9,3.2,5.8,1.6,5.8,NA,NA,0,0,0,NA,NA,NA,NA,NA,-0.004,NA,NA,NA
2026-08-02,"SPF",15.2,14.8,16,NA,NA,93.6,16.1,14.1,932.1,NA,1018.9,NA,1519.6,1.3,225,0.7,2.5,4.7,1.3,4.7,NA,NA,0,0,0,NA,NA,NA,NA,NA,-0.006,NA,NA,NA
2026-08-02 01:00:00,"SPF",14.7,14.5,15,NA,NA,94.8,15.9,13.9,931.7,NA,1018.4,NA,1515.2,1.3,180,0.4,1.4,4.7,1.2,4.3,NA,NA,0,0,0,NA,NA,NA,NA,NA,-0.008,NA,NA,NA
2026-08-02 02:00:00,"SPF",14,13.9,14.2,NA,NA,96.1,15.3,13.4,931.8,NA,1018.6,NA,1514,1.8,210,0.8,2.9,6.5,1.7,6.1,NA,NA,0,0,0,NA,NA,NA,NA,NA,-0.006,NA,NA,NA
2026-08-02 03:00:00,"SPF",13.7,13.1,14.2,NA,NA,96.1,15.1,13.1,931.8,NA,1018.6,NA,1513,1.1,198,0.5,1.8,4,1,3.6,NA,NA,0,0,0,NA,NA,NA,NA,NA,-0.007,NA,NA,NA
2026-08-02 04:00:00,"SPF",13,12.7,13,NA,NA,98.1,14.6,12.7,931.8,NA,1018.6,NA,1511.1,1.7,203,0.8,2.9,6.1,1.7,6.1,NA,NA,0,0,0,NA,NA,NA,NA,NA,-0.007,NA,NA,NA
2026-08-02 05:00:00,"SPF",13,12.7,13.1,NA,NA,96.3,14.4,12.4,931.8,NA,1018.6,NA,1510.9,1.6,233,0.5,1.8,5.8,1.6,5.8,NA,NA,0,0,13,NA,NA,NA,NA,NA,0.011,NA,NA,NA
2026-08-02 06:00:00,"SPF",14.1,13,15.7,NA,NA,94.2,15.2,13.2,931.7,NA,1018.5,NA,1513.7,1.1,198,0.4,1.4,4,1.1,4,NA,NA,0,0,149,NA,NA,NA,NA,NA,0.066,NA,NA,NA
2026-08-02 07:00:00,"SPF",17,15.7,18.5,NA,NA,84.7,16.4,14.4,931.7,NA,1018.4,NA,1521.6,1.6,124,0.5,1.8,5.8,1.6,5.8,NA,NA,0,0,324,NA,NA,NA,NA,NA,0.176,NA,NA,NA
2026-08-02 08:00:00,"SPF",20,19,20.8,NA,NA,76.7,17.9,15.8,931.6,NA,1018.3,NA,1529.1,2.7,45,1.3,4.7,9.7,2.7,9.7,NA,NA,0,0,499,NA,NA,NA,NA,NA,0.304,NA,NA,NA
2026-08-02 09:00:00,"SPF",21.7,21.4,22.2,NA,NA,70.6,18.4,16.2,931.5,NA,1018.2,NA,1532.9,6.4,36,3.3,11.9,23,6.1,22,NA,NA,0,0,651,NA,NA,NA,NA,NA,0.418,NA,NA,NA
2026-08-02 10:00:00,"SPF",23,22.5,23.6,NA,NA,66.8,18.8,16.5,931.4,NA,1018.1,NA,1535.5,6.7,35,4.4,15.8,24.1,6.6,23.8,NA,NA,0,0,774,NA,NA,NA,NA,NA,0.512,NA,NA,NA
2026-08-02 11:00:00,"SPF",24.9,24.1,25.6,NA,NA,61.4,19.3,16.9,931.2,NA,1017.9,NA,1538.8,6.8,36,4.6,16.6,24.5,6.6,23.8,NA,NA,0,0,857,NA,NA,NA,NA,NA,0.598,NA,NA,NA
2026-08-02 12:00:00,"SPF",26.2,25.8,26.5,NA,NA,57.1,19.4,17,930.9,NA,1017.6,NA,1539.8,7.5,35,4.6,16.6,27,7.4,26.6,NA,NA,0,0,886,NA,NA,NA,NA,NA,0.644,NA,NA,NA
2026-08-02 13:00:00,"SPF",27.3,27,27.9,NA,NA,53.4,19.4,17,930.5,NA,1017.2,NA,1539.6,7.8,38,4.6,16.6,28.1,7.7,27.7,NA,NA,0,0,864,NA,NA,NA,NA,NA,0.653,NA,NA,NA
2026-08-02 14:00:00,"SPF",28.3,27.8,28.5,NA,NA,48.3,18.6,16.4,930.1,NA,1016.7,NA,1539,8.7,30,4.8,17.3,31.3,8.4,30.2,NA,NA,0,0,791,NA,NA,NA,NA,NA,0.632,NA,NA,NA
2026-08-02 15:00:00,"SPF",28.8,28.6,29,NA,NA,44.8,17.7,15.6,929.9,NA,1016.5,NA,1538.2,7.8,22,4.4,15.8,28.1,7.6,27.4,NA,NA,0,0,659,NA,NA,NA,NA,NA,0.552,NA,NA,NA
2026-08-02 16:00:00,"SPF",28.9,28.4,29.3,NA,NA,43.9,17.5,15.4,929.5,NA,1016.1,NA,1534.7,8,12,4.4,15.8,28.8,7.9,28.4,NA,NA,0,0,461,NA,NA,NA,NA,NA,0.431,NA,NA,NA
2026-08-02 17:00:00,"SPF",27.5,26.5,28.7,NA,NA,54.9,20.1,17.5,929.3,NA,1015.9,NA,1529.4,7.4,163,3.7,13.3,26.6,7.3,26.3,NA,NA,0,0,350,NA,NA,NA,NA,NA,0.301,NA,NA,NA
2026-08-02 18:00:00,"SPF",25.9,25.4,26.5,NA,NA,63.2,21.1,18.4,929.1,NA,1015.7,NA,1523.1,6.7,170,3.6,13,24.1,6.6,23.8,NA,NA,0,0,189,NA,NA,NA,NA,NA,0.169,NA,NA,NA
2026-08-02 19:00:00,"SPF",25.6,25,26.5,NA,NA,59.8,19.6,17.1,929.1,NA,1015.7,NA,1521.9,8.7,167,4.1,14.8,31.3,8.3,29.9,NA,NA,0,0,38,NA,NA,NA,NA,NA,0.067,NA,NA,NA
2026-08-02 20:00:00,"SPF",24,22.9,25.6,NA,NA,55.5,16.6,14.6,929.2,NA,1015.8,NA,1518.8,7.4,164,3.4,12.2,26.6,7.2,25.9,NA,NA,0,0,0,NA,NA,NA,NA,NA,0.059,NA,NA,NA
2026-08-02 21:00:00,"SPF",21.2,20.1,22.4,NA,NA,67,16.8,14.8,929.7,NA,1016.3,NA,1515.2,6.9,178,2.7,9.7,24.8,6.7,24.1,NA,NA,0,0,0,NA,NA,NA,NA,NA,0.031,NA,NA,NA
2026-08-02 22:00:00,"SPF",19.1,18.2,19.7,NA,NA,76.5,16.9,14.9,929.8,NA,1016.4,NA,1510.4,2.9,197,1.4,5,10.4,2.9,10.4,NA,NA,0,0,0,NA,NA,NA,NA,NA,0.008,NA,NA,NA
2026-08-02 23:00:00,"SPF",17.9,17.6,18.7,NA,NA,80.1,16.5,14.5,929.8,NA,1016.4,NA,1507.3,2.9,196,1.5,5.4,10.4,2.8,10.1,NA,NA,0,0,0,NA,NA,NA,NA,NA,0.006,NA,NA,NA
2026-08-03,"SPF",17.3,17,17.6,NA,NA,82,16.2,14.2,929.9,NA,1016.5,NA,1506.2,3.3,203,1.5,5.4,11.9,3.3,11.9,NA,NA,0,0,0,NA,NA,NA,NA,NA,0.005,NA,NA,NA
2026-08-03 01:00:00,"SPF",17.7,16.9,18.1,NA,NA,80.2,16.2,14.2,930,NA,1016.6,NA,1507.9,3.2,207,1.9,6.8,11.5,3.2,11.5,NA,NA,0,0,0,NA,NA,NA,NA,NA,0.009,NA,NA,NA
2026-08-03 02:00:00,"SPF",17.7,17.4,18.2,NA,NA,78.2,15.8,13.8,930.1,NA,1016.7,NA,1509,3.8,213,2.1,7.6,13.7,3.7,13.3,NA,NA,0,0,0,NA,NA,NA,NA,NA,0.012,NA,NA,NA
2026-08-03 03:00:00,"SPF",17.5,17,17.8,NA,NA,78.9,15.7,13.8,930,NA,1016.6,NA,1507.8,3.4,218,1.7,6.1,12.2,3.3,11.9,NA,NA,0,0,0,NA,NA,NA,NA,NA,0.008,NA,NA,NA
2026-08-03 04:00:00,"SPF",17.4,16.6,18.3,NA,NA,78.1,15.5,13.6,930,NA,1016.6,NA,1507.5,2.6,208,1.5,5.4,9.4,2.6,9.4,NA,NA,0,0,0,NA,NA,NA,NA,NA,0.007,NA,NA,NA
2026-08-03 05:00:00,"SPF",16.9,16.5,17.5,NA,NA,80.2,15.4,13.4,930.2,NA,1016.8,NA,1507.6,3.1,216,1.4,5,11.2,3,10.8,NA,NA,0,0,11,NA,NA,NA,NA,NA,0.027,NA,NA,NA
2026-08-03 06:00:00,"SPF",17.7,16.9,19.1,NA,NA,78.4,15.9,13.9,930.6,NA,1017.3,NA,1513.7,2.4,211,1.2,4.3,8.6,2.4,8.6,NA,NA,0,0,141,NA,NA,NA,NA,NA,0.078,NA,NA,NA
2026-08-03 07:00:00,"SPF",21.3,20.1,22.6,NA,NA,62,15.7,13.7,930.7,NA,1017.4,NA,1524.8,2.2,207,1.4,5,7.9,2.1,7.6,NA,NA,0,0,316,NA,NA,NA,NA,NA,0.203,NA,NA,NA
2026-08-03 08:00:00,"SPF",24.8,23.2,26.3,NA,NA,48.9,15.2,13.3,930.8,NA,1017.5,NA,1535.7,1.8,173,0.9,3.2,6.5,1.8,6.5,NA,NA,0,0,490,NA,NA,NA,NA,NA,0.332,NA,NA,NA
2026-08-03 09:00:00,"SPF",28.2,26.9,29.3,NA,NA,39,14.9,12.9,930.9,NA,1017.6,NA,1545.7,4.5,51,1.5,5.4,16.2,4.3,15.5,NA,NA,0,0,642,NA,NA,NA,NA,NA,0.479,NA,NA,NA
2026-08-03 10:00:00,"SPF",30.2,29.4,30.8,NA,NA,33.6,14.4,12.4,930.8,NA,1017.5,NA,1550.3,5.8,36,3.1,11.2,20.9,5.8,20.9,NA,NA,0,0,669,NA,NA,NA,NA,NA,0.574,NA,NA,NA
2026-08-03 11:00:00,"SPF",31.1,30.5,31.9,NA,NA,30,13.6,11.5,930.7,NA,1017.4,NA,1552.8,6.6,30,3.5,12.6,23.8,6.4,23,NA,NA,0,0,751,NA,NA,NA,NA,NA,0.657,NA,NA,NA
2026-08-03 12:00:00,"SPF",31.6,31.2,32.3,NA,NA,30.8,14.3,12.3,930.5,NA,1017.2,NA,1552,7,35,3.4,12.2,25.2,6.8,24.5,NA,NA,0,0,728,NA,NA,NA,NA,NA,0.646,NA,NA,NA
2026-08-03 13:00:00,"SPF",32.6,32.5,32.8,NA,NA,29.4,14.5,12.5,930.1,NA,1016.7,NA,1550.8,7.2,37,3.3,11.9,25.9,7,25.2,NA,NA,0,0,883,NA,NA,NA,NA,NA,0.752,NA,NA,NA
2026-08-03 14:00:00,"SPF",32.8,32.4,33,NA,NA,29.1,14.4,12.4,929.6,NA,1016.2,NA,1546.6,4.8,27,2.2,7.9,17.3,4.7,16.9,NA,NA,0,0,658,NA,NA,NA,NA,NA,0.564,NA,NA,NA
2026-08-03 15:00:00,"SPF",33,32.6,33.2,NA,NA,29.2,14.7,12.7,929.1,NA,1015.7,NA,1542.7,6.3,14,3.6,13,22.7,6.2,22.3,NA,NA,0,0,671,NA,NA,NA,NA,NA,0.61,NA,NA,NA
2026-08-03 16:00:00,"SPF",32.7,32.4,33,NA,NA,30.6,15.2,13.2,928.8,NA,1015.3,NA,1539.4,7.7,23,3.6,13,27.7,7.5,27,NA,NA,0,0,446,NA,NA,NA,NA,NA,0.456,NA,NA,NA
2026-08-03 17:00:00,"SPF",29.8,29.2,31.2,NA,NA,33.4,14,12,928.9,NA,1015.4,NA,1532,11.3,75,4,14.4,40.7,11,39.6,NA,NA,0,0,117,NA,NA,NA,NA,NA,0.261,NA,NA,NA
2026-08-03 18:00:00,"SPF",27.7,26.9,28.4,NA,NA,41,15.2,13.2,929.2,NA,1015.8,NA,1528.8,2.8,90,1.3,4.7,10.1,2.8,10.1,NA,NA,0,0,22,NA,NA,NA,NA,NA,0.088,NA,NA,NA
2026-08-03 19:00:00,"SPF",25.8,25.2,26.4,NA,NA,50.7,16.8,14.7,929.9,NA,1016.5,NA,1529.3,8.5,196,3.3,11.9,30.6,8.2,29.5,NA,NA,0,0,1,NA,NA,NA,NA,NA,0.126,NA,NA,NA
2026-08-03 20:00:00,"SPF",24.4,23.8,24.8,NA,NA,55.9,17.1,15,930.1,NA,1016.7,NA,1528,9.6,187,3.8,13.7,34.6,9.2,33.1,NA,NA,0,0,0,NA,NA,NA,NA,NA,0.064,NA,NA,NA
2026-08-03 21:00:00,"SPF",23.3,22.6,23.8,NA,NA,61.6,17.7,15.5,930.8,NA,1017.5,NA,1531.1,6.1,193,2.3,8.3,22,6,21.6,NA,NA,0,0,0,NA,NA,NA,NA,NA,0.035,NA,NA,NA
2026-08-03 22:00:00,"SPF",23.5,23.1,24.2,NA,NA,55.7,16.2,14.2,931.4,NA,1018.1,NA,1536.9,6.1,208,2.7,9.7,22,5.9,21.2,NA,NA,0,0,0,NA,NA,NA,NA,NA,0.048,NA,NA,NA
2026-08-03 23:00:00,"SPF",22.7,22.5,23.5,NA,NA,58.5,16.1,14.2,930.8,NA,1017.5,NA,1529.7,5.2,205,2.5,9,18.7,5,18,NA,NA,0,0,0,NA,NA,NA,NA,NA,0.041,NA,NA,NA
2026-08-04,"SPF",22.1,21.7,22.7,NA,NA,60.2,16,14,930.2,NA,1016.8,NA,1522.2,4.3,196,1.9,6.8,15.5,4.2,15.1,NA,NA,0,0,0,NA,NA,NA,NA,NA,0.029,NA,NA,NA
2026-08-04 01:00:00,"SPF",20.9,20.3,21.7,NA,NA,63.6,15.7,13.7,930,NA,1016.6,NA,1517.4,3,186,1.4,5,10.8,2.9,10.4,NA,NA,0,0,0,NA,NA,NA,NA,NA,0.017,NA,NA,NA
2026-08-04 02:00:00,"SPF",19.6,18.8,20.3,NA,NA,68.8,15.7,13.7,930.2,NA,1016.8,NA,1515.5,2,210,1,3.6,7.2,1.9,6.8,NA,NA,0,0,0,NA,NA,NA,NA,NA,0.008,NA,NA,NA
2026-08-04 03:00:00,"SPF",18.7,18.5,19,NA,NA,72.9,15.7,13.8,930.2,NA,1016.8,NA,1512.8,2.6,210,1.1,4,9.4,2.5,9,NA,NA,0,0,0,NA,NA,NA,NA,NA,0.007,NA,NA,NA
2026-08-04 04:00:00,"SPF",17.9,17,18.8,NA,NA,75.5,15.5,13.5,930.5,NA,1017.2,NA,1513.6,1.6,180,0.5,1.8,5.8,1.6,5.8,NA,NA,0,0,0,NA,NA,NA,NA,NA,-0.003,NA,NA,NA
2026-08-04 05:00:00,"SPF",17.3,16.9,17.5,NA,NA,78.5,15.5,13.5,931.4,NA,1018.1,NA,1519.3,1.9,198,0.9,3.2,6.8,1.9,6.8,NA,NA,0,0,8,NA,NA,NA,NA,NA,0.025,NA,NA,NA
2026-08-04 06:00:00,"SPF",18,16.9,19.3,NA,NA,75.3,15.5,13.5,931.6,NA,1018.3,NA,1523.2,2.7,195,1.3,4.7,9.7,2.6,9.4,NA,NA,0,0,120,NA,NA,NA,NA,NA,0.075,NA,NA,NA
2026-08-04 07:00:00,"SPF",21,19.6,22.3,NA,NA,63.3,15.6,13.7,931.8,NA,1018.5,NA,1533.2,2.4,185,1.1,4,8.6,2.3,8.3,NA,NA,0,0,308,NA,NA,NA,NA,NA,0.193,NA,NA,NA
2026-08-04 08:00:00,"SPF",24.4,22.7,26,NA,NA,50.7,15.4,13.5,931.8,NA,1018.5,NA,1543,2,90,0.6,2.2,7.2,1.9,6.8,NA,NA,0,0,489,NA,NA,NA,NA,NA,0.322,NA,NA,NA
2026-08-04 09:00:00,"SPF",27.6,26.9,28.2,NA,NA,42.4,15.7,13.7,931.6,NA,1018.3,NA,1551.1,6.2,30,3.2,11.5,22.3,6.1,22,NA,NA,0,0,637,NA,NA,NA,NA,NA,0.509,NA,NA,NA
2026-08-04 10:00:00,"SPF",28.9,28.4,29.2,NA,NA,39.6,15.7,13.8,931.5,NA,1018.2,NA,1553.7,6.9,33,3.5,12.6,24.8,6.7,24.1,NA,NA,0,0,760,NA,NA,NA,NA,NA,0.615,NA,NA,NA
2026-08-04 11:00:00,"SPF",29.8,29.5,30.1,NA,NA,37.7,15.8,13.8,931.1,NA,1017.8,NA,1552.4,6.2,53,2.9,10.4,22.3,6,21.6,NA,NA,0,0,844,NA,NA,NA,NA,NA,0.673,NA,NA,NA
2026-08-04 12:00:00,"SPF",30.7,30.4,31,NA,NA,37.8,16.7,14.7,930.5,NA,1017.2,NA,1549.4,5.5,43,2.8,10.1,19.8,5.4,19.4,NA,NA,0,0,868,NA,NA,NA,NA,NA,0.699,NA,NA,NA
2026-08-04 13:00:00,"SPF",31.5,31.1,32,NA,NA,36.9,17,15,930,NA,1016.6,NA,1547,6.5,37,3.4,12.2,23.4,6.3,22.7,NA,NA,0,0,854,NA,NA,NA,NA,NA,0.711,NA,NA,NA
2026-08-04 14:00:00,"SPF",30.8,30,31.8,NA,NA,37.6,16.7,14.6,929.7,NA,1016.3,NA,1541.6,7.5,43,4.2,15.1,27,7.3,26.3,NA,NA,0,0,344,NA,NA,NA,NA,NA,0.41,NA,NA,NA
2026-08-04 15:00:00,"SPF",29.6,28.3,30.2,NA,NA,40.3,16.7,14.6,929.4,NA,1016,NA,1535.9,6.7,26,3.4,12.2,24.1,6.6,23.8,NA,NA,0,0,96,NA,NA,NA,NA,NA,0.222,NA,NA,NA
2026-08-04 16:00:00,"SPF",21.9,20.5,25,NA,NA,76.5,19.9,17.4,930.4,NA,1017,NA,1523.6,10.2,218,4,14.4,36.7,9.9,35.6,NA,NA,1,0,22,NA,NA,NA,NA,NA,0.081,NA,NA,NA
2026-08-04 17:00:00,"SPF",21.1,20.8,21.4,NA,NA,84.1,21.1,18.3,931.1,NA,1017.8,NA,1527.9,5.4,218,2,7.2,19.4,5.1,18.4,NA,NA,0,0,84,NA,NA,NA,NA,NA,0.078,NA,NA,NA
2026-08-04 18:00:00,"SPF",21,20.6,21.4,NA,NA,82.4,20.5,17.9,931.9,NA,1018.7,NA,1534.2,7.3,202,2.6,9.4,26.3,7.2,25.9,NA,NA,0,0,35,NA,NA,NA,NA,NA,0.056,NA,NA,NA
2026-08-04 19:00:00,"SPF",20,19.7,20.4,NA,NA,86.7,20.2,17.7,932.3,NA,1019.1,NA,1535.5,7.8,205,3.4,12.2,28.1,7.7,27.7,NA,NA,0,0,8,NA,NA,NA,NA,NA,0.035,NA,NA,NA
2026-08-04 20:00:00,"SPF",20.4,20,20.8,NA,NA,80.3,19.2,16.9,933.5,NA,1020.3,NA,1547.1,8.6,218,3.8,13.7,31,8.4,30.2,NA,NA,0,0,0,NA,NA,NA,NA,NA,0.022,NA,NA,NA
2026-08-04 21:00:00,"SPF",19.7,19.4,20,NA,NA,84.7,19.5,17.1,934.3,NA,1021.2,NA,1552.5,7.6,217,3.4,12.2,27.4,7.4,26.6,NA,NA,0,0,0,NA,NA,NA,NA,NA,0.014,NA,NA,NA
2026-08-04 22:00:00,"SPF",20.1,19.9,20.5,NA,NA,80.6,19,16.7,934.9,NA,1021.9,NA,1559.8,7.1,224,3.8,13.7,25.6,7.1,25.6,NA,NA,0,0,0,NA,NA,NA,NA,NA,0.021,NA,NA,NA
2026-08-04 23:00:00,"SPF",19.6,19,20.2,NA,NA,82.2,18.7,16.5,934.4,NA,1021.4,NA,1553.6,6.9,227,3.4,12.2,24.8,6.7,24.1,NA,NA,0,0,0,NA,NA,NA,NA,NA,0.017,NA,NA,NA
2026-08-05,"SPF",18.7,18.3,19,NA,NA,85.7,18.5,16.3,933.8,NA,1020.7,NA,1545,6.6,229,3.5,12.6,23.8,6.3,22.7,NA,NA,0,0,0,NA,NA,NA,NA,NA,0.012,NA,NA,NA
2026-08-05 01:00:00,"SPF",17.4,16.9,17.9,NA,NA,89.6,17.7,15.6,933.5,NA,1020.4,NA,1538.6,4.4,198,1.7,6.1,15.8,4.3,15.5,NA,NA,0,0,0,NA,NA,NA,NA,NA,0.001,NA,NA,NA
2026-08-05 02:00:00,"SPF",16.4,16.1,16.5,NA,NA,93.4,17.4,15.3,933.7,NA,1020.6,NA,1537.6,3.1,190,1.5,5.4,11.2,3,10.8,NA,NA,0,0,0,NA,NA,NA,NA,NA,-0.003,NA,NA,NA
2026-08-05 03:00:00,"SPF",17.2,16.6,17.4,NA,NA,90.4,17.7,15.6,933.9,NA,1020.8,NA,1541.5,3.1,186,1.2,4.3,11.2,3.1,11.2,NA,NA,0,0,0,NA,NA,NA,NA,NA,-0.002,NA,NA,NA
2026-08-05 04:00:00,"SPF",17.6,17.2,17.7,NA,NA,89,17.9,15.7,933.8,NA,1020.7,NA,1542.3,3,197,1.4,5,10.8,2.9,10.4,NA,NA,0,0,0,NA,NA,NA,NA,NA,0,NA,NA,NA
2026-08-05 05:00:00,"SPF",17.5,17.2,17.7,NA,NA,88.9,17.8,15.6,934.1,NA,1021,NA,1544.7,2.1,209,1.2,4.3,7.6,2.1,7.6,NA,NA,0,0,10,NA,NA,NA,NA,NA,0.018,NA,NA,NA
2026-08-05 06:00:00,"SPF",18.1,17.4,19,NA,NA,85.9,17.8,15.7,934.2,NA,1021.1,NA,1547.5,4,201,2,7.2,14.4,4,14.4,NA,NA,0,0,157,NA,NA,NA,NA,NA,0.082,NA,NA,NA
2026-08-05 07:00:00,"SPF",20.1,19.3,21.1,NA,NA,74.7,17.6,15.5,934.3,NA,1021.2,NA,1554.3,2.9,184,1.5,5.4,10.4,2.9,10.4,NA,NA,0,0,319,NA,NA,NA,NA,NA,0.192,NA,NA,NA
2026-08-05 08:00:00,"SPF",23.3,21.6,24.5,NA,NA,60.5,17.2,15.2,934.4,NA,1021.3,NA,1563.9,5.1,225,2.2,7.9,18.4,4.9,17.6,NA,NA,0,0,485,NA,NA,NA,NA,NA,0.333,NA,NA,NA
2026-08-05 09:00:00,"SPF",25.2,24.9,25.5,NA,NA,53.5,17.1,15.1,934.4,NA,1021.3,NA,1569.9,5,241,2.4,8.6,18,4.9,17.6,NA,NA,0,0,638,NA,NA,NA,NA,NA,0.459,NA,NA,NA
2026-08-05 10:00:00,"SPF",26,25.7,26.6,NA,NA,52,17.5,15.4,934.4,NA,1021.3,NA,1572.3,4.8,256,1.8,6.5,17.3,4.7,16.9,NA,NA,0,0,768,NA,NA,NA,NA,NA,0.55,NA,NA,NA
2026-08-05 11:00:00,"SPF",27.1,26.7,27.5,NA,NA,48.4,17.3,15.2,934.3,NA,1021.2,NA,1574.4,5.8,273,2.5,9,20.9,5.7,20.5,NA,NA,0,0,816,NA,NA,NA,NA,NA,0.608,NA,NA,NA
2026-08-05 12:00:00,"SPF",28,27.4,28.5,NA,NA,46.6,17.6,15.5,934.1,NA,1021,NA,1574.9,5.8,220,2.6,9.4,20.9,5.6,20.2,NA,NA,0,0,951,NA,NA,NA,NA,NA,0.714,NA,NA,NA
2026-08-05 13:00:00,"SPF",27.3,27,27.6,NA,NA,51.4,18.6,16.3,933.9,NA,1020.8,NA,1570.8,5.8,2,2.5,9,20.9,5.7,20.5,NA,NA,0,0,479,NA,NA,NA,NA,NA,0.4,NA,NA,NA
2026-08-05 14:00:00,"SPF",27.7,27.1,28.1,NA,NA,49.3,18.3,16.1,933.7,NA,1020.6,NA,1570.3,4.6,229,1.5,5.4,16.6,4.5,16.2,NA,NA,0,0,537,NA,NA,NA,NA,NA,0.417,NA,NA,NA
2026-08-05 15:00:00,"SPF",27.6,27.2,28.3,NA,NA,48.7,18,15.9,933.6,NA,1020.5,NA,1569.3,8,212,3,10.8,28.8,7.8,28.1,NA,NA,0,0,408,NA,NA,NA,NA,NA,0.363,NA,NA,NA
2026-08-05 16:00:00,"SPF",27.9,27.6,28.3,NA,NA,44.9,16.9,14.9,933.4,NA,1020.3,NA,1568.2,5,214,2.3,8.3,18,4.8,17.3,NA,NA,0,0,470,NA,NA,NA,NA,NA,0.374,NA,NA,NA
2026-08-05 17:00:00,"SPF",27.5,27.4,27.6,NA,NA,45.8,16.9,14.8,933.4,NA,1020.3,NA,1567.7,4.2,225,1.9,6.8,15.1,4.1,14.8,NA,NA,0,0,171,NA,NA,NA,NA,NA,0.181,NA,NA,NA
2026-08-05 18:00:00,"SPF",25.4,20.8,27.3,NA,NA,56.6,17.9,15.7,933.9,NA,1020.8,NA,1565.8,13.6,210,3.5,12.6,49,13.2,47.5,NA,NA,4.1,0,33,NA,NA,NA,NA,NA,0.125,NA,NA,NA
2026-08-05 19:00:00,"SPF",20.4,20,20.6,NA,NA,89.2,21.3,18.5,935.2,NA,1022.2,NA,1562.9,6.3,171,1.6,5.8,22.7,6,21.6,NA,NA,2.2,0,26,NA,NA,NA,NA,NA,0.005,NA,NA,NA
2026-08-05 20:00:00,"SPF",19.7,19.5,19.9,NA,NA,94.2,21.6,18.7,935.7,NA,1022.8,NA,1565.8,2.1,201,1,3.6,7.6,2.1,7.6,NA,NA,1.3,0,0,NA,NA,NA,NA,NA,-0.004,NA,NA,NA
2026-08-05 21:00:00,"SPF",19.5,19.4,19.6,NA,NA,95.7,21.7,18.8,936,NA,1023.1,NA,1567.4,2.3,207,0.8,2.9,8.3,2.2,7.9,NA,NA,0.2,0,0,NA,NA,NA,NA,NA,-0.006,NA,NA,NA
2026-08-05 22:00:00,"SPF",19.4,19.2,19.5,NA,NA,95.6,21.5,18.6,935.8,NA,1022.9,NA,1565.2,3,198,1.7,6.1,10.8,3,10.8,NA,NA,0,0,0,NA,NA,NA,NA,NA,-0.003,NA,NA,NA
2026-08-05 23:00:00,"SPF",19.3,19.2,19.4,NA,NA,95.1,21.3,18.5,935.8,NA,1022.9,NA,1565.6,4.5,208,1.8,6.5,16.2,4.4,15.8,NA,NA,0.4,0,0,NA,NA,NA,NA,NA,-0.002,NA,NA,NA
2026-08-06,"SPF",19.4,19.3,19.5,NA,NA,94.4,21.2,18.4,936,NA,1023.1,NA,1566.9,4.7,214,2,7.2,16.9,4.5,16.2,NA,NA,0.4,0,0,NA,NA,NA,NA,NA,-0.001,NA,NA,NA
2026-08-06 01:00:00,"SPF",19.1,19,19.2,NA,NA,95.6,21.1,18.4,935.9,NA,1023,NA,1565.5,1.6,225,0.5,1.8,5.8,1.6,5.8,NA,NA,0,0,0,NA,NA,NA,NA,NA,-0.007,NA,NA,NA
2026-08-06 02:00:00,"SPF",18.6,18.3,18.9,NA,NA,97.5,20.9,18.2,935.8,NA,1022.9,NA,1563.5,0.9,198,0.4,1.4,3.2,0.8,2.9,NA,NA,0,0,0,NA,NA,NA,NA,NA,-0.008,NA,NA,NA
2026-08-06 03:00:00,"SPF",17.9,17.3,18.3,NA,NA,98.4,20.2,17.6,935.8,NA,1022.8,NA,1560.5,1.4,198,0.5,1.8,5,1.4,5,NA,NA,0,0,0,NA,NA,NA,NA,NA,-0.008,NA,NA,NA
2026-08-06 04:00:00,"SPF",17.3,17,17.5,NA,NA,98.8,19.5,17.1,935.8,NA,1022.9,NA,1559,2.2,180,0.6,2.2,7.9,2.1,7.6,NA,NA,0,0,0,NA,NA,NA,NA,NA,-0.008,NA,NA,NA
2026-08-06 05:00:00,"SPF",16.8,16.5,16.9,NA,NA,98.5,18.8,16.5,935.8,NA,1022.9,NA,1558,1.2,214,0.6,2.2,4.3,1.2,4.3,NA,NA,0,0,13,NA,NA,NA,NA,NA,0.007,NA,NA,NA
2026-08-06 06:00:00,"SPF",16.9,16.7,17.1,NA,NA,99,19.1,16.8,936,NA,1023.1,NA,1559.8,1.4,180,0.6,2.2,5,1.4,5,NA,NA,0.1,0,55,NA,NA,NA,NA,NA,0.036,NA,NA,NA
2026-08-06 07:00:00,"SPF",17.9,17.3,18.3,NA,NA,94.1,19.3,17,936.1,NA,1023.2,NA,1563.7,1.3,207,0.5,1.8,4.7,1.3,4.7,NA,NA,0,0,213,NA,NA,NA,NA,NA,0.124,NA,NA,NA
2026-08-06 08:00:00,"SPF",19.1,18.4,20,NA,NA,88.5,19.5,17.1,936.3,NA,1023.4,NA,1568.7,1.1,180,0.3,1.1,4,1.1,4,NA,NA,0,0,223,NA,NA,NA,NA,NA,0.145,NA,NA,NA
2026-08-06 09:00:00,"SPF",21.8,20.4,23.1,NA,NA,71.6,18.6,16.4,936.3,NA,1023.4,NA,1576.9,4.3,50,1.2,4.3,15.5,4.2,15.1,NA,NA,0,0,606,NA,NA,NA,NA,NA,0.392,NA,NA,NA
2026-08-06 10:00:00,"SPF",23.3,23.1,23.5,NA,NA,56.9,16.2,14.2,936.2,NA,1023.3,NA,1580.9,4.2,54,2.5,9,15.1,4.1,14.8,NA,NA,0,0,552,NA,NA,NA,NA,NA,0.401,NA,NA,NA
2026-08-06 11:00:00,"SPF",24,23.3,24.5,NA,NA,55.3,16.5,14.5,936.1,NA,1023.2,NA,1581.5,4.5,45,2.3,8.3,16.2,4.3,15.5,NA,NA,0,0,568,NA,NA,NA,NA,NA,0.42,NA,NA,NA
2026-08-06 12:00:00,"SPF",24.9,24.5,25.5,NA,NA,52.2,16.4,14.4,935.9,NA,1022.9,NA,1582.3,5.6,52,2,7.2,20.2,5.4,19.4,NA,NA,0,0,690,NA,NA,NA,NA,NA,0.501,NA,NA,NA
2026-08-06 13:00:00,"SPF",25.9,25.6,26,NA,NA,50.4,16.8,14.8,935.5,NA,1022.5,NA,1582.4,6.5,49,2.3,8.3,23.4,6.2,22.3,NA,NA,0,0,834,NA,NA,NA,NA,NA,0.601,NA,NA,NA
2026-08-06 14:00:00,"SPF",25.5,24.9,26.1,NA,NA,50.9,16.6,14.6,935.3,NA,1022.3,NA,1578.9,6.2,16,2.8,10.1,22.3,6.1,22,NA,NA,0,0,502,NA,NA,NA,NA,NA,0.402,NA,NA,NA
2026-08-06 15:00:00,"SPF",26.2,25.8,26.5,NA,NA,48.4,16.5,14.5,934.9,NA,1021.9,NA,1577.7,4,63,1.5,5.4,14.4,3.9,14,NA,NA,0,0,542,NA,NA,NA,NA,NA,0.4,NA,NA,NA
2026-08-06 16:00:00,"SPF",25.7,25.5,25.8,NA,NA,49.9,16.4,14.4,934.8,NA,1021.8,NA,1575.1,4.2,18,2.3,8.3,15.1,4.1,14.8,NA,NA,0,0,212,NA,NA,NA,NA,NA,0.214,NA,NA,NA
2026-08-06 17:00:00,"SPF",25.7,25.5,26,NA,NA,48.8,16.1,14.1,934.5,NA,1021.5,NA,1572.6,3.5,39,1.5,5.4,12.6,3.4,12.2,NA,NA,0,0,229,NA,NA,NA,NA,NA,0.187,NA,NA,NA
2026-08-06 18:00:00,"SPF",25,24.5,25.5,NA,NA,53.6,17,14.9,934.4,NA,1021.4,NA,1569.7,2.3,355,1.2,4.3,8.3,2.2,7.9,NA,NA,0,0,88,NA,NA,NA,NA,NA,0.088,NA,NA,NA
2026-08-06 19:00:00,"SPF",23.4,22.4,24.2,NA,NA,65.5,18.7,16.5,934.6,NA,1021.6,NA,1566.4,1.8,14,0.6,2.2,6.5,1.8,6.5,NA,NA,0,0,11,NA,NA,NA,NA,NA,0.018,NA,NA,NA
2026-08-06 20:00:00,"SPF",21.4,20.5,21.9,NA,NA,74.4,18.9,16.6,935.3,NA,1022.3,NA,1566.6,1.2,198,0.6,2.2,4.3,1.2,4.3,NA,NA,0,0,0,NA,NA,NA,NA,NA,0,NA,NA,NA
2026-08-06 21:00:00,"SPF",19.9,19.2,20.2,NA,NA,78.8,18.4,16.1,935.9,NA,1023,NA,1568.1,1.4,270,0.7,2.5,5,1.4,5,NA,NA,0,0,0,NA,NA,NA,NA,NA,0,NA,NA,NA
2026-08-06 22:00:00,"SPF",18.2,17.1,19.2,NA,NA,83.2,17.3,15.3,936.1,NA,1023.2,NA,1564.5,1.5,211,0.6,2.2,5.4,1.5,5.4,NA,NA,0,0,0,NA,NA,NA,NA,NA,-0.003,NA,NA,NA
2026-08-06 23:00:00,"SPF",17.2,16.9,17.9,NA,NA,82.1,16.1,14.2,936,NA,1023.1,NA,1560.5,1.3,207,0.5,1.8,4.7,1.3,4.7,NA,NA,0,0,0,NA,NA,NA,NA,NA,-0.004,NA,NA,NA
2026-08-07,"SPF",16.2,15.8,16.4,NA,NA,86,15.8,13.8,935.9,NA,1023,NA,1556.6,1,214,0.4,1.4,3.6,1,3.6,NA,NA,0,0,0,NA,NA,NA,NA,NA,-0.006,NA,NA,NA
2026-08-07 01:00:00,"SPF",15.5,15.4,15.6,NA,NA,87.9,15.5,13.5,935.8,NA,1022.9,NA,1553.7,1.3,225,0.4,1.4,4.7,1.3,4.7,NA,NA,0,0,0,NA,NA,NA,NA,NA,-0.006,NA,NA,NA
2026-08-07 02:00:00,"SPF",14.7,14.6,15.1,NA,NA,90.3,15.1,13.2,935.8,NA,1022.8,NA,1551.2,1.1,231,0.7,2.5,4,1.1,4,NA,NA,0,0,0,NA,NA,NA,NA,NA,-0.005,NA,NA,NA
2026-08-07 03:00:00,"SPF",14.6,14.4,14.8,NA,NA,89,14.8,12.8,935.7,NA,1022.7,NA,1550.4,1,256,0.4,1.4,3.6,1,3.6,NA,NA,0,0,0,NA,NA,NA,NA,NA,-0.007,NA,NA,NA
2026-08-07 04:00:00,"SPF",14.4,14,14.9,NA,NA,87.4,14.3,12.3,935.7,NA,1022.7,NA,1549.9,0.7,360,0.2,0.7,2.5,0.7,2.5,NA,NA,0,0,0,NA,NA,NA,NA,NA,-0.008,NA,NA,NA
2026-08-07 05:00:00,"SPF",13.3,12.8,14.1,NA,NA,90.7,13.8,11.8,935.8,NA,1022.9,NA,1547.4,1.2,225,0.4,1.4,4.3,1.2,4.3,NA,NA,0,0,9,NA,NA,NA,NA,NA,0.01,NA,NA,NA
2026-08-07 06:00:00,"SPF",13.5,12.6,14.6,NA,NA,90.1,13.9,11.9,935.8,NA,1022.9,NA,1548,1.1,198,0.7,2.5,4,1.1,4,NA,NA,0,0,126,NA,NA,NA,NA,NA,0.056,NA,NA,NA
2026-08-07 07:00:00,"SPF",15.8,14.8,17,NA,NA,79.8,14.3,12.3,935.7,NA,1022.7,NA,1553.9,2,180,0.9,3.2,7.2,2,7.2,NA,NA,0,0,310,NA,NA,NA,NA,NA,0.163,NA,NA,NA
2026-08-07 08:00:00,"SPF",19,17.5,19.7,NA,NA,60.8,13.3,11.2,935.5,NA,1022.5,NA,1561.8,4.4,52,1.9,6.8,15.8,4.3,15.5,NA,NA,0,0,489,NA,NA,NA,NA,NA,0.301,NA,NA,NA
2026-08-07 09:00:00,"SPF",20.5,20,21.1,NA,NA,55.5,13.4,11.3,935.4,NA,1022.4,NA,1565.2,5.7,40,3.6,13,20.5,5.6,20.2,NA,NA,0,0,648,NA,NA,NA,NA,NA,0.426,NA,NA,NA
2026-08-07 10:00:00,"SPF",22,21.4,22.9,NA,NA,53.1,14.1,12,935.3,NA,1022.3,NA,1569,5.8,40,3.5,12.6,20.9,5.8,20.9,NA,NA,0,0,782,NA,NA,NA,NA,NA,0.526,NA,NA,NA
2026-08-07 11:00:00,"SPF",23.4,23.1,23.9,NA,NA,51.7,14.9,12.9,935,NA,1022,NA,1570.2,6.7,36,3.7,13.3,24.1,6.6,23.8,NA,NA,0,0,855,NA,NA,NA,NA,NA,0.592,NA,NA,NA
2026-08-07 12:00:00,"SPF",24.4,23.8,24.8,NA,NA,50.2,15.3,13.3,934.8,NA,1021.8,NA,1570.7,7.7,32,4.3,15.5,27.7,7.6,27.4,NA,NA,0,0,889,NA,NA,NA,NA,NA,0.633,NA,NA,NA
2026-08-07 13:00:00,"SPF",25.3,24.8,25.7,NA,NA,47.6,15.4,13.4,934.3,NA,1021.2,NA,1569.5,7.8,32,4.1,14.8,28.1,7.8,28.1,NA,NA,0,0,864,NA,NA,NA,NA,NA,0.634,NA,NA,NA
2026-08-07 14:00:00,"SPF",25.8,25.7,26,NA,NA,45.3,15.1,13.1,933.9,NA,1020.8,NA,1566.9,8.1,27,3.9,14,29.2,7.9,28.4,NA,NA,0,0,800,NA,NA,NA,NA,NA,0.6,NA,NA,NA
2026-08-07 15:00:00,"SPF",26,25.5,26.3,NA,NA,44.4,14.9,12.9,933.7,NA,1020.6,NA,1565.2,7.5,29,3.7,13.3,27,7.1,25.6,NA,NA,0,0,553,NA,NA,NA,NA,NA,0.452,NA,NA,NA
2026-08-07 16:00:00,"SPF",26.1,25.4,26.5,NA,NA,43.6,14.7,12.7,933.7,NA,1020.6,NA,1565.4,6.2,21,3.6,13,22.3,6.1,22,NA,NA,0,0,425,NA,NA,NA,NA,NA,0.368,NA,NA,NA
2026-08-07 17:00:00,"SPF",25.1,24.7,25.5,NA,NA,47.3,15.1,13.1,933.7,NA,1020.6,NA,1563.2,5.9,45,2.7,9.7,21.2,5.8,20.9,NA,NA,0,0,174,NA,NA,NA,NA,NA,0.194,NA,NA,NA
2026-08-07 18:00:00,"SPF",25.1,24.5,25.5,NA,NA,46.5,14.9,12.9,933.7,NA,1020.6,NA,1563.4,5.4,21,2.1,7.6,19.4,5.4,19.4,NA,NA,0,0,145,NA,NA,NA,NA,NA,0.135,NA,NA,NA
2026-08-07 19:00:00,"SPF",23.8,23.2,24.4,NA,NA,53,15.6,13.6,933.9,NA,1020.8,NA,1561.3,3.9,12,1.5,5.4,14,3.8,13.7,NA,NA,0,0,21,NA,NA,NA,NA,NA,0.03,NA,NA,NA
2026-08-07 20:00:00,"SPF",21.9,21,23.2,NA,NA,53.3,14,12,934.4,NA,1021.4,NA,1560.2,4,51,1.5,5.4,14.4,3.9,14,NA,NA,0,0,0,NA,NA,NA,NA,NA,0.027,NA,NA,NA
2026-08-07 21:00:00,"SPF",19.2,18.4,20.4,NA,NA,65.3,14.5,12.5,934.7,NA,1021.7,NA,1555.1,1.2,236,0.6,2.2,4.3,1.2,4.3,NA,NA,0,0,0,NA,NA,NA,NA,NA,0.002,NA,NA,NA
2026-08-07 22:00:00,"SPF",16.6,15.9,17.9,NA,NA,77.5,14.6,12.7,934.7,NA,1021.7,NA,1547.7,1.7,210,0.8,2.9,6.1,1.7,6.1,NA,NA,0,0,0,NA,NA,NA,NA,NA,0,NA,NA,NA
2026-08-07 23:00:00,"SPF",15.3,14.7,16,NA,NA,80.5,14,11.9,934.8,NA,1021.8,NA,1544.5,1.9,216,0.9,3.2,6.8,1.9,6.8,NA,NA,0,0,0,NA,NA,NA,NA,NA,0,NA,NA,NA
2026-08-08,"SPF",14.6,14,15.1,NA,NA,81.9,13.6,11.6,934.9,NA,1021.9,NA,1542.9,1.2,214,0.5,1.8,4.3,1.1,4,NA,NA,0,0,0,NA,NA,NA,NA,NA,-0.004,NA,NA,NA
2026-08-08 01:00:00,"SPF",13.7,13.3,14.3,NA,NA,85.2,13.3,11.3,934.7,NA,1021.7,NA,1539.1,1.2,194,0.5,1.8,4.3,1.1,4,NA,NA,0,0,0,NA,NA,NA,NA,NA,-0.005,NA,NA,NA
2026-08-08 02:00:00,"SPF",12.9,12.6,13.5,NA,NA,87.4,13,10.9,934.7,NA,1021.7,NA,1536.2,1.7,210,0.8,2.9,6.1,1.7,6.1,NA,NA,0,0,0,NA,NA,NA,NA,NA,-0.004,NA,NA,NA
2026-08-08 03:00:00,"SPF",12.7,12.4,12.9,NA,NA,88.6,13,10.8,934.5,NA,1021.5,NA,1534.1,1.9,219,0.7,2.5,6.8,1.9,6.8,NA,NA,0,0,0,NA,NA,NA,NA,NA,-0.005,NA,NA,NA
2026-08-08 04:00:00,"SPF",11.9,11.5,12.3,NA,NA,91.1,12.6,10.4,934.3,NA,1021.2,NA,1530,1.7,216,0.9,3.2,6.1,1.7,6.1,NA,NA,0,0,0,NA,NA,NA,NA,NA,-0.004,NA,NA,NA
2026-08-08 05:00:00,"SPF",12,11.5,12.4,NA,NA,90.8,12.7,10.6,934.4,NA,1021.3,NA,1531.4,1,207,0.3,1.1,3.6,1,3.6,NA,NA,0,0,8,NA,NA,NA,NA,NA,0.009,NA,NA,NA
2026-08-08 06:00:00,"SPF",12.5,11.3,13.9,NA,NA,90.8,13.2,11.1,934.6,NA,1021.6,NA,1534.1,1.5,201,0.8,2.9,5.4,1.5,5.4,NA,NA,0,0,125,NA,NA,NA,NA,NA,0.054,NA,NA,NA
2026-08-08 07:00:00,"SPF",16,14.5,17.4,NA,NA,77.7,14.1,12.1,934.6,NA,1021.6,NA,1545,1.4,158,0.6,2.2,5,1.4,5,NA,NA,0,0,316,NA,NA,NA,NA,NA,0.166,NA,NA,NA
2026-08-08 08:00:00,"SPF",19.2,17.9,20.4,NA,NA,64.1,14.2,12.2,934.5,NA,1021.5,NA,1553.2,1.8,68,0.6,2.2,6.5,1.8,6.5,NA,NA,0,0,493,NA,NA,NA,NA,NA,0.293,NA,NA,NA
2026-08-08 09:00:00,"SPF",22.1,20.7,23.1,NA,NA,55.8,14.8,12.8,934.4,NA,1021.3,NA,1560.7,3.2,29,1.2,4.3,11.5,3.1,11.2,NA,NA,0,0,653,NA,NA,NA,NA,NA,0.426,NA,NA,NA
2026-08-08 10:00:00,"SPF",24,23.4,24.4,NA,NA,50,14.9,12.9,934.2,NA,1021.1,NA,1564.5,6.1,36,3.2,11.5,22,5.9,21.2,NA,NA,0,0,778,NA,NA,NA,NA,NA,0.549,NA,NA,NA
2026-08-08 11:00:00,"SPF",25.3,24.5,25.9,NA,NA,45.8,14.7,12.8,934,NA,1020.9,NA,1566.1,7.3,28,4.1,14.8,26.3,7.2,25.9,NA,NA,0,0,859,NA,NA,NA,NA,NA,0.632,NA,NA,NA
2026-08-08 12:00:00,"SPF",26.6,26.1,26.9,NA,NA,41.3,14.3,12.3,933.8,NA,1020.7,NA,1568.3,6.2,47,3.5,12.6,22.3,6.1,22,NA,NA,0,0,888,NA,NA,NA,NA,NA,0.669,NA,NA,NA
2026-08-08 13:00:00,"SPF",27.5,27.2,28.1,NA,NA,40.9,15.1,13.1,933.4,NA,1020.3,NA,1567.6,6.2,40,3.2,11.5,22.3,6.1,22,NA,NA,0,0,859,NA,NA,NA,NA,NA,0.658,NA,NA,NA
2026-08-08 14:00:00,"SPF",28.4,28.2,28.7,NA,NA,39.9,15.4,13.5,933.2,NA,1020,NA,1567.8,6.9,32,3.3,11.9,24.8,6.6,23.8,NA,NA,0,0,785,NA,NA,NA,NA,NA,0.619,NA,NA,NA
2026-08-08 15:00:00,"SPF",28.8,28.7,29,NA,NA,38.6,15.3,13.3,932.9,NA,1019.7,NA,1566.7,5.9,26,2.7,9.7,21.2,5.8,20.9,NA,NA,0,0,669,NA,NA,NA,NA,NA,0.529,NA,NA,NA
2026-08-08 16:00:00,"SPF",28.4,27.5,29.2,NA,NA,39.7,15.3,13.4,932.9,NA,1019.7,NA,1565.2,5.8,28,2.9,10.4,20.9,5.7,20.5,NA,NA,0,0,344,NA,NA,NA,NA,NA,0.33,NA,NA,NA
2026-08-08 17:00:00,"SPF",27.6,26.6,28,NA,NA,41.6,15.3,13.4,932.9,NA,1019.7,NA,1562.9,3.7,27,1.7,6.1,13.3,3.6,13,NA,NA,0,0,121,NA,NA,NA,NA,NA,0.154,NA,NA,NA
2026-08-08 18:00:00,"SPF",25.7,25.5,26.2,NA,NA,53.2,17.6,15.5,932.9,NA,1019.7,NA,1557.6,1.1,270,0.4,1.4,4,1.1,4,NA,NA,0,0,86,NA,NA,NA,NA,NA,0.063,NA,NA,NA
2026-08-08 19:00:00,"SPF",23,21.9,24.4,NA,NA,62.7,17.6,15.5,932.9,NA,1019.8,NA,1549.9,3.6,196,1.4,5,13,3.5,12.6,NA,NA,0,0,19,NA,NA,NA,NA,NA,0.019,NA,NA,NA
2026-08-08 20:00:00,"SPF",20.6,19.2,22.4,NA,NA,71.3,17.3,15.2,933.4,NA,1020.3,NA,1546.8,2.9,217,1.5,5.4,10.4,2.9,10.4,NA,NA,0,0,0,NA,NA,NA,NA,NA,0.014,NA,NA,NA
2026-08-08 21:00:00,"SPF",19,18.5,19.5,NA,NA,75.2,16.5,14.5,933.6,NA,1020.5,NA,1544.2,2.6,214,1.1,4,9.4,2.5,9,NA,NA,0,0,0,NA,NA,NA,NA,NA,0.006,NA,NA,NA
2026-08-08 22:00:00,"SPF",17.9,17.6,18.5,NA,NA,78.2,16.1,14.1,933.4,NA,1020.3,NA,1539.8,2.7,197,1.4,5,9.7,2.7,9.7,NA,NA,0,0,0,NA,NA,NA,NA,NA,0.007,NA,NA,NA
2026-08-08 23:00:00,"SPF",17.1,16.7,17.3,NA,NA,79.7,15.5,13.6,933.6,NA,1020.5,NA,1538.5,3.3,198,1.7,6.1,11.9,3.2,11.5,NA,NA,0,0,0,NA,NA,NA,NA,NA,0.008,NA,NA,NA
2026-08-09,"SPF",17.3,16.8,17.7,NA,NA,76.6,15.1,13.1,933.9,NA,1020.8,NA,1541.8,3.1,202,1.9,6.8,11.2,3.1,11.2,NA,NA,0,0,0,NA,NA,NA,NA,NA,0.012,NA,NA,NA
2026-08-09 01:00:00,"SPF",16.4,15.9,16.9,NA,NA,79.4,14.9,12.9,933.6,NA,1020.5,NA,1537.2,2.6,212,1.6,5.8,9.4,2.5,9,NA,NA,0,0,0,NA,NA,NA,NA,NA,0.007,NA,NA,NA
2026-08-09 02:00:00,"SPF",16.1,15.8,16.4,NA,NA,79.7,14.5,12.6,933.4,NA,1020.3,NA,1534.5,3.1,205,2,7.2,11.2,3,10.8,NA,NA,0,0,0,NA,NA,NA,NA,NA,0.009,NA,NA,NA
2026-08-09 03:00:00,"SPF",15.4,14.9,15.7,NA,NA,82,14.3,12.3,933.3,NA,1020.2,NA,1531.3,3,216,1.7,6.1,10.8,3,10.8,NA,NA,0,0,0,NA,NA,NA,NA,NA,0.005,NA,NA,NA
2026-08-09 04:00:00,"SPF",15,14.7,15.4,NA,NA,82.9,14.1,12.1,933.4,NA,1020.3,NA,1530.8,3.5,212,2,7.2,12.6,3.4,12.2,NA,NA,0,0,0,NA,NA,NA,NA,NA,0.007,NA,NA,NA
2026-08-09 05:00:00,"SPF",15,14.3,15.5,NA,NA,82.5,14,12,933.4,NA,1020.3,NA,1531.2,2.9,202,1.9,6.8,10.4,2.9,10.4,NA,NA,0,0,22,NA,NA,NA,NA,NA,0.007,NA,NA,NA
2026-08-09 06:00:00,"SPF",16.5,15.4,17.8,NA,NA,77.7,14.6,12.6,933.4,NA,1020.3,NA,1535.1,3,201,1.5,5.4,10.8,2.9,10.4,NA,NA,0,0,108,NA,NA,NA,NA,NA,0.066,NA,NA,NA
2026-08-09 07:00:00,"SPF",20.1,18.4,21.3,NA,NA,63.6,14.9,12.9,933.4,NA,1020.3,NA,1545.9,2.6,204,1.3,4.7,9.4,2.5,9,NA,NA,0,0,266,NA,NA,NA,NA,NA,0.17,NA,NA,NA
2026-08-09 08:00:00,"SPF",22.8,21.7,24.1,NA,NA,55.4,15.3,13.4,933.3,NA,1020.2,NA,1552.4,1.2,180,0.4,1.4,4.3,1.1,4,NA,NA,0,0,431,NA,NA,NA,NA,NA,0.277,NA,NA,NA
2026-08-09 09:00:00,"SPF",26.1,24.8,27.4,NA,NA,42.7,14.4,12.4,933,NA,1019.8,NA,1559,2.7,22,0.9,3.2,9.7,2.6,9.4,NA,NA,0,0,608,NA,NA,NA,NA,NA,0.426,NA,NA,NA
2026-08-09 10:00:00,"SPF",29,27.6,30,NA,NA,34.6,13.8,11.7,932.8,NA,1019.6,NA,1565.6,4.1,28,1.8,6.5,14.8,4,14.4,NA,NA,0,0,755,NA,NA,NA,NA,NA,0.576,NA,NA,NA
2026-08-09 11:00:00,"SPF",30.5,29.9,31.1,NA,NA,32.7,14.2,12.2,932.4,NA,1019.2,NA,1566.3,4.6,31,2.5,9,16.6,4.4,15.8,NA,NA,0,0,845,NA,NA,NA,NA,NA,0.674,NA,NA,NA
2026-08-09 12:00:00,"SPF",31.9,31.5,32.2,NA,NA,28.8,13.6,11.5,932,NA,1018.8,NA,1566.8,7,47,2.8,10.1,25.2,6.8,24.5,NA,NA,0,0,972,NA,NA,NA,NA,NA,0.796,NA,NA,NA
2026-08-09 13:00:00,"SPF",31,30.1,32.3,NA,NA,32.1,14.4,12.4,932.2,NA,1019,NA,1566.4,7.5,27,3.7,13.3,27,7.5,27,NA,NA,0,0,478,NA,NA,NA,NA,NA,0.492,NA,NA,NA
2026-08-09 14:00:00,"SPF",27.8,27,29,NA,NA,32.3,12,9.7,933.9,NA,1020.8,NA,1573.2,15,225,5.3,19.1,54,14.2,51.1,NA,NA,0,0,216,NA,NA,NA,NA,NA,0.365,NA,NA,NA
2026-08-09 15:00:00,"SPF",26.1,25.1,26.8,NA,NA,40.4,13.7,11.6,934.1,NA,1021,NA,1569.6,7.5,207,3.3,11.9,27,7.4,26.6,NA,NA,0,0,142,NA,NA,NA,NA,NA,0.23,NA,NA,NA
2026-08-09 16:00:00,"SPF",27,25.2,28,NA,NA,39.1,13.9,11.8,932.8,NA,1019.7,NA,1560.6,11.2,197,3.9,14,40.3,10.9,39.2,NA,NA,0,0,463,NA,NA,NA,NA,NA,0.409,NA,NA,NA
2026-08-09 17:00:00,"SPF",28.1,27.7,28.6,NA,NA,36.5,13.9,11.8,932.4,NA,1019.2,NA,1559.3,3.7,236,1.3,4.7,13.3,3.6,13,NA,NA,0,0,318,NA,NA,NA,NA,NA,0.236,NA,NA,NA
2026-08-09 18:00:00,"SPF",26.3,23.7,28,NA,NA,45.9,15.6,13.6,932.5,NA,1019.3,NA,1555.9,3.3,225,1.1,4,11.9,3.2,11.5,NA,NA,0,0,104,NA,NA,NA,NA,NA,0.093,NA,NA,NA
2026-08-09 19:00:00,"SPF",22.9,22.4,23.7,NA,NA,55.2,15.4,13.4,932.8,NA,1019.6,NA,1548.1,4,197,2.1,7.6,14.4,3.9,14,NA,NA,0,0,9,NA,NA,NA,NA,NA,0.045,NA,NA,NA
2026-08-09 20:00:00,"SPF",21.8,21.5,22.2,NA,NA,57.8,15.1,13.1,933.3,NA,1020.2,NA,1550.2,5.5,196,2,7.2,19.8,5.4,19.4,NA,NA,0,0,0,NA,NA,NA,NA,NA,0.033,NA,NA,NA
2026-08-09 21:00:00,"SPF",20.4,19.7,21.2,NA,NA,63.4,15.2,13.2,933.6,NA,1020.5,NA,1548.4,3.9,210,1.7,6.1,14,3.7,13.3,NA,NA,0,0,0,NA,NA,NA,NA,NA,0.022,NA,NA,NA
2026-08-09 22:00:00,"SPF",19.4,18.6,19.9,NA,NA,67.2,15.2,13.2,933.5,NA,1020.4,NA,1544.3,5.1,214,1.4,5,18.4,5,18,NA,NA,0,0,0,NA,NA,NA,NA,NA,0.014,NA,NA,NA
2026-08-09 23:00:00,"SPF",18.5,18,19,NA,NA,70.5,15,13,933.6,NA,1020.5,NA,1542.6,4.4,208,2.1,7.6,15.8,4.4,15.8,NA,NA,0,0,0,NA,NA,NA,NA,NA,0.019,NA,NA,NA
2026-08-10,"SPF",17.5,16.9,18,NA,NA,73.5,14.7,12.7,933.6,NA,1020.5,NA,1539.7,2.8,204,1.7,6.1,10.1,2.7,9.7,NA,NA,0,0,0,NA,NA,NA,NA,NA,0.012,NA,NA,NA
2026-08-10 01:00:00,"SPF",17.1,16.2,17.6,NA,NA,74.5,14.5,12.5,933.5,NA,1020.4,NA,1538.2,3.2,207,1.8,6.5,11.5,3.1,11.2,NA,NA,0,1,0,NA,NA,NA,NA,NA,0.012,NA,NA,NA
2026-08-10 02:00:00,"SPF",16.4,15.7,17,NA,NA,76.5,14.2,12.2,933.7,NA,1020.6,NA,1537.4,2.9,207,1.6,5.8,10.4,2.9,10.4,NA,NA,0,0,0,NA,NA,NA,NA,NA,0.009,NA,NA,NA
2026-08-10 03:00:00,"SPF",15.3,14.5,15.8,NA,NA,80.4,13.9,11.9,933.8,NA,1020.7,NA,1535.5,2.3,214,1.5,5.4,8.3,2.2,7.9,NA,NA,0,0,0,NA,NA,NA,NA,NA,0.005,NA,NA,NA
2026-08-10 04:00:00,"SPF",14.4,13.8,15,NA,NA,83.1,13.6,11.6,933.8,NA,1020.7,NA,1532.8,2.5,219,1.4,5,9,2.5,9,NA,NA,0,0,0,NA,NA,NA,NA,NA,0.003,NA,NA,NA
2026-08-10 05:00:00,"SPF",14.2,13.7,14.7,NA,NA,84.4,13.6,11.5,934.2,NA,1021.1,NA,1535.5,2.7,216,1.7,6.1,9.7,2.7,9.7,NA,NA,0,0,15,NA,NA,NA,NA,NA,0.007,NA,NA,NA
2026-08-10 06:00:00,"SPF",15.8,15.3,16.7,NA,NA,80.3,14.4,12.4,934.4,NA,1021.4,NA,1542.6,2.5,207,1.5,5.4,9,2.5,9,NA,NA,0,0,114,NA,NA,NA,NA,NA,0.064,NA,NA,NA
2026-08-10 07:00:00,"SPF",19.3,17.8,20.7,NA,NA,66,14.7,12.7,934.5,NA,1021.4,NA,1553,2.6,189,1.3,4.7,9.4,2.6,9.4,NA,NA,0,0,298,NA,NA,NA,NA,NA,0.179,NA,NA,NA
2026-08-10 08:00:00,"SPF",22.5,21.3,23.9,NA,NA,55.2,15,13,934.5,NA,1021.5,NA,1562.7,1.8,202,0.7,2.5,6.5,1.7,6.1,NA,NA,0,0,351,NA,NA,NA,NA,NA,0.236,NA,NA,NA
2026-08-10 09:00:00,"SPF",25.4,24.3,26.2,NA,NA,45.8,14.8,12.8,934.5,NA,1021.5,NA,1571.4,5.6,221,1.7,6.1,20.2,5.5,19.8,NA,NA,0,0,482,NA,NA,NA,NA,NA,0.365,NA,NA,NA
2026-08-10 10:00:00,"SPF",26.3,25.9,26.6,NA,NA,41.8,14.2,12.2,934.4,NA,1021.3,NA,1572.7,3,211,1.2,4.3,10.8,3,10.8,NA,NA,0,0,455,NA,NA,NA,NA,NA,0.353,NA,NA,NA
2026-08-10 11:00:00,"SPF",25.9,25.8,26,NA,NA,44.5,14.9,12.9,934.4,NA,1021.3,NA,1571.8,4.4,223,1.8,6.5,15.8,4.4,15.8,NA,NA,0,0,251,NA,NA,NA,NA,NA,0.246,NA,NA,NA
2026-08-10 12:00:00,"SPF",27.3,26.3,27.8,NA,NA,39.9,14.4,12.4,934.2,NA,1021.1,NA,1573.8,5.4,218,2.6,9.4,19.4,5.2,18.7,NA,NA,0,0,789,NA,NA,NA,NA,NA,0.604,NA,NA,NA
2026-08-10 13:00:00,"SPF",28.5,27.8,29.1,NA,NA,37.4,14.5,12.5,933.5,NA,1020.4,NA,1571.5,4.4,177,2,7.2,15.8,4.3,15.5,NA,NA,0,0,840,NA,NA,NA,NA,NA,0.635,NA,NA,NA
2026-08-10 14:00:00,"SPF",29.7,29.3,29.9,NA,NA,34.4,14.3,12.3,933.2,NA,1020.1,NA,1571.8,4.9,220,1.9,6.8,17.6,4.8,17.3,NA,NA,0,0,708,NA,NA,NA,NA,NA,0.555,NA,NA,NA
2026-08-10 15:00:00,"SPF",30.4,30.1,30.8,NA,NA,32.4,14.1,12,932.8,NA,1019.6,NA,1570,7,29,2.7,9.7,25.2,6.9,24.8,NA,NA,0,0,698,NA,NA,NA,NA,NA,0.57,NA,NA,NA
2026-08-10 16:00:00,"SPF",29.1,28.7,29.6,NA,NA,36.2,14.5,12.5,932.7,NA,1019.5,NA,1565.7,7.6,35,3.4,12.2,27.4,7.4,26.6,NA,NA,0,0,237,NA,NA,NA,NA,NA,0.299,NA,NA,NA
2026-08-10 17:00:00,"SPF",29,28.8,29.3,NA,NA,34.2,13.7,11.7,932.9,NA,1019.7,NA,1567,8.2,34,4.2,15.1,29.5,8.1,29.2,NA,NA,0,0,313,NA,NA,NA,NA,NA,0.342,NA,NA,NA
2026-08-10 18:00:00,"SPF",27.1,26.3,28.3,NA,NA,39.8,14.2,12.2,933.4,NA,1020.3,NA,1566,7.8,28,3.3,11.9,28.1,7.7,27.7,NA,NA,0,0,78,NA,NA,NA,NA,NA,0.172,NA,NA,NA
2026-08-10 19:00:00,"SPF",24.6,23.2,26,NA,NA,49.2,15.1,13.2,933.9,NA,1020.8,NA,1563.4,3.5,14,1.2,4.3,12.6,3.5,12.6,NA,NA,0,0,11,NA,NA,NA,NA,NA,0.026,NA,NA,NA
2026-08-10 20:00:00,"SPF",21,20.5,21.7,NA,NA,64.7,16.1,14.1,934.7,NA,1021.7,NA,1560.5,2.4,207,1.2,4.3,8.6,2.3,8.3,NA,NA,0,0,0,NA,NA,NA,NA,NA,0.014,NA,NA,NA
2026-08-10 21:00:00,"SPF",19.9,19.6,20.3,NA,NA,68.4,15.9,14,935.4,NA,1022.4,NA,1563,1.7,202,0.7,2.5,6.1,1.7,6.1,NA,NA,0,0,0,NA,NA,NA,NA,NA,0.003,NA,NA,NA
2026-08-10 22:00:00,"SPF",18.6,18.1,19.5,NA,NA,73.8,15.8,13.8,935.7,NA,1022.7,NA,1561.8,2.2,203,1,3.6,7.9,2.2,7.9,NA,NA,0,0,0,NA,NA,NA,NA,NA,0.005,NA,NA,NA
2026-08-10 23:00:00,"SPF",17.5,17,18.3,NA,NA,77.6,15.5,13.6,935.9,NA,1023,NA,1560.5,2.4,204,1,3.6,8.6,2.3,8.3,NA,NA,0,0,0,NA,NA,NA,NA,NA,0.003,NA,NA,NA
2026-08-11,"SPF",16.6,16,17,NA,NA,80.9,15.3,13.3,936,NA,1023.1,NA,1558.9,2.3,212,1.3,4.7,8.3,2.2,7.9,NA,NA,0,0,0,NA,NA,NA,NA,NA,0.004,NA,NA,NA
2026-08-11 01:00:00,"SPF",15.7,15.1,16,NA,NA,83.7,14.9,12.9,935.8,NA,1022.9,NA,1554.8,2.8,212,1.4,5,10.1,2.8,10.1,NA,NA,0,0,0,NA,NA,NA,NA,NA,0.003,NA,NA,NA
2026-08-11 02:00:00,"SPF",15.3,14.7,15.7,NA,NA,84.8,14.7,12.8,935.7,NA,1022.7,NA,1552.5,1.6,214,0.9,3.2,5.8,1.6,5.8,NA,NA,0,0,0,NA,NA,NA,NA,NA,-0.002,NA,NA,NA
2026-08-11 03:00:00,"SPF",14.8,14.3,15,NA,NA,85.9,14.4,12.4,935.5,NA,1022.5,NA,1549.1,2,214,0.9,3.2,7.2,1.9,6.8,NA,NA,0,0,0,NA,NA,NA,NA,NA,-0.002,NA,NA,NA
2026-08-11 04:00:00,"SPF",14.3,13.8,14.6,NA,NA,87.7,14.2,12.2,935.7,NA,1022.7,NA,1549,2.1,214,1.2,4.3,7.6,2.1,7.6,NA,NA,0,0,0,NA,NA,NA,NA,NA,-0.001,NA,NA,NA
2026-08-11 05:00:00,"SPF",14.3,13.9,14.5,NA,NA,87.3,14.3,12.3,935.8,NA,1022.9,NA,1550.7,2.1,217,1.1,4,7.6,2.1,7.6,NA,NA,0,0,12,NA,NA,NA,NA,NA,0.003,NA,NA,NA
2026-08-11 06:00:00,"SPF",15.4,14.5,16.8,NA,NA,84.5,14.8,12.8,935.8,NA,1022.9,NA,1554,2.4,225,0.8,2.9,8.6,2.3,8.3,NA,NA,0,0,111,NA,NA,NA,NA,NA,0.055,NA,NA,NA
2026-08-11 07:00:00,"SPF",18.7,17.6,20.2,NA,NA,74.3,15.9,14,935.9,NA,1023,NA,1564.2,1.1,153,0.4,1.4,4,1.1,4,NA,NA,0,0,288,NA,NA,NA,NA,NA,0.162,NA,NA,NA
2026-08-11 08:00:00,"SPF",21.9,20.5,23.2,NA,NA,61.8,16.2,14.2,936,NA,1023.1,NA,1574.4,6,42,1.9,6.8,21.6,5.9,21.2,NA,NA,0,0,461,NA,NA,NA,NA,NA,0.305,NA,NA,NA
2026-08-11 09:00:00,"SPF",24.3,23.6,25,NA,NA,53.8,16.3,14.4,936.2,NA,1023.3,NA,1583.3,6.9,33,3.6,13,24.8,6.9,24.8,NA,NA,0,0,605,NA,NA,NA,NA,NA,0.445,NA,NA,NA
2026-08-11 10:00:00,"SPF",25.8,25.3,26.3,NA,NA,47.2,15.7,13.7,936.2,NA,1023.3,NA,1588.4,7.1,30,4.3,15.5,25.6,7,25.2,NA,NA,0,0,732,NA,NA,NA,NA,NA,0.561,NA,NA,NA
2026-08-11 11:00:00,"SPF",27.2,26.7,27.6,NA,NA,41.9,15.1,13.1,936.1,NA,1023.2,NA,1591.7,7.7,32,4.6,16.6,27.7,7.6,27.4,NA,NA,0,0,816,NA,NA,NA,NA,NA,0.647,NA,NA,NA
2026-08-11 12:00:00,"SPF",27.9,27.5,28.4,NA,NA,40.5,15.3,13.3,935.8,NA,1022.9,NA,1591.2,7.6,36,4.6,16.6,27.4,7.3,26.3,NA,NA,0,0,843,NA,NA,NA,NA,NA,0.678,NA,NA,NA
2026-08-11 13:00:00,"SPF",28.9,28.5,29.1,NA,NA,38.7,15.4,13.4,935.4,NA,1022.4,NA,1590.3,7.8,33,4.2,15.1,28.1,7.8,28.1,NA,NA,0,0,817,NA,NA,NA,NA,NA,0.669,NA,NA,NA
2026-08-11 14:00:00,"SPF",29.4,29.1,29.8,NA,NA,37.4,15.4,13.4,934.9,NA,1021.9,NA,1587.5,8.5,33,4.2,15.1,30.6,8.3,29.9,NA,NA,0,0,736,NA,NA,NA,NA,NA,0.625,NA,NA,NA
2026-08-11 15:00:00,"SPF",29.7,29.6,29.8,NA,NA,35.9,14.9,13,934.6,NA,1021.6,NA,1585.2,9,42,4.5,16.2,32.4,8.7,31.3,NA,NA,0,0,606,NA,NA,NA,NA,NA,0.55,NA,NA,NA
2026-08-11 16:00:00,"SPF",29.6,29.5,29.7,NA,NA,33.6,13.9,11.9,934.4,NA,1021.3,NA,1583.1,8.7,35,4.8,17.3,31.3,8.5,30.6,NA,NA,0,0,448,NA,NA,NA,NA,NA,0.46,NA,NA,NA
2026-08-11 17:00:00,"SPF",29.2,29,29.4,NA,NA,32.5,13.2,11.1,934.4,NA,1021.4,NA,1582.2,8.7,32,4.3,15.5,31.3,8.5,30.6,NA,NA,0,0,279,NA,NA,NA,NA,NA,0.336,NA,NA,NA
2026-08-11 18:00:00,"SPF",28.2,27.4,28.8,NA,NA,34.9,13.3,11.2,934.8,NA,1021.8,NA,1582.4,5.8,16,2.6,9.4,20.9,5.7,20.5,NA,NA,0,0,112,NA,NA,NA,NA,NA,0.163,NA,NA,NA
2026-08-11 19:00:00,"SPF",24.7,22.7,27,NA,NA,46.4,14.2,12.2,935.3,NA,1022.3,NA,1576.3,1.9,315,0.7,2.5,6.8,1.8,6.5,NA,NA,0,0,11,NA,NA,NA,NA,NA,0.002,NA,NA,NA
2026-08-11 20:00:00,"SPF",20.6,19.6,21.8,NA,NA,61.9,15,13,935.9,NA,1023,NA,1569.8,2.4,209,1.1,4,8.6,2.4,8.6,NA,NA,0,0,0,NA,NA,NA,NA,NA,0.013,NA,NA,NA
2026-08-11 21:00:00,"SPF",19.4,19,19.8,NA,NA,63.5,14.3,12.3,936.7,NA,1023.8,NA,1573.3,2.7,203,1.4,5,9.7,2.6,9.4,NA,NA,0,0,0,NA,NA,NA,NA,NA,0.017,NA,NA,NA
2026-08-11 22:00:00,"SPF",18.1,17.7,19,NA,NA,68.2,14.2,12.2,936.9,NA,1024,NA,1571.4,2.9,203,1.1,4,10.4,2.8,10.1,NA,NA,0,0,0,NA,NA,NA,NA,NA,0.009,NA,NA,NA
2026-08-11 23:00:00,"SPF",16.8,16.1,18.1,NA,NA,73.9,14.1,12.1,936.5,NA,1023.6,NA,1564.1,1.4,207,0.7,2.5,5,1.4,5,NA,NA,0,0,0,NA,NA,NA,NA,NA,0,NA,NA,NA
2026-08-12,"SPF",15.9,15.4,16.3,NA,NA,77.6,14,12,936.8,NA,1023.9,NA,1564.4,1.8,202,0.8,2.9,6.5,1.8,6.5,NA,NA,0,0,0,NA,NA,NA,NA,NA,0,NA,NA,NA
2026-08-12 01:00:00,"SPF",15.6,15.2,16.1,NA,NA,78.4,13.9,11.8,937.1,NA,1024.2,NA,1565.4,2.5,211,1.2,4.3,9,2.4,8.6,NA,NA,0,0,0,NA,NA,NA,NA,NA,0.004,NA,NA,NA
2026-08-12 02:00:00,"SPF",14.9,14.1,15.5,NA,NA,81.8,13.9,11.8,937,NA,1024.1,NA,1562.7,1.9,207,0.8,2.9,6.8,1.8,6.5,NA,NA,0,0,0,NA,NA,NA,NA,NA,-0.001,NA,NA,NA
2026-08-12 03:00:00,"SPF",13.9,13.6,14.3,NA,NA,85.6,13.6,11.6,937.1,NA,1024.2,NA,1561,1.9,217,1,3.6,6.8,1.8,6.5,NA,NA,0,0,0,NA,NA,NA,NA,NA,-0.001,NA,NA,NA
2026-08-12 04:00:00,"SPF",13.7,13.4,14,NA,NA,86.4,13.5,11.5,937.3,NA,1024.5,NA,1561.9,1.7,203,0.8,2.9,6.1,1.7,6.1,NA,NA,0,0,0,NA,NA,NA,NA,NA,-0.003,NA,NA,NA
2026-08-12 05:00:00,"SPF",13.4,12.8,13.8,NA,NA,87.2,13.4,11.3,937.5,NA,1024.7,NA,1562.9,1.6,211,0.7,2.5,5.8,1.6,5.8,NA,NA,0,0,9,NA,NA,NA,NA,NA,0.002,NA,NA,NA
2026-08-12 06:00:00,"SPF",13.9,13.3,14.9,NA,NA,87,13.8,11.7,937.8,NA,1025,NA,1566.6,1.2,211,0.6,2.2,4.3,1.2,4.3,NA,NA,0,0,100,NA,NA,NA,NA,NA,0.047,NA,NA,NA
2026-08-12 07:00:00,"SPF",17.2,15.8,18.7,NA,NA,75.3,14.7,12.8,937.9,NA,1025.1,NA,1577.7,1,169,0.5,1.8,3.6,1,3.6,NA,NA,0,0,278,NA,NA,NA,NA,NA,0.152,NA,NA,NA
2026-08-12 08:00:00,"SPF",20.8,19.1,22.3,NA,NA,61.9,15.1,13.2,937.9,NA,1025.1,NA,1588.5,3.2,18,0.8,2.9,11.5,3.1,11.2,NA,NA,0,0,456,NA,NA,NA,NA,NA,0.284,NA,NA,NA
2026-08-12 09:00:00,"SPF",23.3,22.6,24,NA,NA,53,15.2,13.2,937.8,NA,1025,NA,1594.9,5.3,36,2.8,10.1,19.1,5.2,18.7,NA,NA,0,0,616,NA,NA,NA,NA,NA,0.433,NA,NA,NA
2026-08-12 10:00:00,"SPF",25.1,24.3,25.7,NA,NA,48.4,15.4,13.4,937.7,NA,1024.9,NA,1599.9,7,41,4.2,15.1,25.2,6.7,24.1,NA,NA,0,0,742,NA,NA,NA,NA,NA,0.554,NA,NA,NA
2026-08-12 11:00:00,"SPF",26.3,25.9,26.8,NA,NA,45.6,15.6,13.6,937.7,NA,1024.9,NA,1603.3,8.4,36,4.9,17.6,30.2,8.2,29.5,NA,NA,0,0,821,NA,NA,NA,NA,NA,0.633,NA,NA,NA
2026-08-12 12:00:00,"SPF",27.5,26.8,28.2,NA,NA,42.1,15.5,13.5,937.6,NA,1024.8,NA,1606.6,7.3,39,4.6,16.6,26.3,7,25.2,NA,NA,0,0,850,NA,NA,NA,NA,NA,0.672,NA,NA,NA
2026-08-12 13:00:00,"SPF",28.7,28.3,29.1,NA,NA,39.6,15.6,13.6,937.4,NA,1024.6,NA,1608,6.8,41,4.5,16.2,24.5,6.7,24.1,NA,NA,0,0,827,NA,NA,NA,NA,NA,0.676,NA,NA,NA
2026-08-12 14:00:00,"SPF",29.4,29,29.7,NA,NA,36.7,15.1,13.1,937.2,NA,1024.4,NA,1608.9,9.4,31,4.7,16.9,33.8,9.1,32.8,NA,NA,0,0,750,NA,NA,NA,NA,NA,0.644,NA,NA,NA
2026-08-12 15:00:00,"SPF",30,29.8,30.1,NA,NA,33.9,14.4,12.4,937,NA,1024.1,NA,1608.5,8.5,29,4.7,16.9,30.6,8.4,30.2,NA,NA,0,0,630,NA,NA,NA,NA,NA,0.577,NA,NA,NA
2026-08-12 16:00:00,"SPF",30,29.9,30.1,NA,NA,32.4,13.8,11.7,936.9,NA,1024,NA,1607.5,8.1,22,4.8,17.3,29.2,7.8,28.1,NA,NA,0,0,474,NA,NA,NA,NA,NA,0.48,NA,NA,NA
2026-08-12 17:00:00,"SPF",29.7,29.3,30,NA,NA,32.2,13.4,11.4,936.9,NA,1024,NA,1606.3,8,21,4.9,17.6,28.8,8,28.8,NA,NA,0,0,299,NA,NA,NA,NA,NA,0.368,NA,NA,NA
2026-08-12 18:00:00,"SPF",28.6,27.8,29.2,NA,NA,33.2,13,10.9,937,NA,1024.1,NA,1604.4,7.6,20,3.9,14,27.4,7.4,26.6,NA,NA,0,0,115,NA,NA,NA,NA,NA,0.218,NA,NA,NA
2026-08-12 19:00:00,"SPF",25.1,22.5,27.6,NA,NA,43.4,13.6,11.6,937.5,NA,1024.7,NA,1597.6,2.7,34,1.1,4,9.7,2.7,9.7,NA,NA,0,0,1,NA,NA,NA,NA,NA,0.06,NA,NA,NA
2026-08-12 20:00:00,"SPF",21.4,20.7,22.6,NA,NA,57.8,14.7,12.7,938,NA,1025.2,NA,1591,2.1,207,0.8,2.9,7.6,2,7.2,NA,NA,0,0,0,NA,NA,NA,NA,NA,0.009,NA,NA,NA
2026-08-12 21:00:00,"SPF",19.3,18.5,20.3,NA,NA,65.4,14.6,12.6,938.1,NA,1025.3,NA,1586,3.1,202,0.7,2.5,11.2,3.1,11.2,NA,NA,0,0,0,NA,NA,NA,NA,NA,0.004,NA,NA,NA
2026-08-12 22:00:00,"SPF",17.6,16.8,18.1,NA,NA,71.5,14.4,12.4,938.3,NA,1025.5,NA,1582.8,1.3,207,0.5,1.8,4.7,1.2,4.3,NA,NA,0,0,0,NA,NA,NA,NA,NA,-0.002,NA,NA,NA
2026-08-12 23:00:00,"SPF",16.5,16.1,17,NA,NA,75.5,14.1,12.1,938.5,NA,1025.8,NA,1580.8,1.4,203,0.8,2.9,5,1.4,5,NA,NA,0,0,0,NA,NA,NA,NA,NA,0.001,NA,NA,NA
2026-08-13,"SPF",15.6,15,15.9,NA,NA,78.8,14,12,938.6,NA,1025.9,NA,1578.7,2.1,207,1,3.6,7.6,2.1,7.6,NA,NA,0,0,0,NA,NA,NA,NA,NA,0.002,NA,NA,NA
2026-08-13 01:00:00,"SPF",14.8,14.4,15.3,NA,NA,81.8,13.8,11.7,938.4,NA,1025.6,NA,1574.8,2.3,215,1.2,4.3,8.3,2.3,8.3,NA,NA,0,0,0,NA,NA,NA,NA,NA,0.002,NA,NA,NA
2026-08-13 02:00:00,"SPF",14.3,13.9,14.8,NA,NA,83.4,13.6,11.6,938.2,NA,1025.4,NA,1571.7,2.1,214,1.1,4,7.6,2,7.2,NA,NA,0,0,0,NA,NA,NA,NA,NA,0,NA,NA,NA
2026-08-13 03:00:00,"SPF",14,13.3,14.3,NA,NA,84.5,13.5,11.4,938.2,NA,1025.4,NA,1570.5,1.5,214,0.8,2.9,5.4,1.4,5,NA,NA,0,0,0,NA,NA,NA,NA,NA,-0.002,NA,NA,NA
2026-08-13 04:00:00,"SPF",13.6,13,14,NA,NA,85.8,13.4,11.3,938.3,NA,1025.5,NA,1570,2.4,214,1.1,4,8.6,2.3,8.3,NA,NA,0,0,0,NA,NA,NA,NA,NA,-0.001,NA,NA,NA
2026-08-13 05:00:00,"SPF",13.4,13.2,13.7,NA,NA,87.1,13.4,11.3,938.3,NA,1025.5,NA,1569.9,2.2,216,1.3,4.7,7.9,2.2,7.9,NA,NA,0,0,7,NA,NA,NA,NA,NA,0.006,NA,NA,NA
2026-08-13 06:00:00,"SPF",14.7,13.8,15.9,NA,NA,84.8,14.2,12.1,938.4,NA,1025.7,NA,1574.8,1.9,221,0.9,3.2,6.8,1.9,6.8,NA,NA,0,0,102,NA,NA,NA,NA,NA,0.051,NA,NA,NA
2026-08-13 07:00:00,"SPF",18.1,16.6,19.8,NA,NA,74.4,15.4,13.4,938.7,NA,1026,NA,1587.2,1,166,0.4,1.4,3.6,1,3.6,NA,NA,0,0,291,NA,NA,NA,NA,NA,0.16,NA,NA,NA
2026-08-13 08:00:00,"SPF",22.1,20.5,23.7,NA,NA,58.3,15.4,13.5,938.5,NA,1025.8,NA,1598,1.5,117,0.3,1.1,5.4,1.5,5.4,NA,NA,0,0,473,NA,NA,NA,NA,NA,0.293,NA,NA,NA
2026-08-13 09:00:00,"SPF",25.6,24.4,27,NA,NA,47.7,15.6,13.6,938.4,NA,1025.6,NA,1607.4,3.9,16,1.9,6.8,14,3.8,13.7,NA,NA,0,0,634,NA,NA,NA,NA,NA,0.455,NA,NA,NA
2026-08-13 10:00:00,"SPF",27.8,27.3,28.5,NA,NA,40.7,15.2,13.2,938.2,NA,1025.4,NA,1612.5,5.2,38,2.9,10.4,18.7,5.1,18.4,NA,NA,0,0,764,NA,NA,NA,NA,NA,0.589,NA,NA,NA
2026-08-13 11:00:00,"SPF",28.9,28.5,29.3,NA,NA,38.7,15.4,13.4,938.1,NA,1025.3,NA,1614.9,6.7,37,4.2,15.1,24.1,6.5,23.4,NA,NA,0,0,848,NA,NA,NA,NA,NA,0.688,NA,NA,NA
2026-08-13 12:00:00,"SPF",30,29.6,30.4,NA,NA,34.3,14.5,12.5,937.9,NA,1025.1,NA,1617,7.1,41,4,14.4,25.6,6.9,24.8,NA,NA,0,0,874,NA,NA,NA,NA,NA,0.723,NA,NA,NA
2026-08-13 13:00:00,"SPF",30.8,30.4,31.3,NA,NA,31.5,14,12,937.7,NA,1024.9,NA,1617.2,7.6,38,4.4,15.8,27.4,7.5,27,NA,NA,0,0,852,NA,NA,NA,NA,NA,0.734,NA,NA,NA
2026-08-13 14:00:00,"SPF",31.6,31.3,31.8,NA,NA,27.4,12.7,10.5,937.4,NA,1024.6,NA,1617,6.8,35,4,14.4,24.5,6.7,24.1,NA,NA,0,0,768,NA,NA,NA,NA,NA,0.678,NA,NA,NA
2026-08-13 15:00:00,"SPF",31.9,31.8,32.1,NA,NA,25.1,11.9,9.5,936.9,NA,1024,NA,1613.9,7.1,29,4,14.4,25.6,7,25.2,NA,NA,0,0,648,NA,NA,NA,NA,NA,0.601,NA,NA,NA
2026-08-13 16:00:00,"SPF",31.9,31.7,32.2,NA,NA,22.5,10.6,7.8,936.6,NA,1023.7,NA,1610.2,7.3,27,3.9,14,26.3,7,25.2,NA,NA,0,0,495,NA,NA,NA,NA,NA,0.492,NA,NA,NA
2026-08-13 17:00:00,"SPF",31.4,31.1,31.7,NA,NA,20.7,9.5,6.3,936.3,NA,1023.4,NA,1606.7,6.6,34,3.8,13.7,23.8,6.4,23,NA,NA,0,0,320,NA,NA,NA,NA,NA,0.366,NA,NA,NA
2026-08-13 18:00:00,"SPF",29.8,28.7,30.9,NA,NA,22.5,9.4,6.1,936.3,NA,1023.4,NA,1601.7,6.6,10,2.4,8.6,23.8,6.5,23.4,NA,NA,0,0,139,NA,NA,NA,NA,NA,0.172,NA,NA,NA
2026-08-13 19:00:00,"SPF",24.7,22.8,27.9,NA,NA,36.8,11.3,8.7,936.5,NA,1023.6,NA,1587.6,2.5,225,1,3.6,9,2.4,8.6,NA,NA,0,0,8,NA,NA,NA,NA,NA,0.002,NA,NA,NA
2026-08-13 20:00:00,"SPF",21,19.3,23.7,NA,NA,49.1,12.1,9.8,936.9,NA,1024,NA,1580.1,2.5,214,0.8,2.9,9,2.4,8.6,NA,NA,0,0,0,NA,NA,NA,NA,NA,0.012,NA,NA,NA
2026-08-13 21:00:00,"SPF",18.3,17.6,19,NA,NA,57,12,9.7,937,NA,1024.1,NA,1573.1,2.7,209,1,3.6,9.7,2.6,9.4,NA,NA,0,0,0,NA,NA,NA,NA,NA,0.012,NA,NA,NA
2026-08-13 22:00:00,"SPF",16.7,16.1,17.4,NA,NA,62.1,11.8,9.4,937,NA,1024.1,NA,1567.9,1.8,210,0.9,3.2,6.5,1.7,6.1,NA,NA,0,0,0,NA,NA,NA,NA,NA,0.008,NA,NA,NA
2026-08-13 23:00:00,"SPF",15.6,15.3,16,NA,NA,66.2,11.7,9.3,936.7,NA,1023.8,NA,1562.3,2.7,200,1.5,5.4,9.7,2.7,9.7,NA,NA,0,0,0,NA,NA,NA,NA,NA,0.014,NA,NA,NA
2026-08-14,"SPF",15,14.5,15.7,NA,NA,68.1,11.6,9.1,936.6,NA,1023.7,NA,1559.4,2.8,213,1.7,6.1,10.1,2.7,9.7,NA,NA,0,0,0,NA,NA,NA,NA,NA,0.015,NA,NA,NA
2026-08-14 01:00:00,"SPF",14.3,13.9,15,NA,NA,70,11.4,8.9,936.3,NA,1023.4,NA,1554.5,2.7,212,1.6,5.8,9.7,2.7,9.7,NA,NA,0,0,0,NA,NA,NA,NA,NA,0.012,NA,NA,NA
2026-08-14 02:00:00,"SPF",14.4,13.8,15,NA,NA,68.6,11.3,8.7,935.9,NA,1023,NA,1551.5,3,212,1.9,6.8,10.8,2.9,10.4,NA,NA,0,0,0,NA,NA,NA,NA,NA,0.016,NA,NA,NA
2026-08-14 03:00:00,"SPF",14.1,13.6,14.6,NA,NA,69.4,11.2,8.6,935.7,NA,1022.8,NA,1549.2,2.9,211,1.8,6.5,10.4,2.8,10.1,NA,NA,0,0,0,NA,NA,NA,NA,NA,0.014,NA,NA,NA
2026-08-14 04:00:00,"SPF",13.6,13.2,13.9,NA,NA,72.3,11.2,8.7,935.7,NA,1022.7,NA,1546.9,2.7,216,1.8,6.5,9.7,2.6,9.4,NA,NA,0,0,0,NA,NA,NA,NA,NA,0.012,NA,NA,NA
2026-08-14 05:00:00,"SPF",14.1,13.5,14.7,NA,NA,70.8,11.4,8.9,935.8,NA,1022.9,NA,1549.7,3.5,218,1.7,6.1,12.6,3.4,12.2,NA,NA,0,0,7,NA,NA,NA,NA,NA,0.016,NA,NA,NA
2026-08-14 06:00:00,"SPF",15.2,14,17.5,NA,NA,70.1,12.1,9.7,935.7,NA,1022.8,NA,1552.3,2.2,219,1.4,5,7.9,2.2,7.9,NA,NA,0,0,104,NA,NA,NA,NA,NA,0.063,NA,NA,NA
2026-08-14 07:00:00,"SPF",20.2,18.3,21.7,NA,NA,55.7,13.1,11,935.7,NA,1022.7,NA,1566.7,2.4,209,1.3,4.7,8.6,2.3,8.3,NA,NA,0,0,292,NA,NA,NA,NA,NA,0.183,NA,NA,NA
2026-08-14 08:00:00,"SPF",24.2,22.3,26.2,NA,NA,43.7,13.2,11.1,935.5,NA,1022.5,NA,1576.6,1.9,196,0.8,2.9,6.8,1.8,6.5,NA,NA,0,0,468,NA,NA,NA,NA,NA,0.309,NA,NA,NA
2026-08-14 09:00:00,"SPF",28.7,27.1,30.1,NA,NA,30.9,12.1,9.8,935.2,NA,1022.2,NA,1587.3,2,162,0.7,2.5,7.2,1.9,6.8,NA,NA,0,0,626,NA,NA,NA,NA,NA,0.442,NA,NA,NA
2026-08-14 10:00:00,"SPF",31,30.4,31.3,NA,NA,26.2,11.8,9.3,934.8,NA,1021.8,NA,1590.8,4.6,14,1.9,6.8,16.6,4.5,16.2,NA,NA,0,0,750,NA,NA,NA,NA,NA,0.594,NA,NA,NA
2026-08-14 11:00:00,"SPF",31.6,31.1,31.9,NA,NA,25,11.6,9.2,934.4,NA,1021.3,NA,1588.5,5.5,34,3.5,12.6,19.8,5.4,19.4,NA,NA,0,0,834,NA,NA,NA,NA,NA,0.714,NA,NA,NA
2026-08-14 12:00:00,"SPF",32.3,32,32.5,NA,NA,25.6,12.4,10.1,934,NA,1020.9,NA,1587.4,6.8,39,3.6,13,24.5,6.6,23.8,NA,NA,0,0,865,NA,NA,NA,NA,NA,0.748,NA,NA,NA
2026-08-14 13:00:00,"SPF",32.7,32.6,32.8,NA,NA,24.1,11.9,9.5,933.5,NA,1020.4,NA,1583.3,8.1,26,3.7,13.3,29.2,7.7,27.7,NA,NA,0,0,841,NA,NA,NA,NA,NA,0.74,NA,NA,NA
2026-08-14 14:00:00,"SPF",32.9,32.8,33,NA,NA,22.5,11.2,8.7,932.9,NA,1019.7,NA,1578.7,8.7,27,3.8,13.7,31.3,8.5,30.6,NA,NA,0,0,754,NA,NA,NA,NA,NA,0.684,NA,NA,NA
2026-08-14 15:00:00,"SPF",33,32.8,33.1,NA,NA,21.6,10.9,8.2,932.5,NA,1019.3,NA,1574.5,6.5,35,3.5,12.6,23.4,6.4,23,NA,NA,0,0,634,NA,NA,NA,NA,NA,0.589,NA,NA,NA
2026-08-14 16:00:00,"SPF",32.8,32.5,33,NA,NA,21,10.4,7.6,932.1,NA,1018.9,NA,1570.5,6.3,30,3.2,11.5,22.7,6.2,22.3,NA,NA,0,0,481,NA,NA,NA,NA,NA,0.462,NA,NA,NA
2026-08-14 17:00:00,"SPF",32.1,31.4,32.5,NA,NA,22.6,10.8,8.1,931.8,NA,1018.6,NA,1566,5.7,47,2.2,7.9,20.5,5.5,19.8,NA,NA,0,0,257,NA,NA,NA,NA,NA,0.266,NA,NA,NA
2026-08-14 18:00:00,"SPF",29,27,31.2,NA,NA,30.7,12.2,9.9,932.3,NA,1019.1,NA,1561.7,11.4,210,4.6,16.6,41,10.9,39.2,NA,NA,0,0,67,NA,NA,NA,NA,NA,0.243,NA,NA,NA
2026-08-14 19:00:00,"SPF",26.2,26.1,26.5,NA,NA,36.6,12.5,10.3,932.6,NA,1019.4,NA,1556.5,13.2,188,7,25.2,47.5,13,46.8,NA,NA,0,0,5,NA,NA,NA,NA,NA,0.131,NA,NA,NA
2026-08-14 20:00:00,"SPF",25.3,23.5,26.4,NA,NA,38.2,12.3,10,933,NA,1019.9,NA,1557.6,11.4,206,4.6,16.6,41,10.6,38.2,NA,NA,0,0,0,NA,NA,NA,NA,NA,0.107,NA,NA,NA
2026-08-14 21:00:00,"SPF",21.1,19.9,22.5,NA,NA,54.4,13.5,11.5,933.2,NA,1020.1,NA,1546.5,4.8,217,2.3,8.3,17.3,4.7,16.9,NA,NA,0,0,0,NA,NA,NA,NA,NA,0.039,NA,NA,NA
2026-08-14 22:00:00,"SPF",19.6,19.4,19.7,NA,NA,58.8,13.4,11.3,933.1,NA,1019.9,NA,1541,5.1,207,2.1,7.6,18.4,4.9,17.6,NA,NA,0,0,0,NA,NA,NA,NA,NA,0.031,NA,NA,NA
2026-08-14 23:00:00,"SPF",20.7,19.8,21.2,NA,NA,51.7,12.6,10.4,933.3,NA,1020.2,NA,1546.6,5.3,203,2.8,10.1,19.1,5.1,18.4,NA,NA,0,0,0,NA,NA,NA,NA,NA,0.049,NA,NA,NA
2026-08-15,"SPF",20.1,19,20.7,NA,NA,53,12.5,10.2,933.2,NA,1020.1,NA,1543.9,6.5,192,3.4,12.2,23.4,6.4,23,NA,NA,0,0,0,NA,NA,NA,NA,NA,0.054,NA,NA,NA
2026-08-15 01:00:00,"SPF",18.2,17.2,19.2,NA,NA,61.7,12.9,10.7,933,NA,1019.9,NA,1536.9,3.1,197,1.8,6.5,11.2,3,10.8,NA,NA,0,0,0,NA,NA,NA,NA,NA,0.023,NA,NA,NA
2026-08-15 02:00:00,"SPF",16.9,16.2,17.9,NA,NA,67.7,13,10.8,932.8,NA,1019.6,NA,1531.3,3.3,198,1.9,6.8,11.9,3.2,11.5,NA,NA,0,0,0,NA,NA,NA,NA,NA,0.018,NA,NA,NA
2026-08-15 03:00:00,"SPF",15.9,15.3,16.5,NA,NA,72.4,13,10.9,932.7,NA,1019.5,NA,1527.3,2.9,215,1.6,5.8,10.4,2.8,10.1,NA,NA,0,0,0,NA,NA,NA,NA,NA,0.011,NA,NA,NA
2026-08-15 04:00:00,"SPF",16.7,15.9,17.1,NA,NA,70.1,13.3,11.2,932.4,NA,1019.2,NA,1526.9,3.1,213,1.7,6.1,11.2,3.1,11.2,NA,NA,0,0,0,NA,NA,NA,NA,NA,0.014,NA,NA,NA
2026-08-15 05:00:00,"SPF",16.8,16.5,17.3,NA,NA,70.3,13.4,11.4,932.4,NA,1019.2,NA,1527.3,2.5,219,1.5,5.4,9,2.5,9,NA,NA,0,0,10,NA,NA,NA,NA,NA,0.004,NA,NA,NA
2026-08-15 06:00:00,"SPF",17.9,16.5,19.5,NA,NA,66.6,13.6,11.6,932.3,NA,1019.1,NA,1529.9,2.6,212,1.6,5.8,9.4,2.6,9.4,NA,NA,0,0,107,NA,NA,NA,NA,NA,0.074,NA,NA,NA
2026-08-15 07:00:00,"SPF",21.1,19.9,22.4,NA,NA,53.7,13.4,11.3,932.4,NA,1019.2,NA,1539.9,4.4,190,2.3,8.3,15.8,4.3,15.5,NA,NA,0,0,285,NA,NA,NA,NA,NA,0.204,NA,NA,NA
2026-08-15 08:00:00,"SPF",25,22.9,27,NA,NA,41.8,13.2,11.1,932.4,NA,1019.2,NA,1551,4.4,183,1.9,6.8,15.8,4.3,15.5,NA,NA,0,0,460,NA,NA,NA,NA,NA,0.338,NA,NA,NA
2026-08-15 09:00:00,"SPF",27.9,27.6,28.1,NA,NA,33.7,12.6,10.4,932.4,NA,1019.2,NA,1559.1,5.8,209,3,10.8,20.9,5.6,20.2,NA,NA,0,0,574,NA,NA,NA,NA,NA,0.478,NA,NA,NA
2026-08-15 10:00:00,"SPF",28.4,28,28.6,NA,NA,33.3,12.9,10.7,932.3,NA,1019.1,NA,1559.9,6.3,231,3.6,13,22.7,6.2,22.3,NA,NA,0,0,684,NA,NA,NA,NA,NA,0.576,NA,NA,NA
2026-08-15 11:00:00,"SPF",28.9,28.3,29.3,NA,NA,32.5,12.9,10.8,932.1,NA,1018.9,NA,1558.9,5.5,223,2.8,10.1,19.8,5.2,18.7,NA,NA,0,0,572,NA,NA,NA,NA,NA,0.5,NA,NA,NA
2026-08-15 12:00:00,"SPF",29.9,29.3,30.4,NA,NA,29.4,12.4,10.2,931.5,NA,1018.2,NA,1556.7,5.3,202,2.4,8.6,19.1,5.2,18.7,NA,NA,0,0,737,NA,NA,NA,NA,NA,0.602,NA,NA,NA
2026-08-15 13:00:00,"SPF",30,29.5,31,NA,NA,29.3,12.4,10.2,931.2,NA,1017.9,NA,1553.7,4.9,174,2,7.2,17.6,4.9,17.6,NA,NA,0,0,447,NA,NA,NA,NA,NA,0.409,NA,NA,NA
2026-08-15 14:00:00,"SPF",31.3,31,31.9,NA,NA,26.2,12,9.7,930.7,NA,1017.4,NA,1552.9,7.3,53,1.8,6.5,26.3,7,25.2,NA,NA,0,0,732,NA,NA,NA,NA,NA,0.58,NA,NA,NA
2026-08-15 15:00:00,"SPF",30.4,30,30.9,NA,NA,30.1,13.1,10.9,930.5,NA,1017.2,NA,1548.4,5.5,21,2.7,9.7,19.8,5.4,19.4,NA,NA,0,0,270,NA,NA,NA,NA,NA,0.32,NA,NA,NA
2026-08-15 16:00:00,"SPF",28.6,25.9,30.5,NA,NA,36.4,14.1,12,930.6,NA,1017.2,NA,1543.9,9.2,156,3.4,12.2,33.1,8.9,32,NA,NA,0.1,0,139,NA,NA,NA,NA,NA,0.243,NA,NA,NA
2026-08-15 17:00:00,"SPF",24.4,23.7,25.5,NA,NA,60.1,18.3,16.1,931,NA,1017.7,NA,1535.7,7.6,140,2.1,7.6,27.4,7.5,27,NA,NA,0,0,200,NA,NA,NA,NA,NA,0.168,NA,NA,NA
2026-08-15 18:00:00,"SPF",22.9,22.2,23.3,NA,NA,66,18.3,16.1,931,NA,1017.7,NA,1532.1,2.1,68,0.8,2.9,7.6,2.1,7.6,NA,NA,0,0,42,NA,NA,NA,NA,NA,0.05,NA,NA,NA
2026-08-15 19:00:00,"SPF",22.2,21.8,22.4,NA,NA,67,17.9,15.7,931.1,NA,1017.8,NA,1530.7,2.9,36,1.1,4,10.4,2.9,10.4,NA,NA,0,0,3,NA,NA,NA,NA,NA,0.012,NA,NA,NA
2026-08-15 20:00:00,"SPF",21,20,22.2,NA,NA,71.2,17.7,15.6,931.4,NA,1018.1,NA,1529.8,2,198,0.7,2.5,7.2,2,7.2,NA,NA,0,0,0,NA,NA,NA,NA,NA,0.002,NA,NA,NA
2026-08-15 21:00:00,"SPF",19.1,18.1,20,NA,NA,79.8,17.6,15.5,931.6,NA,1018.3,NA,1526.1,2.4,180,0.8,2.9,8.6,2.4,8.6,NA,NA,0,0,0,NA,NA,NA,NA,NA,0,NA,NA,NA
2026-08-15 22:00:00,"SPF",17.7,17,18.6,NA,NA,77.7,15.8,13.8,931.6,NA,1018.3,NA,1523,2.2,186,1,3.6,7.9,2.2,7.9,NA,NA,0,0,0,NA,NA,NA,NA,NA,0.003,NA,NA,NA
2026-08-15 23:00:00,"SPF",16.9,16.5,17.4,NA,NA,78.7,15.1,13.2,931.8,NA,1018.6,NA,1522,3.5,200,1.5,5.4,12.6,3.5,12.6,NA,NA,0,0,0,NA,NA,NA,NA,NA,0.007,NA,NA,NA
2026-08-16,"SPF",16.6,16.2,17,NA,NA,77.9,14.7,12.7,931.8,NA,1018.6,NA,1521.3,3.2,195,1.6,5.8,11.5,3.2,11.5,NA,NA,0,0,0,NA,NA,NA,NA,NA,0.008,NA,NA,NA
2026-08-16 01:00:00,"SPF",16.1,15.8,16.7,NA,NA,77.7,14.2,12.2,931.7,NA,1018.4,NA,1519.1,2.8,202,1.7,6.1,10.1,2.8,10.1,NA,NA,0,0,0,NA,NA,NA,NA,NA,0.009,NA,NA,NA
2026-08-16 02:00:00,"SPF",15.8,15.5,16,NA,NA,77.2,13.8,11.8,931.3,NA,1018,NA,1514.5,3.4,205,1.9,6.8,12.2,3.3,11.9,NA,NA,0,0,0,NA,NA,NA,NA,NA,0.01,NA,NA,NA
2026-08-16 03:00:00,"SPF",16.2,15.9,16.5,NA,NA,73.8,13.6,11.5,931.2,NA,1017.9,NA,1514.9,3.4,203,2.1,7.6,12.2,3.3,11.9,NA,NA,0,0,0,NA,NA,NA,NA,NA,0.015,NA,NA,NA
2026-08-16 04:00:00,"SPF",15.4,15.1,15.6,NA,NA,77,13.5,11.4,931.5,NA,1018.2,NA,1514.8,3.7,205,1.9,6.8,13.3,3.6,13,NA,NA,0,0,0,NA,NA,NA,NA,NA,0.01,NA,NA,NA
2026-08-16 05:00:00,"SPF",15.2,14.6,16.1,NA,NA,77.9,13.4,11.3,931.7,NA,1018.4,NA,1516.2,3.3,213,2,7.2,11.9,3.2,11.5,NA,NA,0,0,6,NA,NA,NA,NA,NA,0.007,NA,NA,NA
2026-08-16 06:00:00,"SPF",16.3,15.2,17.1,NA,NA,76.1,14.1,12.1,931.9,NA,1018.7,NA,1521,3,222,1.3,4.7,10.8,2.9,10.4,NA,NA,0,0,93,NA,NA,NA,NA,NA,0.057,NA,NA,NA
2026-08-16 07:00:00,"SPF",18.6,17.6,19.6,NA,NA,68,14.6,12.6,932.2,NA,1019,NA,1530.9,2.9,207,1.1,4,10.4,2.8,10.1,NA,NA,0,0,134,NA,NA,NA,NA,NA,0.1,NA,NA,NA
2026-08-16 08:00:00,"SPF",21.1,20.2,22.8,NA,NA,61.3,15.4,13.4,932.6,NA,1019.4,NA,1541.8,2.4,219,0.8,2.9,8.6,2.4,8.6,NA,NA,0,0,347,NA,NA,NA,NA,NA,0.227,NA,NA,NA
2026-08-16 09:00:00,"SPF",25.4,23.3,26.5,NA,NA,44.8,14.3,12.3,932.8,NA,1019.6,NA,1555.3,6.7,56,2.4,8.6,24.1,6.6,23.8,NA,NA,0,0,591,NA,NA,NA,NA,NA,0.438,NA,NA,NA
2026-08-16 10:00:00,"SPF",26.8,26.5,27.1,NA,NA,35.7,12.6,10.4,932.8,NA,1019.6,NA,1560.2,6.7,45,4.1,14.8,24.1,6.6,23.8,NA,NA,0,0,702,NA,NA,NA,NA,NA,0.575,NA,NA,NA
2026-08-16 11:00:00,"SPF",27.6,27.1,27.9,NA,NA,34.6,12.7,10.6,932.6,NA,1019.4,NA,1560.2,6.5,33,3.7,13.3,23.4,6.4,23,NA,NA,0,0,806,NA,NA,NA,NA,NA,0.642,NA,NA,NA
2026-08-16 12:00:00,"SPF",28.5,28,29,NA,NA,32.7,12.7,10.5,932.2,NA,1019,NA,1558.5,6.2,33,3,10.8,22.3,6.1,22,NA,NA,0,0,853,NA,NA,NA,NA,NA,0.67,NA,NA,NA
2026-08-16 13:00:00,"SPF",29,28.6,29.3,NA,NA,32.3,12.9,10.8,931.9,NA,1018.7,NA,1557.4,7.5,32,3.8,13.7,27,7.4,26.6,NA,NA,0,0,651,NA,NA,NA,NA,NA,0.576,NA,NA,NA
2026-08-16 14:00:00,"SPF",28.5,27.3,29.2,NA,NA,34.6,13.4,11.3,931.7,NA,1018.4,NA,1554,13.8,24,5.4,19.4,49.7,13.4,48.2,NA,NA,0,0,579,NA,NA,NA,NA,NA,0.558,NA,NA,NA
2026-08-16 15:00:00,"SPF",27.8,27.5,28,NA,NA,37.1,13.8,11.8,931.8,NA,1018.6,NA,1553.2,8.5,34,4.6,16.6,30.6,8.2,29.5,NA,NA,0,0,534,NA,NA,NA,NA,NA,0.49,NA,NA,NA
2026-08-16 16:00:00,"SPF",27.2,26.9,27.4,NA,NA,37.9,13.7,11.6,931.6,NA,1018.3,NA,1549.4,6.5,9,3.3,11.9,23.4,6.4,23,NA,NA,0,0,323,NA,NA,NA,NA,NA,0.324,NA,NA,NA
2026-08-16 17:00:00,"SPF",26.8,26.4,27,NA,NA,39.5,13.8,11.8,931.3,NA,1018,NA,1545.3,4.6,39,2.1,7.6,16.6,4.6,16.6,NA,NA,0,0,172,NA,NA,NA,NA,NA,0.186,NA,NA,NA
2026-08-16 18:00:00,"SPF",26.2,25.4,26.8,NA,NA,40.8,13.9,11.8,931.1,NA,1017.8,NA,1542.4,4.4,55,2.2,7.9,15.8,4.2,15.1,NA,NA,0,0,133,NA,NA,NA,NA,NA,0.13,NA,NA,NA
2026-08-16 19:00:00,"SPF",24.5,23.8,25.4,NA,NA,49.5,15.2,13.2,931.3,NA,1018,NA,1538.9,5.1,160,2,7.2,18.4,5.1,18.4,NA,NA,0,0,14,NA,NA,NA,NA,NA,0.048,NA,NA,NA
2026-08-16 20:00:00,"SPF",22.5,20.2,23.7,NA,NA,58.9,15.9,13.9,932,NA,1018.7,NA,1539.5,10.1,15,2.8,10.1,36.4,9.9,35.6,NA,NA,0.4,0,0,NA,NA,NA,NA,NA,0.043,NA,NA,NA
2026-08-16 21:00:00,"SPF",18.4,18.2,18.7,NA,NA,85.2,18,15.9,933,NA,1019.8,NA,1536.8,5.7,209,2.8,10.1,20.5,5.5,19.8,NA,NA,0,0,0,NA,NA,NA,NA,NA,0.01,NA,NA,NA
2026-08-16 22:00:00,"SPF",18,17.8,18.4,NA,NA,89.7,18.5,16.3,932.9,NA,1019.8,NA,1535.4,5.3,223,2.5,9,19.1,5.2,18.7,NA,NA,0,0,0,NA,NA,NA,NA,NA,0.004,NA,NA,NA
2026-08-16 23:00:00,"SPF",17.4,16.9,18.2,NA,NA,91.2,18.2,16,932.6,NA,1019.4,NA,1530.8,6.5,221,3.1,11.2,23.4,6.4,23,NA,NA,0,0,0,NA,NA,NA,NA,NA,0.004,NA,NA,NA
2026-08-17,"SPF",16.6,16.1,17.1,NA,NA,93,17.6,15.5,932.4,NA,1019.2,NA,1526.8,4.2,205,2.3,8.3,15.1,4.1,14.8,NA,NA,0,0,0,NA,NA,NA,NA,NA,0,NA,NA,NA
2026-08-17 01:00:00,"SPF",16.1,15.9,16.2,NA,NA,94.3,17.2,15.2,932.3,NA,1019.1,NA,1524.6,3.1,208,1.6,5.8,11.2,3,10.8,NA,NA,0,0,0,NA,NA,NA,NA,NA,-0.003,NA,NA,NA
2026-08-17 02:00:00,"SPF",16.1,15.9,16.3,NA,NA,93.7,17.1,15.1,932,NA,1018.8,NA,1521.6,3.6,205,1.7,6.1,13,3.6,13,NA,NA,0,0,0,NA,NA,NA,NA,NA,-0.002,NA,NA,NA
2026-08-17 03:00:00,"SPF",15.8,15.3,16.1,NA,NA,93.8,16.8,14.8,931.7,NA,1018.4,NA,1517.8,3.2,205,1.7,6.1,11.5,3.2,11.5,NA,NA,0,0,0,NA,NA,NA,NA,NA,-0.002,NA,NA,NA
2026-08-17 04:00:00,"SPF",16,15.9,16.2,NA,NA,91.7,16.7,14.7,931.4,NA,1018.1,NA,1516.2,3.3,223,2,7.2,11.9,3.2,11.5,NA,NA,0,0,0,NA,NA,NA,NA,NA,0,NA,NA,NA
2026-08-17 05:00:00,"SPF",16.5,16.2,16.8,NA,NA,89.7,16.8,14.8,931.2,NA,1017.9,NA,1515.5,2.3,214,1.2,4.3,8.3,2.2,7.9,NA,NA,0,0,0,NA,NA,NA,NA,NA,0.025,NA,NA,NA
2026-08-17 06:00:00,"SPF",16.5,16.3,16.7,NA,NA,90.8,17,15,931.1,NA,1017.8,NA,1514.4,2.1,210,1.1,4,7.6,2.1,7.6,NA,NA,0,0,31,NA,NA,NA,NA,NA,0.031,NA,NA,NA
2026-08-17 07:00:00,"SPF",16.9,16.7,17.3,NA,NA,89.9,17.3,15.3,931.8,NA,1018.5,NA,1521.8,3.7,81,1.6,5.8,13.3,3.6,13,NA,NA,2,0,8,NA,NA,NA,NA,NA,0.03,NA,NA,NA
2026-08-17 08:00:00,"SPF",17,16.8,17.3,NA,NA,93.8,18.1,16,931.4,NA,1018.1,NA,1518.6,5.4,209,2.2,7.9,19.4,5.3,19.1,NA,NA,0.7,0,74,NA,NA,NA,NA,NA,0.059,NA,NA,NA
2026-08-17 09:00:00,"SPF",17.6,17.4,17.9,NA,NA,90,18.1,16,932.1,NA,1018.9,NA,1526.6,8.1,212,3.2,11.5,29.2,7.7,27.7,NA,NA,5.2,0,71,NA,NA,NA,NA,NA,0.067,NA,NA,NA
2026-08-17 10:00:00,"SPF",17.1,16.9,17.3,NA,NA,91.1,17.8,15.7,932.7,NA,1019.5,NA,1531.2,4.2,222,1.8,6.5,15.1,4.1,14.8,NA,NA,0.7,0,58,NA,NA,NA,NA,NA,0.057,NA,NA,NA
2026-08-17 11:00:00,"SPF",17.2,16.9,17.5,NA,NA,92.4,18.1,15.9,933.1,NA,1019.9,NA,1534.1,9,191,2.8,10.1,32.4,8.8,31.7,NA,NA,2.5,0,90,NA,NA,NA,NA,NA,0.073,NA,NA,NA
2026-08-17 12:00:00,"SPF",17.7,17.5,18,NA,NA,87.9,17.7,15.6,933,NA,1019.8,NA,1534.7,9.4,212,3.4,12.2,33.8,9.1,32.8,NA,NA,0.8,0,110,NA,NA,NA,NA,NA,0.092,NA,NA,NA
2026-08-17 13:00:00,"SPF",17.7,17.5,17.9,NA,NA,88.9,18,15.9,933.2,NA,1020,NA,1536.8,5.4,217,1.8,6.5,19.4,5.3,19.1,NA,NA,0.6,0,130,NA,NA,NA,NA,NA,0.099,NA,NA,NA
2026-08-17 14:00:00,"SPF",18.8,18.1,19.5,NA,NA,84.3,18.2,16,932.7,NA,1019.5,NA,1535.2,5.9,222,3,10.8,21.2,5.7,20.5,NA,NA,0,0,287,NA,NA,NA,NA,NA,0.189,NA,NA,NA
2026-08-17 15:00:00,"SPF",21.1,20,22.1,NA,NA,70,17.5,15.4,932.1,NA,1018.9,NA,1536.7,6.2,226,3.1,11.2,22.3,6,21.6,NA,NA,0,0,612,NA,NA,NA,NA,NA,0.387,NA,NA,NA
2026-08-17 16:00:00,"SPF",21.4,20.9,22.2,NA,NA,67.2,17.1,15.1,932,NA,1018.8,NA,1536.8,6,214,2.8,10.1,21.6,5.8,20.9,NA,NA,0,0,225,NA,NA,NA,NA,NA,0.184,NA,NA,NA
2026-08-17 17:00:00,"SPF",20,18.9,20.7,NA,NA,76.6,17.9,15.7,932.1,NA,1018.9,NA,1533.7,3.4,207,1.3,4.7,12.2,3.3,11.9,NA,NA,0.5,0,41,NA,NA,NA,NA,NA,0.057,NA,NA,NA
2026-08-17 18:00:00,"SPF",18.2,17.8,18.6,NA,NA,91.4,19.1,16.8,932.1,NA,1018.9,NA,1528.7,4.9,204,1.3,4.7,17.6,4.8,17.3,NA,NA,0.1,0,23,NA,NA,NA,NA,NA,0.029,NA,NA,NA
2026-08-17 19:00:00,"SPF",17.6,17.2,18.2,NA,NA,88.5,17.8,15.7,932.4,NA,1019.2,NA,1529.2,5,207,2.2,7.9,18,4.9,17.6,NA,NA,0.3,0,1,NA,NA,NA,NA,NA,0.004,NA,NA,NA
2026-08-17 20:00:00,"SPF",16.9,16.7,17.1,NA,NA,91,17.5,15.5,932.8,NA,1019.6,NA,1531.2,3.7,218,1.8,6.5,13.3,3.6,13,NA,NA,0.1,0,0,NA,NA,NA,NA,NA,0,NA,NA,NA
2026-08-17 21:00:00,"SPF",16.6,16.5,16.7,NA,NA,93.6,17.7,15.6,932.9,NA,1019.7,NA,1530.9,3.5,202,1.9,6.8,12.6,3.5,12.6,NA,NA,0.1,0,0,NA,NA,NA,NA,NA,-0.001,NA,NA,NA
2026-08-17 22:00:00,"SPF",17,16.9,17,NA,NA,91.4,17.7,15.6,932.7,NA,1019.5,NA,1530.8,4.5,190,2.3,8.3,16.2,4.4,15.8,NA,NA,0,0,0,NA,NA,NA,NA,NA,0.002,NA,NA,NA
2026-08-17 23:00:00,"SPF",17.1,16.8,17.3,NA,NA,91.5,17.8,15.6,932.6,NA,1019.4,NA,1529.8,5.2,193,2.4,8.6,18.7,5.2,18.7,NA,NA,0,0,0,NA,NA,NA,NA,NA,0.002,NA,NA,NA
2026-08-18,"SPF",17,16.8,17.2,NA,NA,92.4,17.9,15.8,932.4,NA,1019.2,NA,1528.3,4.8,196,2.6,9.4,17.3,4.6,16.6,NA,NA,0,0,0,NA,NA,NA,NA,NA,0.002,NA,NA,NA
2026-08-18 01:00:00,"SPF",17.1,17,17.2,NA,NA,91.7,17.9,15.8,932.5,NA,1019.3,NA,1528.9,4.3,196,2.5,9,15.5,4.2,15.1,NA,NA,0,0,0,NA,NA,NA,NA,NA,0.002,NA,NA,NA
2026-08-18 02:00:00,"SPF",16.9,16.8,17,NA,NA,92.9,17.9,15.7,932.3,NA,1019.1,NA,1526.4,3.7,198,2.3,8.3,13.3,3.6,13,NA,NA,0,0,0,NA,NA,NA,NA,NA,0,NA,NA,NA
2026-08-18 03:00:00,"SPF",16.7,16.5,16.9,NA,NA,92.5,17.6,15.5,932,NA,1018.8,NA,1523.8,3.8,197,2.1,7.6,13.7,3.8,13.7,NA,NA,0,0,0,NA,NA,NA,NA,NA,0,NA,NA,NA
2026-08-18 04:00:00,"SPF",16.9,16.6,17.1,NA,NA,90.5,17.4,15.3,931.7,NA,1018.5,NA,1521.4,3.9,197,2.2,7.9,14,3.7,13.3,NA,NA,0,0,0,NA,NA,NA,NA,NA,0.002,NA,NA,NA
2026-08-18 05:00:00,"SPF",16.9,16.7,17,NA,NA,89.8,17.3,15.2,931.6,NA,1018.3,NA,1520,4.2,198,2.3,8.3,15.1,4.1,14.8,NA,NA,0,0,4,NA,NA,NA,NA,NA,-0.009,NA,NA,NA
2026-08-18 06:00:00,"SPF",17.1,16.7,17.6,NA,NA,89,17.4,15.3,931.6,NA,1018.3,NA,1521,4,207,2.4,8.6,14.4,3.9,14,NA,NA,0,0,57,NA,NA,NA,NA,NA,0.044,NA,NA,NA
2026-08-18 07:00:00,"SPF",18.2,17.8,18.5,NA,NA,84.4,17.6,15.5,932,NA,1018.8,NA,1527.3,4.7,220,2.6,9.4,16.9,4.6,16.6,NA,NA,0,0,98,NA,NA,NA,NA,NA,0.08,NA,NA,NA
2026-08-18 08:00:00,"SPF",19.7,18.6,21.2,NA,NA,76.9,17.6,15.5,932.1,NA,1018.9,NA,1532.2,6.1,209,2.7,9.7,22,6,21.6,NA,NA,0,0,251,NA,NA,NA,NA,NA,0.175,NA,NA,NA
2026-08-18 09:00:00,"SPF",21.6,21.5,22,NA,NA,64.5,16.6,14.6,931.9,NA,1018.7,NA,1536.3,8.5,204,4.6,16.6,30.6,8.3,29.9,NA,NA,0,0,381,NA,NA,NA,NA,NA,0.294,NA,NA,NA
2026-08-18 10:00:00,"SPF",21.9,21.7,22.2,NA,NA,65.3,17.2,15.1,931.9,NA,1018.7,NA,1537.6,8.3,210,4.4,15.8,29.9,8,28.8,NA,NA,0,0,339,NA,NA,NA,NA,NA,0.277,NA,NA,NA
2026-08-18 11:00:00,"SPF",22.8,22.2,23,NA,NA,59.2,16.4,14.4,931.6,NA,1018.3,NA,1537.1,12.5,217,5.7,20.5,45,12.3,44.3,NA,NA,0,0,426,NA,NA,NA,NA,NA,0.358,NA,NA,NA
2026-08-18 12:00:00,"SPF",23.9,23.1,24.6,NA,NA,53.8,16,14,931.1,NA,1017.8,NA,1535.8,9.2,209,5,18,33.1,9,32.4,NA,NA,0,0,593,NA,NA,NA,NA,NA,0.464,NA,NA,NA
2026-08-18 13:00:00,"SPF",25.3,24.7,25.7,NA,NA,46.9,15.1,13.1,930.6,NA,1017.3,NA,1535,9.3,222,5.1,18.4,33.5,9.1,32.8,NA,NA,0,0,732,NA,NA,NA,NA,NA,0.569,NA,NA,NA
2026-08-18 14:00:00,"SPF",26.2,25.7,26.5,NA,NA,42,14.2,12.2,930.1,NA,1016.7,NA,1532.3,9.2,229,5.1,18.4,33.1,9.1,32.8,NA,NA,0,0,677,NA,NA,NA,NA,NA,0.556,NA,NA,NA
2026-08-18 15:00:00,"SPF",26.6,26.3,26.9,NA,NA,38.6,13.4,11.3,929.6,NA,1016.2,NA,1529.7,9.7,248,5,18,34.9,9.5,34.2,NA,NA,0,0,570,NA,NA,NA,NA,NA,0.5,NA,NA,NA
2026-08-18 16:00:00,"SPF",26.2,26,26.6,NA,NA,39.1,13.3,11.2,929.4,NA,1016,NA,1526.4,8.5,238,4.1,14.8,30.6,8.3,29.9,NA,NA,0,0,341,NA,NA,NA,NA,NA,0.344,NA,NA,NA
2026-08-18 17:00:00,"SPF",25.5,25.2,25.7,NA,NA,42.1,13.7,11.6,929.4,NA,1016,NA,1524,8.2,221,3.1,11.2,29.5,7.8,28.1,NA,NA,0,0,143,NA,NA,NA,NA,NA,0.197,NA,NA,NA
2026-08-18 18:00:00,"SPF",24.7,24.1,25.1,NA,NA,45.7,14.2,12.2,929.3,NA,1015.9,NA,1521.6,6.1,204,3.1,11.2,22,5.9,21.2,NA,NA,0,0,61,NA,NA,NA,NA,NA,0.136,NA,NA,NA
2026-08-18 19:00:00,"SPF",22.8,21.8,24,NA,NA,54.6,15.1,13.1,929.6,NA,1016.2,NA,1518.2,4.1,220,1.8,6.5,14.8,4,14.4,NA,NA,0,0,5,NA,NA,NA,NA,NA,0.034,NA,NA,NA
2026-08-18 20:00:00,"SPF",20.9,20.2,21.9,NA,NA,63.7,15.7,13.7,930.2,NA,1016.8,NA,1519,2.8,208,1.5,5.4,10.1,2.8,10.1,NA,NA,0,0,0,NA,NA,NA,NA,NA,0.019,NA,NA,NA
2026-08-18 21:00:00,"SPF",19.9,19.6,20.2,NA,NA,65.4,15.2,13.2,930.4,NA,1017.1,NA,1518.2,3.5,219,2,7.2,12.6,3.4,12.2,NA,NA,0,0,0,NA,NA,NA,NA,NA,0.024,NA,NA,NA
2026-08-18 22:00:00,"SPF",19.1,18.4,19.5,NA,NA,67.8,14.9,13,930.7,NA,1017.4,NA,1518.3,3.2,218,1.8,6.5,11.5,3.2,11.5,NA,NA,0,0,0,NA,NA,NA,NA,NA,0.019,NA,NA,NA
2026-08-18 23:00:00,"SPF",18.5,18.3,18.8,NA,NA,70.6,15,13.1,930.7,NA,1017.4,NA,1516.9,4.2,217,2.2,7.9,15.1,4.1,14.8,NA,NA,0,0,0,NA,NA,NA,NA,NA,0.02,NA,NA,NA
2026-08-19,"SPF",18.5,18.3,18.7,NA,NA,69.6,14.8,12.8,930.6,NA,1017.3,NA,1515.5,4.2,220,2.6,9.4,15.1,4.1,14.8,NA,NA,0,0,0,NA,NA,NA,NA,NA,0.025,NA,NA,NA
2026-08-19 01:00:00,"SPF",17.7,17.5,18,NA,NA,71,14.4,12.4,930.2,NA,1016.8,NA,1509.9,4.1,211,2.3,8.3,14.8,4.1,14.8,NA,NA,0,0,0,NA,NA,NA,NA,NA,0.02,NA,NA,NA
2026-08-19 02:00:00,"SPF",17.8,17.6,18.1,NA,NA,68.5,14,12,929.9,NA,1016.5,NA,1507.2,5.8,201,3.4,12.2,20.9,5.6,20.2,NA,NA,0,0,0,NA,NA,NA,NA,NA,0.032,NA,NA,NA
2026-08-19 03:00:00,"SPF",17.1,16.4,17.5,NA,NA,70.5,13.7,11.7,929.6,NA,1016.2,NA,1503.2,5.2,201,3,10.8,18.7,5.1,18.4,NA,NA,0,0,0,NA,NA,NA,NA,NA,0.025,NA,NA,NA
2026-08-19 04:00:00,"SPF",16.6,15.8,17.3,NA,NA,72,13.6,11.6,929.5,NA,1016.1,NA,1500.8,5.2,203,2.5,9,18.7,5,18,NA,NA,0,0,0,NA,NA,NA,NA,NA,0.02,NA,NA,NA
2026-08-19 05:00:00,"SPF",16,15.6,16.5,NA,NA,75.6,13.7,11.7,929.5,NA,1016.1,NA,1498.5,5.7,207,2.5,9,20.5,5.6,20.2,NA,NA,0,0,5,NA,NA,NA,NA,NA,0.017,NA,NA,NA
2026-08-19 06:00:00,"SPF",16.7,16.5,17.3,NA,NA,72.3,13.8,11.8,929.3,NA,1015.9,NA,1499.2,7.5,197,3.5,12.6,27,7.4,26.6,NA,NA,0,0,78,NA,NA,NA,NA,NA,0.08,NA,NA,NA
2026-08-19 07:00:00,"SPF",18.5,17.5,19.6,NA,NA,66,14.1,12,929.2,NA,1015.8,NA,1502.9,5.1,189,3.1,11.2,18.4,5,18,NA,NA,0,0,279,NA,NA,NA,NA,NA,0.183,NA,NA,NA
2026-08-19 08:00:00,"SPF",22.1,20.1,23.7,NA,NA,54.9,14.6,12.6,928.9,NA,1015.4,NA,1510,6.2,198,2.9,10.4,22.3,6.2,22.3,NA,NA,0,0,458,NA,NA,NA,NA,NA,0.321,NA,NA,NA
2026-08-19 09:00:00,"SPF",24.3,23.9,24.8,NA,NA,47.2,14.3,12.3,928.4,NA,1014.9,NA,1512.1,6.6,217,3.7,13.3,23.8,6.5,23.4,NA,NA,0,0,621,NA,NA,NA,NA,NA,0.463,NA,NA,NA
2026-08-19 10:00:00,"SPF",25.5,25,26,NA,NA,45.2,14.8,12.8,927.8,NA,1014.3,NA,1509.9,6.3,231,3.4,12.2,22.7,6.1,22,NA,NA,0,0,751,NA,NA,NA,NA,NA,0.558,NA,NA,NA
2026-08-19 11:00:00,"SPF",26.9,26.6,27.4,NA,NA,43.1,15.2,13.3,927.3,NA,1013.7,NA,1508.3,6.7,233,3.6,13,24.1,6.7,24.1,NA,NA,0,0,833,NA,NA,NA,NA,NA,0.635,NA,NA,NA
2026-08-19 12:00:00,"SPF",27.7,27.4,28.1,NA,NA,41.4,15.4,13.5,926.6,NA,1012.9,NA,1504,7.9,233,3.6,13,28.4,7.8,28.1,NA,NA,0,0,863,NA,NA,NA,NA,NA,0.669,NA,NA,NA
2026-08-19 13:00:00,"SPF",28.5,28.1,28.9,NA,NA,38.9,15.1,13.1,925.9,NA,1012.2,NA,1499.6,7.3,213,3.6,13,26.3,7.2,25.9,NA,NA,0,0,834,NA,NA,NA,NA,NA,0.662,NA,NA,NA
2026-08-19 14:00:00,"SPF",29.5,29,30,NA,NA,35.2,14.6,12.6,925.3,NA,1011.6,NA,1496.6,8.4,218,3.6,13,30.2,8.4,30.2,NA,NA,0,0,750,NA,NA,NA,NA,NA,0.621,NA,NA,NA
2026-08-19 15:00:00,"SPF",30.3,30.1,30.5,NA,NA,31,13.4,11.3,924.6,NA,1010.8,NA,1492.7,9.6,232,4,14.4,34.6,9.3,33.5,NA,NA,0,0,628,NA,NA,NA,NA,NA,0.56,NA,NA,NA
2026-08-19 16:00:00,"SPF",30.5,30.4,30.6,NA,NA,29.7,13,10.8,924.1,NA,1010.3,NA,1488.3,9.3,227,4.2,15.1,33.5,9.2,33.1,NA,NA,0,0,469,NA,NA,NA,NA,NA,0.462,NA,NA,NA
2026-08-19 17:00:00,"SPF",30.2,29.9,30.5,NA,NA,29.6,12.7,10.5,923.9,NA,1010.1,NA,1484.9,7.6,231,3.7,13.3,27.4,7.3,26.3,NA,NA,0,0,292,NA,NA,NA,NA,NA,0.321,NA,NA,NA
2026-08-19 18:00:00,"SPF",29.1,27.7,29.7,NA,NA,29.6,11.9,9.5,923.7,NA,1009.8,NA,1480.7,10.3,207,4.6,16.6,37.1,10.1,36.4,NA,NA,0,0,111,NA,NA,NA,NA,NA,0.239,NA,NA,NA
2026-08-19 19:00:00,"SPF",26.4,25.6,27.7,NA,NA,36.5,12.6,10.3,923.8,NA,1010,NA,1474.8,9.2,190,4.7,16.9,33.1,8.4,30.2,NA,NA,0,0,4,NA,NA,NA,NA,NA,0.117,NA,NA,NA
2026-08-19 20:00:00,"SPF",24.6,23.3,25.3,NA,NA,42,12.9,10.8,924.3,NA,1010.5,NA,1474.6,6.1,214,2.8,10.1,22,5.9,21.2,NA,NA,0,0,0,NA,NA,NA,NA,NA,0.068,NA,NA,NA
2026-08-19 21:00:00,"SPF",22.4,21.8,23.1,NA,NA,50.3,13.6,11.6,924.7,NA,1010.9,NA,1472.7,4.2,207,2,7.2,15.1,4.1,14.8,NA,NA,0,0,0,NA,NA,NA,NA,NA,0.04,NA,NA,NA
2026-08-19 22:00:00,"SPF",21.7,21.3,22.1,NA,NA,53.9,14,11.9,924.8,NA,1011,NA,1471.1,3.4,210,1.7,6.1,12.2,3.3,11.9,NA,NA,0,0,0,NA,NA,NA,NA,NA,0.03,NA,NA,NA
2026-08-19 23:00:00,"SPF",21.1,20.6,22.1,NA,NA,56.8,14.2,12.2,925.1,NA,1011.4,NA,1472.7,4.9,201,1.5,5.4,17.6,4.7,16.9,NA,NA,0,0,0,NA,NA,NA,NA,NA,0.024,NA,NA,NA
2026-08-20,"SPF",24.2,22,25.3,NA,NA,45.2,13.6,11.5,925.7,NA,1012,NA,1486,7.6,209,2.8,10.1,27.4,7.3,26.3,NA,NA,0,0,0,NA,NA,NA,NA,NA,0.063,NA,NA,NA
2026-08-20 01:00:00,"SPF",23.6,21.2,25.2,NA,NA,46.6,13.5,11.4,926,NA,1012.3,NA,1487.1,7.9,212,2.6,9.4,28.4,7.6,27.4,NA,NA,0,0,0,NA,NA,NA,NA,NA,0.057,NA,NA,NA
2026-08-20 02:00:00,"SPF",21.4,20.8,22.9,NA,NA,53.8,13.7,11.7,926.5,NA,1012.9,NA,1486.8,8.7,209,2.4,8.6,31.3,8.5,30.6,NA,NA,0,0,0,NA,NA,NA,NA,NA,0.042,NA,NA,NA
2026-08-20 03:00:00,"SPF",22.7,21.8,23.2,NA,NA,45,12.4,10.1,926.8,NA,1013.2,NA,1492.5,9.8,198,3.8,13.7,35.3,9.7,34.9,NA,NA,0,0,0,NA,NA,NA,NA,NA,0.076,NA,NA,NA
2026-08-20 04:00:00,"SPF",21.5,21.3,21.9,NA,NA,49.6,12.7,10.6,926.8,NA,1013.2,NA,1489.3,7.2,200,3.1,11.2,25.9,7,25.2,NA,NA,0,0,0,NA,NA,NA,NA,NA,0.057,NA,NA,NA
2026-08-20 05:00:00,"SPF",21.4,21.1,21.8,NA,NA,51.7,13.2,11.1,926.7,NA,1013.1,NA,1488.6,7.3,203,3.2,11.5,26.3,7.1,25.6,NA,NA,0,0,3,NA,NA,NA,NA,NA,0.057,NA,NA,NA
2026-08-20 06:00:00,"SPF",20.1,19.9,20.5,NA,NA,59.9,14.1,12.1,927,NA,1013.4,NA,1487.2,4.6,196,2,7.2,16.6,4.5,16.2,NA,NA,0,0,69,NA,NA,NA,NA,NA,0.081,NA,NA,NA
2026-08-20 07:00:00,"SPF",20.9,20.4,21.4,NA,NA,59.8,14.8,12.8,927,NA,1013.4,NA,1489.9,6,188,2.8,10.1,21.6,5.9,21.2,NA,NA,0,0,124,NA,NA,NA,NA,NA,0.137,NA,NA,NA
2026-08-20 08:00:00,"SPF",21.8,21.3,22.4,NA,NA,60.6,15.8,13.9,927.1,NA,1013.5,NA,1492.8,7.1,241,1.6,5.8,25.6,6.8,24.5,NA,NA,0.2,0,177,NA,NA,NA,NA,NA,0.153,NA,NA,NA
2026-08-20 09:00:00,"SPF",21.9,21.5,22.3,NA,NA,65.2,17.1,15.1,927,NA,1013.4,NA,1492.4,5.3,219,2.1,7.6,19.1,5,18,NA,NA,0,0,330,NA,NA,NA,NA,NA,0.245,NA,NA,NA
2026-08-20 10:00:00,"SPF",22.2,21.8,22.4,NA,NA,62.6,16.7,14.7,927.5,NA,1013.9,NA,1497.2,5.3,230,2.8,10.1,19.1,5.2,18.7,NA,NA,0,0,289,NA,NA,NA,NA,NA,0.241,NA,NA,NA
2026-08-20 11:00:00,"SPF",23.4,22.8,23.8,NA,NA,59.9,17.2,15.1,927.1,NA,1013.5,NA,1497.5,5.4,214,2.6,9.4,19.4,5.3,19.1,NA,NA,0,0,485,NA,NA,NA,NA,NA,0.363,NA,NA,NA
2026-08-20 12:00:00,"SPF",24.7,23.9,25,NA,NA,54.4,16.9,14.8,927.1,NA,1013.5,NA,1500.8,6,206,3.3,11.9,21.6,5.9,21.2,NA,NA,0,0,543,NA,NA,NA,NA,NA,0.424,NA,NA,NA
2026-08-20 13:00:00,"SPF",25.8,24.8,26.4,NA,NA,51.9,17.2,15.1,926.6,NA,1013,NA,1499.2,5.9,220,2.9,10.4,21.2,5.8,20.9,NA,NA,0,0,671,NA,NA,NA,NA,NA,0.505,NA,NA,NA
2026-08-20 14:00:00,"SPF",26.2,26,26.6,NA,NA,48.2,16.4,14.4,926.2,NA,1012.5,NA,1496.7,9.7,222,3.8,13.7,34.9,9.5,34.2,NA,NA,0,0,637,NA,NA,NA,NA,NA,0.502,NA,NA,NA
2026-08-20 15:00:00,"SPF",26,25.2,26.4,NA,NA,45.9,15.4,13.5,925.7,NA,1012,NA,1491.6,8.6,228,4,14.4,31,8.3,29.9,NA,NA,0.1,0,335,NA,NA,NA,NA,NA,0.335,NA,NA,NA
2026-08-20 16:00:00,"SPF",22.5,22.1,23.3,NA,NA,67,18.2,16.1,925.6,NA,1011.9,NA,1481,6.5,187,3.4,12.2,23.4,6.3,22.7,NA,NA,2.3,0,135,NA,NA,NA,NA,NA,0.151,NA,NA,NA
2026-08-20 17:00:00,"SPF",22.4,21.1,23,NA,NA,65.1,17.6,15.5,925.6,NA,1011.9,NA,1480.4,12.6,186,3.5,12.6,45.4,12.4,44.6,NA,NA,0,0,59,NA,NA,NA,NA,NA,0.115,NA,NA,NA
2026-08-20 18:00:00,"SPF",20.7,20.4,21,NA,NA,68.4,16.7,14.7,926.3,NA,1012.6,NA,1482.2,12.3,164,5.2,18.7,44.3,12.1,43.6,NA,NA,0,0,25,NA,NA,NA,NA,NA,0.107,NA,NA,NA
2026-08-20 19:00:00,"SPF",19.9,19.4,20.6,NA,NA,74.2,17.2,15.1,926.6,NA,1013,NA,1483.2,5.9,170,1.9,6.8,21.2,5.8,20.9,NA,NA,0,0,0,NA,NA,NA,NA,NA,0.015,NA,NA,NA
2026-08-20 20:00:00,"SPF",19.2,19,19.3,NA,NA,79,17.5,15.4,927.2,NA,1013.6,NA,1486.5,5.3,171,2,7.2,19.1,5.3,19.1,NA,NA,0,0,0,NA,NA,NA,NA,NA,0.012,NA,NA,NA
2026-08-20 21:00:00,"SPF",18.7,18.6,18.9,NA,NA,82.3,17.8,15.6,927.2,NA,1013.6,NA,1485.3,6.5,174,3.1,11.2,23.4,6.4,23,NA,NA,0,0,0,NA,NA,NA,NA,NA,0.015,NA,NA,NA
2026-08-20 22:00:00,"SPF",18.5,18.2,18.8,NA,NA,84,17.9,15.7,927.5,NA,1013.9,NA,1487.4,6.6,24,2.2,7.9,23.8,6.5,23.4,NA,NA,0,0,0,NA,NA,NA,NA,NA,0.008,NA,NA,NA
2026-08-20 23:00:00,"SPF",17.5,17.3,17.9,NA,NA,86.5,17.3,15.2,928,NA,1014.5,NA,1489.7,5.2,14,2.3,8.3,18.7,5.1,18.4,NA,NA,0,0,0,NA,NA,NA,NA,NA,0.006,NA,NA,NA
2026-08-21,"SPF",17.4,17.3,17.5,NA,NA,87.1,17.3,15.2,927.9,NA,1014.4,NA,1488.5,2.1,351,0.7,2.5,7.6,2,7.2,NA,NA,0,0,0,NA,NA,NA,NA,NA,-0.004,NA,NA,NA
2026-08-21 01:00:00,"SPF",17.1,16.9,17.3,NA,NA,90.5,17.6,15.5,927.7,NA,1014.1,NA,1485.2,1.5,166,0.6,2.2,5.4,1.5,5.4,NA,NA,0.4,0,0,NA,NA,NA,NA,NA,-0.006,NA,NA,NA
2026-08-21 02:00:00,"SPF",16.8,16.7,16.9,NA,NA,94.4,18,15.9,927.5,NA,1013.9,NA,1483,2.6,189,0.9,3.2,9.4,2.6,9.4,NA,NA,0.9,0,0,NA,NA,NA,NA,NA,-0.005,NA,NA,NA
2026-08-21 03:00:00,"SPF",16.3,16.1,16.6,NA,NA,95.5,17.7,15.6,926.4,NA,1012.8,NA,1472.2,2.4,14,0.8,2.9,8.6,2.4,8.6,NA,NA,0,0,0,NA,NA,NA,NA,NA,-0.006,NA,NA,NA
2026-08-21 04:00:00,"SPF",15.9,15.8,15.9,NA,NA,95.5,17.2,15.2,926.2,NA,1012.5,NA,1468.9,2.6,16,1.1,4,9.4,2.5,9,NA,NA,0,0,0,NA,NA,NA,NA,NA,-0.005,NA,NA,NA
2026-08-21 05:00:00,"SPF",15.2,15,15.4,NA,NA,97.4,16.8,14.8,925.6,NA,1011.9,NA,1461.4,1.4,225,0.6,2.2,5,1.3,4.7,NA,NA,0,0,1,NA,NA,NA,NA,NA,-0.007,NA,NA,NA
2026-08-21 06:00:00,"SPF",15.6,15.5,15.7,NA,NA,97,17.2,15.2,925.4,NA,1011.7,NA,1461.2,1.7,198,1,3.6,6.1,1.6,5.8,NA,NA,0.2,0,13,NA,NA,NA,NA,NA,0.022,NA,NA,NA
2026-08-21 07:00:00,"SPF",15.8,15.7,15.9,NA,NA,96.2,17.3,15.2,925.3,NA,1011.6,NA,1460.5,1.1,162,0.4,1.4,4,1.1,4,NA,NA,0.9,0,22,NA,NA,NA,NA,NA,0.029,NA,NA,NA
2026-08-21 08:00:00,"SPF",15.9,15.8,15.9,NA,NA,97.1,17.5,15.4,925.3,NA,1011.6,NA,1460.3,0.5,207,0.2,0.7,1.8,0.5,1.8,NA,NA,2,0,22,NA,NA,NA,NA,NA,0.03,NA,NA,NA
2026-08-21 09:00:00,"SPF",15.6,14.8,16,NA,NA,94.3,16.8,14.7,925.7,NA,1012,NA,1463.6,7.7,36,1.6,5.8,27.7,7.6,27.4,NA,NA,7.6,0,23,NA,NA,NA,NA,NA,0.033,NA,NA,NA
2026-08-21 10:00:00,"SPF",14.2,14,14.4,NA,NA,95.3,15.4,13.4,927,NA,1013.4,NA,1471.7,4,326,1.2,4.3,14.4,4,14.4,NA,NA,14.6,0,37,NA,NA,NA,NA,NA,0.039,NA,NA,NA
2026-08-21 11:00:00,"SPF",14,13.7,14.1,NA,NA,92.4,14.7,12.7,927.7,NA,1014.1,NA,1477,2.9,55,1.3,4.7,10.4,2.8,10.1,NA,NA,4,0,70,NA,NA,NA,NA,NA,0.058,NA,NA,NA
2026-08-21 12:00:00,"SPF",13.5,13.4,13.6,NA,NA,87.6,13.6,11.5,928.1,NA,1014.6,NA,1479.2,4.7,47,2,7.2,16.9,4.5,16.2,NA,NA,1.7,0,116,NA,NA,NA,NA,NA,0.085,NA,NA,NA
2026-08-21 13:00:00,"SPF",13.5,13.4,13.6,NA,NA,85.5,13.2,11.1,928.4,NA,1014.9,NA,1482.6,2.4,243,0.9,3.2,8.6,2.4,8.6,NA,NA,0.5,0,141,NA,NA,NA,NA,NA,0.097,NA,NA,NA
2026-08-21 14:00:00,"SPF",14.1,14,14.4,NA,NA,84.9,13.7,11.7,928.5,NA,1015,NA,1485.3,2.2,162,1.1,4,7.9,2.2,7.9,NA,NA,0.1,0,248,NA,NA,NA,NA,NA,0.151,NA,NA,NA
2026-08-21 15:00:00,"SPF",15.1,14.5,15.5,NA,NA,78.6,13.5,11.4,928.4,NA,1014.9,NA,1486.4,2.7,218,1.4,5,9.7,2.6,9.4,NA,NA,0.1,0,408,NA,NA,NA,NA,NA,0.232,NA,NA,NA
2026-08-21 16:00:00,"SPF",16.1,15.7,16.4,NA,NA,72.6,13.3,11.2,928.4,NA,1014.9,NA,1489.3,3.5,202,1.8,6.5,12.6,3.5,12.6,NA,NA,0,0,350,NA,NA,NA,NA,NA,0.202,NA,NA,NA
2026-08-21 17:00:00,"SPF",16.3,15.8,16.6,NA,NA,71.7,13.3,11.1,928.4,NA,1014.9,NA,1489.8,3.6,202,1.7,6.1,13,3.6,13,NA,NA,0,0,239,NA,NA,NA,NA,NA,0.134,NA,NA,NA
2026-08-21 18:00:00,"SPF",14.9,14.4,15.9,NA,NA,80,13.6,11.5,928.8,NA,1015.4,NA,1489.9,4.7,194,2.1,7.6,16.9,4.6,16.6,NA,NA,0,0,17,NA,NA,NA,NA,NA,0.041,NA,NA,NA
2026-08-21 19:00:00,"SPF",14.3,13.9,14.6,NA,NA,85.3,13.9,11.9,929.7,NA,1016.3,NA,1495.7,3.8,201,1.1,4,13.7,3.7,13.3,NA,NA,0,0,0,NA,NA,NA,NA,NA,-0.001,NA,NA,NA
2026-08-21 20:00:00,"SPF",13.4,13.1,13.6,NA,NA,89.3,13.7,11.7,930.1,NA,1016.7,NA,1497.2,2.8,197,1.5,5.4,10.1,2.7,9.7,NA,NA,0,0,0,NA,NA,NA,NA,NA,-0.001,NA,NA,NA
2026-08-21 21:00:00,"SPF",13.4,13.3,13.5,NA,NA,89.9,13.8,11.8,931,NA,1017.7,NA,1505.2,3.5,90,1.4,5,12.6,3.5,12.6,NA,NA,0,0,0,NA,NA,NA,NA,NA,-0.001,NA,NA,NA
2026-08-21 22:00:00,"SPF",13.2,12.5,13.7,NA,NA,86,13,10.9,931.7,NA,1018.4,NA,1510.7,5.7,36,2.2,7.9,20.5,5.6,20.2,NA,NA,1.4,0,0,NA,NA,NA,NA,NA,0.005,NA,NA,NA
2026-08-21 23:00:00,"SPF",12.2,12.1,12.4,NA,NA,89.6,12.8,10.6,932,NA,1018.7,NA,1510.4,6.5,201,2.5,9,23.4,6.4,23,NA,NA,2,0,0,NA,NA,NA,NA,NA,0.003,NA,NA,NA
2026-08-22,"SPF",11.8,11.6,12.1,NA,NA,91.2,12.6,10.4,931.7,NA,1018.4,NA,1507.1,5.3,209,2.3,8.3,19.1,5.1,18.4,NA,NA,0.1,0,0,NA,NA,NA,NA,NA,0.001,NA,NA,NA
2026-08-22 01:00:00,"SPF",11.9,11.6,12.3,NA,NA,92.1,12.8,10.6,931.8,NA,1018.6,NA,1508.3,7,215,2.3,8.3,25.2,6.9,24.8,NA,NA,0,0,0,NA,NA,NA,NA,NA,0,NA,NA,NA
2026-08-22 02:00:00,"SPF",11.8,11.6,11.9,NA,NA,94.5,13,10.9,932,NA,1018.8,NA,1509.2,3.9,215,2,7.2,14,3.8,13.7,NA,NA,0,0,0,NA,NA,NA,NA,NA,-0.002,NA,NA,NA
2026-08-22 03:00:00,"SPF",11.8,11.5,12.7,NA,NA,93,12.8,10.7,932.1,NA,1018.9,NA,1510.1,6,213,2.2,7.9,21.6,5.8,20.9,NA,NA,0,0,0,NA,NA,NA,NA,NA,-0.001,NA,NA,NA
2026-08-22 04:00:00,"SPF",11.4,11.2,11.5,NA,NA,96.2,12.9,10.8,932.3,NA,1019.1,NA,1510.8,2.9,225,1.4,5,10.4,2.9,10.4,NA,NA,0,0,0,NA,NA,NA,NA,NA,-0.005,NA,NA,NA
2026-08-22 05:00:00,"SPF",10.6,10.3,11,NA,NA,98.1,12.5,10.3,932.6,NA,1019.4,NA,1511.4,3,212,1.3,4.7,10.8,2.9,10.4,NA,NA,0,0,4,NA,NA,NA,NA,NA,-0.005,NA,NA,NA
2026-08-22 06:00:00,"SPF",11.4,10.7,12,NA,NA,94.5,12.8,10.6,932.9,NA,1019.7,NA,1516.7,2.8,205,1.6,5.8,10.1,2.7,9.7,NA,NA,0,0,58,NA,NA,NA,NA,NA,0.029,NA,NA,NA
2026-08-22 07:00:00,"SPF",12.5,12.2,12.8,NA,NA,84.8,12.3,10,933.3,NA,1020.2,NA,1522.7,5.1,188,2.3,8.3,18.4,5.1,18.4,NA,NA,0,0,174,NA,NA,NA,NA,NA,0.093,NA,NA,NA
2026-08-22 08:00:00,"SPF",14.3,12.9,15.3,NA,NA,77.2,12.6,10.4,933.5,NA,1020.4,NA,1530,5,178,2.9,10.4,18,5,18,NA,NA,0,0,380,NA,NA,NA,NA,NA,0.203,NA,NA,NA
2026-08-22 09:00:00,"SPF",16.2,15.5,17.2,NA,NA,67.9,12.5,10.3,933.9,NA,1020.8,NA,1538.7,4.7,229,2.4,8.6,16.9,4.6,16.6,NA,NA,0,0,369,NA,NA,NA,NA,NA,0.231,NA,NA,NA
2026-08-22 10:00:00,"SPF",17.1,16.4,18,NA,NA,64.3,12.5,10.3,934.3,NA,1021.2,NA,1545,5.7,238,2.6,9.4,20.5,5.6,20.2,NA,NA,0,0,632,NA,NA,NA,NA,NA,0.376,NA,NA,NA
2026-08-22 11:00:00,"SPF",18.2,17.7,18.9,NA,NA,55.6,11.6,9.2,934.3,NA,1021.2,NA,1548.7,6.4,214,3,10.8,23,6.3,22.7,NA,NA,0,0,823,NA,NA,NA,NA,NA,0.498,NA,NA,NA
2026-08-22 12:00:00,"SPF",18.7,18.3,19.2,NA,NA,51.6,11.1,8.5,934.4,NA,1021.3,NA,1550.4,8.8,217,2.4,8.6,31.7,8.2,29.5,NA,NA,0,0,780,NA,NA,NA,NA,NA,0.487,NA,NA,NA
2026-08-22 13:00:00,"SPF",18.6,17.8,20,NA,NA,56.1,12,9.7,934.3,NA,1021.2,NA,1549.2,7.6,27,3.8,13.7,27.4,7.4,26.6,NA,NA,0,0,479,NA,NA,NA,NA,NA,0.337,NA,NA,NA
2026-08-22 14:00:00,"SPF",19.2,18.5,19.8,NA,NA,52.3,11.6,9.2,934.4,NA,1021.3,NA,1551.8,6,38,3.6,13,21.6,5.9,21.2,NA,NA,0,0,698,NA,NA,NA,NA,NA,0.447,NA,NA,NA
2026-08-22 15:00:00,"SPF",19.7,19.4,19.9,NA,NA,49.2,11.3,8.7,934.4,NA,1021.3,NA,1553.2,7.4,27,2.3,8.3,26.6,7.2,25.9,NA,NA,0,0,653,NA,NA,NA,NA,NA,0.415,NA,NA,NA
2026-08-22 16:00:00,"SPF",19,18.6,19.9,NA,NA,50.7,11.1,8.5,934.3,NA,1021.2,NA,1550.6,6.1,17,3.2,11.5,22,6,21.6,NA,NA,0,0,272,NA,NA,NA,NA,NA,0.223,NA,NA,NA
2026-08-22 17:00:00,"SPF",18.7,18.4,18.9,NA,NA,49.3,10.6,7.9,934.4,NA,1021.4,NA,1551.2,4.8,2,2.9,10.4,17.3,4.7,16.9,NA,NA,0,0,203,NA,NA,NA,NA,NA,0.17,NA,NA,NA
2026-08-22 18:00:00,"SPF",18.3,18,18.5,NA,NA,52.2,11,8.3,934.6,NA,1021.6,NA,1551.4,5.1,23,2.2,7.9,18.4,5,18,NA,NA,0,0,90,NA,NA,NA,NA,NA,0.082,NA,NA,NA
2026-08-22 19:00:00,"SPF",16.6,15.9,17.5,NA,NA,61.4,11.6,9.1,935,NA,1022,NA,1550.3,4.1,30,1.7,6.1,14.8,4,14.4,NA,NA,0,0,4,NA,NA,NA,NA,NA,0.021,NA,NA,NA
2026-08-22 20:00:00,"SPF",14.7,12.8,15.9,NA,NA,71.2,11.9,9.5,935.8,NA,1022.8,NA,1551.2,2.9,8,0.9,3.2,10.4,2.8,10.1,NA,NA,0,0,0,NA,NA,NA,NA,NA,0.003,NA,NA,NA
2026-08-22 21:00:00,"SPF",12.2,11.6,12.6,NA,NA,84,11.9,9.5,936.1,NA,1023.2,NA,1546.5,1.3,211,0.6,2.2,4.7,1.3,4.7,NA,NA,0,0,0,NA,NA,NA,NA,NA,-0.004,NA,NA,NA
2026-08-22 22:00:00,"SPF",11.3,11.1,11.6,NA,NA,87,11.7,9.2,936,NA,1023.1,NA,1543.4,1,207,0.4,1.4,3.6,1,3.6,NA,NA,0,0,0,NA,NA,NA,NA,NA,-0.006,NA,NA,NA
2026-08-22 23:00:00,"SPF",10.2,9.8,10.8,NA,NA,89.8,11.2,8.6,935.9,NA,1023,NA,1539,1.2,207,0.4,1.4,4.3,1.1,4,NA,NA,0,0,0,NA,NA,NA,NA,NA,-0.007,NA,NA,NA
2026-08-23,"SPF",9.4,9.1,10,NA,NA,91.7,10.8,8.2,935.9,NA,1023,NA,1536.6,0.9,194,0.5,1.8,3.2,0.9,3.2,NA,NA,0,0,0,NA,NA,NA,NA,NA,-0.006,NA,NA,NA
2026-08-23 01:00:00,"SPF",8.8,8.4,9,NA,NA,93,10.5,7.7,935.7,NA,1022.7,NA,1533.3,1,214,0.4,1.4,3.6,1,3.6,NA,NA,0,0,0,NA,NA,NA,NA,NA,-0.007,NA,NA,NA
2026-08-23 02:00:00,"SPF",8,7.8,8.2,NA,NA,94.5,10.1,7.2,935.5,NA,1022.5,NA,1529.4,1.7,203,0.8,2.9,6.1,1.7,6.1,NA,NA,0,0,0,NA,NA,NA,NA,NA,-0.006,NA,NA,NA
2026-08-23 03:00:00,"SPF",7.8,7.7,7.9,NA,NA,94.9,10.1,7.1,935.6,NA,1022.6,NA,1529.6,1.5,210,0.9,3.2,5.4,1.5,5.4,NA,NA,0,0,0,NA,NA,NA,NA,NA,-0.005,NA,NA,NA
2026-08-23 04:00:00,"SPF",7.3,7,7.5,NA,NA,96.4,9.8,6.7,935.4,NA,1022.4,NA,1526.5,1.6,207,0.8,2.9,5.8,1.6,5.8,NA,NA,0,0,0,NA,NA,NA,NA,NA,-0.006,NA,NA,NA
2026-08-23 05:00:00,"SPF",6.9,6.6,7.2,NA,NA,97.4,9.7,6.5,935.7,NA,1022.7,NA,1527.5,1.4,214,0.7,2.5,5,1.3,4.7,NA,NA,0,0,3,NA,NA,NA,NA,NA,-0.006,NA,NA,NA
2026-08-23 06:00:00,"SPF",7.4,6.9,7.9,NA,NA,96.6,9.9,6.8,936.2,NA,1023.3,NA,1533.5,1.8,207,0.8,2.9,6.5,1.8,6.5,NA,NA,0,0,60,NA,NA,NA,NA,NA,0.024,NA,NA,NA
2026-08-23 07:00:00,"SPF",10.1,8.6,11.4,NA,NA,88.9,10.9,8.3,936.6,NA,1023.7,NA,1545,2.1,186,0.9,3.2,7.6,2,7.2,NA,NA,0,0,278,NA,NA,NA,NA,NA,0.118,NA,NA,NA
2026-08-23 08:00:00,"SPF",13.1,11.9,14.5,NA,NA,76.7,11.6,9.1,936.4,NA,1023.5,NA,1552.2,1.3,146,0.5,1.8,4.7,1.2,4.3,NA,NA,0,0,461,NA,NA,NA,NA,NA,0.234,NA,NA,NA
2026-08-23 09:00:00,"SPF",16.2,15.2,17,NA,NA,67.2,12.4,10.2,936.1,NA,1023.2,NA,1559.1,4.4,38,1.8,6.5,15.8,4.3,15.5,NA,NA,0,0,619,NA,NA,NA,NA,NA,0.349,NA,NA,NA
2026-08-23 10:00:00,"SPF",17.7,17.2,17.9,NA,NA,64.3,13,10.9,936.2,NA,1023.3,NA,1563.9,6,36,3.5,12.6,21.6,5.9,21.2,NA,NA,0,0,752,NA,NA,NA,NA,NA,0.438,NA,NA,NA
2026-08-23 11:00:00,"SPF",18.9,18.3,19.6,NA,NA,61,13.3,11.2,936,NA,1023.1,NA,1565.4,6.2,37,3.8,13.7,22.3,6.1,22,NA,NA,0,0,811,NA,NA,NA,NA,NA,0.491,NA,NA,NA
2026-08-23 12:00:00,"SPF",20,19.4,20.4,NA,NA,54.9,12.8,10.6,935.6,NA,1022.6,NA,1565,7.5,34,3.9,14,27,7.3,26.3,NA,NA,0,0,837,NA,NA,NA,NA,NA,0.531,NA,NA,NA
2026-08-23 13:00:00,"SPF",20.6,20.4,20.9,NA,NA,51.8,12.5,10.4,935.5,NA,1022.5,NA,1566.3,7.9,38,4.4,15.8,28.4,7.7,27.7,NA,NA,0,0,830,NA,NA,NA,NA,NA,0.541,NA,NA,NA
2026-08-23 14:00:00,"SPF",21.1,20.8,21.4,NA,NA,52.2,13.1,10.9,935.3,NA,1022.3,NA,1565.9,7.4,25,4.4,15.8,26.6,7.3,26.3,NA,NA,0,0,751,NA,NA,NA,NA,NA,0.501,NA,NA,NA
2026-08-23 15:00:00,"SPF",21.5,21.3,21.6,NA,NA,50.7,13,10.8,935.1,NA,1022.1,NA,1565.2,7,19,4.2,15.1,25.2,6.9,24.8,NA,NA,0,0,626,NA,NA,NA,NA,NA,0.433,NA,NA,NA
2026-08-23 16:00:00,"SPF",21.5,21.4,21.7,NA,NA,51.4,13.2,11.1,935.3,NA,1022.3,NA,1567,7.9,23,4.1,14.8,28.4,7.7,27.7,NA,NA,0,0,443,NA,NA,NA,NA,NA,0.326,NA,NA,NA
2026-08-23 17:00:00,"SPF",21,20.7,21.5,NA,NA,52.3,13,10.9,935.1,NA,1022.1,NA,1564.1,6.9,19,4,14.4,24.8,6.8,24.5,NA,NA,0,0,223,NA,NA,NA,NA,NA,0.204,NA,NA,NA
2026-08-23 18:00:00,"SPF",20,19.1,20.6,NA,NA,54.2,12.6,10.5,934.8,NA,1021.8,NA,1557.9,5.6,14,3.5,12.6,20.2,5.5,19.8,NA,NA,0,0,95,NA,NA,NA,NA,NA,0.109,NA,NA,NA
2026-08-23 19:00:00,"SPF",17.9,17.1,18.8,NA,NA,64.2,13.1,11,934.7,NA,1021.7,NA,1551.1,3.7,11,1.3,4.7,13.3,3.6,13,NA,NA,0,0,3,NA,NA,NA,NA,NA,0.014,NA,NA,NA
2026-08-23 20:00:00,"SPF",15.9,15.3,16.7,NA,NA,74.5,13.4,11.3,935.1,NA,1022.1,NA,1548.4,2,162,0.4,1.4,7.2,1.9,6.8,NA,NA,0,0,0,NA,NA,NA,NA,NA,-0.004,NA,NA,NA
2026-08-23 21:00:00,"SPF",14.6,13.9,14.9,NA,NA,81.4,13.5,11.4,935,NA,1022,NA,1544,0.8,270,0.2,0.7,2.9,0.8,2.9,NA,NA,0,0,0,NA,NA,NA,NA,NA,-0.008,NA,NA,NA
2026-08-23 22:00:00,"SPF",13,12.2,13.7,NA,NA,87.4,13.1,10.9,934.9,NA,1021.9,NA,1538.4,1,225,0.3,1.1,3.6,1,3.6,NA,NA,0,0,0,NA,NA,NA,NA,NA,-0.007,NA,NA,NA
2026-08-23 23:00:00,"SPF",11.6,11.4,12,NA,NA,90.6,12.4,10.1,934.9,NA,1021.9,NA,1534,2.3,212,1,3.6,8.3,2.3,8.3,NA,NA,0,0,0,NA,NA,NA,NA,NA,-0.004,NA,NA,NA
2026-08-24,"SPF",11.1,10.8,11.5,NA,NA,91.9,12.1,9.8,934.5,NA,1021.4,NA,1529.2,2,221,1,3.6,7.2,1.9,6.8,NA,NA,0,0,0,NA,NA,NA,NA,NA,-0.004,NA,NA,NA
2026-08-24 01:00:00,"SPF",10.6,10.1,11.3,NA,NA,93.2,11.9,9.6,934.2,NA,1021.1,NA,1525.9,1.3,207,0.6,2.2,4.7,1.3,4.7,NA,NA,0,0,0,NA,NA,NA,NA,NA,-0.006,NA,NA,NA
2026-08-24 02:00:00,"SPF",9.8,9.4,10,NA,NA,95.7,11.6,9.1,934.3,NA,1021.2,NA,1523.8,1.6,203,0.8,2.9,5.8,1.6,5.8,NA,NA,0,0,0,NA,NA,NA,NA,NA,-0.006,NA,NA,NA
2026-08-24 03:00:00,"SPF",9.7,9.3,9.9,NA,NA,96.1,11.5,9,934.3,NA,1021.2,NA,1523.2,1.8,221,1,3.6,6.5,1.8,6.5,NA,NA,0,0,0,NA,NA,NA,NA,NA,-0.006,NA,NA,NA
2026-08-24 04:00:00,"SPF",10.3,10,10.5,NA,NA,94.2,11.8,9.4,933.9,NA,1020.8,NA,1522.2,1,225,0.4,1.4,3.6,1,3.6,NA,NA,0,0,0,NA,NA,NA,NA,NA,-0.007,NA,NA,NA
2026-08-24 05:00:00,"SPF",10,9.7,10.2,NA,NA,96.2,11.8,9.5,933.7,NA,1020.6,NA,1519.5,1.5,201,0.9,3.2,5.4,1.5,5.4,NA,NA,0,0,3,NA,NA,NA,NA,NA,-0.005,NA,NA,NA
2026-08-24 06:00:00,"SPF",11,10.2,12.6,NA,NA,94.4,12.4,10.2,934.2,NA,1021.1,NA,1526.3,2.8,201,1.4,5,10.1,2.7,9.7,NA,NA,0,0,74,NA,NA,NA,NA,NA,0.03,NA,NA,NA
2026-08-24 07:00:00,"SPF",13.6,13.1,13.9,NA,NA,84.7,13.2,11.1,934.1,NA,1021,NA,1533.1,4.6,198,1.4,5,16.6,4.5,16.2,NA,NA,0.2,0,68,NA,NA,NA,NA,NA,0.054,NA,NA,NA
2026-08-24 08:00:00,"SPF",14.7,13.9,15.9,NA,NA,85.9,14.4,12.4,933.3,NA,1020.2,NA,1529.7,2.2,225,1.1,4,7.9,2.1,7.6,NA,NA,0.1,0,181,NA,NA,NA,NA,NA,0.11,NA,NA,NA
2026-08-24 09:00:00,"SPF",17.7,16.3,19,NA,NA,73.6,14.8,12.9,932.9,NA,1019.7,NA,1534.4,4.2,18,2.4,8.6,15.1,4.1,14.8,NA,NA,0,0,609,NA,NA,NA,NA,NA,0.35,NA,NA,NA
2026-08-24 10:00:00,"SPF",19.8,19.5,20.3,NA,NA,63.4,14.6,12.6,932.7,NA,1019.5,NA,1538.6,6.1,19,3.5,12.6,22,6,21.6,NA,NA,0,0,585,NA,NA,NA,NA,NA,0.381,NA,NA,NA
2026-08-24 11:00:00,"SPF",20.4,20.1,20.6,NA,NA,62.6,15,13,932.2,NA,1019,NA,1536,5.9,27,3.5,12.6,21.2,5.7,20.5,NA,NA,0,0,441,NA,NA,NA,NA,NA,0.319,NA,NA,NA
2026-08-24 12:00:00,"SPF",21,20.4,21.9,NA,NA,60.3,15,13.1,931.8,NA,1018.6,NA,1533.9,7.2,38,4.5,16.2,25.9,7.1,25.6,NA,NA,0,0,625,NA,NA,NA,NA,NA,0.429,NA,NA,NA
2026-08-24 13:00:00,"SPF",22.1,21.7,22.3,NA,NA,56.6,15,13.1,931.3,NA,1018,NA,1532.5,7.8,37,5,18,28.1,7.6,27.4,NA,NA,0,0,664,NA,NA,NA,NA,NA,0.469,NA,NA,NA
2026-08-24 14:00:00,"SPF",22.2,21.6,22.7,NA,NA,56.2,15,13,930.7,NA,1017.4,NA,1527.2,7.5,31,4.7,16.9,27,7.3,26.3,NA,NA,0,0,528,NA,NA,NA,NA,NA,0.396,NA,NA,NA
2026-08-24 15:00:00,"SPF",22.8,22.6,23.1,NA,NA,54.1,15,13.1,929.8,NA,1016.4,NA,1520.7,8.6,19,5,18,31,8.5,30.6,NA,NA,0,0,501,NA,NA,NA,NA,NA,0.387,NA,NA,NA
2026-08-24 16:00:00,"SPF",22.9,22.8,23.2,NA,NA,55.1,15.4,13.5,928.8,NA,1015.4,NA,1511.8,8.6,18,5.6,20.2,31,8.6,31,NA,NA,0,0,437,NA,NA,NA,NA,NA,0.346,NA,NA,NA
2026-08-24 17:00:00,"SPF",22.6,22.3,22.8,NA,NA,56.1,15.4,13.4,927.6,NA,1014.1,NA,1500,9.3,16,5.5,19.8,33.5,9,32.4,NA,NA,0,0,254,NA,NA,NA,NA,NA,0.239,NA,NA,NA
2026-08-24 18:00:00,"SPF",21.7,21,22.2,NA,NA,59.8,15.5,13.5,927.5,NA,1013.9,NA,1496,7.9,19,4.1,14.8,28.4,7.8,28.1,NA,NA,0,0,70,NA,NA,NA,NA,NA,0.114,NA,NA,NA
2026-08-24 19:00:00,"SPF",20.2,19.8,20.7,NA,NA,64.7,15.4,13.4,927.5,NA,1013.9,NA,1492.6,4.2,16,1.9,6.8,15.1,4.1,14.8,NA,NA,0,0,1,NA,NA,NA,NA,NA,0.024,NA,NA,NA
2026-08-24 20:00:00,"SPF",19.2,19,19.4,NA,NA,70.3,15.6,13.7,927.8,NA,1014.2,NA,1492,4.7,39,1.9,6.8,16.9,4.6,16.6,NA,NA,0,0,0,NA,NA,NA,NA,NA,0.018,NA,NA,NA
2026-08-24 21:00:00,"SPF",18.5,17.9,19.3,NA,NA,73.3,15.6,13.6,927.1,NA,1013.5,NA,1483.7,3.7,23,1.9,6.8,13.3,3.5,12.6,NA,NA,0,0,0,NA,NA,NA,NA,NA,0.015,NA,NA,NA
2026-08-24 22:00:00,"SPF",17.6,16.8,18.4,NA,NA,78,15.7,13.7,926.1,NA,1012.5,NA,1472.9,2.1,166,0.9,3.2,7.6,2,7.2,NA,NA,0,0,0,NA,NA,NA,NA,NA,0.001,NA,NA,NA
2026-08-24 23:00:00,"SPF",16.8,16.6,17.1,NA,NA,83.9,16,14.1,926.2,NA,1012.6,NA,1471.6,4.3,45,1.1,4,15.5,4.2,15.1,NA,NA,0,0,0,NA,NA,NA,NA,NA,0,NA,NA,NA
2026-08-25,"SPF",17,16.7,17.3,NA,NA,76.8,14.9,12.9,926.6,NA,1013,NA,1475.8,7,34,3.1,11.2,25.2,6.8,24.5,NA,NA,0,0,0,NA,NA,NA,NA,NA,0.019,NA,NA,NA
2026-08-25 01:00:00,"SPF",16.3,15.9,16.5,NA,NA,78.3,14.5,12.5,926.4,NA,1012.7,NA,1471.7,3.9,10,1.9,6.8,14,3.9,14,NA,NA,0,0,0,NA,NA,NA,NA,NA,0.01,NA,NA,NA
2026-08-25 02:00:00,"SPF",15.8,15.6,16.3,NA,NA,81.1,14.5,12.6,926.5,NA,1012.9,NA,1471.5,2.1,214,0.9,3.2,7.6,2.1,7.6,NA,NA,0.1,0,0,NA,NA,NA,NA,NA,0,NA,NA,NA
2026-08-25 03:00:00,"SPF",14.9,14.5,15.2,NA,NA,90.2,15.2,13.3,927,NA,1013.4,NA,1473.8,2.8,198,1.3,4.7,10.1,2.8,10.1,NA,NA,2.8,0,0,NA,NA,NA,NA,NA,-0.002,NA,NA,NA
2026-08-25 04:00:00,"SPF",14.5,14.3,14.6,NA,NA,95.3,15.7,13.7,927.6,NA,1014,NA,1477.6,3,188,1.4,5,10.8,2.9,10.4,NA,NA,2.7,0,0,NA,NA,NA,NA,NA,-0.004,NA,NA,NA
2026-08-25 05:00:00,"SPF",14.6,14.5,14.7,NA,NA,94.7,15.8,13.8,927.9,NA,1014.4,NA,1481.2,4.2,194,2.1,7.6,15.1,4.1,14.8,NA,NA,1.3,0,0,NA,NA,NA,NA,NA,-0.002,NA,NA,NA
2026-08-25 06:00:00,"SPF",14.7,14.6,14.9,NA,NA,95.1,15.9,13.9,928,NA,1014.5,NA,1482.1,3.5,213,1.7,6.1,12.6,3.4,12.2,NA,NA,0.5,0,19,NA,NA,NA,NA,NA,0.024,NA,NA,NA
2026-08-25 07:00:00,"SPF",15.3,14.9,15.6,NA,NA,93.2,16.2,14.2,928.3,NA,1014.8,NA,1485.9,2.9,203,1.6,5.8,10.4,2.8,10.1,NA,NA,0.1,0,71,NA,NA,NA,NA,NA,0.051,NA,NA,NA
2026-08-25 08:00:00,"SPF",16.1,15.8,16.2,NA,NA,89.6,16.3,14.3,928.4,NA,1014.9,NA,1488.8,2.3,225,0.6,2.2,8.3,2.2,7.9,NA,NA,0,0,127,NA,NA,NA,NA,NA,0.085,NA,NA,NA
2026-08-25 09:00:00,"SPF",16.7,16.3,17,NA,NA,87.3,16.6,14.6,928.8,NA,1015.3,NA,1494.2,1.3,270,0.3,1.1,4.7,1.2,4.3,NA,NA,0,0,193,NA,NA,NA,NA,NA,0.127,NA,NA,NA
2026-08-25 10:00:00,"SPF",18.1,17.2,18.9,NA,NA,79.5,16.5,14.5,929,NA,1015.5,NA,1500,1.6,72,0.5,1.8,5.8,1.6,5.8,NA,NA,0,0,436,NA,NA,NA,NA,NA,0.274,NA,NA,NA
2026-08-25 11:00:00,"SPF",20.3,19.2,21,NA,NA,70.1,16.7,14.7,928.9,NA,1015.4,NA,1505.5,3.8,264,1.4,5,13.7,3.6,13,NA,NA,0,0,767,NA,NA,NA,NA,NA,0.483,NA,NA,NA
2026-08-25 12:00:00,"SPF",21.7,21.3,22.1,NA,NA,64.6,16.8,14.8,928.9,NA,1015.4,NA,1509.5,7,208,3.3,11.9,25.2,6.7,24.1,NA,NA,0,0,861,NA,NA,NA,NA,NA,0.554,NA,NA,NA
2026-08-25 13:00:00,"SPF",NA,NA,NA,NA,NA,NA,NA,NA,NA,NA,NA,NA,NA,5.7,NA,NA,NA,NA,NA,NA,NA,NA,0,NA,581,NA,NA,NA,NA,NA,NA,NA,NA,NA
